sa2_code,sa2_name,state,state_code,erp_2001,erp_2010,erp_2015,erp_2020,erp_2024,erp_2025,change_2015_25_abs,change_2015_25_pct,change_2020_25_abs,change_2020_25_pct,change_2024_25_abs,change_2024_25_pct,natural_increase_2024_25,net_internal_migration_2024_25,net_overseas_migration_2024_25,source_id,geography_version
101021007,Braidwood,NSW,1,2760.0,3429.0,3849.0,4282.0,4480.0,4494.0,645.0,16.76,212.0,4.95,14.0,0.31,-6.0,10.0,10.0,SRC-ABS-SA2-ERP-2025,ASGS Edition 3 (2021)
101021008,Karabar,NSW,1,9129.0,9101.0,8603.0,8535.0,8432.0,8409.0,-194.0,-2.26,-126.0,-1.48,-23.0,-0.27,59.0,-120.0,38.0,SRC-ABS-SA2-ERP-2025,ASGS Edition 3 (2021)
101021009,Queanbeyan,NSW,1,9717.0,10584.0,11213.0,11460.0,11344.0,11251.0,38.0,0.34,-209.0,-1.82,-93.0,-0.82,56.0,-263.0,114.0,SRC-ABS-SA2-ERP-2025,ASGS Edition 3 (2021)
101021010,Queanbeyan - East,NSW,1,3925.0,4813.0,4961.0,5089.0,5133.0,5111.0,150.0,3.02,22.0,0.43,-22.0,-0.43,48.0,-126.0,56.0,SRC-ABS-SA2-ERP-2025,ASGS Edition 3 (2021)
101021012,Queanbeyan West - Jerrabomberra,NSW,1,9425.0,13146.0,13164.0,12821.0,12872.0,12735.0,-429.0,-3.26,-86.0,-0.67,-137.0,-1.06,85.0,-311.0,89.0,SRC-ABS-SA2-ERP-2025,ASGS Edition 3 (2021)
101021610,Googong,NSW,1,26.0,51.0,937.0,5464.0,8496.0,9323.0,8386.0,894.98,3859.0,70.63,827.0,9.73,172.0,628.0,27.0,SRC-ABS-SA2-ERP-2025,ASGS Edition 3 (2021)
101021611,Queanbeyan Surrounds,NSW,1,10242.0,14286.0,15681.0,16306.0,17654.0,18181.0,2500.0,15.94,1875.0,11.5,527.0,2.99,138.0,342.0,47.0,SRC-ABS-SA2-ERP-2025,ASGS Edition 3 (2021)
101031013,Bombala,NSW,1,2622.0,2503.0,2428.0,2458.0,2472.0,2474.0,46.0,1.89,16.0,0.65,2.0,0.08,7.0,-7.0,2.0,SRC-ABS-SA2-ERP-2025,ASGS Edition 3 (2021)
101031014,Cooma,NSW,1,6915.0,6934.0,6887.0,6842.0,6717.0,6598.0,-289.0,-4.2,-244.0,-3.57,-119.0,-1.77,-22.0,-150.0,53.0,SRC-ABS-SA2-ERP-2025,ASGS Edition 3 (2021)
101031015,Cooma Surrounds,NSW,1,2932.0,3244.0,3314.0,3421.0,3557.0,3577.0,263.0,7.94,156.0,4.56,20.0,0.56,0.0,16.0,4.0,SRC-ABS-SA2-ERP-2025,ASGS Edition 3 (2021)
101031016,Jindabyne - Berridale,NSW,1,6341.0,6896.0,7020.0,7787.0,8558.0,8703.0,1683.0,23.97,916.0,11.76,145.0,1.69,42.0,39.0,64.0,SRC-ABS-SA2-ERP-2025,ASGS Edition 3 (2021)
101041017,Batemans Bay,NSW,1,6537.0,7669.0,7829.0,8486.0,8668.0,8679.0,850.0,10.86,193.0,2.27,11.0,0.13,-54.0,39.0,26.0,SRC-ABS-SA2-ERP-2025,ASGS Edition 3 (2021)
101041018,Batemans Bay - South,NSW,1,7290.0,8460.0,8519.0,8773.0,9080.0,9170.0,651.0,7.64,397.0,4.53,90.0,0.99,-56.0,120.0,26.0,SRC-ABS-SA2-ERP-2025,ASGS Edition 3 (2021)
101041019,Bega - Tathra,NSW,1,7928.0,8349.0,8540.0,8821.0,9036.0,9070.0,530.0,6.21,249.0,2.82,34.0,0.38,9.0,7.0,18.0,SRC-ABS-SA2-ERP-2025,ASGS Edition 3 (2021)
101041020,Bega-Eden Hinterland,NSW,1,8429.0,9090.0,8971.0,9378.0,9845.0,9955.0,984.0,10.97,577.0,6.15,110.0,1.12,32.0,60.0,18.0,SRC-ABS-SA2-ERP-2025,ASGS Edition 3 (2021)
101041021,Broulee - Tomakin,NSW,1,2637.0,2879.0,3275.0,3687.0,3933.0,3951.0,676.0,20.64,264.0,7.16,18.0,0.46,-22.0,30.0,10.0,SRC-ABS-SA2-ERP-2025,ASGS Edition 3 (2021)
101041022,Deua - Wadbilliga,NSW,1,38.0,56.0,32.0,38.0,41.0,41.0,9.0,28.12,3.0,7.89,0.0,0.0,0.0,0.0,0.0,SRC-ABS-SA2-ERP-2025,ASGS Edition 3 (2021)
101041023,Eden,NSW,1,3365.0,3312.0,3303.0,3364.0,3471.0,3453.0,150.0,4.54,89.0,2.65,-18.0,-0.52,-41.0,19.0,4.0,SRC-ABS-SA2-ERP-2025,ASGS Edition 3 (2021)
101041024,Eurobodalla Hinterland,NSW,1,3059.0,3361.0,3356.0,3463.0,3704.0,3788.0,432.0,12.87,325.0,9.38,84.0,2.27,7.0,71.0,6.0,SRC-ABS-SA2-ERP-2025,ASGS Edition 3 (2021)
101041025,Merimbula - Tura Beach,NSW,1,8705.0,10048.0,10667.0,11380.0,11657.0,11719.0,1052.0,9.86,339.0,2.98,62.0,0.53,-63.0,89.0,36.0,SRC-ABS-SA2-ERP-2025,ASGS Edition 3 (2021)
101041026,Moruya - Tuross Head,NSW,1,7421.0,7816.0,8018.0,8467.0,8701.0,8670.0,652.0,8.13,203.0,2.4,-31.0,-0.36,-48.0,-3.0,20.0,SRC-ABS-SA2-ERP-2025,ASGS Edition 3 (2021)
101041027,Narooma - Bermagui,NSW,1,8684.0,8949.0,9101.0,9682.0,10034.0,10087.0,986.0,10.83,405.0,4.18,53.0,0.53,-74.0,104.0,23.0,SRC-ABS-SA2-ERP-2025,ASGS Edition 3 (2021)
101051539,Goulburn,NSW,1,21460.0,21973.0,23138.0,24635.0,25365.0,25647.0,2509.0,10.84,1012.0,4.11,282.0,1.11,73.0,87.0,122.0,SRC-ABS-SA2-ERP-2025,ASGS Edition 3 (2021)
101051540,Goulburn Surrounds,NSW,1,10839.0,11907.0,12715.0,13596.0,14256.0,14411.0,1696.0,13.34,815.0,5.99,155.0,1.09,18.0,111.0,26.0,SRC-ABS-SA2-ERP-2025,ASGS Edition 3 (2021)
101061541,Yass,NSW,1,5342.0,6404.0,6635.0,6793.0,6798.0,6812.0,177.0,2.67,19.0,0.28,14.0,0.21,-10.0,2.0,22.0,SRC-ABS-SA2-ERP-2025,ASGS Edition 3 (2021)
101061542,Yass Surrounds,NSW,1,8258.0,10566.0,11619.0,12440.0,13185.0,13346.0,1727.0,14.86,906.0,7.28,161.0,1.22,64.0,57.0,40.0,SRC-ABS-SA2-ERP-2025,ASGS Edition 3 (2021)
101061543,Young,NSW,1,9811.0,10542.0,10740.0,11012.0,10981.0,10918.0,178.0,1.66,-94.0,-0.85,-63.0,-0.57,15.0,-106.0,28.0,SRC-ABS-SA2-ERP-2025,ASGS Edition 3 (2021)
101061544,Young Surrounds,NSW,1,7660.0,7558.0,7444.0,7614.0,7785.0,7803.0,359.0,4.82,189.0,2.48,18.0,0.23,-39.0,44.0,13.0,SRC-ABS-SA2-ERP-2025,ASGS Edition 3 (2021)
102011028,Avoca Beach - Copacabana,NSW,1,7099.0,7270.0,7562.0,7615.0,7581.0,7578.0,16.0,0.21,-37.0,-0.49,-3.0,-0.04,33.0,-104.0,68.0,SRC-ABS-SA2-ERP-2025,ASGS Edition 3 (2021)
102011029,Box Head - MacMasters Beach,NSW,1,10153.0,10780.0,10933.0,11079.0,11220.0,11289.0,356.0,3.26,210.0,1.9,69.0,0.61,23.0,-13.0,59.0,SRC-ABS-SA2-ERP-2025,ASGS Edition 3 (2021)
102011030,Calga - Kulnura,NSW,1,4793.0,4652.0,4799.0,4783.0,4704.0,4678.0,-121.0,-2.52,-105.0,-2.2,-26.0,-0.55,5.0,-55.0,24.0,SRC-ABS-SA2-ERP-2025,ASGS Edition 3 (2021)
102011031,Erina - Green Point,NSW,1,13184.0,14108.0,14285.0,14859.0,14699.0,14644.0,359.0,2.51,-215.0,-1.45,-55.0,-0.37,-212.0,63.0,94.0,SRC-ABS-SA2-ERP-2025,ASGS Edition 3 (2021)
102011032,Gosford - Springfield,NSW,1,16067.0,18305.0,19194.0,20968.0,22641.0,23282.0,4088.0,21.3,2314.0,11.04,641.0,2.83,132.0,290.0,219.0,SRC-ABS-SA2-ERP-2025,ASGS Edition 3 (2021)
102011033,Kariong,NSW,1,6558.0,6721.0,6607.0,6566.0,6495.0,6388.0,-219.0,-3.31,-178.0,-2.71,-107.0,-1.65,47.0,-182.0,28.0,SRC-ABS-SA2-ERP-2025,ASGS Edition 3 (2021)
102011034,Kincumber - Picketts Valley,NSW,1,7319.0,7384.0,7448.0,7637.0,7598.0,7634.0,186.0,2.5,-3.0,-0.04,36.0,0.47,2.0,1.0,33.0,SRC-ABS-SA2-ERP-2025,ASGS Edition 3 (2021)
102011035,Narara,NSW,1,7037.0,6738.0,6822.0,7142.0,7352.0,7425.0,603.0,8.84,283.0,3.96,73.0,0.99,44.0,-11.0,40.0,SRC-ABS-SA2-ERP-2025,ASGS Edition 3 (2021)
102011036,Niagara Park - Lisarow,NSW,1,7341.0,8280.0,8215.0,8235.0,8279.0,8264.0,49.0,0.6,29.0,0.35,-15.0,-0.18,7.0,-51.0,29.0,SRC-ABS-SA2-ERP-2025,ASGS Edition 3 (2021)
102011037,Point Clare - Koolewong,NSW,1,6393.0,6442.0,6410.0,6598.0,6672.0,6697.0,287.0,4.48,99.0,1.5,25.0,0.37,-37.0,27.0,35.0,SRC-ABS-SA2-ERP-2025,ASGS Edition 3 (2021)
102011038,Saratoga - Davistown,NSW,1,6528.0,6836.0,7129.0,7227.0,7356.0,7432.0,303.0,4.25,205.0,2.84,76.0,1.03,27.0,13.0,36.0,SRC-ABS-SA2-ERP-2025,ASGS Edition 3 (2021)
102011039,Terrigal - North Avoca,NSW,1,11850.0,13160.0,13765.0,14834.0,15469.0,15631.0,1866.0,13.56,797.0,5.37,162.0,1.05,74.0,-74.0,162.0,SRC-ABS-SA2-ERP-2025,ASGS Edition 3 (2021)
102011040,Umina - Booker Bay - Patonga,NSW,1,22465.0,23179.0,23958.0,24872.0,25054.0,25057.0,1099.0,4.59,185.0,0.74,3.0,0.01,-72.0,-62.0,137.0,SRC-ABS-SA2-ERP-2025,ASGS Edition 3 (2021)
102011041,Wamberal - Forresters Beach,NSW,1,9039.0,9296.0,9861.0,10639.0,10888.0,10897.0,1036.0,10.51,258.0,2.43,9.0,0.08,46.0,-100.0,63.0,SRC-ABS-SA2-ERP-2025,ASGS Edition 3 (2021)
102011042,Woy Woy - Blackwall,NSW,1,13029.0,13622.0,14070.0,14458.0,14577.0,14566.0,496.0,3.53,108.0,0.75,-11.0,-0.08,-78.0,-9.0,76.0,SRC-ABS-SA2-ERP-2025,ASGS Edition 3 (2021)
102011043,Wyoming,NSW,1,11741.0,11578.0,11722.0,11595.0,11357.0,11329.0,-393.0,-3.35,-266.0,-2.29,-28.0,-0.25,-2.0,-74.0,48.0,SRC-ABS-SA2-ERP-2025,ASGS Edition 3 (2021)
102021044,Bateau Bay - Killarney Vale,NSW,1,21439.0,22050.0,22365.0,22984.0,23026.0,23090.0,725.0,3.24,106.0,0.46,64.0,0.28,-55.0,51.0,68.0,SRC-ABS-SA2-ERP-2025,ASGS Edition 3 (2021)
102021045,Blue Haven - San Remo,NSW,1,9010.0,10945.0,11237.0,11402.0,11644.0,11723.0,486.0,4.32,321.0,2.82,79.0,0.68,149.0,-109.0,39.0,SRC-ABS-SA2-ERP-2025,ASGS Edition 3 (2021)
102021046,Budgewoi - Buff Point - Halekulani,NSW,1,9024.0,9173.0,9495.0,9749.0,9979.0,10066.0,571.0,6.01,317.0,3.25,87.0,0.87,26.0,35.0,26.0,SRC-ABS-SA2-ERP-2025,ASGS Edition 3 (2021)
102021047,Chittaway Bay - Tumbi Umbi,NSW,1,15143.0,15758.0,15739.0,16008.0,16377.0,16559.0,820.0,5.21,551.0,3.44,182.0,1.11,80.0,35.0,67.0,SRC-ABS-SA2-ERP-2025,ASGS Edition 3 (2021)
102021048,Gorokan - Kanwal - Charmhaven,NSW,1,20668.0,21212.0,22314.0,22779.0,22789.0,22880.0,566.0,2.54,101.0,0.44,91.0,0.4,-64.0,70.0,85.0,SRC-ABS-SA2-ERP-2025,ASGS Edition 3 (2021)
102021049,Jilliby - Yarramalong,NSW,1,3011.0,3119.0,3369.0,3445.0,3566.0,3627.0,258.0,7.66,182.0,5.28,61.0,1.71,17.0,28.0,16.0,SRC-ABS-SA2-ERP-2025,ASGS Edition 3 (2021)
102021050,Lake Munmorah - Mannering Park,NSW,1,9041.0,10400.0,10808.0,11028.0,11069.0,11084.0,276.0,2.55,56.0,0.51,15.0,0.14,15.0,-29.0,29.0,SRC-ABS-SA2-ERP-2025,ASGS Edition 3 (2021)
102021051,Ourimbah - Fountaindale,NSW,1,4617.0,4970.0,5005.0,4988.0,4930.0,4934.0,-71.0,-1.42,-54.0,-1.08,4.0,0.08,43.0,-66.0,27.0,SRC-ABS-SA2-ERP-2025,ASGS Edition 3 (2021)
102021052,Summerland Point - Gwandalan,NSW,1,4707.0,5500.0,5818.0,6404.0,6919.0,7094.0,1276.0,21.93,690.0,10.77,175.0,2.53,36.0,123.0,16.0,SRC-ABS-SA2-ERP-2025,ASGS Edition 3 (2021)
102021053,The Entrance,NSW,1,11941.0,14041.0,15182.0,15996.0,16184.0,16336.0,1154.0,7.6,340.0,2.13,152.0,0.94,16.0,37.0,99.0,SRC-ABS-SA2-ERP-2025,ASGS Edition 3 (2021)
102021054,Toukley - Norah Head,NSW,1,8986.0,9277.0,9853.0,10049.0,9868.0,9908.0,55.0,0.56,-141.0,-1.4,40.0,0.41,-68.0,86.0,22.0,SRC-ABS-SA2-ERP-2025,ASGS Edition 3 (2021)
102021055,Tuggerah - Kangy Angy,NSW,1,4374.0,5133.0,5409.0,5336.0,5308.0,5360.0,-49.0,-0.91,24.0,0.45,52.0,0.98,47.0,-35.0,40.0,SRC-ABS-SA2-ERP-2025,ASGS Edition 3 (2021)
102021056,Warnervale - Wadalba,NSW,1,4524.0,12198.0,15004.0,19280.0,22395.0,23023.0,8019.0,53.45,3743.0,19.41,628.0,2.8,51.0,489.0,88.0,SRC-ABS-SA2-ERP-2025,ASGS Edition 3 (2021)
102021057,Wyong,NSW,1,7515.0,8234.0,8886.0,9179.0,9358.0,9341.0,455.0,5.12,162.0,1.76,-17.0,-0.18,69.0,-136.0,50.0,SRC-ABS-SA2-ERP-2025,ASGS Edition 3 (2021)
103011059,Bathurst - East,NSW,1,7368.0,9598.0,11048.0,12170.0,13350.0,13565.0,2517.0,22.78,1395.0,11.46,215.0,1.61,100.0,70.0,45.0,SRC-ABS-SA2-ERP-2025,ASGS Edition 3 (2021)
103011060,Bathurst Surrounds,NSW,1,6058.0,6784.0,6963.0,6948.0,7055.0,7094.0,131.0,1.88,146.0,2.1,39.0,0.55,14.0,14.0,11.0,SRC-ABS-SA2-ERP-2025,ASGS Edition 3 (2021)
103011061,Oberon,NSW,1,4710.0,4599.0,4681.0,4825.0,4854.0,4864.0,183.0,3.91,39.0,0.81,10.0,0.21,3.0,-2.0,9.0,SRC-ABS-SA2-ERP-2025,ASGS Edition 3 (2021)
103011612,Bathurst - South,NSW,1,11181.0,10896.0,10987.0,10875.0,10517.0,10483.0,-504.0,-4.59,-392.0,-3.6,-34.0,-0.32,-34.0,-73.0,73.0,SRC-ABS-SA2-ERP-2025,ASGS Edition 3 (2021)
103011613,Bathurst - West,NSW,1,11499.0,12834.0,13339.0,14166.0,14829.0,14965.0,1626.0,12.19,799.0,5.64,136.0,0.92,128.0,-29.0,37.0,SRC-ABS-SA2-ERP-2025,ASGS Edition 3 (2021)
103021062,Condobolin,NSW,1,8006.0,7119.0,6898.0,6516.0,6365.0,6345.0,-553.0,-8.02,-171.0,-2.62,-20.0,-0.31,30.0,-63.0,13.0,SRC-ABS-SA2-ERP-2025,ASGS Edition 3 (2021)
103021063,Cowra,NSW,1,9928.0,9251.0,9281.0,9334.0,9155.0,9130.0,-151.0,-1.63,-204.0,-2.19,-25.0,-0.27,-20.0,-20.0,15.0,SRC-ABS-SA2-ERP-2025,ASGS Edition 3 (2021)
103021064,Cowra Surrounds,NSW,1,5320.0,5492.0,5520.0,5664.0,5783.0,5778.0,258.0,4.67,114.0,2.01,-5.0,-0.09,-2.0,-11.0,8.0,SRC-ABS-SA2-ERP-2025,ASGS Edition 3 (2021)
103021065,Forbes,NSW,1,10785.0,10100.0,10358.0,10209.0,10016.0,10019.0,-339.0,-3.27,-190.0,-1.86,3.0,0.03,0.0,-10.0,13.0,SRC-ABS-SA2-ERP-2025,ASGS Edition 3 (2021)
103021066,Grenfell,NSW,1,3815.0,3709.0,3676.0,3604.0,3582.0,3549.0,-127.0,-3.45,-55.0,-1.53,-33.0,-0.92,-13.0,-34.0,14.0,SRC-ABS-SA2-ERP-2025,ASGS Edition 3 (2021)
103021067,Parkes (NSW),NSW,1,10760.0,11207.0,11264.0,11100.0,11019.0,10998.0,-266.0,-2.36,-102.0,-0.92,-21.0,-0.19,20.0,-67.0,26.0,SRC-ABS-SA2-ERP-2025,ASGS Edition 3 (2021)
103021068,Parkes Surrounds,NSW,1,3789.0,3489.0,3434.0,3348.0,3098.0,3079.0,-355.0,-10.34,-269.0,-8.03,-19.0,-0.61,5.0,-30.0,6.0,SRC-ABS-SA2-ERP-2025,ASGS Edition 3 (2021)
103021069,West Wyalong,NSW,1,6584.0,6030.0,5999.0,5623.0,5433.0,5420.0,-579.0,-9.65,-203.0,-3.61,-13.0,-0.24,21.0,-45.0,11.0,SRC-ABS-SA2-ERP-2025,ASGS Edition 3 (2021)
103031070,Lithgow,NSW,1,12829.0,12595.0,13032.0,12601.0,12240.0,12124.0,-908.0,-6.97,-477.0,-3.79,-116.0,-0.95,-78.0,-65.0,27.0,SRC-ABS-SA2-ERP-2025,ASGS Edition 3 (2021)
103031071,Lithgow Surrounds,NSW,1,7567.0,8117.0,8359.0,8454.0,8522.0,8544.0,185.0,2.21,90.0,1.06,22.0,0.26,-5.0,9.0,18.0,SRC-ABS-SA2-ERP-2025,ASGS Edition 3 (2021)
103031072,Mudgee,NSW,1,9877.0,10643.0,11880.0,12617.0,12816.0,12965.0,1085.0,9.13,348.0,2.76,149.0,1.16,49.0,53.0,47.0,SRC-ABS-SA2-ERP-2025,ASGS Edition 3 (2021)
103031073,Mudgee Surrounds - East,NSW,1,3638.0,3442.0,3503.0,3425.0,3391.0,3369.0,-134.0,-3.83,-56.0,-1.64,-22.0,-0.65,-22.0,-3.0,3.0,SRC-ABS-SA2-ERP-2025,ASGS Edition 3 (2021)
103031074,Mudgee Surrounds - West,NSW,1,9827.0,10130.0,10478.0,10947.0,11415.0,11482.0,1004.0,9.58,535.0,4.89,67.0,0.59,46.0,-5.0,26.0,SRC-ABS-SA2-ERP-2025,ASGS Edition 3 (2021)
103031075,Wollangambe - Wollemi,NSW,1,0.0,0.0,0.0,0.0,0.0,0.0,0.0,,0.0,,0.0,,0.0,0.0,0.0,SRC-ABS-SA2-ERP-2025,ASGS Edition 3 (2021)
103041076,Blayney,NSW,1,6495.0,7157.0,7334.0,7504.0,7793.0,7855.0,521.0,7.1,351.0,4.68,62.0,0.8,20.0,29.0,13.0,SRC-ABS-SA2-ERP-2025,ASGS Edition 3 (2021)
103041077,Orange,NSW,1,21667.0,20241.0,19565.0,19126.0,19159.0,19154.0,-411.0,-2.1,28.0,0.15,-5.0,-0.03,-21.0,-54.0,70.0,SRC-ABS-SA2-ERP-2025,ASGS Edition 3 (2021)
103041078,Orange - North,NSW,1,13657.0,16747.0,19657.0,22682.0,23893.0,24059.0,4402.0,22.39,1377.0,6.07,166.0,0.69,193.0,-128.0,101.0,SRC-ABS-SA2-ERP-2025,ASGS Edition 3 (2021)
103041079,Orange Surrounds,NSW,1,10469.0,11208.0,11644.0,11830.0,12053.0,12138.0,494.0,4.24,308.0,2.6,85.0,0.71,40.0,27.0,18.0,SRC-ABS-SA2-ERP-2025,ASGS Edition 3 (2021)
104011080,Grafton,NSW,1,18513.0,18891.0,19037.0,19359.0,19789.0,19905.0,868.0,4.56,546.0,2.82,116.0,0.59,-69.0,150.0,35.0,SRC-ABS-SA2-ERP-2025,ASGS Edition 3 (2021)
104011081,Grafton Surrounds,NSW,1,14917.0,15388.0,15577.0,15763.0,17799.0,18099.0,2522.0,16.19,2336.0,14.82,300.0,1.69,13.0,262.0,25.0,SRC-ABS-SA2-ERP-2025,ASGS Edition 3 (2021)
104011082,Maclean - Yamba - Iluka,NSW,1,14359.0,16294.0,16521.0,17326.0,18307.0,18562.0,2041.0,12.35,1236.0,7.13,255.0,1.39,-77.0,279.0,53.0,SRC-ABS-SA2-ERP-2025,ASGS Edition 3 (2021)
104021083,Bellingen,NSW,1,5539.0,5897.0,5981.0,6108.0,6168.0,6200.0,219.0,3.66,92.0,1.51,32.0,0.52,19.0,-8.0,21.0,SRC-ABS-SA2-ERP-2025,ASGS Edition 3 (2021)
104021084,Coffs Harbour - North,NSW,1,14968.0,16908.0,17634.0,18302.0,18905.0,18960.0,1326.0,7.52,658.0,3.6,55.0,0.29,32.0,-85.0,108.0,SRC-ABS-SA2-ERP-2025,ASGS Edition 3 (2021)
104021085,Coffs Harbour - South,NSW,1,8534.0,9880.0,10442.0,11398.0,11438.0,11466.0,1024.0,9.81,68.0,0.6,28.0,0.24,-101.0,43.0,86.0,SRC-ABS-SA2-ERP-2025,ASGS Edition 3 (2021)
104021086,Coramba - Nana Glen - Bucca,NSW,1,3649.0,3737.0,3868.0,3937.0,4067.0,4124.0,256.0,6.62,187.0,4.75,57.0,1.4,22.0,22.0,13.0,SRC-ABS-SA2-ERP-2025,ASGS Edition 3 (2021)
104021087,Dorrigo,NSW,1,3473.0,3357.0,3275.0,3261.0,3233.0,3250.0,-25.0,-0.76,-11.0,-0.34,17.0,0.53,1.0,9.0,7.0,SRC-ABS-SA2-ERP-2025,ASGS Edition 3 (2021)
104021088,Korora - Emerald Beach,NSW,1,6726.0,7944.0,8720.0,10095.0,10858.0,11008.0,2288.0,26.24,913.0,9.04,150.0,1.38,31.0,57.0,62.0,SRC-ABS-SA2-ERP-2025,ASGS Edition 3 (2021)
104021089,Sawtell - Boambee,NSW,1,17898.0,19603.0,19842.0,20120.0,20435.0,20581.0,739.0,3.72,461.0,2.29,146.0,0.71,62.0,20.0,64.0,SRC-ABS-SA2-ERP-2025,ASGS Edition 3 (2021)
104021090,Urunga,NSW,1,4639.0,4690.0,4727.0,4849.0,4961.0,4947.0,220.0,4.65,98.0,2.02,-14.0,-0.28,-19.0,-8.0,13.0,SRC-ABS-SA2-ERP-2025,ASGS Edition 3 (2021)
104021091,Woolgoolga - Arrawarra,NSW,1,10248.0,11668.0,12601.0,13936.0,15097.0,15229.0,2628.0,20.86,1293.0,9.28,132.0,0.87,45.0,-12.0,99.0,SRC-ABS-SA2-ERP-2025,ASGS Edition 3 (2021)
105011092,Bourke - Brewarrina,NSW,1,5597.0,4532.0,4261.0,3718.0,3507.0,3420.0,-841.0,-19.74,-298.0,-8.02,-87.0,-2.48,20.0,-118.0,11.0,SRC-ABS-SA2-ERP-2025,ASGS Edition 3 (2021)
105011093,Cobar,NSW,1,5149.0,4947.0,4802.0,4290.0,4116.0,4115.0,-687.0,-14.31,-175.0,-4.08,-1.0,-0.02,28.0,-40.0,11.0,SRC-ABS-SA2-ERP-2025,ASGS Edition 3 (2021)
105011094,Coonamble,NSW,1,5086.0,4476.0,4297.0,4074.0,4081.0,4097.0,-200.0,-4.65,23.0,0.56,16.0,0.39,31.0,-23.0,8.0,SRC-ABS-SA2-ERP-2025,ASGS Edition 3 (2021)
105011095,Nyngan - Warren,NSW,1,5994.0,5414.0,5164.0,4716.0,4561.0,4542.0,-622.0,-12.04,-174.0,-3.69,-19.0,-0.42,29.0,-62.0,14.0,SRC-ABS-SA2-ERP-2025,ASGS Edition 3 (2021)
105011096,Walgett - Lightning Ridge,NSW,1,8706.0,7317.0,6747.0,6002.0,5786.0,5708.0,-1039.0,-15.4,-294.0,-4.9,-78.0,-1.35,18.0,-106.0,10.0,SRC-ABS-SA2-ERP-2025,ASGS Edition 3 (2021)
105021097,Broken Hill,NSW,1,20929.0,19267.0,18360.0,17718.0,17599.0,17515.0,-845.0,-4.6,-203.0,-1.15,-84.0,-0.48,-9.0,-114.0,39.0,SRC-ABS-SA2-ERP-2025,ASGS Edition 3 (2021)
105021098,Far West,NSW,1,3279.0,2774.0,2618.0,2388.0,2312.0,2302.0,-316.0,-12.07,-86.0,-3.6,-10.0,-0.43,1.0,-18.0,7.0,SRC-ABS-SA2-ERP-2025,ASGS Edition 3 (2021)
105031099,Coonabarabran,NSW,1,9110.0,8475.0,8157.0,7980.0,7955.0,7948.0,-209.0,-2.56,-32.0,-0.4,-7.0,-0.09,-39.0,14.0,18.0,SRC-ABS-SA2-ERP-2025,ASGS Edition 3 (2021)
105031100,Dubbo - East,NSW,1,10797.0,11211.0,10788.0,10752.0,10817.0,10736.0,-52.0,-0.48,-16.0,-0.15,-81.0,-0.75,65.0,-200.0,54.0,SRC-ABS-SA2-ERP-2025,ASGS Edition 3 (2021)
105031101,Dubbo - South,NSW,1,15475.0,16232.0,17122.0,19543.0,20463.0,20712.0,3590.0,20.97,1169.0,5.98,249.0,1.22,171.0,-14.0,92.0,SRC-ABS-SA2-ERP-2025,ASGS Edition 3 (2021)
105031102,Dubbo - West,NSW,1,7147.0,7613.0,8805.0,10203.0,10919.0,11004.0,2199.0,24.97,801.0,7.85,85.0,0.78,87.0,-54.0,52.0,SRC-ABS-SA2-ERP-2025,ASGS Edition 3 (2021)
105031103,Dubbo Surrounds,NSW,1,5406.0,5373.0,5561.0,5950.0,6156.0,6189.0,628.0,11.29,239.0,4.02,33.0,0.54,35.0,-7.0,5.0,SRC-ABS-SA2-ERP-2025,ASGS Edition 3 (2021)
105031104,Gilgandra,NSW,1,4832.0,4618.0,4474.0,4436.0,4411.0,4426.0,-48.0,-1.07,-10.0,-0.23,15.0,0.34,22.0,-17.0,10.0,SRC-ABS-SA2-ERP-2025,ASGS Edition 3 (2021)
105031105,Narromine,NSW,1,7125.0,6901.0,6761.0,6622.0,6502.0,6499.0,-262.0,-3.88,-123.0,-1.86,-3.0,-0.05,36.0,-49.0,10.0,SRC-ABS-SA2-ERP-2025,ASGS Edition 3 (2021)
105031106,Wellington,NSW,1,8950.0,9068.0,9049.0,8983.0,9135.0,9159.0,110.0,1.22,176.0,1.96,24.0,0.26,3.0,-2.0,23.0,SRC-ABS-SA2-ERP-2025,ASGS Edition 3 (2021)
106011107,Branxton - Greta - Pokolbin,NSW,1,7490.0,9309.0,10186.0,12240.0,15369.0,16413.0,6227.0,61.13,4173.0,34.09,1044.0,6.79,207.0,807.0,30.0,SRC-ABS-SA2-ERP-2025,ASGS Edition 3 (2021)
106011108,Cessnock,NSW,1,19520.0,20345.0,22182.0,23625.0,24288.0,24745.0,2563.0,11.55,1120.0,4.74,457.0,1.88,75.0,348.0,34.0,SRC-ABS-SA2-ERP-2025,ASGS Edition 3 (2021)
106011109,Cessnock Surrounds,NSW,1,6288.0,7157.0,7883.0,8918.0,9782.0,9974.0,2091.0,26.53,1056.0,11.84,192.0,1.96,67.0,113.0,12.0,SRC-ABS-SA2-ERP-2025,ASGS Edition 3 (2021)
106011110,Dungog,NSW,1,8338.0,8457.0,9008.0,9450.0,9911.0,10102.0,1094.0,12.14,652.0,6.9,191.0,1.93,21.0,158.0,12.0,SRC-ABS-SA2-ERP-2025,ASGS Edition 3 (2021)
106011111,Kurri Kurri - Abermain,NSW,1,15222.0,16523.0,17791.0,20045.0,22850.0,23407.0,5616.0,31.57,3362.0,16.77,557.0,2.44,187.0,338.0,32.0,SRC-ABS-SA2-ERP-2025,ASGS Edition 3 (2021)
106011112,Singleton,NSW,1,14899.0,16649.0,16570.0,16973.0,17503.0,17396.0,826.0,4.98,423.0,2.49,-107.0,-0.61,87.0,-276.0,82.0,SRC-ABS-SA2-ERP-2025,ASGS Edition 3 (2021)
106011113,Singleton Surrounds,NSW,1,4684.0,4887.0,5010.0,5301.0,5479.0,5523.0,513.0,10.24,222.0,4.19,44.0,0.8,12.0,24.0,8.0,SRC-ABS-SA2-ERP-2025,ASGS Edition 3 (2021)
106021114,Maitland,NSW,1,3843.0,4704.0,6482.0,8245.0,9552.0,9805.0,3323.0,51.27,1560.0,18.92,253.0,2.65,38.0,197.0,18.0,SRC-ABS-SA2-ERP-2025,ASGS Edition 3 (2021)
106021116,Maitland - North,NSW,1,5235.0,6678.0,7606.0,8540.0,9173.0,9195.0,1589.0,20.89,655.0,7.67,22.0,0.24,51.0,-48.0,19.0,SRC-ABS-SA2-ERP-2025,ASGS Edition 3 (2021)
106021614,East Maitland - Metford,NSW,1,14674.0,17783.0,18341.0,18159.0,18285.0,18334.0,-7.0,-0.04,175.0,0.96,49.0,0.27,25.0,-31.0,55.0,SRC-ABS-SA2-ERP-2025,ASGS Edition 3 (2021)
106021615,Rutherford (North) - Aberglasslyn,NSW,1,7624.0,11724.0,15425.0,17513.0,19315.0,19954.0,4529.0,29.36,2441.0,13.94,639.0,3.31,80.0,490.0,69.0,SRC-ABS-SA2-ERP-2025,ASGS Edition 3 (2021)
106021616,Rutherford (South) - Telarah,NSW,1,6295.0,6579.0,6936.0,7692.0,9080.0,9366.0,2430.0,35.03,1674.0,21.76,286.0,3.15,117.0,158.0,11.0,SRC-ABS-SA2-ERP-2025,ASGS Edition 3 (2021)
106021617,Tenambit - East Maitland,NSW,1,7844.0,8638.0,9410.0,9994.0,10475.0,10532.0,1122.0,11.92,538.0,5.38,57.0,0.54,55.0,-17.0,19.0,SRC-ABS-SA2-ERP-2025,ASGS Edition 3 (2021)
106021618,Thornton - Millers Forest,NSW,1,6809.0,8991.0,9949.0,14555.0,19041.0,19925.0,9976.0,100.27,5370.0,36.89,884.0,4.64,234.0,614.0,36.0,SRC-ABS-SA2-ERP-2025,ASGS Edition 3 (2021)
106031119,Anna Bay,NSW,1,4975.0,5597.0,5812.0,6260.0,6798.0,6868.0,1056.0,18.17,608.0,9.71,70.0,1.03,-10.0,55.0,25.0,SRC-ABS-SA2-ERP-2025,ASGS Edition 3 (2021)
106031120,Lemon Tree Passage - Tanilba Bay,NSW,1,5865.0,6424.0,6740.0,6882.0,7011.0,7065.0,325.0,4.82,183.0,2.66,54.0,0.77,-13.0,49.0,18.0,SRC-ABS-SA2-ERP-2025,ASGS Edition 3 (2021)
106031121,Nelson Bay Peninsula,NSW,1,17533.0,20132.0,21325.0,21938.0,22075.0,22156.0,831.0,3.9,218.0,0.99,81.0,0.37,-113.0,76.0,118.0,SRC-ABS-SA2-ERP-2025,ASGS Edition 3 (2021)
106031122,Raymond Terrace,NSW,1,13601.0,14075.0,14133.0,14563.0,15274.0,15345.0,1212.0,8.58,782.0,5.37,71.0,0.46,71.0,-33.0,33.0,SRC-ABS-SA2-ERP-2025,ASGS Edition 3 (2021)
106031123,Seaham - Woodville,NSW,1,4443.0,5470.0,5469.0,5663.0,5844.0,5899.0,430.0,7.86,236.0,4.17,55.0,0.94,19.0,30.0,6.0,SRC-ABS-SA2-ERP-2025,ASGS Edition 3 (2021)
106031124,Tea Gardens - Hawks Nest,NSW,1,3797.0,4624.0,5014.0,5595.0,5807.0,5786.0,772.0,15.4,191.0,3.41,-21.0,-0.36,-98.0,58.0,19.0,SRC-ABS-SA2-ERP-2025,ASGS Edition 3 (2021)
106031125,Williamtown - Medowie - Karuah,NSW,1,10830.0,12967.0,13780.0,14783.0,16641.0,17178.0,3398.0,24.66,2395.0,16.2,537.0,3.23,95.0,403.0,39.0,SRC-ABS-SA2-ERP-2025,ASGS Edition 3 (2021)
106041126,Muswellbrook,NSW,1,11222.0,12038.0,12333.0,12458.0,12644.0,12595.0,262.0,2.12,137.0,1.1,-49.0,-0.39,72.0,-163.0,42.0,SRC-ABS-SA2-ERP-2025,ASGS Edition 3 (2021)
106041127,Muswellbrook Surrounds,NSW,1,3877.0,4070.0,4102.0,4081.0,4206.0,4264.0,162.0,3.95,183.0,4.48,58.0,1.38,5.0,36.0,17.0,SRC-ABS-SA2-ERP-2025,ASGS Edition 3 (2021)
106041128,Scone,NSW,1,5388.0,5972.0,6035.0,6041.0,6032.0,5998.0,-37.0,-0.61,-43.0,-0.71,-34.0,-0.56,-7.0,-75.0,48.0,SRC-ABS-SA2-ERP-2025,ASGS Edition 3 (2021)
106041129,Scone Surrounds,NSW,1,8042.0,8011.0,8377.0,8253.0,8389.0,8425.0,48.0,0.57,172.0,2.08,36.0,0.43,1.0,16.0,19.0,SRC-ABS-SA2-ERP-2025,ASGS Edition 3 (2021)
107011131,Dapto - Avondale,NSW,1,21968.0,23313.0,23813.0,24334.0,24802.0,24842.0,1029.0,4.32,508.0,2.09,40.0,0.16,44.0,-44.0,40.0,SRC-ABS-SA2-ERP-2025,ASGS Edition 3 (2021)
107011132,Horsley - Kembla Grange,NSW,1,6136.0,7712.0,8626.0,11192.0,14094.0,14750.0,6124.0,70.99,3558.0,31.79,656.0,4.65,107.0,526.0,23.0,SRC-ABS-SA2-ERP-2025,ASGS Edition 3 (2021)
107011133,Port Kembla Industrial,NSW,1,30.0,31.0,15.0,8.0,7.0,7.0,-8.0,-53.33,-1.0,-12.5,0.0,0.0,0.0,0.0,0.0,SRC-ABS-SA2-ERP-2025,ASGS Edition 3 (2021)
107011134,Unanderra - Mount Kembla,NSW,1,16092.0,16245.0,15991.0,15480.0,15369.0,15414.0,-577.0,-3.61,-66.0,-0.43,45.0,0.29,-2.0,1.0,46.0,SRC-ABS-SA2-ERP-2025,ASGS Edition 3 (2021)
107011545,Berkeley - Lake Heights - Cringila,NSW,1,13786.0,13516.0,14181.0,14252.0,14241.0,14288.0,107.0,0.75,36.0,0.25,47.0,0.33,44.0,-63.0,66.0,SRC-ABS-SA2-ERP-2025,ASGS Edition 3 (2021)
107011546,Port Kembla - Warrawong,NSW,1,10145.0,10033.0,10111.0,9862.0,9765.0,9681.0,-430.0,-4.25,-181.0,-1.84,-84.0,-0.86,-9.0,-114.0,39.0,SRC-ABS-SA2-ERP-2025,ASGS Edition 3 (2021)
107011547,Windang - Primbee,NSW,1,4145.0,4359.0,4357.0,4267.0,4223.0,4224.0,-133.0,-3.05,-43.0,-1.01,1.0,0.02,-2.0,-22.0,25.0,SRC-ABS-SA2-ERP-2025,ASGS Edition 3 (2021)
107021135,Illawarra Catchment Reserve,NSW,1,13.0,13.0,7.0,5.0,5.0,5.0,-2.0,-28.57,0.0,0.0,0.0,0.0,0.0,0.0,0.0,SRC-ABS-SA2-ERP-2025,ASGS Edition 3 (2021)
107031136,Albion Park - Macquarie Pass,NSW,1,11670.0,13946.0,14559.0,17635.0,22722.0,23649.0,9090.0,62.44,6014.0,34.1,927.0,4.08,233.0,655.0,39.0,SRC-ABS-SA2-ERP-2025,ASGS Edition 3 (2021)
107031137,Albion Park Rail,NSW,1,7587.0,7265.0,7112.0,6940.0,6848.0,6883.0,-229.0,-3.22,-57.0,-0.82,35.0,0.51,-8.0,30.0,13.0,SRC-ABS-SA2-ERP-2025,ASGS Edition 3 (2021)
107031138,Kiama,NSW,1,6699.0,7319.0,7789.0,8582.0,9032.0,9038.0,1249.0,16.04,456.0,5.31,6.0,0.07,-37.0,-1.0,44.0,SRC-ABS-SA2-ERP-2025,ASGS Edition 3 (2021)
107031139,Kiama Downs - Minnamurra,NSW,1,6311.0,5959.0,6088.0,6080.0,5969.0,5923.0,-165.0,-2.71,-157.0,-2.58,-46.0,-0.77,9.0,-71.0,16.0,SRC-ABS-SA2-ERP-2025,ASGS Edition 3 (2021)
107031140,Kiama Hinterland - Gerringong,NSW,1,6716.0,7183.0,7930.0,8124.0,8093.0,8121.0,191.0,2.41,-3.0,-0.04,28.0,0.35,-34.0,30.0,32.0,SRC-ABS-SA2-ERP-2025,ASGS Edition 3 (2021)
107031141,Shellharbour - Flinders,NSW,1,8143.0,13716.0,16641.0,19104.0,20502.0,20964.0,4323.0,25.98,1860.0,9.74,462.0,2.25,75.0,325.0,62.0,SRC-ABS-SA2-ERP-2025,ASGS Edition 3 (2021)
107031142,Shellharbour - Oak Flats,NSW,1,10170.0,9917.0,10149.0,10496.0,10969.0,11007.0,858.0,8.45,511.0,4.87,38.0,0.35,43.0,-47.0,42.0,SRC-ABS-SA2-ERP-2025,ASGS Edition 3 (2021)
107031143,Warilla,NSW,1,21813.0,20753.0,21013.0,20766.0,20628.0,20725.0,-288.0,-1.37,-41.0,-0.2,97.0,0.47,60.0,-25.0,62.0,SRC-ABS-SA2-ERP-2025,ASGS Edition 3 (2021)
107041144,Balgownie - Fairy Meadow,NSW,1,19963.0,20892.0,21754.0,21840.0,22163.0,22303.0,549.0,2.52,463.0,2.12,140.0,0.63,51.0,-114.0,203.0,SRC-ABS-SA2-ERP-2025,ASGS Edition 3 (2021)
107041145,Corrimal - Tarrawanna - Bellambi,NSW,1,15582.0,15677.0,15918.0,16060.0,16483.0,16704.0,786.0,4.94,644.0,4.01,221.0,1.34,81.0,68.0,72.0,SRC-ABS-SA2-ERP-2025,ASGS Edition 3 (2021)
107041146,Figtree - Keiraville,NSW,1,19880.0,20813.0,21536.0,22865.0,23599.0,23776.0,2240.0,10.4,911.0,3.98,177.0,0.75,20.0,-91.0,248.0,SRC-ABS-SA2-ERP-2025,ASGS Edition 3 (2021)
107041147,Helensburgh,NSW,1,8118.0,8669.0,9015.0,9196.0,9139.0,9174.0,159.0,1.76,-22.0,-0.24,35.0,0.38,47.0,-44.0,32.0,SRC-ABS-SA2-ERP-2025,ASGS Edition 3 (2021)
107041148,Thirroul - Austinmer - Coalcliff,NSW,1,10592.0,11086.0,11607.0,11925.0,12088.0,12148.0,541.0,4.66,223.0,1.87,60.0,0.5,61.0,-81.0,80.0,SRC-ABS-SA2-ERP-2025,ASGS Edition 3 (2021)
107041150,Woonona - Bulli - Russell Vale,NSW,1,17234.0,19183.0,20122.0,20814.0,20855.0,20974.0,852.0,4.23,160.0,0.77,119.0,0.57,-20.0,58.0,81.0,SRC-ABS-SA2-ERP-2025,ASGS Edition 3 (2021)
107041548,Wollongong - East,NSW,1,9764.0,12852.0,14241.0,15923.0,17820.0,18274.0,4033.0,28.32,2351.0,14.76,454.0,2.55,33.0,6.0,415.0,SRC-ABS-SA2-ERP-2025,ASGS Edition 3 (2021)
107041549,Wollongong - West,NSW,1,14827.0,16074.0,17049.0,17058.0,17383.0,17595.0,546.0,3.2,537.0,3.15,212.0,1.22,108.0,-199.0,303.0,SRC-ABS-SA2-ERP-2025,ASGS Edition 3 (2021)
108011151,Bulahdelah - Stroud,NSW,1,4293.0,4768.0,4804.0,5099.0,5398.0,5482.0,678.0,14.11,383.0,7.51,84.0,1.56,-10.0,84.0,10.0,SRC-ABS-SA2-ERP-2025,ASGS Edition 3 (2021)
108011152,Forster,NSW,1,13027.0,14139.0,14450.0,14740.0,14918.0,15043.0,593.0,4.1,303.0,2.06,125.0,0.84,-144.0,234.0,35.0,SRC-ABS-SA2-ERP-2025,ASGS Edition 3 (2021)
108011153,Forster-Tuncurry Surrounds,NSW,1,4949.0,5801.0,6131.0,6793.0,7243.0,7407.0,1276.0,20.81,614.0,9.04,164.0,2.26,-3.0,155.0,12.0,SRC-ABS-SA2-ERP-2025,ASGS Edition 3 (2021)
108011154,Tuncurry,NSW,1,5825.0,5998.0,6185.0,6366.0,6308.0,6229.0,44.0,0.71,-137.0,-2.15,-79.0,-1.25,-149.0,55.0,15.0,SRC-ABS-SA2-ERP-2025,ASGS Edition 3 (2021)
108021155,Kempsey,NSW,1,13718.0,14722.0,15055.0,15701.0,16255.0,16272.0,1217.0,8.08,571.0,3.64,17.0,0.1,-59.0,35.0,41.0,SRC-ABS-SA2-ERP-2025,ASGS Edition 3 (2021)
108021156,Kempsey Surrounds,NSW,1,9334.0,9270.0,9167.0,9429.0,9607.0,9671.0,504.0,5.5,242.0,2.57,64.0,0.67,41.0,2.0,21.0,SRC-ABS-SA2-ERP-2025,ASGS Edition 3 (2021)
108021157,Macksville - Scotts Head,NSW,1,4616.0,4720.0,4880.0,5174.0,5378.0,5383.0,503.0,10.31,209.0,4.04,5.0,0.09,-15.0,12.0,8.0,SRC-ABS-SA2-ERP-2025,ASGS Edition 3 (2021)
108021158,Nambucca Heads,NSW,1,6697.0,6872.0,6885.0,7083.0,7236.0,7304.0,419.0,6.09,221.0,3.12,68.0,0.94,-61.0,117.0,12.0,SRC-ABS-SA2-ERP-2025,ASGS Edition 3 (2021)
108021159,Nambucca Heads Surrounds,NSW,1,6713.0,7548.0,7773.0,8033.0,8436.0,8550.0,777.0,10.0,517.0,6.44,114.0,1.35,20.0,81.0,13.0,SRC-ABS-SA2-ERP-2025,ASGS Edition 3 (2021)
108021160,South West Rocks,NSW,1,4157.0,5044.0,5190.0,5534.0,5965.0,6021.0,831.0,16.01,487.0,8.8,56.0,0.94,-41.0,79.0,18.0,SRC-ABS-SA2-ERP-2025,ASGS Edition 3 (2021)
108031161,Lord Howe Island,NSW,1,363.0,385.0,411.0,438.0,447.0,442.0,31.0,7.54,4.0,0.91,-5.0,-1.12,0.0,-5.0,0.0,SRC-ABS-SA2-ERP-2025,ASGS Edition 3 (2021)
108041162,Laurieton - Bonny Hills,NSW,1,13784.0,16101.0,16751.0,18238.0,19520.0,19995.0,3244.0,19.37,1757.0,9.63,475.0,2.43,-124.0,555.0,44.0,SRC-ABS-SA2-ERP-2025,ASGS Edition 3 (2021)
108041164,Port Macquarie - West,NSW,1,12360.0,15261.0,17224.0,20433.0,23431.0,23991.0,6767.0,39.29,3558.0,17.41,560.0,2.39,-128.0,626.0,62.0,SRC-ABS-SA2-ERP-2025,ASGS Edition 3 (2021)
108041165,Port Macquarie Surrounds,NSW,1,5244.0,5204.0,5342.0,5323.0,5303.0,5331.0,-11.0,-0.21,8.0,0.15,28.0,0.53,-4.0,26.0,6.0,SRC-ABS-SA2-ERP-2025,ASGS Edition 3 (2021)
108041166,Wauchope,NSW,1,8642.0,10415.0,11131.0,12511.0,13495.0,13754.0,2623.0,23.56,1243.0,9.94,259.0,1.92,60.0,177.0,22.0,SRC-ABS-SA2-ERP-2025,ASGS Edition 3 (2021)
108041619,Port Macquarie - East,NSW,1,10559.0,11261.0,11723.0,11755.0,11850.0,11908.0,185.0,1.58,153.0,1.3,58.0,0.49,26.0,-29.0,61.0,SRC-ABS-SA2-ERP-2025,ASGS Edition 3 (2021)
108041620,Port Macquarie - South,NSW,1,14285.0,16190.0,16851.0,17256.0,17488.0,17470.0,619.0,3.67,214.0,1.24,-18.0,-0.1,-119.0,39.0,62.0,SRC-ABS-SA2-ERP-2025,ASGS Edition 3 (2021)
108051167,Gloucester,NSW,1,4888.0,4929.0,5084.0,5244.0,5362.0,5379.0,295.0,5.8,135.0,2.57,17.0,0.32,-36.0,42.0,11.0,SRC-ABS-SA2-ERP-2025,ASGS Edition 3 (2021)
108051168,Old Bar - Manning Point - Red Head,NSW,1,7700.0,9800.0,10484.0,12147.0,13205.0,13450.0,2966.0,28.29,1303.0,10.73,245.0,1.86,2.0,224.0,19.0,SRC-ABS-SA2-ERP-2025,ASGS Edition 3 (2021)
108051169,Taree,NSW,1,20386.0,20555.0,20882.0,21259.0,21442.0,21421.0,539.0,2.58,162.0,0.76,-21.0,-0.1,-83.0,14.0,48.0,SRC-ABS-SA2-ERP-2025,ASGS Edition 3 (2021)
108051170,Taree Surrounds,NSW,1,10888.0,11824.0,12376.0,12905.0,13473.0,13626.0,1250.0,10.1,721.0,5.59,153.0,1.14,-31.0,168.0,16.0,SRC-ABS-SA2-ERP-2025,ASGS Edition 3 (2021)
108051171,Wingham,NSW,1,5563.0,5499.0,5493.0,5455.0,5404.0,5437.0,-56.0,-1.02,-18.0,-0.33,33.0,0.61,-7.0,36.0,4.0,SRC-ABS-SA2-ERP-2025,ASGS Edition 3 (2021)
109011172,Albury - East,NSW,1,9898.0,13007.0,14842.0,17306.0,20241.0,20822.0,5980.0,40.29,3516.0,20.32,581.0,2.87,159.0,350.0,72.0,SRC-ABS-SA2-ERP-2025,ASGS Edition 3 (2021)
109011173,Albury - North,NSW,1,9198.0,9606.0,9900.0,10514.0,10720.0,10754.0,854.0,8.63,240.0,2.28,34.0,0.32,21.0,-20.0,33.0,SRC-ABS-SA2-ERP-2025,ASGS Edition 3 (2021)
109011174,Albury - South,NSW,1,10893.0,10968.0,10727.0,10565.0,10332.0,10310.0,-417.0,-3.89,-255.0,-2.41,-22.0,-0.21,-84.0,0.0,62.0,SRC-ABS-SA2-ERP-2025,ASGS Edition 3 (2021)
109011175,Albury Surrounds,NSW,1,11096.0,11110.0,11669.0,12283.0,13206.0,13394.0,1725.0,14.78,1111.0,9.05,188.0,1.42,37.0,129.0,22.0,SRC-ABS-SA2-ERP-2025,ASGS Edition 3 (2021)
109011176,Lavington,NSW,1,14498.0,14377.0,14614.0,15535.0,15756.0,15832.0,1218.0,8.33,297.0,1.91,76.0,0.48,93.0,-81.0,64.0,SRC-ABS-SA2-ERP-2025,ASGS Edition 3 (2021)
109021177,Hay,NSW,1,3620.0,3153.0,3023.0,2923.0,2893.0,2926.0,-97.0,-3.21,3.0,0.1,33.0,1.14,17.0,4.0,12.0,SRC-ABS-SA2-ERP-2025,ASGS Edition 3 (2021)
109021178,Wentworth - Buronga,NSW,1,6179.0,5996.0,6049.0,6459.0,6843.0,6904.0,855.0,14.13,445.0,6.89,61.0,0.89,43.0,0.0,18.0,SRC-ABS-SA2-ERP-2025,ASGS Edition 3 (2021)
109021179,Wentworth-Balranald Region,NSW,1,4321.0,3809.0,3708.0,3683.0,3714.0,3725.0,17.0,0.46,42.0,1.14,11.0,0.3,16.0,-20.0,15.0,SRC-ABS-SA2-ERP-2025,ASGS Edition 3 (2021)
109031180,Corowa,NSW,1,5589.0,5803.0,5597.0,5574.0,5615.0,5618.0,21.0,0.38,44.0,0.79,3.0,0.05,-22.0,13.0,12.0,SRC-ABS-SA2-ERP-2025,ASGS Edition 3 (2021)
109031181,Corowa Surrounds,NSW,1,6318.0,6649.0,6817.0,7113.0,7575.0,7654.0,837.0,12.28,541.0,7.61,79.0,1.04,-10.0,77.0,12.0,SRC-ABS-SA2-ERP-2025,ASGS Edition 3 (2021)
109031182,Deniliquin,NSW,1,8266.0,7366.0,7549.0,7122.0,7102.0,7072.0,-477.0,-6.32,-50.0,-0.7,-30.0,-0.42,-8.0,-50.0,28.0,SRC-ABS-SA2-ERP-2025,ASGS Edition 3 (2021)
109031183,Deniliquin Surrounds,NSW,1,8216.0,7089.0,6866.0,6820.0,6956.0,7020.0,154.0,2.24,200.0,2.93,64.0,0.92,11.0,37.0,16.0,SRC-ABS-SA2-ERP-2025,ASGS Edition 3 (2021)
109031184,Moama,NSW,1,3996.0,5263.0,5849.0,6681.0,7710.0,8036.0,2187.0,37.39,1355.0,20.28,326.0,4.23,-4.0,311.0,19.0,SRC-ABS-SA2-ERP-2025,ASGS Edition 3 (2021)
109031185,Tocumwal - Finley - Jerilderie,NSW,1,9647.0,9600.0,9851.0,9869.0,9943.0,10011.0,160.0,1.62,142.0,1.44,68.0,0.68,-45.0,79.0,34.0,SRC-ABS-SA2-ERP-2025,ASGS Edition 3 (2021)
110011186,Armidale,NSW,1,22969.0,23349.0,23979.0,24409.0,24495.0,24436.0,457.0,1.91,27.0,0.11,-59.0,-0.24,41.0,-328.0,228.0,SRC-ABS-SA2-ERP-2025,ASGS Edition 3 (2021)
110011187,Armidale Surrounds - North,NSW,1,4282.0,4397.0,4543.0,4549.0,4657.0,4692.0,149.0,3.28,143.0,3.14,35.0,0.75,1.0,14.0,20.0,SRC-ABS-SA2-ERP-2025,ASGS Edition 3 (2021)
110011188,Armidale Surrounds - South,NSW,1,6038.0,6189.0,6153.0,5982.0,5994.0,6033.0,-120.0,-1.95,51.0,0.85,39.0,0.65,7.0,19.0,13.0,SRC-ABS-SA2-ERP-2025,ASGS Edition 3 (2021)
110011189,Walcha,NSW,1,3454.0,3328.0,3268.0,3182.0,3141.0,3131.0,-137.0,-4.19,-51.0,-1.6,-10.0,-0.32,-4.0,-10.0,4.0,SRC-ABS-SA2-ERP-2025,ASGS Edition 3 (2021)
110021190,Glen Innes,NSW,1,8818.0,8939.0,8926.0,8946.0,9005.0,9069.0,143.0,1.6,123.0,1.37,64.0,0.71,-33.0,85.0,12.0,SRC-ABS-SA2-ERP-2025,ASGS Edition 3 (2021)
110021191,Inverell,NSW,1,11006.0,11664.0,11870.0,12130.0,12336.0,12374.0,504.0,4.25,244.0,2.01,38.0,0.31,24.0,-30.0,44.0,SRC-ABS-SA2-ERP-2025,ASGS Edition 3 (2021)
110021192,Inverell Surrounds - East,NSW,1,5221.0,5387.0,5365.0,5262.0,5250.0,5244.0,-121.0,-2.26,-18.0,-0.34,-6.0,-0.11,-13.0,-12.0,19.0,SRC-ABS-SA2-ERP-2025,ASGS Edition 3 (2021)
110021193,Inverell Surrounds - West,NSW,1,6251.0,5857.0,5998.0,5839.0,5751.0,5791.0,-207.0,-3.45,-48.0,-0.82,40.0,0.7,-16.0,52.0,4.0,SRC-ABS-SA2-ERP-2025,ASGS Edition 3 (2021)
110021194,Tenterfield,NSW,1,6842.0,6941.0,6713.0,6779.0,7120.0,7188.0,475.0,7.08,409.0,6.03,68.0,0.96,-15.0,70.0,13.0,SRC-ABS-SA2-ERP-2025,ASGS Edition 3 (2021)
110031195,Moree,NSW,1,10131.0,8764.0,8570.0,8020.0,8038.0,8020.0,-550.0,-6.42,0.0,0.0,-18.0,-0.22,81.0,-116.0,17.0,SRC-ABS-SA2-ERP-2025,ASGS Edition 3 (2021)
110031196,Moree Surrounds,NSW,1,6614.0,5802.0,5687.0,5490.0,5288.0,5271.0,-416.0,-7.31,-219.0,-3.99,-17.0,-0.32,30.0,-51.0,4.0,SRC-ABS-SA2-ERP-2025,ASGS Edition 3 (2021)
110031197,Narrabri,NSW,1,7541.0,7204.0,7318.0,7072.0,6994.0,6942.0,-376.0,-5.14,-130.0,-1.84,-52.0,-0.74,2.0,-68.0,14.0,SRC-ABS-SA2-ERP-2025,ASGS Edition 3 (2021)
110031198,Narrabri Surrounds,NSW,1,5721.0,4980.0,4943.0,4755.0,4610.0,4602.0,-341.0,-6.9,-153.0,-3.22,-8.0,-0.17,18.0,-32.0,6.0,SRC-ABS-SA2-ERP-2025,ASGS Edition 3 (2021)
110041199,Gunnedah,NSW,1,8978.0,8962.0,9322.0,9856.0,10126.0,10144.0,822.0,8.82,288.0,2.92,18.0,0.18,34.0,-45.0,29.0,SRC-ABS-SA2-ERP-2025,ASGS Edition 3 (2021)
110041200,Gunnedah Surrounds,NSW,1,4488.0,4592.0,4323.0,4331.0,4526.0,4611.0,288.0,6.66,280.0,6.47,85.0,1.88,35.0,46.0,4.0,SRC-ABS-SA2-ERP-2025,ASGS Edition 3 (2021)
110041201,Quirindi,NSW,1,7977.0,7738.0,7836.0,7702.0,7679.0,7671.0,-165.0,-2.11,-31.0,-0.4,-8.0,-0.1,17.0,-33.0,8.0,SRC-ABS-SA2-ERP-2025,ASGS Edition 3 (2021)
110041202,Tamworth - East,NSW,1,18804.0,20346.0,20742.0,21518.0,22636.0,22677.0,1935.0,9.33,1159.0,5.39,41.0,0.18,88.0,-172.0,125.0,SRC-ABS-SA2-ERP-2025,ASGS Edition 3 (2021)
110041203,Tamworth - North,NSW,1,13420.0,13797.0,15100.0,16517.0,16876.0,16839.0,1739.0,11.52,322.0,1.95,-37.0,-0.22,45.0,-179.0,97.0,SRC-ABS-SA2-ERP-2025,ASGS Edition 3 (2021)
110041204,Tamworth - West,NSW,1,4788.0,5486.0,5740.0,6099.0,6458.0,6508.0,768.0,13.38,409.0,6.71,50.0,0.77,82.0,-66.0,34.0,SRC-ABS-SA2-ERP-2025,ASGS Edition 3 (2021)
110041205,Tamworth Surrounds,NSW,1,16382.0,17706.0,18667.0,19110.0,19855.0,20158.0,1491.0,7.99,1048.0,5.48,303.0,1.53,25.0,248.0,30.0,SRC-ABS-SA2-ERP-2025,ASGS Edition 3 (2021)
111011206,Belmont - Bennetts Green,NSW,1,16335.0,17607.0,18195.0,18016.0,17888.0,17863.0,-332.0,-1.82,-153.0,-0.85,-25.0,-0.14,-35.0,-26.0,36.0,SRC-ABS-SA2-ERP-2025,ASGS Edition 3 (2021)
111011207,Belmont South - Blacksmiths,NSW,1,5639.0,5842.0,5795.0,5718.0,5795.0,5777.0,-18.0,-0.31,59.0,1.03,-18.0,-0.31,-8.0,-25.0,15.0,SRC-ABS-SA2-ERP-2025,ASGS Edition 3 (2021)
111011208,Charlestown - Dudley,NSW,1,23557.0,24434.0,24690.0,25206.0,25971.0,26087.0,1397.0,5.66,881.0,3.5,116.0,0.45,170.0,-159.0,105.0,SRC-ABS-SA2-ERP-2025,ASGS Edition 3 (2021)
111011209,Glendale - Cardiff - Hillsborough,NSW,1,22959.0,23748.0,23964.0,24626.0,25440.0,25569.0,1605.0,6.7,943.0,3.83,129.0,0.51,132.0,-70.0,67.0,SRC-ABS-SA2-ERP-2025,ASGS Edition 3 (2021)
111011210,Mount Hutton - Windale,NSW,1,8605.0,8893.0,9092.0,9484.0,9685.0,9686.0,594.0,6.53,202.0,2.13,1.0,0.01,-47.0,29.0,19.0,SRC-ABS-SA2-ERP-2025,ASGS Edition 3 (2021)
111011211,Redhead,NSW,1,3371.0,3565.0,3614.0,3750.0,3748.0,3947.0,333.0,9.21,197.0,5.25,199.0,5.31,-43.0,229.0,13.0,SRC-ABS-SA2-ERP-2025,ASGS Edition 3 (2021)
111011212,Swansea - Caves Beach,NSW,1,11100.0,11036.0,11613.0,12390.0,12990.0,13147.0,1534.0,13.21,757.0,6.11,157.0,1.21,-18.0,129.0,46.0,SRC-ABS-SA2-ERP-2025,ASGS Edition 3 (2021)
111011213,Valentine - Eleebana,NSW,1,12602.0,12565.0,12379.0,12534.0,12568.0,12537.0,158.0,1.28,3.0,0.02,-31.0,-0.25,-65.0,-8.0,42.0,SRC-ABS-SA2-ERP-2025,ASGS Edition 3 (2021)
111011214,Warners Bay - Boolaroo,NSW,1,12704.0,13205.0,13611.0,14388.0,15294.0,15675.0,2064.0,15.16,1287.0,8.94,381.0,2.49,62.0,278.0,41.0,SRC-ABS-SA2-ERP-2025,ASGS Edition 3 (2021)
111021215,Bolton Point - Teralba,NSW,1,9170.0,9041.0,8762.0,9808.0,10558.0,10625.0,1863.0,21.26,817.0,8.33,67.0,0.63,-48.0,93.0,22.0,SRC-ABS-SA2-ERP-2025,ASGS Edition 3 (2021)
111021216,Bonnells Bay - Silverwater,NSW,1,7450.0,8208.0,8772.0,9537.0,10156.0,10266.0,1494.0,17.03,729.0,7.64,110.0,1.08,36.0,42.0,32.0,SRC-ABS-SA2-ERP-2025,ASGS Edition 3 (2021)
111021217,Edgeworth - Cameron Park,NSW,1,9223.0,11405.0,14006.0,16093.0,18079.0,18516.0,4510.0,32.2,2423.0,15.06,437.0,2.42,116.0,281.0,40.0,SRC-ABS-SA2-ERP-2025,ASGS Edition 3 (2021)
111021218,Morisset - Cooranbong,NSW,1,12601.0,14248.0,15105.0,17598.0,20350.0,21067.0,5962.0,39.47,3469.0,19.71,717.0,3.52,-20.0,686.0,51.0,SRC-ABS-SA2-ERP-2025,ASGS Edition 3 (2021)
111021219,Toronto - Awaba,NSW,1,13457.0,13755.0,13801.0,13917.0,14093.0,14088.0,287.0,2.08,171.0,1.23,-5.0,-0.04,-72.0,29.0,38.0,SRC-ABS-SA2-ERP-2025,ASGS Edition 3 (2021)
111021220,Wangi Wangi - Rathmines,NSW,1,8899.0,9071.0,9100.0,9406.0,9644.0,9710.0,610.0,6.7,304.0,3.23,66.0,0.68,20.0,20.0,26.0,SRC-ABS-SA2-ERP-2025,ASGS Edition 3 (2021)
111021221,West Wallsend - Barnsley - Killingworth,NSW,1,6449.0,6365.0,6547.0,7171.0,7458.0,7583.0,1036.0,15.82,412.0,5.75,125.0,1.68,62.0,53.0,10.0,SRC-ABS-SA2-ERP-2025,ASGS Edition 3 (2021)
111031222,Adamstown - Kotara,NSW,1,14374.0,15571.0,16039.0,16572.0,17340.0,17554.0,1515.0,9.45,982.0,5.93,214.0,1.23,101.0,38.0,75.0,SRC-ABS-SA2-ERP-2025,ASGS Edition 3 (2021)
111031223,Beresfield - Hexham,NSW,1,8815.0,8624.0,8568.0,8623.0,8678.0,8732.0,164.0,1.91,109.0,1.26,54.0,0.62,47.0,-28.0,35.0,SRC-ABS-SA2-ERP-2025,ASGS Edition 3 (2021)
111031224,Hamilton - Broadmeadow,NSW,1,11258.0,12147.0,12299.0,12711.0,13165.0,13196.0,897.0,7.29,485.0,3.82,31.0,0.24,5.0,-70.0,96.0,SRC-ABS-SA2-ERP-2025,ASGS Edition 3 (2021)
111031225,Lambton - New Lambton,NSW,1,16114.0,16966.0,17043.0,17290.0,17713.0,17852.0,809.0,4.75,562.0,3.25,139.0,0.78,74.0,-30.0,95.0,SRC-ABS-SA2-ERP-2025,ASGS Edition 3 (2021)
111031226,Maryland - Fletcher - Minmi,NSW,1,8681.0,11336.0,13503.0,16168.0,17523.0,17672.0,4169.0,30.87,1504.0,9.3,149.0,0.85,122.0,-42.0,69.0,SRC-ABS-SA2-ERP-2025,ASGS Edition 3 (2021)
111031227,Mayfield - Warabrook,NSW,1,14648.0,15199.0,15335.0,15575.0,15991.0,16026.0,691.0,4.51,451.0,2.9,35.0,0.22,-20.0,-44.0,99.0,SRC-ABS-SA2-ERP-2025,ASGS Edition 3 (2021)
111031228,Merewether - The Junction,NSW,1,13169.0,14211.0,14226.0,14499.0,14843.0,14975.0,749.0,5.27,476.0,3.28,132.0,0.89,32.0,-12.0,112.0,SRC-ABS-SA2-ERP-2025,ASGS Edition 3 (2021)
111031229,Newcastle - Cooks Hill,NSW,1,8459.0,10232.0,11267.0,12680.0,14283.0,14632.0,3365.0,29.87,1952.0,15.39,349.0,2.44,52.0,114.0,183.0,SRC-ABS-SA2-ERP-2025,ASGS Edition 3 (2021)
111031230,Newcastle Port - Kooragang,NSW,1,19.0,20.0,18.0,25.0,28.0,28.0,10.0,55.56,3.0,12.0,0.0,0.0,0.0,0.0,0.0,SRC-ABS-SA2-ERP-2025,ASGS Edition 3 (2021)
111031231,Shortland - Jesmond,NSW,1,9447.0,10345.0,11576.0,12625.0,13987.0,14339.0,2763.0,23.87,1714.0,13.58,352.0,2.52,3.0,-178.0,527.0,SRC-ABS-SA2-ERP-2025,ASGS Edition 3 (2021)
111031232,Stockton - Fullerton Cove,NSW,1,6145.0,6279.0,7328.0,8580.0,9558.0,9709.0,2381.0,32.49,1129.0,13.16,151.0,1.58,-27.0,141.0,37.0,SRC-ABS-SA2-ERP-2025,ASGS Edition 3 (2021)
111031233,Wallsend - Elermore Vale,NSW,1,18873.0,19618.0,20063.0,20904.0,21723.0,21955.0,1892.0,9.43,1051.0,5.03,232.0,1.07,14.0,62.0,156.0,SRC-ABS-SA2-ERP-2025,ASGS Edition 3 (2021)
111031234,Waratah - North Lambton,NSW,1,11710.0,12253.0,12460.0,12893.0,13086.0,13151.0,691.0,5.55,258.0,2.0,65.0,0.5,-23.0,-57.0,145.0,SRC-ABS-SA2-ERP-2025,ASGS Edition 3 (2021)
111031235,Wickham - Carrington - Tighes Hill,NSW,1,6361.0,8011.0,8334.0,8935.0,10219.0,10395.0,2061.0,24.73,1460.0,16.34,176.0,1.72,80.0,-16.0,112.0,SRC-ABS-SA2-ERP-2025,ASGS Edition 3 (2021)
112011236,Ballina,NSW,1,16711.0,16766.0,17342.0,18436.0,18872.0,18813.0,1471.0,8.48,377.0,2.04,-59.0,-0.31,-171.0,33.0,79.0,SRC-ABS-SA2-ERP-2025,ASGS Edition 3 (2021)
112011237,Ballina Surrounds,NSW,1,14963.0,16142.0,16906.0,18109.0,19125.0,19370.0,2464.0,14.57,1261.0,6.96,245.0,1.28,59.0,126.0,60.0,SRC-ABS-SA2-ERP-2025,ASGS Edition 3 (2021)
112011238,Bangalow,NSW,1,5132.0,5583.0,5914.0,6741.0,7422.0,7627.0,1713.0,28.97,886.0,13.14,205.0,2.76,37.0,126.0,42.0,SRC-ABS-SA2-ERP-2025,ASGS Edition 3 (2021)
112011239,Brunswick Heads - Ocean Shores,NSW,1,7269.0,8082.0,8493.0,9046.0,9659.0,9765.0,1272.0,14.98,719.0,7.95,106.0,1.1,48.0,0.0,58.0,SRC-ABS-SA2-ERP-2025,ASGS Edition 3 (2021)
112011240,Byron Bay,NSW,1,9247.0,9120.0,10018.0,10956.0,11302.0,11482.0,1464.0,14.61,526.0,4.8,180.0,1.59,16.0,-20.0,184.0,SRC-ABS-SA2-ERP-2025,ASGS Edition 3 (2021)
112011241,Evans Head,NSW,1,4817.0,5170.0,5281.0,5567.0,5930.0,6062.0,781.0,14.79,495.0,8.89,132.0,2.23,27.0,90.0,15.0,SRC-ABS-SA2-ERP-2025,ASGS Edition 3 (2021)
112011242,Lennox Head - Skennars Head,NSW,1,6134.0,7543.0,7983.0,9016.0,9995.0,10282.0,2299.0,28.8,1266.0,14.04,287.0,2.87,65.0,160.0,62.0,SRC-ABS-SA2-ERP-2025,ASGS Edition 3 (2021)
112011243,Mullumbimby,NSW,1,7623.0,7755.0,8193.0,8795.0,9470.0,9662.0,1469.0,17.93,867.0,9.86,192.0,2.03,32.0,105.0,55.0,SRC-ABS-SA2-ERP-2025,ASGS Edition 3 (2021)
112021244,Casino,NSW,1,11178.0,12082.0,12444.0,12455.0,12323.0,12282.0,-162.0,-1.3,-173.0,-1.39,-41.0,-0.33,8.0,-73.0,24.0,SRC-ABS-SA2-ERP-2025,ASGS Edition 3 (2021)
112021245,Casino Surrounds,NSW,1,6923.0,7122.0,7079.0,7310.0,7612.0,7634.0,555.0,7.84,324.0,4.43,22.0,0.29,7.0,-3.0,18.0,SRC-ABS-SA2-ERP-2025,ASGS Edition 3 (2021)
112021246,Goonellabah,NSW,1,12199.0,13046.0,13345.0,13560.0,14040.0,14177.0,832.0,6.23,617.0,4.55,137.0,0.98,17.0,79.0,41.0,SRC-ABS-SA2-ERP-2025,ASGS Edition 3 (2021)
112021247,Kyogle,NSW,1,7822.0,7759.0,7530.0,7571.0,7740.0,7785.0,255.0,3.39,214.0,2.83,45.0,0.58,-1.0,32.0,14.0,SRC-ABS-SA2-ERP-2025,ASGS Edition 3 (2021)
112021248,Lismore,NSW,1,16516.0,16162.0,15766.0,15351.0,13972.0,13679.0,-2087.0,-13.24,-1672.0,-10.89,-293.0,-2.1,13.0,-368.0,62.0,SRC-ABS-SA2-ERP-2025,ASGS Edition 3 (2021)
112021249,Lismore Surrounds,NSW,1,14249.0,15234.0,15402.0,15678.0,16111.0,16160.0,758.0,4.92,482.0,3.07,49.0,0.3,40.0,-38.0,47.0,SRC-ABS-SA2-ERP-2025,ASGS Edition 3 (2021)
112031250,Kingscliff - Fingal Head,NSW,1,8525.0,11281.0,12830.0,14711.0,15315.0,15489.0,2659.0,20.72,778.0,5.29,174.0,1.14,7.0,76.0,91.0,SRC-ABS-SA2-ERP-2025,ASGS Edition 3 (2021)
112031251,Murwillumbah,NSW,1,7882.0,8366.0,8936.0,9512.0,9509.0,9510.0,574.0,6.42,-2.0,-0.02,1.0,0.01,-43.0,15.0,29.0,SRC-ABS-SA2-ERP-2025,ASGS Edition 3 (2021)
112031252,Murwillumbah Surrounds,NSW,1,8963.0,9917.0,9888.0,10214.0,10741.0,10835.0,947.0,9.58,621.0,6.08,94.0,0.88,30.0,30.0,34.0,SRC-ABS-SA2-ERP-2025,ASGS Edition 3 (2021)
112031253,Pottsville,NSW,1,9209.0,12319.0,13412.0,14034.0,14638.0,14746.0,1334.0,9.95,712.0,5.07,108.0,0.74,47.0,3.0,58.0,SRC-ABS-SA2-ERP-2025,ASGS Edition 3 (2021)
112031254,Tweed Heads,NSW,1,17013.0,18904.0,19698.0,20386.0,21409.0,21576.0,1878.0,9.53,1190.0,5.84,167.0,0.78,-39.0,98.0,108.0,SRC-ABS-SA2-ERP-2025,ASGS Edition 3 (2021)
112031550,Banora Point,NSW,1,13634.0,15656.0,15914.0,16219.0,16695.0,16796.0,882.0,5.54,577.0,3.56,101.0,0.6,-94.0,147.0,48.0,SRC-ABS-SA2-ERP-2025,ASGS Edition 3 (2021)
112031551,Terranora - North Tumbulgum,NSW,1,2760.0,3182.0,3309.0,3359.0,3400.0,3455.0,146.0,4.41,96.0,2.86,55.0,1.62,15.0,28.0,12.0,SRC-ABS-SA2-ERP-2025,ASGS Edition 3 (2021)
112031552,Tweed Heads South,NSW,1,5994.0,8097.0,8274.0,8422.0,8621.0,8637.0,363.0,4.39,215.0,2.55,16.0,0.19,-54.0,30.0,40.0,SRC-ABS-SA2-ERP-2025,ASGS Edition 3 (2021)
113011256,Griffith (NSW),NSW,1,17397.0,18604.0,19499.0,20676.0,20783.0,20774.0,1275.0,6.54,98.0,0.47,-9.0,-0.04,157.0,-363.0,197.0,SRC-ABS-SA2-ERP-2025,ASGS Edition 3 (2021)
113011257,Griffith Surrounds,NSW,1,14383.0,13188.0,13182.0,13022.0,13064.0,13139.0,-43.0,-0.33,117.0,0.9,75.0,0.57,99.0,-79.0,55.0,SRC-ABS-SA2-ERP-2025,ASGS Edition 3 (2021)
113011258,Leeton,NSW,1,10627.0,10259.0,10284.0,10369.0,10366.0,10336.0,52.0,0.51,-33.0,-0.32,-30.0,-0.29,36.0,-95.0,29.0,SRC-ABS-SA2-ERP-2025,ASGS Edition 3 (2021)
113011259,Narrandera,NSW,1,6966.0,6355.0,6171.0,5989.0,5912.0,5926.0,-245.0,-3.97,-63.0,-1.05,14.0,0.24,-5.0,1.0,18.0,SRC-ABS-SA2-ERP-2025,ASGS Edition 3 (2021)
113021260,Tumbarumba,NSW,1,3734.0,3554.0,3499.0,3517.0,3547.0,3590.0,91.0,2.6,73.0,2.08,43.0,1.21,0.0,38.0,5.0,SRC-ABS-SA2-ERP-2025,ASGS Edition 3 (2021)
113021261,Tumut,NSW,1,6401.0,6452.0,6423.0,6659.0,6635.0,6609.0,186.0,2.9,-50.0,-0.75,-26.0,-0.39,-13.0,-36.0,23.0,SRC-ABS-SA2-ERP-2025,ASGS Edition 3 (2021)
113021262,Tumut Surrounds,NSW,1,4977.0,4781.0,4758.0,4748.0,4805.0,4797.0,39.0,0.82,49.0,1.03,-8.0,-0.17,-6.0,-20.0,18.0,SRC-ABS-SA2-ERP-2025,ASGS Edition 3 (2021)
113031263,Cootamundra,NSW,1,7798.0,7622.0,7677.0,7705.0,7725.0,7727.0,50.0,0.65,22.0,0.29,2.0,0.03,-11.0,-14.0,27.0,SRC-ABS-SA2-ERP-2025,ASGS Edition 3 (2021)
113031264,Gundagai,NSW,1,3668.0,3691.0,3648.0,3702.0,3733.0,3715.0,67.0,1.84,13.0,0.35,-18.0,-0.48,0.0,-28.0,10.0,SRC-ABS-SA2-ERP-2025,ASGS Edition 3 (2021)
113031265,Junee,NSW,1,5822.0,6050.0,6289.0,6404.0,6401.0,6350.0,61.0,0.97,-54.0,-0.84,-51.0,-0.8,14.0,-107.0,42.0,SRC-ABS-SA2-ERP-2025,ASGS Edition 3 (2021)
113031266,Temora,NSW,1,6927.0,6519.0,6780.0,6664.0,6586.0,6576.0,-204.0,-3.01,-88.0,-1.32,-10.0,-0.15,-26.0,5.0,11.0,SRC-ABS-SA2-ERP-2025,ASGS Edition 3 (2021)
113031267,Wagga Wagga - East,NSW,1,15302.0,16400.0,16892.0,17063.0,16967.0,17035.0,143.0,0.85,-28.0,-0.16,68.0,0.4,103.0,-102.0,67.0,SRC-ABS-SA2-ERP-2025,ASGS Edition 3 (2021)
113031268,Wagga Wagga - North,NSW,1,3037.0,3524.0,4262.0,5369.0,6119.0,6227.0,1965.0,46.11,858.0,15.98,108.0,1.76,54.0,15.0,39.0,SRC-ABS-SA2-ERP-2025,ASGS Edition 3 (2021)
113031269,Wagga Wagga - South,NSW,1,18257.0,21590.0,21704.0,22596.0,23265.0,23259.0,1555.0,7.16,663.0,2.93,-6.0,-0.03,128.0,-231.0,97.0,SRC-ABS-SA2-ERP-2025,ASGS Edition 3 (2021)
113031270,Wagga Wagga - West,NSW,1,12479.0,12377.0,12501.0,12233.0,11779.0,11596.0,-905.0,-7.24,-637.0,-5.21,-183.0,-1.55,39.0,-313.0,91.0,SRC-ABS-SA2-ERP-2025,ASGS Edition 3 (2021)
113031271,Wagga Wagga Surrounds,NSW,1,14339.0,14417.0,14854.0,17178.0,18615.0,18748.0,3894.0,26.22,1570.0,9.14,133.0,0.71,133.0,-25.0,25.0,SRC-ABS-SA2-ERP-2025,ASGS Edition 3 (2021)
114011272,Berry - Kangaroo Valley,NSW,1,8112.0,8487.0,8888.0,9279.0,9422.0,9523.0,635.0,7.14,244.0,2.63,101.0,1.07,-52.0,121.0,32.0,SRC-ABS-SA2-ERP-2025,ASGS Edition 3 (2021)
114011273,Callala Bay - Currarong,NSW,1,3250.0,3634.0,3700.0,3670.0,3577.0,3588.0,-112.0,-3.03,-82.0,-2.23,11.0,0.31,3.0,-1.0,9.0,SRC-ABS-SA2-ERP-2025,ASGS Edition 3 (2021)
114011274,Culburra Beach,NSW,1,5476.0,4984.0,5044.0,5172.0,5017.0,5039.0,-5.0,-0.1,-133.0,-2.57,22.0,0.44,-10.0,17.0,15.0,SRC-ABS-SA2-ERP-2025,ASGS Edition 3 (2021)
114011275,Ettrema - Sassafras - Budawang,NSW,1,32.0,37.0,48.0,60.0,62.0,62.0,14.0,29.17,2.0,3.33,0.0,0.0,0.0,0.0,0.0,SRC-ABS-SA2-ERP-2025,ASGS Edition 3 (2021)
114011276,Huskisson - Vincentia,NSW,1,3653.0,3919.0,4217.0,4707.0,5003.0,5048.0,831.0,19.71,341.0,7.24,45.0,0.9,2.0,17.0,26.0,SRC-ABS-SA2-ERP-2025,ASGS Edition 3 (2021)
114011277,North Nowra - Bomaderry,NSW,1,15972.0,15776.0,16080.0,16160.0,16424.0,16548.0,468.0,2.91,388.0,2.4,124.0,0.75,-4.0,69.0,59.0,SRC-ABS-SA2-ERP-2025,ASGS Edition 3 (2021)
114011278,Nowra,NSW,1,14125.0,18293.0,20120.0,22272.0,23677.0,23716.0,3596.0,17.87,1444.0,6.48,39.0,0.16,-7.0,-14.0,60.0,SRC-ABS-SA2-ERP-2025,ASGS Edition 3 (2021)
114011279,St Georges Basin - Erowal Bay,NSW,1,11287.0,12712.0,14007.0,15125.0,15372.0,15444.0,1437.0,10.26,319.0,2.11,72.0,0.47,-91.0,127.0,36.0,SRC-ABS-SA2-ERP-2025,ASGS Edition 3 (2021)
114011280,Sussex Inlet - Berrara,NSW,1,4145.0,4271.0,4371.0,4589.0,4881.0,4962.0,591.0,13.52,373.0,8.13,81.0,1.66,-32.0,107.0,6.0,SRC-ABS-SA2-ERP-2025,ASGS Edition 3 (2021)
114011281,Tomerong - Wandandian - Woollamia,NSW,1,2745.0,3311.0,3483.0,3659.0,3791.0,3860.0,377.0,10.82,201.0,5.49,69.0,1.82,24.0,38.0,7.0,SRC-ABS-SA2-ERP-2025,ASGS Edition 3 (2021)
114011282,Ulladulla,NSW,1,13792.0,14717.0,15383.0,16722.0,17445.0,17567.0,2184.0,14.2,845.0,5.05,122.0,0.7,-80.0,147.0,55.0,SRC-ABS-SA2-ERP-2025,ASGS Edition 3 (2021)
114011283,Ulladulla Surrounds,NSW,1,4238.0,4793.0,5043.0,5639.0,5965.0,6047.0,1004.0,19.91,408.0,7.24,82.0,1.37,-1.0,70.0,13.0,SRC-ABS-SA2-ERP-2025,ASGS Edition 3 (2021)
114021284,Bowral,NSW,1,10983.0,12571.0,13101.0,13546.0,13475.0,13404.0,303.0,2.31,-142.0,-1.05,-71.0,-0.53,-128.0,-9.0,66.0,SRC-ABS-SA2-ERP-2025,ASGS Edition 3 (2021)
114021285,Hill Top - Colo Vale,NSW,1,5404.0,5854.0,6071.0,6372.0,6566.0,6602.0,531.0,8.75,230.0,3.61,36.0,0.55,59.0,-33.0,10.0,SRC-ABS-SA2-ERP-2025,ASGS Edition 3 (2021)
114021286,Mittagong,NSW,1,8121.0,8400.0,8930.0,10565.0,11270.0,11381.0,2451.0,27.45,816.0,7.72,111.0,0.98,9.0,61.0,41.0,SRC-ABS-SA2-ERP-2025,ASGS Edition 3 (2021)
114021287,Moss Vale - Berrima,NSW,1,8991.0,9171.0,9825.0,10554.0,11009.0,11142.0,1317.0,13.4,588.0,5.57,133.0,1.21,15.0,28.0,90.0,SRC-ABS-SA2-ERP-2025,ASGS Edition 3 (2021)
114021288,Robertson - Fitzroy Falls,NSW,1,3277.0,3457.0,3574.0,3821.0,3879.0,3899.0,325.0,9.09,78.0,2.04,20.0,0.52,6.0,3.0,11.0,SRC-ABS-SA2-ERP-2025,ASGS Edition 3 (2021)
114021289,Southern Highlands,NSW,1,5551.0,6269.0,6640.0,7128.0,7360.0,7453.0,813.0,12.24,325.0,4.56,93.0,1.26,-27.0,96.0,24.0,SRC-ABS-SA2-ERP-2025,ASGS Edition 3 (2021)
115011290,Baulkham Hills - East,NSW,1,19901.0,21965.0,23270.0,25021.0,25142.0,25268.0,1998.0,8.59,247.0,0.99,126.0,0.5,34.0,-274.0,366.0,SRC-ABS-SA2-ERP-2025,ASGS Edition 3 (2021)
115011291,Baulkham Hills (West) - Bella Vista,NSW,1,16826.0,19308.0,20555.0,21737.0,23105.0,23336.0,2781.0,13.53,1599.0,7.36,231.0,1.0,48.0,-133.0,316.0,SRC-ABS-SA2-ERP-2025,ASGS Edition 3 (2021)
115011294,Glenhaven,NSW,1,5807.0,6009.0,6403.0,6466.0,6396.0,6375.0,-28.0,-0.44,-91.0,-1.41,-21.0,-0.33,-62.0,12.0,29.0,SRC-ABS-SA2-ERP-2025,ASGS Edition 3 (2021)
115011296,West Pennant Hills,NSW,1,13217.0,13108.0,13175.0,12894.0,12523.0,12534.0,-641.0,-4.87,-360.0,-2.79,11.0,0.09,23.0,-113.0,101.0,SRC-ABS-SA2-ERP-2025,ASGS Edition 3 (2021)
115011553,Castle Hill - Central,NSW,1,5987.0,7538.0,7774.0,7870.0,8333.0,8845.0,1071.0,13.78,975.0,12.39,512.0,6.14,61.0,324.0,127.0,SRC-ABS-SA2-ERP-2025,ASGS Edition 3 (2021)
115011554,Castle Hill - East,NSW,1,5576.0,5815.0,5770.0,5732.0,5382.0,5305.0,-465.0,-8.06,-427.0,-7.45,-77.0,-1.43,-160.0,18.0,65.0,SRC-ABS-SA2-ERP-2025,ASGS Edition 3 (2021)
115011555,Castle Hill - North,NSW,1,11141.0,11889.0,12242.0,12420.0,12588.0,12973.0,731.0,5.97,553.0,4.45,385.0,3.06,37.0,179.0,169.0,SRC-ABS-SA2-ERP-2025,ASGS Edition 3 (2021)
115011556,Castle Hill - South,NSW,1,8081.0,9118.0,9793.0,10480.0,10809.0,10965.0,1172.0,11.97,485.0,4.63,156.0,1.44,42.0,-50.0,164.0,SRC-ABS-SA2-ERP-2025,ASGS Edition 3 (2021)
115011557,Castle Hill - West,NSW,1,2315.0,5267.0,5410.0,5291.0,5204.0,5209.0,-201.0,-3.72,-82.0,-1.55,5.0,0.1,9.0,-53.0,49.0,SRC-ABS-SA2-ERP-2025,ASGS Edition 3 (2021)
115011558,Cherrybrook,NSW,1,19059.0,19690.0,19518.0,19505.0,18967.0,19063.0,-455.0,-2.33,-442.0,-2.27,96.0,0.51,-15.0,-118.0,229.0,SRC-ABS-SA2-ERP-2025,ASGS Edition 3 (2021)
115011621,Kellyville - East,NSW,1,9218.0,16580.0,17724.0,17911.0,17713.0,17584.0,-140.0,-0.79,-327.0,-1.83,-129.0,-0.73,88.0,-364.0,147.0,SRC-ABS-SA2-ERP-2025,ASGS Edition 3 (2021)
115011622,Kellyville - West,NSW,1,1146.0,2267.0,5097.0,10419.0,13889.0,14291.0,9194.0,180.38,3872.0,37.16,402.0,2.89,8.0,280.0,114.0,SRC-ABS-SA2-ERP-2025,ASGS Edition 3 (2021)
115021297,Dural - Kenthurst - Wisemans Ferry,NSW,1,19993.0,20831.0,21522.0,22609.0,22952.0,23005.0,1483.0,6.89,396.0,1.75,53.0,0.23,1.0,-97.0,149.0,SRC-ABS-SA2-ERP-2025,ASGS Edition 3 (2021)
115021298,Galston - Laughtondale,NSW,1,5182.0,5284.0,5353.0,5434.0,5481.0,5472.0,119.0,2.22,38.0,0.7,-9.0,-0.16,-24.0,-16.0,31.0,SRC-ABS-SA2-ERP-2025,ASGS Edition 3 (2021)
115031299,Bilpin - Colo - St Albans,NSW,1,2518.0,2675.0,2777.0,2850.0,2803.0,2781.0,4.0,0.14,-69.0,-2.42,-22.0,-0.78,6.0,-38.0,10.0,SRC-ABS-SA2-ERP-2025,ASGS Edition 3 (2021)
115031300,Kurrajong Heights - Ebenezer,NSW,1,21001.0,22046.0,22341.0,22377.0,22474.0,22515.0,174.0,0.78,138.0,0.62,41.0,0.18,126.0,-144.0,59.0,SRC-ABS-SA2-ERP-2025,ASGS Edition 3 (2021)
115041301,Pitt Town - McGraths Hill,NSW,1,8997.0,9111.0,10464.0,11374.0,12058.0,12591.0,2127.0,20.33,1217.0,10.7,533.0,4.42,88.0,408.0,37.0,SRC-ABS-SA2-ERP-2025,ASGS Edition 3 (2021)
115041623,Box Hill - Nelson,NSW,1,1826.0,1702.0,1495.0,6910.0,22437.0,26348.0,24853.0,1662.41,19438.0,281.3,3911.0,17.43,425.0,3459.0,27.0,SRC-ABS-SA2-ERP-2025,ASGS Edition 3 (2021)
115041624,North Kellyville,NSW,1,1689.0,1793.0,4243.0,14997.0,21375.0,22370.0,18127.0,427.22,7373.0,49.16,995.0,4.65,159.0,687.0,149.0,SRC-ABS-SA2-ERP-2025,ASGS Edition 3 (2021)
115041625,Rouse Hill - Beaumont Hills,NSW,1,6019.0,14877.0,16260.0,17703.0,18636.0,18837.0,2577.0,15.85,1134.0,6.41,201.0,1.08,130.0,-96.0,167.0,SRC-ABS-SA2-ERP-2025,ASGS Edition 3 (2021)
116011303,Blacktown (East) - Kings Park,NSW,1,13035.0,16036.0,17225.0,17661.0,18166.0,18408.0,1183.0,6.87,747.0,4.23,242.0,1.33,152.0,-437.0,527.0,SRC-ABS-SA2-ERP-2025,ASGS Edition 3 (2021)
116011304,Blacktown (North) - Marayong,NSW,1,16729.0,17204.0,18335.0,20744.0,21313.0,21468.0,3133.0,17.09,724.0,3.49,155.0,0.73,205.0,-326.0,276.0,SRC-ABS-SA2-ERP-2025,ASGS Edition 3 (2021)
116011306,Doonside - Woodcroft,NSW,1,18689.0,20204.0,22556.0,23763.0,23936.0,23958.0,1402.0,6.22,195.0,0.82,22.0,0.09,172.0,-442.0,292.0,SRC-ABS-SA2-ERP-2025,ASGS Edition 3 (2021)
116011307,Lalor Park - Kings Langley,NSW,1,25036.0,24627.0,25466.0,25868.0,25964.0,25958.0,492.0,1.93,90.0,0.35,-6.0,-0.02,118.0,-356.0,232.0,SRC-ABS-SA2-ERP-2025,ASGS Edition 3 (2021)
116011560,Blacktown - South,NSW,1,11190.0,12000.0,12601.0,12838.0,12812.0,12845.0,244.0,1.94,7.0,0.05,33.0,0.26,115.0,-277.0,195.0,SRC-ABS-SA2-ERP-2025,ASGS Edition 3 (2021)
116011561,Blacktown - West,NSW,1,13916.0,15400.0,16387.0,17373.0,17814.0,17931.0,1544.0,9.42,558.0,3.21,117.0,0.66,88.0,-268.0,297.0,SRC-ABS-SA2-ERP-2025,ASGS Edition 3 (2021)
116011626,Seven Hills - Prospect,NSW,1,13801.0,13719.0,14263.0,15164.0,15153.0,15220.0,957.0,6.71,56.0,0.37,67.0,0.44,93.0,-209.0,183.0,SRC-ABS-SA2-ERP-2025,ASGS Edition 3 (2021)
116011627,Toongabbie - West,NSW,1,8517.0,9280.0,10194.0,11521.0,12241.0,12391.0,2197.0,21.55,870.0,7.55,150.0,1.23,130.0,-193.0,213.0,SRC-ABS-SA2-ERP-2025,ASGS Edition 3 (2021)
116021309,Glenwood,NSW,1,9530.0,15829.0,16543.0,16205.0,16024.0,15984.0,-559.0,-3.38,-221.0,-1.36,-40.0,-0.25,78.0,-329.0,211.0,SRC-ABS-SA2-ERP-2025,ASGS Edition 3 (2021)
116021562,Acacia Gardens,NSW,1,1952.0,3824.0,3943.0,3784.0,3726.0,3735.0,-208.0,-5.28,-49.0,-1.29,9.0,0.24,34.0,-72.0,47.0,SRC-ABS-SA2-ERP-2025,ASGS Edition 3 (2021)
116021563,Quakers Hill,NSW,1,19430.0,22770.0,23480.0,24877.0,25991.0,26132.0,2652.0,11.29,1255.0,5.04,141.0,0.54,218.0,-430.0,353.0,SRC-ABS-SA2-ERP-2025,ASGS Edition 3 (2021)
116021628,Kellyville Ridge - The Ponds,NSW,1,676.0,9532.0,19917.0,21263.0,21672.0,21774.0,1857.0,9.32,511.0,2.4,102.0,0.47,99.0,-240.0,243.0,SRC-ABS-SA2-ERP-2025,ASGS Edition 3 (2021)
116021629,Marsden Park - Shanes Park,NSW,1,888.0,959.0,855.0,11545.0,27289.0,30461.0,29606.0,3462.69,18916.0,163.85,3172.0,11.62,481.0,2617.0,74.0,SRC-ABS-SA2-ERP-2025,ASGS Edition 3 (2021)
116021630,Riverstone,NSW,1,7294.0,7030.0,7497.0,12508.0,18892.0,20068.0,12571.0,167.68,7560.0,60.44,1176.0,6.22,291.0,797.0,88.0,SRC-ABS-SA2-ERP-2025,ASGS Edition 3 (2021)
116021631,Schofields (West) - Colebee,NSW,1,1171.0,1256.0,2212.0,8478.0,13954.0,14743.0,12531.0,566.5,6265.0,73.9,789.0,5.65,188.0,534.0,67.0,SRC-ABS-SA2-ERP-2025,ASGS Edition 3 (2021)
116021632,Schofields - East,NSW,1,2438.0,2333.0,3829.0,20969.0,35903.0,38569.0,34740.0,907.29,17600.0,83.93,2666.0,7.43,527.0,1731.0,408.0,SRC-ABS-SA2-ERP-2025,ASGS Edition 3 (2021)
116021633,Stanhope Gardens - Parklea,NSW,1,3657.0,11296.0,13182.0,13265.0,13203.0,13262.0,80.0,0.61,-3.0,-0.02,59.0,0.45,69.0,-140.0,130.0,SRC-ABS-SA2-ERP-2025,ASGS Edition 3 (2021)
116031313,Bidwill - Hebersham - Emerton,NSW,1,19819.0,19150.0,18994.0,18828.0,18904.0,18979.0,-15.0,-0.08,151.0,0.8,75.0,0.4,227.0,-300.0,148.0,SRC-ABS-SA2-ERP-2025,ASGS Edition 3 (2021)
116031314,Glendenning - Dean Park,NSW,1,8178.0,8351.0,8584.0,8529.0,8403.0,8317.0,-267.0,-3.11,-212.0,-2.49,-86.0,-1.02,35.0,-203.0,82.0,SRC-ABS-SA2-ERP-2025,ASGS Edition 3 (2021)
116031315,Hassall Grove - Plumpton,NSW,1,18107.0,20160.0,21083.0,21811.0,21571.0,21657.0,574.0,2.72,-154.0,-0.71,86.0,0.4,165.0,-241.0,162.0,SRC-ABS-SA2-ERP-2025,ASGS Edition 3 (2021)
116031316,Lethbridge Park - Tregear,NSW,1,15687.0,16085.0,20207.0,22238.0,22677.0,22894.0,2687.0,13.3,656.0,2.95,217.0,0.96,290.0,-229.0,156.0,SRC-ABS-SA2-ERP-2025,ASGS Edition 3 (2021)
116031317,Mount Druitt - Whalan,NSW,1,17811.0,22080.0,23240.0,23501.0,24214.0,24378.0,1138.0,4.9,877.0,3.73,164.0,0.68,274.0,-535.0,425.0,SRC-ABS-SA2-ERP-2025,ASGS Edition 3 (2021)
116031318,Prospect Reservoir,NSW,1,18.0,20.0,39.0,22.0,16.0,16.0,-23.0,-58.97,-6.0,-27.27,0.0,0.0,0.0,0.0,0.0,SRC-ABS-SA2-ERP-2025,ASGS Edition 3 (2021)
116031319,Rooty Hill - Minchinbury,NSW,1,17582.0,20055.0,21546.0,23120.0,23248.0,23226.0,1680.0,7.8,106.0,0.46,-22.0,-0.09,16.0,-292.0,254.0,SRC-ABS-SA2-ERP-2025,ASGS Edition 3 (2021)
117011320,Banksmeadow,NSW,1,14.0,14.0,20.0,302.0,636.0,643.0,623.0,3115.0,341.0,112.91,7.0,1.1,17.0,-13.0,3.0,SRC-ABS-SA2-ERP-2025,ASGS Edition 3 (2021)
117011321,Botany,NSW,1,7857.0,9161.0,10625.0,12901.0,13790.0,13941.0,3316.0,31.21,1040.0,8.06,151.0,1.09,82.0,-55.0,124.0,SRC-ABS-SA2-ERP-2025,ASGS Edition 3 (2021)
117011323,Pagewood - Hillsdale - Daceyville,NSW,1,10861.0,11094.0,11688.0,14137.0,16075.0,16683.0,4995.0,42.74,2546.0,18.01,608.0,3.78,91.0,259.0,258.0,SRC-ABS-SA2-ERP-2025,ASGS Edition 3 (2021)
117011324,Port Botany Industrial,NSW,1,0.0,0.0,6.0,9.0,9.0,9.0,3.0,50.0,0.0,0.0,0.0,0.0,0.0,0.0,0.0,SRC-ABS-SA2-ERP-2025,ASGS Edition 3 (2021)
117011325,Sydney Airport,NSW,1,0.0,0.0,57.0,32.0,23.0,23.0,-34.0,-59.65,-9.0,-28.12,0.0,0.0,0.0,0.0,0.0,SRC-ABS-SA2-ERP-2025,ASGS Edition 3 (2021)
117011634,Eastlakes,NSW,1,10217.0,10166.0,9914.0,9552.0,8821.0,8871.0,-1043.0,-10.52,-681.0,-7.13,50.0,0.57,25.0,-219.0,244.0,SRC-ABS-SA2-ERP-2025,ASGS Edition 3 (2021)
117011635,Mascot,NSW,1,8017.0,10474.0,13934.0,20733.0,22996.0,22859.0,8925.0,64.05,2126.0,10.25,-137.0,-0.6,165.0,-756.0,454.0,SRC-ABS-SA2-ERP-2025,ASGS Edition 3 (2021)
117021327,Petersham - Stanmore,NSW,1,18443.0,19853.0,21005.0,21043.0,21011.0,21224.0,219.0,1.04,181.0,0.86,213.0,1.01,138.0,-210.0,285.0,SRC-ABS-SA2-ERP-2025,ASGS Edition 3 (2021)
117021328,Sydenham - Tempe - St Peters,NSW,1,6731.0,7633.0,8113.0,8358.0,8857.0,8976.0,863.0,10.64,618.0,7.39,119.0,1.34,50.0,-66.0,135.0,SRC-ABS-SA2-ERP-2025,ASGS Edition 3 (2021)
117021636,Marrickville - North,NSW,1,11033.0,11403.0,12240.0,12581.0,12894.0,13274.0,1034.0,8.45,693.0,5.51,380.0,2.95,56.0,151.0,173.0,SRC-ABS-SA2-ERP-2025,ASGS Edition 3 (2021)
117021637,Marrickville - South,NSW,1,14790.0,14496.0,15311.0,14805.0,14517.0,14583.0,-728.0,-4.75,-222.0,-1.5,66.0,0.45,45.0,-239.0,260.0,SRC-ABS-SA2-ERP-2025,ASGS Edition 3 (2021)
117031329,Darlinghurst,NSW,1,8504.0,10783.0,12040.0,11664.0,11435.0,11458.0,-582.0,-4.83,-206.0,-1.77,23.0,0.2,3.0,-272.0,292.0,SRC-ABS-SA2-ERP-2025,ASGS Edition 3 (2021)
117031330,Erskineville - Alexandria,NSW,1,9219.0,14680.0,16835.0,19461.0,21167.0,21529.0,4694.0,27.88,2068.0,10.63,362.0,1.71,207.0,-133.0,288.0,SRC-ABS-SA2-ERP-2025,ASGS Edition 3 (2021)
117031331,Glebe - Forest Lodge,NSW,1,13720.0,17878.0,19814.0,21334.0,21817.0,21805.0,1991.0,10.05,471.0,2.21,-12.0,-0.06,79.0,-576.0,485.0,SRC-ABS-SA2-ERP-2025,ASGS Edition 3 (2021)
117031333,Potts Point - Woolloomooloo,NSW,1,16548.0,19409.0,22055.0,20731.0,19694.0,19879.0,-2176.0,-9.87,-852.0,-4.11,185.0,0.94,-70.0,-208.0,463.0,SRC-ABS-SA2-ERP-2025,ASGS Edition 3 (2021)
117031336,Surry Hills,NSW,1,13909.0,16694.0,17514.0,17039.0,17122.0,17184.0,-330.0,-1.88,145.0,0.85,62.0,0.36,24.0,-442.0,480.0,SRC-ABS-SA2-ERP-2025,ASGS Edition 3 (2021)
117031638,Camperdown - Darlington,NSW,1,6734.0,7674.0,9893.0,9551.0,9643.0,9776.0,-117.0,-1.18,225.0,2.36,133.0,1.38,35.0,-261.0,359.0,SRC-ABS-SA2-ERP-2025,ASGS Edition 3 (2021)
117031639,Chippendale,NSW,1,3084.0,4328.0,8255.0,8898.0,9489.0,9505.0,1250.0,15.14,607.0,6.82,16.0,0.17,31.0,-447.0,432.0,SRC-ABS-SA2-ERP-2025,ASGS Edition 3 (2021)
117031640,Newtown (NSW),NSW,1,12971.0,15029.0,15594.0,15979.0,15569.0,15576.0,-18.0,-0.12,-403.0,-2.52,7.0,0.04,88.0,-215.0,134.0,SRC-ABS-SA2-ERP-2025,ASGS Edition 3 (2021)
117031641,Pyrmont,NSW,1,7494.0,12745.0,13451.0,13785.0,13963.0,13933.0,482.0,3.58,148.0,1.07,-30.0,-0.21,51.0,-555.0,474.0,SRC-ABS-SA2-ERP-2025,ASGS Edition 3 (2021)
117031642,Redfern,NSW,1,11584.0,12938.0,14501.0,14766.0,15373.0,15731.0,1230.0,8.48,965.0,6.54,358.0,2.33,34.0,-164.0,488.0,SRC-ABS-SA2-ERP-2025,ASGS Edition 3 (2021)
117031643,Rosebery - Beaconsfield,NSW,1,5122.0,6910.0,8305.0,12150.0,13603.0,13993.0,5688.0,68.49,1843.0,15.17,390.0,2.87,125.0,15.0,250.0,SRC-ABS-SA2-ERP-2025,ASGS Edition 3 (2021)
117031644,Sydney (North) - Millers Point,NSW,1,5088.0,8353.0,8691.0,8743.0,8929.0,9305.0,614.0,7.06,562.0,6.43,376.0,4.21,45.0,-97.0,428.0,SRC-ABS-SA2-ERP-2025,ASGS Edition 3 (2021)
117031645,Sydney (South) - Haymarket,NSW,1,9305.0,16006.0,20061.0,21817.0,23731.0,24758.0,4697.0,23.41,2941.0,13.48,1027.0,4.33,79.0,-310.0,1258.0,SRC-ABS-SA2-ERP-2025,ASGS Edition 3 (2021)
117031646,Ultimo,NSW,1,3896.0,7714.0,9047.0,8478.0,10039.0,10534.0,1487.0,16.44,2056.0,24.25,495.0,4.93,26.0,-173.0,642.0,SRC-ABS-SA2-ERP-2025,ASGS Edition 3 (2021)
117031647,Waterloo,NSW,1,5384.0,11284.0,14572.0,16861.0,18306.0,18631.0,4059.0,27.85,1770.0,10.5,325.0,1.78,67.0,-379.0,637.0,SRC-ABS-SA2-ERP-2025,ASGS Edition 3 (2021)
117031648,Zetland,NSW,1,611.0,3530.0,9301.0,12823.0,14304.0,14991.0,5690.0,61.18,2168.0,16.91,687.0,4.8,113.0,254.0,320.0,SRC-ABS-SA2-ERP-2025,ASGS Edition 3 (2021)
118011339,Bondi - Tamarama - Bronte,NSW,1,17670.0,19348.0,19622.0,19685.0,20029.0,20044.0,422.0,2.15,359.0,1.82,15.0,0.07,143.0,-533.0,405.0,SRC-ABS-SA2-ERP-2025,ASGS Edition 3 (2021)
118011340,Bondi Beach - North Bondi,NSW,1,19631.0,20942.0,22391.0,22429.0,22562.0,22633.0,242.0,1.08,204.0,0.91,71.0,0.31,198.0,-647.0,520.0,SRC-ABS-SA2-ERP-2025,ASGS Edition 3 (2021)
118011341,Bondi Junction - Waverly,NSW,1,15239.0,16693.0,17894.0,18323.0,18914.0,19148.0,1254.0,7.01,825.0,4.5,234.0,1.24,80.0,-189.0,343.0,SRC-ABS-SA2-ERP-2025,ASGS Edition 3 (2021)
118011342,Centennial Park,NSW,1,0.0,0.0,3.0,0.0,0.0,0.0,-3.0,-100.0,0.0,,0.0,,0.0,0.0,0.0,SRC-ABS-SA2-ERP-2025,ASGS Edition 3 (2021)
118011344,Dover Heights,NSW,1,10313.0,11099.0,11429.0,11443.0,11436.0,11520.0,91.0,0.8,77.0,0.67,84.0,0.73,84.0,-110.0,110.0,SRC-ABS-SA2-ERP-2025,ASGS Edition 3 (2021)
118011345,Paddington - Moore Park,NSW,1,14368.0,15191.0,16163.0,15653.0,15570.0,15694.0,-469.0,-2.9,41.0,0.26,124.0,0.8,79.0,-235.0,280.0,SRC-ABS-SA2-ERP-2025,ASGS Edition 3 (2021)
118011346,Rose Bay - Vaucluse - Watsons Bay,NSW,1,11933.0,12496.0,12566.0,12288.0,11879.0,11846.0,-720.0,-5.73,-442.0,-3.6,-33.0,-0.28,6.0,-174.0,135.0,SRC-ABS-SA2-ERP-2025,ASGS Edition 3 (2021)
118011347,Woollahra,NSW,1,7533.0,7579.0,7987.0,7847.0,7780.0,7779.0,-208.0,-2.6,-68.0,-0.87,-1.0,-0.01,28.0,-149.0,120.0,SRC-ABS-SA2-ERP-2025,ASGS Edition 3 (2021)
118011649,Bellevue Hill,NSW,1,14064.0,15244.0,15599.0,15038.0,15029.0,15094.0,-505.0,-3.24,56.0,0.37,65.0,0.43,56.0,-222.0,231.0,SRC-ABS-SA2-ERP-2025,ASGS Edition 3 (2021)
118011650,Double Bay - Darling Point,NSW,1,9623.0,10229.0,10866.0,10477.0,10265.0,10216.0,-650.0,-5.98,-261.0,-2.49,-49.0,-0.48,5.0,-220.0,166.0,SRC-ABS-SA2-ERP-2025,ASGS Edition 3 (2021)
118021564,Kensington (NSW),NSW,1,11181.0,13293.0,15335.0,14269.0,14341.0,14584.0,-751.0,-4.9,315.0,2.21,243.0,1.69,31.0,-522.0,734.0,SRC-ABS-SA2-ERP-2025,ASGS Edition 3 (2021)
118021565,Kingsford,NSW,1,13642.0,14757.0,16262.0,15043.0,16365.0,17013.0,751.0,4.62,1970.0,13.1,648.0,3.96,46.0,-518.0,1120.0,SRC-ABS-SA2-ERP-2025,ASGS Edition 3 (2021)
118021566,Maroubra - North,NSW,1,9152.0,9777.0,10380.0,10106.0,10314.0,10488.0,108.0,1.04,382.0,3.78,174.0,1.69,16.0,-52.0,210.0,SRC-ABS-SA2-ERP-2025,ASGS Edition 3 (2021)
118021567,Maroubra - South,NSW,1,10624.0,11376.0,11382.0,11289.0,11569.0,11637.0,255.0,2.24,348.0,3.08,68.0,0.59,75.0,-224.0,217.0,SRC-ABS-SA2-ERP-2025,ASGS Edition 3 (2021)
118021568,Maroubra - West,NSW,1,8239.0,10186.0,10653.0,10371.0,10750.0,10948.0,295.0,2.77,577.0,5.56,198.0,1.84,54.0,-192.0,336.0,SRC-ABS-SA2-ERP-2025,ASGS Edition 3 (2021)
118021569,Randwick - North,NSW,1,15829.0,17213.0,17757.0,16985.0,16695.0,16678.0,-1079.0,-6.08,-307.0,-1.81,-17.0,-0.1,55.0,-347.0,275.0,SRC-ABS-SA2-ERP-2025,ASGS Edition 3 (2021)
118021570,Randwick - South,NSW,1,11466.0,12316.0,13706.0,13348.0,13555.0,13672.0,-34.0,-0.25,324.0,2.43,117.0,0.86,50.0,-258.0,325.0,SRC-ABS-SA2-ERP-2025,ASGS Edition 3 (2021)
118021651,Coogee - Clovelly,NSW,1,18660.0,19697.0,21154.0,20474.0,20468.0,20337.0,-817.0,-3.86,-137.0,-0.67,-131.0,-0.64,220.0,-704.0,353.0,SRC-ABS-SA2-ERP-2025,ASGS Edition 3 (2021)
118021652,Malabar - La Perouse,NSW,1,7983.0,9117.0,11034.0,11133.0,10930.0,11097.0,63.0,0.57,-36.0,-0.32,167.0,1.53,-25.0,49.0,143.0,SRC-ABS-SA2-ERP-2025,ASGS Edition 3 (2021)
118021653,Matraville - Chifley,NSW,1,12432.0,12783.0,13439.0,13647.0,13977.0,14280.0,841.0,6.26,633.0,4.64,303.0,2.17,31.0,107.0,165.0,SRC-ABS-SA2-ERP-2025,ASGS Edition 3 (2021)
118021654,South Coogee,NSW,1,5248.0,5491.0,5797.0,5825.0,5759.0,5741.0,-56.0,-0.97,-84.0,-1.44,-18.0,-0.31,-6.0,-85.0,73.0,SRC-ABS-SA2-ERP-2025,ASGS Edition 3 (2021)
119011354,Bass Hill - Georges Hall,NSW,1,19863.0,20822.0,22477.0,24050.0,24566.0,24701.0,2224.0,9.89,651.0,2.71,135.0,0.55,125.0,-165.0,175.0,SRC-ABS-SA2-ERP-2025,ASGS Edition 3 (2021)
119011355,Chullora,NSW,1,0.0,0.0,538.0,1466.0,1506.0,1524.0,986.0,183.27,58.0,3.96,18.0,1.2,20.0,-24.0,22.0,SRC-ABS-SA2-ERP-2025,ASGS Edition 3 (2021)
119011356,Condell Park,NSW,1,9615.0,10599.0,11515.0,12791.0,13388.0,13581.0,2066.0,17.94,790.0,6.18,193.0,1.44,129.0,-65.0,129.0,SRC-ABS-SA2-ERP-2025,ASGS Edition 3 (2021)
119011358,Padstow,NSW,1,15265.0,16130.0,16926.0,17392.0,17490.0,17692.0,766.0,4.53,300.0,1.72,202.0,1.15,89.0,-59.0,172.0,SRC-ABS-SA2-ERP-2025,ASGS Edition 3 (2021)
119011360,Revesby,NSW,1,13712.0,15302.0,16628.0,17757.0,18513.0,18775.0,2147.0,12.91,1018.0,5.73,262.0,1.42,52.0,4.0,206.0,SRC-ABS-SA2-ERP-2025,ASGS Edition 3 (2021)
119011361,Yagoona - Birrong,NSW,1,17770.0,19324.0,21259.0,22750.0,23422.0,23744.0,2485.0,11.69,994.0,4.37,322.0,1.37,206.0,-138.0,254.0,SRC-ABS-SA2-ERP-2025,ASGS Edition 3 (2021)
119011571,Bankstown - North,NSW,1,12417.0,16031.0,16859.0,17467.0,18386.0,18671.0,1812.0,10.75,1204.0,6.89,285.0,1.55,219.0,-377.0,443.0,SRC-ABS-SA2-ERP-2025,ASGS Edition 3 (2021)
119011572,Bankstown - South,NSW,1,12608.0,15815.0,16594.0,18245.0,19143.0,19222.0,2628.0,15.84,977.0,5.35,79.0,0.41,177.0,-435.0,337.0,SRC-ABS-SA2-ERP-2025,ASGS Edition 3 (2021)
119011655,Greenacre - North,NSW,1,12186.0,13356.0,14229.0,14855.0,15230.0,15405.0,1176.0,8.26,550.0,3.7,175.0,1.15,85.0,-30.0,120.0,SRC-ABS-SA2-ERP-2025,ASGS Edition 3 (2021)
119011656,Greenacre - South,NSW,1,11094.0,11960.0,12687.0,13530.0,13624.0,13794.0,1107.0,8.73,264.0,1.95,170.0,1.25,114.0,-85.0,141.0,SRC-ABS-SA2-ERP-2025,ASGS Edition 3 (2021)
119011657,Panania (North) - Milperra,NSW,1,10156.0,10306.0,10835.0,11448.0,11685.0,11918.0,1083.0,10.0,470.0,4.11,233.0,1.99,106.0,41.0,86.0,SRC-ABS-SA2-ERP-2025,ASGS Edition 3 (2021)
119011658,Panania (South) - Picnic Point,NSW,1,13851.0,14443.0,15525.0,16030.0,16442.0,16608.0,1083.0,6.98,578.0,3.61,166.0,1.01,124.0,-62.0,104.0,SRC-ABS-SA2-ERP-2025,ASGS Edition 3 (2021)
119021362,Belmore - Belfield,NSW,1,18757.0,19419.0,19856.0,20651.0,20968.0,21206.0,1350.0,6.8,555.0,2.69,238.0,1.14,145.0,-176.0,269.0,SRC-ABS-SA2-ERP-2025,ASGS Edition 3 (2021)
119021366,Punchbowl,NSW,1,18618.0,19904.0,21555.0,22104.0,22392.0,22463.0,908.0,4.21,359.0,1.62,71.0,0.32,232.0,-499.0,338.0,SRC-ABS-SA2-ERP-2025,ASGS Edition 3 (2021)
119021367,Roselands,NSW,1,12438.0,13476.0,14340.0,14736.0,15145.0,15308.0,968.0,6.75,572.0,3.88,163.0,1.08,112.0,-116.0,167.0,SRC-ABS-SA2-ERP-2025,ASGS Edition 3 (2021)
119021573,Lakemba,NSW,1,15171.0,16450.0,17742.0,17768.0,17621.0,17756.0,14.0,0.08,-12.0,-0.07,135.0,0.77,221.0,-680.0,594.0,SRC-ABS-SA2-ERP-2025,ASGS Edition 3 (2021)
119021574,Wiley Park,NSW,1,8926.0,10256.0,10673.0,10638.0,10582.0,10697.0,24.0,0.22,59.0,0.55,115.0,1.09,177.0,-413.0,351.0,SRC-ABS-SA2-ERP-2025,ASGS Edition 3 (2021)
119021659,Campsie - North,NSW,1,10252.0,11540.0,12522.0,12518.0,12545.0,12771.0,249.0,1.99,253.0,2.02,226.0,1.8,21.0,-263.0,468.0,SRC-ABS-SA2-ERP-2025,ASGS Edition 3 (2021)
119021660,Campsie - South,NSW,1,8097.0,8460.0,9135.0,9524.0,9452.0,9592.0,457.0,5.0,68.0,0.71,140.0,1.48,61.0,-268.0,347.0,SRC-ABS-SA2-ERP-2025,ASGS Edition 3 (2021)
119021661,Canterbury - South,NSW,1,7810.0,8119.0,9400.0,11945.0,13191.0,13386.0,3986.0,42.4,1441.0,12.06,195.0,1.48,53.0,-86.0,228.0,SRC-ABS-SA2-ERP-2025,ASGS Edition 3 (2021)
119021662,Earlwood,NSW,1,17789.0,17724.0,18535.0,18341.0,18121.0,18194.0,-341.0,-1.84,-147.0,-0.8,73.0,0.4,33.0,-121.0,161.0,SRC-ABS-SA2-ERP-2025,ASGS Edition 3 (2021)
119021663,Kingsgrove - North,NSW,1,5748.0,6048.0,6328.0,6290.0,6439.0,6545.0,217.0,3.43,255.0,4.05,106.0,1.65,4.0,32.0,70.0,SRC-ABS-SA2-ERP-2025,ASGS Edition 3 (2021)
119031370,Narwee - Beverly Hills,NSW,1,11882.0,13047.0,14178.0,14202.0,13987.0,14022.0,-156.0,-1.1,-180.0,-1.27,35.0,0.25,13.0,-212.0,234.0,SRC-ABS-SA2-ERP-2025,ASGS Edition 3 (2021)
119031371,Oatley - Hurstville Grove,NSW,1,11944.0,12522.0,12970.0,12878.0,12853.0,12985.0,15.0,0.12,107.0,0.83,132.0,1.03,23.0,-28.0,137.0,SRC-ABS-SA2-ERP-2025,ASGS Edition 3 (2021)
119031372,Peakhurst - Lugarno,NSW,1,17402.0,18228.0,18662.0,20180.0,20862.0,21067.0,2405.0,12.89,887.0,4.4,205.0,0.98,47.0,-19.0,177.0,SRC-ABS-SA2-ERP-2025,ASGS Edition 3 (2021)
119031373,Riverwood,NSW,1,9209.0,9615.0,11046.0,11983.0,12194.0,12414.0,1368.0,12.38,431.0,3.6,220.0,1.8,49.0,-116.0,287.0,SRC-ABS-SA2-ERP-2025,ASGS Edition 3 (2021)
119031374,South Hurstville - Blakehurst,NSW,1,21160.0,23702.0,24963.0,25744.0,26943.0,27385.0,2422.0,9.7,1641.0,6.37,442.0,1.64,75.0,-287.0,654.0,SRC-ABS-SA2-ERP-2025,ASGS Edition 3 (2021)
119031664,Hurstville - Central,NSW,1,6536.0,8508.0,10884.0,12324.0,14202.0,14602.0,3718.0,34.16,2278.0,18.48,400.0,2.82,96.0,-292.0,596.0,SRC-ABS-SA2-ERP-2025,ASGS Edition 3 (2021)
119031665,Hurstville - North,NSW,1,10454.0,12462.0,13089.0,12751.0,12719.0,12816.0,-273.0,-2.09,65.0,0.51,97.0,0.76,-14.0,-258.0,369.0,SRC-ABS-SA2-ERP-2025,ASGS Edition 3 (2021)
119031666,Mortdale - Oatley,NSW,1,13212.0,13902.0,14571.0,15049.0,15230.0,15297.0,726.0,4.98,248.0,1.65,67.0,0.44,42.0,-200.0,225.0,SRC-ABS-SA2-ERP-2025,ASGS Edition 3 (2021)
119031667,Penshurst,NSW,1,8299.0,9142.0,9954.0,9759.0,10032.0,10142.0,188.0,1.89,383.0,3.92,110.0,1.1,55.0,-202.0,257.0,SRC-ABS-SA2-ERP-2025,ASGS Edition 3 (2021)
119041377,Kingsgrove (South) - Bardwell Park,NSW,1,12120.0,12740.0,13217.0,13262.0,13349.0,13471.0,254.0,1.92,209.0,1.58,122.0,0.91,79.0,-129.0,172.0,SRC-ABS-SA2-ERP-2025,ASGS Edition 3 (2021)
119041378,Kogarah,NSW,1,7883.0,10012.0,11556.0,13019.0,15008.0,15387.0,3831.0,33.15,2368.0,18.19,379.0,2.53,71.0,-185.0,493.0,SRC-ABS-SA2-ERP-2025,ASGS Edition 3 (2021)
119041379,Kogarah Bay - Carlton - Allawah,NSW,1,14275.0,15566.0,16641.0,16699.0,17322.0,17669.0,1028.0,6.18,970.0,5.81,347.0,2.0,108.0,-150.0,389.0,SRC-ABS-SA2-ERP-2025,ASGS Edition 3 (2021)
119041380,Monterey - Brighton-le-Sands - Kyeemagh,NSW,1,13317.0,13941.0,14708.0,14414.0,13704.0,13655.0,-1053.0,-7.16,-759.0,-5.27,-49.0,-0.36,48.0,-320.0,223.0,SRC-ABS-SA2-ERP-2025,ASGS Edition 3 (2021)
119041381,Rockdale - Banksia,NSW,1,15904.0,19738.0,20788.0,20731.0,22588.0,23103.0,2315.0,11.14,2372.0,11.44,515.0,2.28,79.0,-386.0,822.0,SRC-ABS-SA2-ERP-2025,ASGS Edition 3 (2021)
119041382,Sans Souci - Ramsgate,NSW,1,14651.0,15730.0,16643.0,16877.0,16946.0,17080.0,437.0,2.63,203.0,1.2,134.0,0.79,75.0,-87.0,146.0,SRC-ABS-SA2-ERP-2025,ASGS Edition 3 (2021)
119041668,Arncliffe - Bardwell Valley,NSW,1,11586.0,12405.0,15099.0,16696.0,17890.0,18213.0,3114.0,20.62,1517.0,9.09,323.0,1.81,108.0,-223.0,438.0,SRC-ABS-SA2-ERP-2025,ASGS Edition 3 (2021)
119041669,Bexley - North,NSW,1,9086.0,10072.0,10344.0,10402.0,10160.0,10184.0,-160.0,-1.55,-218.0,-2.1,24.0,0.24,-5.0,-78.0,107.0,SRC-ABS-SA2-ERP-2025,ASGS Edition 3 (2021)
119041670,Bexley - South,NSW,1,15139.0,16690.0,17312.0,16567.0,16384.0,16527.0,-785.0,-4.53,-40.0,-0.24,143.0,0.87,38.0,-332.0,437.0,SRC-ABS-SA2-ERP-2025,ASGS Edition 3 (2021)
119041671,Wolli Creek,NSW,1,1235.0,2734.0,5965.0,10287.0,12352.0,12585.0,6620.0,110.98,2298.0,22.34,233.0,1.89,117.0,-231.0,347.0,SRC-ABS-SA2-ERP-2025,ASGS Edition 3 (2021)
120011383,Concord - Mortlake - Cabarita,NSW,1,15472.0,20347.0,22405.0,23500.0,23818.0,24026.0,1621.0,7.23,526.0,2.24,208.0,0.87,70.0,-119.0,257.0,SRC-ABS-SA2-ERP-2025,ASGS Edition 3 (2021)
120011385,Drummoyne - Rodd Point,NSW,1,17021.0,18132.0,19166.0,18832.0,18986.0,19158.0,-8.0,-0.04,326.0,1.73,172.0,0.91,32.0,-41.0,181.0,SRC-ABS-SA2-ERP-2025,ASGS Edition 3 (2021)
120011386,Five Dock - Abbotsford,NSW,1,17462.0,20059.0,21241.0,21376.0,21421.0,21449.0,208.0,0.98,73.0,0.34,28.0,0.13,93.0,-275.0,210.0,SRC-ABS-SA2-ERP-2025,ASGS Edition 3 (2021)
120011672,Concord West - North Strathfield,NSW,1,10467.0,12847.0,13613.0,13411.0,13295.0,13453.0,-160.0,-1.18,42.0,0.31,158.0,1.19,45.0,-142.0,255.0,SRC-ABS-SA2-ERP-2025,ASGS Edition 3 (2021)
120011673,Rhodes,NSW,1,808.0,4579.0,11479.0,12062.0,12534.0,13094.0,1615.0,14.07,1032.0,8.56,560.0,4.47,126.0,100.0,334.0,SRC-ABS-SA2-ERP-2025,ASGS Edition 3 (2021)
120021387,Balmain,NSW,1,14708.0,15604.0,16408.0,16204.0,16023.0,16124.0,-284.0,-1.73,-80.0,-0.49,101.0,0.63,78.0,-178.0,201.0,SRC-ABS-SA2-ERP-2025,ASGS Edition 3 (2021)
120021389,Lilyfield - Rozelle,NSW,1,11798.0,13770.0,14528.0,14400.0,14167.0,14218.0,-310.0,-2.13,-182.0,-1.26,51.0,0.36,72.0,-155.0,134.0,SRC-ABS-SA2-ERP-2025,ASGS Edition 3 (2021)
120021674,Annandale (NSW),NSW,1,8519.0,9173.0,9734.0,9926.0,9948.0,10004.0,270.0,2.77,78.0,0.79,56.0,0.56,55.0,-114.0,115.0,SRC-ABS-SA2-ERP-2025,ASGS Edition 3 (2021)
120021675,Leichhardt,NSW,1,15121.0,16422.0,17554.0,17988.0,18233.0,18357.0,803.0,4.57,369.0,2.05,124.0,0.68,126.0,-147.0,145.0,SRC-ABS-SA2-ERP-2025,ASGS Edition 3 (2021)
120031392,Canterbury (North) - Ashbury,NSW,1,9919.0,9890.0,10667.0,12275.0,12503.0,12633.0,1966.0,18.43,358.0,2.92,130.0,1.04,57.0,-90.0,163.0,SRC-ABS-SA2-ERP-2025,ASGS Edition 3 (2021)
120031393,Croydon Park - Enfield,NSW,1,16460.0,17116.0,17875.0,17816.0,18161.0,18270.0,395.0,2.21,454.0,2.55,109.0,0.6,39.0,-170.0,240.0,SRC-ABS-SA2-ERP-2025,ASGS Edition 3 (2021)
120031394,Dulwich Hill - Lewisham,NSW,1,16161.0,16554.0,17374.0,18388.0,18690.0,18826.0,1452.0,8.36,438.0,2.38,136.0,0.73,120.0,-192.0,208.0,SRC-ABS-SA2-ERP-2025,ASGS Edition 3 (2021)
120031395,Haberfield - Summer Hill,NSW,1,13664.0,13867.0,14047.0,13926.0,14012.0,14061.0,14.0,0.1,135.0,0.97,49.0,0.35,-9.0,-88.0,146.0,SRC-ABS-SA2-ERP-2025,ASGS Edition 3 (2021)
120031396,Homebush,NSW,1,7372.0,13097.0,16198.0,20719.0,23042.0,23511.0,7313.0,45.15,2792.0,13.48,469.0,2.04,266.0,-420.0,623.0,SRC-ABS-SA2-ERP-2025,ASGS Edition 3 (2021)
120031576,Strathfield South,NSW,1,3113.0,3400.0,3667.0,3758.0,3714.0,3727.0,60.0,1.64,-31.0,-0.82,13.0,0.35,28.0,-72.0,57.0,SRC-ABS-SA2-ERP-2025,ASGS Edition 3 (2021)
120031676,Ashfield - North,NSW,1,11719.0,12528.0,13474.0,12241.0,12423.0,12626.0,-848.0,-6.29,385.0,3.15,203.0,1.63,37.0,-289.0,455.0,SRC-ABS-SA2-ERP-2025,ASGS Edition 3 (2021)
120031677,Ashfield - South,NSW,1,9779.0,11166.0,11730.0,12489.0,12892.0,13056.0,1326.0,11.3,567.0,4.54,164.0,1.27,-39.0,-133.0,336.0,SRC-ABS-SA2-ERP-2025,ASGS Edition 3 (2021)
120031678,Burwood (NSW),NSW,1,9184.0,10606.0,13732.0,15790.0,18172.0,18684.0,4952.0,36.06,2894.0,18.33,512.0,2.82,88.0,-231.0,655.0,SRC-ABS-SA2-ERP-2025,ASGS Edition 3 (2021)
120031679,Croydon,NSW,1,10059.0,11202.0,11528.0,11456.0,11318.0,11360.0,-168.0,-1.46,-96.0,-0.84,42.0,0.37,-5.0,-161.0,208.0,SRC-ABS-SA2-ERP-2025,ASGS Edition 3 (2021)
120031680,Strathfield - East,NSW,1,12470.0,15514.0,17037.0,17469.0,18411.0,18724.0,1687.0,9.9,1255.0,7.18,313.0,1.7,30.0,-461.0,744.0,SRC-ABS-SA2-ERP-2025,ASGS Edition 3 (2021)
120031681,Strathfield - West,NSW,1,8451.0,8642.0,8799.0,9311.0,8978.0,8936.0,137.0,1.56,-375.0,-4.03,-42.0,-0.47,39.0,-164.0,83.0,SRC-ABS-SA2-ERP-2025,ASGS Edition 3 (2021)
121011399,Chatswood (West) - Lane Cove North,NSW,1,17451.0,18915.0,20981.0,22187.0,23222.0,23620.0,2639.0,12.58,1433.0,6.46,398.0,1.71,148.0,-146.0,396.0,SRC-ABS-SA2-ERP-2025,ASGS Edition 3 (2021)
121011401,St Leonards - Naremburn,NSW,1,7001.0,9607.0,10780.0,12007.0,13502.0,13802.0,3022.0,28.03,1795.0,14.95,300.0,2.22,149.0,-62.0,213.0,SRC-ABS-SA2-ERP-2025,ASGS Edition 3 (2021)
121011682,Artarmon,NSW,1,8584.0,8998.0,9634.0,10025.0,9863.0,9907.0,273.0,2.83,-118.0,-1.18,44.0,0.45,62.0,-198.0,180.0,SRC-ABS-SA2-ERP-2025,ASGS Edition 3 (2021)
121011683,Castle Cove - Northbridge,NSW,1,12615.0,13241.0,13762.0,13736.0,13562.0,13592.0,-170.0,-1.24,-144.0,-1.05,30.0,0.22,-16.0,-76.0,122.0,SRC-ABS-SA2-ERP-2025,ASGS Edition 3 (2021)
121011684,Chatswood - East,NSW,1,11939.0,16397.0,19211.0,20600.0,21470.0,21644.0,2433.0,12.66,1044.0,5.07,174.0,0.81,55.0,-627.0,746.0,SRC-ABS-SA2-ERP-2025,ASGS Edition 3 (2021)
121011685,Greenwich - Riverview,NSW,1,12533.0,12540.0,13281.0,13351.0,13164.0,13212.0,-69.0,-0.52,-139.0,-1.04,48.0,0.36,43.0,-129.0,134.0,SRC-ABS-SA2-ERP-2025,ASGS Edition 3 (2021)
121011686,Lane Cove,NSW,1,12070.0,12577.0,13895.0,15901.0,16659.0,16705.0,2810.0,20.22,804.0,5.06,46.0,0.28,88.0,-226.0,184.0,SRC-ABS-SA2-ERP-2025,ASGS Edition 3 (2021)
121011687,Willoughby,NSW,1,11270.0,12106.0,12721.0,13202.0,13403.0,13771.0,1050.0,8.25,569.0,4.31,368.0,2.75,14.0,197.0,157.0,SRC-ABS-SA2-ERP-2025,ASGS Edition 3 (2021)
121021403,Asquith - Mount Colah,NSW,1,18145.0,18420.0,18741.0,21883.0,23299.0,23527.0,4786.0,25.54,1644.0,7.51,228.0,0.98,126.0,-54.0,156.0,SRC-ABS-SA2-ERP-2025,ASGS Edition 3 (2021)
121021404,Berowra - Brooklyn - Cowan,NSW,1,11707.0,11781.0,11990.0,11985.0,11742.0,11761.0,-229.0,-1.91,-224.0,-1.87,19.0,0.16,60.0,-106.0,65.0,SRC-ABS-SA2-ERP-2025,ASGS Edition 3 (2021)
121021406,Normanhurst - Thornleigh - Westleigh,NSW,1,17568.0,18572.0,19059.0,19363.0,19827.0,19875.0,816.0,4.28,512.0,2.64,48.0,0.24,15.0,-145.0,178.0,SRC-ABS-SA2-ERP-2025,ASGS Edition 3 (2021)
121021577,Hornsby - East,NSW,1,8886.0,11140.0,11985.0,12546.0,12658.0,12798.0,813.0,6.78,252.0,2.01,140.0,1.11,104.0,-302.0,338.0,SRC-ABS-SA2-ERP-2025,ASGS Edition 3 (2021)
121021578,Hornsby - West,NSW,1,9609.0,10371.0,10944.0,10968.0,10803.0,10830.0,-114.0,-1.04,-138.0,-1.26,27.0,0.25,13.0,-140.0,154.0,SRC-ABS-SA2-ERP-2025,ASGS Edition 3 (2021)
121021579,Wahroonga (West) - Waitara,NSW,1,5847.0,9005.0,9520.0,11906.0,12523.0,12544.0,3024.0,31.76,638.0,5.36,21.0,0.17,-61.0,-190.0,272.0,SRC-ABS-SA2-ERP-2025,ASGS Edition 3 (2021)
121031407,Gordon - Killara,NSW,1,18403.0,18984.0,21899.0,23048.0,23815.0,23799.0,1900.0,8.68,751.0,3.26,-16.0,-0.07,-51.0,-355.0,390.0,SRC-ABS-SA2-ERP-2025,ASGS Edition 3 (2021)
121031408,Lindfield - Roseville,NSW,1,20938.0,21887.0,23674.0,25205.0,25633.0,25620.0,1946.0,8.22,415.0,1.65,-13.0,-0.05,32.0,-406.0,361.0,SRC-ABS-SA2-ERP-2025,ASGS Edition 3 (2021)
121031409,Pymble,NSW,1,15601.0,16307.0,16902.0,17552.0,17969.0,18052.0,1150.0,6.8,500.0,2.85,83.0,0.46,36.0,-142.0,189.0,SRC-ABS-SA2-ERP-2025,ASGS Edition 3 (2021)
121031410,St Ives,NSW,1,18171.0,19453.0,20875.0,22055.0,22756.0,22932.0,2057.0,9.85,877.0,3.98,176.0,0.77,-51.0,-19.0,246.0,SRC-ABS-SA2-ERP-2025,ASGS Edition 3 (2021)
121031411,Turramurra,NSW,1,17826.0,18483.0,19808.0,20476.0,20707.0,20593.0,785.0,3.96,117.0,0.57,-114.0,-0.55,-99.0,-174.0,159.0,SRC-ABS-SA2-ERP-2025,ASGS Edition 3 (2021)
121031412,Wahroonga (East) - Warrawee,NSW,1,16331.0,17827.0,18463.0,18424.0,18249.0,18232.0,-231.0,-1.25,-192.0,-1.04,-17.0,-0.09,-26.0,-152.0,161.0,SRC-ABS-SA2-ERP-2025,ASGS Edition 3 (2021)
121041413,Cremorne - Cammeray,NSW,1,17149.0,18982.0,19918.0,19528.0,19698.0,19870.0,-48.0,-0.24,342.0,1.75,172.0,0.87,168.0,-288.0,292.0,SRC-ABS-SA2-ERP-2025,ASGS Edition 3 (2021)
121041414,Crows Nest - Waverton,NSW,1,16226.0,17621.0,18882.0,18659.0,18948.0,19092.0,210.0,1.11,433.0,2.32,144.0,0.76,130.0,-287.0,301.0,SRC-ABS-SA2-ERP-2025,ASGS Edition 3 (2021)
121041416,Neutral Bay - Kirribilli,NSW,1,16706.0,17834.0,18913.0,18010.0,18202.0,18384.0,-529.0,-2.8,374.0,2.08,182.0,1.0,83.0,-235.0,334.0,SRC-ABS-SA2-ERP-2025,ASGS Edition 3 (2021)
121041417,North Sydney - Lavender Bay,NSW,1,8043.0,9984.0,11160.0,12739.0,13563.0,13776.0,2616.0,23.44,1037.0,8.14,213.0,1.57,67.0,-149.0,295.0,SRC-ABS-SA2-ERP-2025,ASGS Edition 3 (2021)
121041688,Mosman - North,NSW,1,13200.0,14011.0,14600.0,14358.0,14361.0,14409.0,-191.0,-1.31,51.0,0.36,48.0,0.33,29.0,-203.0,222.0,SRC-ABS-SA2-ERP-2025,ASGS Edition 3 (2021)
121041689,Mosman - South,NSW,1,14480.0,15120.0,15445.0,15185.0,14923.0,14965.0,-480.0,-3.11,-220.0,-1.45,42.0,0.28,30.0,-196.0,208.0,SRC-ABS-SA2-ERP-2025,ASGS Edition 3 (2021)
122011418,Balgowlah - Clontarf - Seaforth,NSW,1,18445.0,19958.0,20966.0,21107.0,20928.0,20936.0,-30.0,-0.14,-171.0,-0.81,8.0,0.04,74.0,-264.0,198.0,SRC-ABS-SA2-ERP-2025,ASGS Edition 3 (2021)
122011419,Manly - Fairlight,NSW,1,19983.0,21941.0,23403.0,23531.0,24319.0,24569.0,1166.0,4.98,1038.0,4.41,250.0,1.03,182.0,-440.0,508.0,SRC-ABS-SA2-ERP-2025,ASGS Edition 3 (2021)
122021420,Avalon - Palm Beach,NSW,1,13047.0,12873.0,12990.0,13111.0,13219.0,13161.0,171.0,1.32,50.0,0.38,-58.0,-0.44,-6.0,-198.0,146.0,SRC-ABS-SA2-ERP-2025,ASGS Edition 3 (2021)
122021421,Bayview - Elanora Heights,NSW,1,10768.0,10735.0,11096.0,11344.0,11349.0,11426.0,330.0,2.97,82.0,0.72,77.0,0.68,13.0,-40.0,104.0,SRC-ABS-SA2-ERP-2025,ASGS Edition 3 (2021)
122021422,Newport - Bilgola,NSW,1,12881.0,13519.0,13881.0,13905.0,13861.0,13928.0,47.0,0.34,23.0,0.17,67.0,0.48,53.0,-107.0,121.0,SRC-ABS-SA2-ERP-2025,ASGS Edition 3 (2021)
122021690,Mona Vale - Warriewood (North),NSW,1,11656.0,13452.0,14168.0,14735.0,14967.0,15134.0,966.0,6.82,399.0,2.71,167.0,1.12,-89.0,119.0,137.0,SRC-ABS-SA2-ERP-2025,ASGS Edition 3 (2021)
122021691,North Narrabeen - Warriewood (South),NSW,1,7693.0,8998.0,10522.0,10929.0,11084.0,11191.0,669.0,6.36,262.0,2.4,107.0,0.97,0.0,-24.0,131.0,SRC-ABS-SA2-ERP-2025,ASGS Edition 3 (2021)
122031424,Beacon Hill - Narraweena,NSW,1,12970.0,13561.0,14282.0,14757.0,14558.0,14642.0,360.0,2.52,-115.0,-0.78,84.0,0.58,36.0,-116.0,164.0,SRC-ABS-SA2-ERP-2025,ASGS Edition 3 (2021)
122031425,Cromer,NSW,1,7340.0,7486.0,7732.0,8064.0,8295.0,8400.0,668.0,8.64,336.0,4.17,105.0,1.27,40.0,1.0,64.0,SRC-ABS-SA2-ERP-2025,ASGS Edition 3 (2021)
122031427,Forestville - Killarney Heights,NSW,1,12098.0,12739.0,13179.0,13290.0,13438.0,13533.0,354.0,2.69,243.0,1.83,95.0,0.71,-2.0,-24.0,121.0,SRC-ABS-SA2-ERP-2025,ASGS Edition 3 (2021)
122031429,Freshwater - Brookvale,NSW,1,18072.0,20159.0,21832.0,22439.0,23291.0,23383.0,1551.0,7.1,944.0,4.21,92.0,0.4,222.0,-487.0,357.0,SRC-ABS-SA2-ERP-2025,ASGS Edition 3 (2021)
122031430,Manly Vale - Allambie Heights,NSW,1,15266.0,16462.0,17460.0,17849.0,17957.0,17944.0,484.0,2.77,95.0,0.53,-13.0,-0.07,24.0,-237.0,200.0,SRC-ABS-SA2-ERP-2025,ASGS Edition 3 (2021)
122031432,Terrey Hills - Duffys Forest,NSW,1,3789.0,3694.0,3767.0,3835.0,3629.0,3593.0,-174.0,-4.62,-242.0,-6.31,-36.0,-0.99,-27.0,-37.0,28.0,SRC-ABS-SA2-ERP-2025,ASGS Edition 3 (2021)
122031692,Belrose,NSW,1,7718.0,8737.0,8946.0,8811.0,8795.0,8738.0,-208.0,-2.33,-73.0,-0.83,-57.0,-0.65,-121.0,9.0,55.0,SRC-ABS-SA2-ERP-2025,ASGS Edition 3 (2021)
122031693,Collaroy - Collaroy Plateau,NSW,1,12409.0,13171.0,14164.0,14260.0,14181.0,14229.0,65.0,0.46,-31.0,-0.22,48.0,0.34,43.0,-146.0,151.0,SRC-ABS-SA2-ERP-2025,ASGS Edition 3 (2021)
122031694,Dee Why (South) - North Curl Curl,NSW,1,8010.0,8545.0,9132.0,9388.0,9408.0,9455.0,323.0,3.54,67.0,0.71,47.0,0.5,63.0,-143.0,127.0,SRC-ABS-SA2-ERP-2025,ASGS Edition 3 (2021)
122031695,Dee Why - North,NSW,1,11772.0,15237.0,16727.0,18044.0,19048.0,19332.0,2605.0,15.57,1288.0,7.14,284.0,1.49,194.0,-323.0,413.0,SRC-ABS-SA2-ERP-2025,ASGS Edition 3 (2021)
122031696,Frenchs Forest - Oxford Falls,NSW,1,16455.0,16571.0,17043.0,17342.0,17664.0,17765.0,722.0,4.24,423.0,2.44,101.0,0.57,35.0,-98.0,164.0,SRC-ABS-SA2-ERP-2025,ASGS Edition 3 (2021)
122031697,Narrabeen - Wheeler Heights,NSW,1,9444.0,10412.0,11303.0,11423.0,11249.0,11297.0,-6.0,-0.05,-126.0,-1.1,48.0,0.43,-42.0,-45.0,135.0,SRC-ABS-SA2-ERP-2025,ASGS Edition 3 (2021)
123011433,Camden - Ellis Lane,NSW,1,10550.0,12221.0,13209.0,13405.0,13403.0,13365.0,156.0,1.18,-40.0,-0.3,-38.0,-0.28,-100.0,10.0,52.0,SRC-ABS-SA2-ERP-2025,ASGS Edition 3 (2021)
123011698,Currans Hill,NSW,1,4656.0,5190.0,5472.0,6298.0,7377.0,7564.0,2092.0,38.23,1266.0,20.1,187.0,2.53,123.0,49.0,15.0,SRC-ABS-SA2-ERP-2025,ASGS Edition 3 (2021)
123011699,Elderslie - Narellan,NSW,1,6650.0,8127.0,10083.0,13673.0,14688.0,14984.0,4901.0,48.61,1311.0,9.59,296.0,2.02,132.0,106.0,58.0,SRC-ABS-SA2-ERP-2025,ASGS Edition 3 (2021)
123011700,Harrington Park,NSW,1,3296.0,7779.0,9988.0,11302.0,11453.0,11387.0,1399.0,14.01,85.0,0.75,-66.0,-0.58,59.0,-186.0,61.0,SRC-ABS-SA2-ERP-2025,ASGS Edition 3 (2021)
123011701,Mount Annan,NSW,1,14282.0,17961.0,19422.0,19203.0,19520.0,19565.0,143.0,0.74,362.0,1.89,45.0,0.23,154.0,-200.0,91.0,SRC-ABS-SA2-ERP-2025,ASGS Edition 3 (2021)
123011702,Spring Farm,NSW,1,89.0,961.0,3622.0,8776.0,11384.0,11767.0,8145.0,224.88,2991.0,34.08,383.0,3.36,200.0,147.0,36.0,SRC-ABS-SA2-ERP-2025,ASGS Edition 3 (2021)
123021436,Bradbury - Wedderburn,NSW,1,19619.0,19827.0,19450.0,20273.0,20737.0,21000.0,1550.0,7.97,727.0,3.59,263.0,1.27,219.0,-86.0,130.0,SRC-ABS-SA2-ERP-2025,ASGS Edition 3 (2021)
123021437,Campbelltown - Woodbine,NSW,1,12558.0,15720.0,18113.0,21720.0,24423.0,25009.0,6896.0,38.07,3289.0,15.14,586.0,2.4,218.0,102.0,266.0,SRC-ABS-SA2-ERP-2025,ASGS Edition 3 (2021)
123021438,Claymore - Eagle Vale - Raby,NSW,1,22755.0,21829.0,20998.0,20776.0,20481.0,20468.0,-530.0,-2.52,-308.0,-1.48,-13.0,-0.06,241.0,-353.0,99.0,SRC-ABS-SA2-ERP-2025,ASGS Edition 3 (2021)
123021439,Holsworthy Military Area,NSW,1,0.0,0.0,0.0,3.0,3.0,3.0,3.0,,0.0,0.0,0.0,0.0,0.0,0.0,0.0,SRC-ABS-SA2-ERP-2025,ASGS Edition 3 (2021)
123021441,Leumeah - Minto Heights,NSW,1,16598.0,16271.0,16748.0,16904.0,17191.0,17328.0,580.0,3.46,424.0,2.51,137.0,0.8,120.0,-124.0,141.0,SRC-ABS-SA2-ERP-2025,ASGS Edition 3 (2021)
123021443,Minto - St Andrews,NSW,1,19748.0,18409.0,19888.0,21862.0,21978.0,22005.0,2117.0,10.64,143.0,0.65,27.0,0.12,134.0,-331.0,224.0,SRC-ABS-SA2-ERP-2025,ASGS Edition 3 (2021)
123021444,Rosemeadow - Glen Alpine,NSW,1,21390.0,20971.0,21255.0,21386.0,22230.0,22758.0,1503.0,7.07,1372.0,6.42,528.0,2.38,143.0,247.0,138.0,SRC-ABS-SA2-ERP-2025,ASGS Edition 3 (2021)
123021703,Denham Court - Bardia,NSW,1,1821.0,1639.0,3230.0,12042.0,20628.0,21375.0,18145.0,561.76,9333.0,77.5,747.0,3.62,281.0,362.0,104.0,SRC-ABS-SA2-ERP-2025,ASGS Edition 3 (2021)
123021704,Glenfield,NSW,1,7150.0,7668.0,9536.0,10721.0,10819.0,10758.0,1222.0,12.81,37.0,0.35,-61.0,-0.56,-50.0,-152.0,141.0,SRC-ABS-SA2-ERP-2025,ASGS Edition 3 (2021)
123021705,Ingleburn,NSW,1,14494.0,15526.0,16478.0,17016.0,17199.0,17248.0,770.0,4.67,232.0,1.36,49.0,0.28,143.0,-320.0,226.0,SRC-ABS-SA2-ERP-2025,ASGS Edition 3 (2021)
123021706,Macquarie Fields,NSW,1,14446.0,13890.0,14225.0,14389.0,14506.0,14551.0,326.0,2.29,162.0,1.13,45.0,0.31,134.0,-236.0,147.0,SRC-ABS-SA2-ERP-2025,ASGS Edition 3 (2021)
123031445,Bargo,NSW,1,4975.0,5517.0,5776.0,6006.0,6158.0,6278.0,502.0,8.69,272.0,4.53,120.0,1.95,34.0,75.0,11.0,SRC-ABS-SA2-ERP-2025,ASGS Edition 3 (2021)
123031446,Douglas Park - Appin,NSW,1,6188.0,7162.0,9236.0,11065.0,12516.0,13313.0,4077.0,44.14,2248.0,20.32,797.0,6.37,112.0,644.0,41.0,SRC-ABS-SA2-ERP-2025,ASGS Edition 3 (2021)
123031447,Picton - Tahmoor - Buxton,NSW,1,14113.0,15565.0,16812.0,18667.0,21494.0,22603.0,5791.0,34.45,3936.0,21.09,1109.0,5.16,223.0,843.0,43.0,SRC-ABS-SA2-ERP-2025,ASGS Edition 3 (2021)
123031448,The Oaks - Oakdale,NSW,1,7821.0,8753.0,9225.0,9825.0,10371.0,10429.0,1204.0,13.05,604.0,6.15,58.0,0.56,82.0,-61.0,37.0,SRC-ABS-SA2-ERP-2025,ASGS Edition 3 (2021)
124011449,Blackheath - Megalong Valley,NSW,1,5285.0,5576.0,5725.0,5790.0,5836.0,5872.0,147.0,2.57,82.0,1.42,36.0,0.62,1.0,-1.0,36.0,SRC-ABS-SA2-ERP-2025,ASGS Edition 3 (2021)
124011450,Blaxland - Warrimoo - Lapstone,NSW,1,19307.0,19072.0,19378.0,19282.0,19267.0,19277.0,-101.0,-0.52,-5.0,-0.03,10.0,0.05,110.0,-201.0,101.0,SRC-ABS-SA2-ERP-2025,ASGS Edition 3 (2021)
124011451,Blue Mountains - North,NSW,1,27.0,27.0,16.0,10.0,9.0,9.0,-7.0,-43.75,-1.0,-10.0,0.0,0.0,0.0,0.0,0.0,SRC-ABS-SA2-ERP-2025,ASGS Edition 3 (2021)
124011452,Katoomba - Leura,NSW,1,13154.0,13414.0,13668.0,13582.0,13473.0,13569.0,-99.0,-0.72,-13.0,-0.1,96.0,0.71,-29.0,-32.0,157.0,SRC-ABS-SA2-ERP-2025,ASGS Edition 3 (2021)
124011453,Lawson - Hazelbrook - Linden,NSW,1,10903.0,11337.0,11519.0,11536.0,11531.0,11536.0,17.0,0.15,0.0,0.0,5.0,0.04,36.0,-69.0,38.0,SRC-ABS-SA2-ERP-2025,ASGS Edition 3 (2021)
124011454,Springwood - Winmalee,NSW,1,22021.0,22471.0,22181.0,22189.0,22168.0,22366.0,185.0,0.83,177.0,0.8,198.0,0.89,-24.0,137.0,85.0,SRC-ABS-SA2-ERP-2025,ASGS Edition 3 (2021)
124011455,Wentworth Falls,NSW,1,5688.0,6128.0,6188.0,6466.0,6451.0,6503.0,315.0,5.09,37.0,0.57,52.0,0.81,-28.0,37.0,43.0,SRC-ABS-SA2-ERP-2025,ASGS Edition 3 (2021)
124021456,Blue Mountains - South,NSW,1,7.0,7.0,5.0,6.0,7.0,7.0,2.0,40.0,1.0,16.67,0.0,0.0,0.0,0.0,0.0,SRC-ABS-SA2-ERP-2025,ASGS Edition 3 (2021)
124031457,Cambridge Park,NSW,1,16628.0,15649.0,15880.0,16192.0,16390.0,16414.0,534.0,3.36,222.0,1.37,24.0,0.15,136.0,-162.0,50.0,SRC-ABS-SA2-ERP-2025,ASGS Edition 3 (2021)
124031459,Emu Plains - Leonay,NSW,1,14466.0,14277.0,14534.0,14140.0,13839.0,13936.0,-598.0,-4.11,-204.0,-1.44,97.0,0.7,41.0,6.0,50.0,SRC-ABS-SA2-ERP-2025,ASGS Edition 3 (2021)
124031460,Glenmore Park - Regentville,NSW,1,18115.0,21452.0,21710.0,21421.0,21315.0,21415.0,-295.0,-1.36,-6.0,-0.03,100.0,0.47,148.0,-150.0,102.0,SRC-ABS-SA2-ERP-2025,ASGS Edition 3 (2021)
124031461,Jamisontown - South Penrith,NSW,1,17524.0,17312.0,17675.0,17503.0,17613.0,17749.0,74.0,0.42,246.0,1.41,136.0,0.77,67.0,-20.0,89.0,SRC-ABS-SA2-ERP-2025,ASGS Edition 3 (2021)
124031462,Kingswood - Werrington,NSW,1,15599.0,17002.0,19389.0,24065.0,27270.0,28330.0,8941.0,46.11,4265.0,17.72,1060.0,3.89,216.0,623.0,221.0,SRC-ABS-SA2-ERP-2025,ASGS Edition 3 (2021)
124031463,Mulgoa - Luddenham - Orchard Hills,NSW,1,5948.0,6569.0,9257.0,11763.0,13131.0,13282.0,4025.0,43.48,1519.0,12.91,151.0,1.15,105.0,-9.0,55.0,SRC-ABS-SA2-ERP-2025,ASGS Edition 3 (2021)
124031464,Penrith,NSW,1,11813.0,12128.0,13317.0,17238.0,19848.0,20292.0,6975.0,52.38,3054.0,17.72,444.0,2.24,-23.0,300.0,167.0,SRC-ABS-SA2-ERP-2025,ASGS Edition 3 (2021)
124031465,Warragamba - Silverdale,NSW,1,4801.0,5189.0,5391.0,5891.0,7323.0,7544.0,2153.0,39.94,1653.0,28.06,221.0,3.02,93.0,118.0,10.0,SRC-ABS-SA2-ERP-2025,ASGS Edition 3 (2021)
124031707,Cranebrook - Castlereagh,NSW,1,15488.0,16284.0,17238.0,17245.0,17362.0,17444.0,206.0,1.2,199.0,1.15,82.0,0.47,200.0,-174.0,56.0,SRC-ABS-SA2-ERP-2025,ASGS Edition 3 (2021)
124031708,Jordan Springs - Llandilo,NSW,1,1405.0,1619.0,5715.0,12427.0,15303.0,15589.0,9874.0,172.77,3162.0,25.44,286.0,1.87,209.0,-12.0,89.0,SRC-ABS-SA2-ERP-2025,ASGS Edition 3 (2021)
124041466,Richmond - Clarendon,NSW,1,13660.0,13820.0,14138.0,15045.0,16335.0,16743.0,2605.0,18.43,1698.0,11.29,408.0,2.5,40.0,306.0,62.0,SRC-ABS-SA2-ERP-2025,ASGS Edition 3 (2021)
124041467,Windsor - Bligh Park,NSW,1,16105.0,15940.0,15797.0,15535.0,15444.0,15477.0,-320.0,-2.03,-58.0,-0.37,33.0,0.21,157.0,-182.0,58.0,SRC-ABS-SA2-ERP-2025,ASGS Edition 3 (2021)
124041468,Yarramundi - Londonderry,NSW,1,5963.0,7022.0,7506.0,7628.0,7701.0,7636.0,130.0,1.73,8.0,0.1,-65.0,-0.84,28.0,-119.0,26.0,SRC-ABS-SA2-ERP-2025,ASGS Edition 3 (2021)
124051469,Erskine Park,NSW,1,7307.0,7042.0,6732.0,6605.0,6464.0,6450.0,-282.0,-4.19,-155.0,-2.35,-14.0,-0.22,49.0,-90.0,27.0,SRC-ABS-SA2-ERP-2025,ASGS Edition 3 (2021)
124051470,St Clair,NSW,1,21498.0,20561.0,20528.0,20270.0,20400.0,20529.0,1.0,0.0,259.0,1.28,129.0,0.63,220.0,-208.0,117.0,SRC-ABS-SA2-ERP-2025,ASGS Edition 3 (2021)
124051580,Colyton - Oxley Park,NSW,1,10874.0,11191.0,11803.0,12860.0,13722.0,13923.0,2120.0,17.96,1063.0,8.27,201.0,1.46,182.0,-94.0,113.0,SRC-ABS-SA2-ERP-2025,ASGS Edition 3 (2021)
124051581,St Marys - North St Marys,NSW,1,13398.0,14870.0,16203.0,17434.0,18642.0,18757.0,2554.0,15.76,1323.0,7.59,115.0,0.62,148.0,-207.0,174.0,SRC-ABS-SA2-ERP-2025,ASGS Edition 3 (2021)
125011475,Rookwood Cemetery,NSW,1,6.0,7.0,4.0,5.0,5.0,5.0,1.0,25.0,0.0,0.0,0.0,0.0,0.0,0.0,0.0,SRC-ABS-SA2-ERP-2025,ASGS Edition 3 (2021)
125011582,Auburn - Central,NSW,1,12623.0,16490.0,17782.0,20203.0,21297.0,21706.0,3924.0,22.07,1503.0,7.44,409.0,1.92,209.0,-549.0,749.0,SRC-ABS-SA2-ERP-2025,ASGS Edition 3 (2021)
125011583,Auburn - North,NSW,1,8421.0,10497.0,11685.0,11665.0,12027.0,12331.0,646.0,5.53,666.0,5.71,304.0,2.53,89.0,-387.0,602.0,SRC-ABS-SA2-ERP-2025,ASGS Edition 3 (2021)
125011584,Auburn - South,NSW,1,6605.0,7801.0,8653.0,9209.0,9333.0,9372.0,719.0,8.31,163.0,1.77,39.0,0.42,82.0,-227.0,184.0,SRC-ABS-SA2-ERP-2025,ASGS Edition 3 (2021)
125011585,Berala,NSW,1,7933.0,8798.0,9138.0,8938.0,8864.0,8895.0,-243.0,-2.66,-43.0,-0.48,31.0,0.35,57.0,-249.0,223.0,SRC-ABS-SA2-ERP-2025,ASGS Edition 3 (2021)
125011586,Lidcombe,NSW,1,14331.0,17072.0,20178.0,21436.0,23960.0,24516.0,4338.0,21.5,3080.0,14.37,556.0,2.32,166.0,-328.0,718.0,SRC-ABS-SA2-ERP-2025,ASGS Edition 3 (2021)
125011587,Regents Park,NSW,1,4484.0,5090.0,5213.0,5306.0,5315.0,5359.0,146.0,2.8,53.0,1.0,44.0,0.83,35.0,-80.0,89.0,SRC-ABS-SA2-ERP-2025,ASGS Edition 3 (2021)
125011709,Silverwater - Newington,NSW,1,4275.0,9231.0,9753.0,9924.0,9298.0,9305.0,-448.0,-4.59,-619.0,-6.24,7.0,0.08,67.0,-199.0,139.0,SRC-ABS-SA2-ERP-2025,ASGS Edition 3 (2021)
125011710,Wentworth Point - Sydney Olympic Park,NSW,1,332.0,2380.0,7649.0,18598.0,23561.0,24852.0,17203.0,224.91,6254.0,33.63,1291.0,5.48,436.0,593.0,262.0,SRC-ABS-SA2-ERP-2025,ASGS Edition 3 (2021)
125021477,Ermington - Rydalmere,NSW,1,17943.0,19757.0,21618.0,24507.0,26509.0,26956.0,5338.0,24.69,2449.0,9.99,447.0,1.69,222.0,-124.0,349.0,SRC-ABS-SA2-ERP-2025,ASGS Edition 3 (2021)
125021478,Oatlands - Dundas Valley,NSW,1,15268.0,16095.0,17992.0,19019.0,19277.0,19493.0,1501.0,8.34,474.0,2.49,216.0,1.12,77.0,-133.0,272.0,SRC-ABS-SA2-ERP-2025,ASGS Edition 3 (2021)
125021711,Carlingford - East,NSW,1,9291.0,9726.0,11052.0,11795.0,12006.0,11981.0,929.0,8.41,186.0,1.58,-25.0,-0.21,20.0,-261.0,216.0,SRC-ABS-SA2-ERP-2025,ASGS Edition 3 (2021)
125021712,Carlingford - West,NSW,1,14720.0,15640.0,16624.0,19428.0,20625.0,20946.0,4322.0,26.0,1518.0,7.81,321.0,1.56,124.0,-156.0,353.0,SRC-ABS-SA2-ERP-2025,ASGS Edition 3 (2021)
125031479,Chester Hill - Sefton,NSW,1,15789.0,17170.0,18706.0,20833.0,21698.0,21806.0,3100.0,16.57,973.0,4.67,108.0,0.5,184.0,-316.0,240.0,SRC-ABS-SA2-ERP-2025,ASGS Edition 3 (2021)
125031480,Fairfield - East,NSW,1,13096.0,14455.0,15821.0,16224.0,16231.0,16405.0,584.0,3.69,181.0,1.12,174.0,1.07,90.0,-134.0,218.0,SRC-ABS-SA2-ERP-2025,ASGS Edition 3 (2021)
125031481,Granville - Clyde,NSW,1,16509.0,18819.0,21331.0,23569.0,25004.0,25304.0,3973.0,18.63,1735.0,7.36,300.0,1.2,303.0,-556.0,553.0,SRC-ABS-SA2-ERP-2025,ASGS Edition 3 (2021)
125031483,Guildford - South Granville,NSW,1,16371.0,18789.0,21558.0,22980.0,23812.0,24112.0,2554.0,11.85,1132.0,4.93,300.0,1.26,329.0,-342.0,313.0,SRC-ABS-SA2-ERP-2025,ASGS Edition 3 (2021)
125031484,Guildford West - Merrylands West,NSW,1,17550.0,19558.0,21173.0,23277.0,24581.0,25002.0,3829.0,18.08,1725.0,7.41,421.0,1.71,316.0,-209.0,314.0,SRC-ABS-SA2-ERP-2025,ASGS Edition 3 (2021)
125031486,Smithfield Industrial,NSW,1,8.0,20.0,14.0,13.0,13.0,13.0,-1.0,-7.14,0.0,0.0,0.0,0.0,0.0,0.0,0.0,SRC-ABS-SA2-ERP-2025,ASGS Edition 3 (2021)
125031487,Yennora Industrial,NSW,1,7.0,13.0,14.0,13.0,13.0,13.0,-1.0,-7.14,0.0,0.0,0.0,0.0,0.0,0.0,0.0,SRC-ABS-SA2-ERP-2025,ASGS Edition 3 (2021)
125031713,Greystanes - South,NSW,1,16287.0,16103.0,16706.0,16855.0,16933.0,16934.0,228.0,1.36,79.0,0.47,1.0,0.01,106.0,-234.0,129.0,SRC-ABS-SA2-ERP-2025,ASGS Edition 3 (2021)
125031714,Merrylands - Holroyd,NSW,1,17411.0,20539.0,22279.0,24183.0,25863.0,27002.0,4723.0,21.2,2819.0,11.66,1139.0,4.4,372.0,253.0,514.0,SRC-ABS-SA2-ERP-2025,ASGS Edition 3 (2021)
125031715,Pemulwuy - Greystanes (North),NSW,1,5191.0,7824.0,10188.0,10994.0,11072.0,11324.0,1136.0,11.15,330.0,3.0,252.0,2.28,21.0,153.0,78.0,SRC-ABS-SA2-ERP-2025,ASGS Edition 3 (2021)
125031716,South Wentworthville,NSW,1,5600.0,6334.0,6851.0,7341.0,7637.0,7691.0,840.0,12.26,350.0,4.77,54.0,0.71,79.0,-124.0,99.0,SRC-ABS-SA2-ERP-2025,ASGS Edition 3 (2021)
125041489,North Parramatta,NSW,1,17050.0,20869.0,22678.0,24013.0,23674.0,23781.0,1103.0,4.86,-232.0,-0.97,107.0,0.45,158.0,-769.0,718.0,SRC-ABS-SA2-ERP-2025,ASGS Edition 3 (2021)
125041490,North Rocks,NSW,1,8022.0,8027.0,8121.0,8467.0,8702.0,8764.0,643.0,7.92,297.0,3.51,62.0,0.71,22.0,-34.0,74.0,SRC-ABS-SA2-ERP-2025,ASGS Edition 3 (2021)
125041491,Northmead,NSW,1,13306.0,17589.0,20622.0,21445.0,21737.0,21799.0,1177.0,5.71,354.0,1.65,62.0,0.29,206.0,-814.0,670.0,SRC-ABS-SA2-ERP-2025,ASGS Edition 3 (2021)
125041493,Toongabbie - Constitution Hill,NSW,1,19164.0,21366.0,22335.0,23234.0,23872.0,23933.0,1598.0,7.15,699.0,3.01,61.0,0.26,61.0,-347.0,347.0,SRC-ABS-SA2-ERP-2025,ASGS Edition 3 (2021)
125041494,Winston Hills,NSW,1,10725.0,10727.0,10997.0,11265.0,11215.0,11218.0,221.0,2.01,-47.0,-0.42,3.0,0.03,13.0,-98.0,88.0,SRC-ABS-SA2-ERP-2025,ASGS Edition 3 (2021)
125041588,Pendle Hill - Girraween,NSW,1,9729.0,11786.0,13018.0,14207.0,14342.0,14465.0,1447.0,11.12,258.0,1.82,123.0,0.86,70.0,-263.0,316.0,SRC-ABS-SA2-ERP-2025,ASGS Edition 3 (2021)
125041589,Wentworthville - Westmead,NSW,1,12688.0,14906.0,15967.0,21327.0,23692.0,23845.0,7878.0,49.34,2518.0,11.81,153.0,0.65,264.0,-960.0,849.0,SRC-ABS-SA2-ERP-2025,ASGS Edition 3 (2021)
125041717,Parramatta - North,NSW,1,3750.0,6339.0,8555.0,12332.0,14426.0,14904.0,6349.0,74.21,2572.0,20.86,478.0,3.31,171.0,-260.0,567.0,SRC-ABS-SA2-ERP-2025,ASGS Edition 3 (2021)
125041718,Parramatta - South,NSW,1,6496.0,9041.0,11142.0,10761.0,11130.0,11279.0,137.0,1.23,518.0,4.81,149.0,1.34,93.0,-662.0,718.0,SRC-ABS-SA2-ERP-2025,ASGS Edition 3 (2021)
125041719,Rosehill - Harris Park,NSW,1,6538.0,7770.0,9920.0,9852.0,10092.0,10229.0,309.0,3.11,377.0,3.83,137.0,1.36,103.0,-580.0,614.0,SRC-ABS-SA2-ERP-2025,ASGS Edition 3 (2021)
126011496,Pennant Hills - Cheltenham,NSW,1,19293.0,20071.0,20946.0,22033.0,22167.0,22248.0,1302.0,6.22,215.0,0.98,81.0,0.37,21.0,-149.0,209.0,SRC-ABS-SA2-ERP-2025,ASGS Edition 3 (2021)
126011720,Epping (East) - North Epping,NSW,1,10165.0,10782.0,11050.0,14318.0,15620.0,15733.0,4683.0,42.38,1415.0,9.88,113.0,0.72,56.0,-172.0,229.0,SRC-ABS-SA2-ERP-2025,ASGS Edition 3 (2021)
126011721,Epping (NSW) - West,NSW,1,12844.0,13693.0,16262.0,18834.0,19635.0,19790.0,3528.0,21.69,956.0,5.08,155.0,0.79,93.0,-325.0,387.0,SRC-ABS-SA2-ERP-2025,ASGS Edition 3 (2021)
126021498,Gladesville - Huntleys Point,NSW,1,13148.0,14109.0,14803.0,15529.0,16067.0,16256.0,1453.0,9.82,727.0,4.68,189.0,1.18,89.0,-29.0,129.0,SRC-ABS-SA2-ERP-2025,ASGS Edition 3 (2021)
126021499,Hunters Hill - Woolwich,NSW,1,10280.0,10308.0,10765.0,10471.0,10145.0,10034.0,-731.0,-6.79,-437.0,-4.17,-111.0,-1.09,-104.0,-77.0,70.0,SRC-ABS-SA2-ERP-2025,ASGS Edition 3 (2021)
126021500,Macquarie Park - Marsfield,NSW,1,17534.0,19376.0,22052.0,24227.0,28057.0,28886.0,6834.0,30.99,4659.0,19.23,829.0,2.95,146.0,-70.0,753.0,SRC-ABS-SA2-ERP-2025,ASGS Edition 3 (2021)
126021501,North Ryde - East Ryde,NSW,1,12055.0,12515.0,12688.0,15418.0,16294.0,16577.0,3889.0,30.65,1159.0,7.52,283.0,1.74,77.0,30.0,176.0,SRC-ABS-SA2-ERP-2025,ASGS Edition 3 (2021)
126021503,West Ryde - Meadowbank,NSW,1,14993.0,17338.0,19645.0,20783.0,21847.0,22183.0,2538.0,12.92,1400.0,6.74,336.0,1.54,154.0,-317.0,499.0,SRC-ABS-SA2-ERP-2025,ASGS Edition 3 (2021)
126021590,Putney,NSW,1,4085.0,4295.0,4289.0,4240.0,4191.0,4198.0,-91.0,-2.12,-42.0,-0.99,7.0,0.17,11.0,-40.0,36.0,SRC-ABS-SA2-ERP-2025,ASGS Edition 3 (2021)
126021722,Denistone,NSW,1,6544.0,6896.0,7226.0,7165.0,7142.0,7196.0,-30.0,-0.42,31.0,0.43,54.0,0.76,29.0,-58.0,83.0,SRC-ABS-SA2-ERP-2025,ASGS Edition 3 (2021)
126021723,Eastwood,NSW,1,15699.0,16932.0,18668.0,19510.0,20031.0,20278.0,1610.0,8.62,768.0,3.94,247.0,1.23,77.0,-306.0,476.0,SRC-ABS-SA2-ERP-2025,ASGS Edition 3 (2021)
126021724,Ryde - North,NSW,1,17105.0,17981.0,20243.0,20968.0,21536.0,21909.0,1666.0,8.23,941.0,4.49,373.0,1.73,110.0,-205.0,468.0,SRC-ABS-SA2-ERP-2025,ASGS Edition 3 (2021)
126021725,Ryde - South,NSW,1,3767.0,5033.0,6956.0,11640.0,13046.0,13318.0,6362.0,91.46,1678.0,14.42,272.0,2.08,124.0,-82.0,230.0,SRC-ABS-SA2-ERP-2025,ASGS Edition 3 (2021)
127011504,Ashcroft - Busby - Miller,NSW,1,16934.0,16920.0,17769.0,18195.0,18253.0,18381.0,612.0,3.44,186.0,1.02,128.0,0.7,201.0,-200.0,127.0,SRC-ABS-SA2-ERP-2025,ASGS Edition 3 (2021)
127011505,Austral - Greendale,NSW,1,8956.0,9095.0,9258.0,10925.0,19453.0,22535.0,13277.0,143.41,11610.0,106.27,3082.0,15.84,356.0,2585.0,141.0,SRC-ABS-SA2-ERP-2025,ASGS Edition 3 (2021)
127011592,Badgerys Creek,NSW,1,255.0,289.0,113.0,26.0,23.0,23.0,-90.0,-79.65,-3.0,-11.54,0.0,0.0,0.0,0.0,0.0,SRC-ABS-SA2-ERP-2025,ASGS Edition 3 (2021)
127011593,Cecil Hills,NSW,1,6034.0,7209.0,7262.0,7038.0,6849.0,6831.0,-431.0,-5.94,-207.0,-2.94,-18.0,-0.26,31.0,-85.0,36.0,SRC-ABS-SA2-ERP-2025,ASGS Edition 3 (2021)
127011594,Green Valley,NSW,1,11874.0,12832.0,12989.0,13049.0,12811.0,12813.0,-176.0,-1.35,-236.0,-1.81,2.0,0.02,78.0,-190.0,114.0,SRC-ABS-SA2-ERP-2025,ASGS Edition 3 (2021)
127011595,Hinchinbrook,NSW,1,9140.0,9960.0,12015.0,13306.0,13055.0,13050.0,1035.0,8.61,-256.0,-1.92,-5.0,-0.04,93.0,-209.0,111.0,SRC-ABS-SA2-ERP-2025,ASGS Edition 3 (2021)
127011596,Hoxton Park - Carnes Hill - Horningsea Park,NSW,1,7249.0,9157.0,11395.0,13254.0,14051.0,14106.0,2711.0,23.79,852.0,6.43,55.0,0.39,118.0,-142.0,79.0,SRC-ABS-SA2-ERP-2025,ASGS Edition 3 (2021)
127011597,West Hoxton - Middleton Grange,NSW,1,5101.0,10175.0,14747.0,17165.0,17858.0,18072.0,3325.0,22.55,907.0,5.28,214.0,1.2,171.0,-63.0,106.0,SRC-ABS-SA2-ERP-2025,ASGS Edition 3 (2021)
127011726,Cobbitty - Bringelly,NSW,1,1473.0,1612.0,2120.0,4511.0,5778.0,6281.0,4161.0,196.27,1770.0,39.24,503.0,8.71,76.0,418.0,9.0,SRC-ABS-SA2-ERP-2025,ASGS Edition 3 (2021)
127011727,Gledswood Hills - Gregory Hills,NSW,1,37.0,34.0,3321.0,12337.0,19427.0,20313.0,16992.0,511.65,7976.0,64.65,886.0,4.56,350.0,478.0,58.0,SRC-ABS-SA2-ERP-2025,ASGS Edition 3 (2021)
127011728,Leppington - Catherine Field,NSW,1,4631.0,4632.0,5039.0,11165.0,19432.0,21103.0,16064.0,318.79,9938.0,89.01,1671.0,8.6,429.0,1180.0,62.0,SRC-ABS-SA2-ERP-2025,ASGS Edition 3 (2021)
127011729,Oran Park,NSW,1,77.0,93.0,4004.0,14874.0,24084.0,25695.0,21691.0,541.73,10821.0,72.75,1611.0,6.69,341.0,1185.0,85.0,SRC-ABS-SA2-ERP-2025,ASGS Edition 3 (2021)
127021509,Bonnyrigg Heights - Bonnyrigg,NSW,1,16448.0,15820.0,16456.0,17290.0,17425.0,17332.0,876.0,5.32,42.0,0.24,-93.0,-0.53,56.0,-279.0,130.0,SRC-ABS-SA2-ERP-2025,ASGS Edition 3 (2021)
127021510,Bossley Park - Abbotsbury,NSW,1,19256.0,19225.0,19395.0,19992.0,19738.0,19638.0,243.0,1.25,-354.0,-1.77,-100.0,-0.51,18.0,-301.0,183.0,SRC-ABS-SA2-ERP-2025,ASGS Edition 3 (2021)
127021511,Cabramatta - Lansvale,NSW,1,23497.0,24462.0,25335.0,24929.0,24407.0,24260.0,-1075.0,-4.24,-669.0,-2.68,-147.0,-0.6,37.0,-689.0,505.0,SRC-ABS-SA2-ERP-2025,ASGS Edition 3 (2021)
127021512,Cabramatta West - Mount Pritchard,NSW,1,15884.0,16409.0,17486.0,18472.0,18550.0,18491.0,1005.0,5.75,19.0,0.1,-59.0,-0.32,119.0,-369.0,191.0,SRC-ABS-SA2-ERP-2025,ASGS Edition 3 (2021)
127021513,Canley Vale - Canley Heights,NSW,1,19559.0,20326.0,21240.0,22554.0,22486.0,22512.0,1272.0,5.99,-42.0,-0.19,26.0,0.12,62.0,-317.0,281.0,SRC-ABS-SA2-ERP-2025,ASGS Edition 3 (2021)
127021514,Edensor Park,NSW,1,9748.0,10010.0,10129.0,10453.0,10194.0,10213.0,84.0,0.83,-240.0,-2.3,19.0,0.19,23.0,-109.0,105.0,SRC-ABS-SA2-ERP-2025,ASGS Edition 3 (2021)
127021515,Fairfield,NSW,1,14897.0,17296.0,18215.0,18888.0,19062.0,19302.0,1087.0,5.97,414.0,2.19,240.0,1.26,86.0,-379.0,533.0,SRC-ABS-SA2-ERP-2025,ASGS Edition 3 (2021)
127021516,Fairfield - West,NSW,1,16341.0,18143.0,19320.0,21424.0,22044.0,22247.0,2927.0,15.15,823.0,3.84,203.0,0.92,140.0,-277.0,340.0,SRC-ABS-SA2-ERP-2025,ASGS Edition 3 (2021)
127021517,Greenfield Park - Prairiewood,NSW,1,8392.0,8120.0,8484.0,8919.0,8807.0,8772.0,288.0,3.39,-147.0,-1.65,-35.0,-0.4,26.0,-139.0,78.0,SRC-ABS-SA2-ERP-2025,ASGS Edition 3 (2021)
127021518,Horsley Park - Kemps Creek,NSW,1,3919.0,4525.0,4639.0,4469.0,4197.0,4146.0,-493.0,-10.63,-323.0,-7.23,-51.0,-1.22,-22.0,-44.0,15.0,SRC-ABS-SA2-ERP-2025,ASGS Edition 3 (2021)
127021519,Smithfield - Wetherill Park,NSW,1,17517.0,17646.0,18316.0,19754.0,20139.0,20410.0,2094.0,11.43,656.0,3.32,271.0,1.35,84.0,-58.0,245.0,SRC-ABS-SA2-ERP-2025,ASGS Edition 3 (2021)
127021520,St Johns Park - Wakeley,NSW,1,11454.0,11187.0,11159.0,11269.0,11183.0,11224.0,65.0,0.58,-45.0,-0.4,41.0,0.37,15.0,-69.0,95.0,SRC-ABS-SA2-ERP-2025,ASGS Edition 3 (2021)
127021521,Wetherill Park Industrial,NSW,1,21.0,26.0,34.0,38.0,39.0,39.0,5.0,14.71,1.0,2.63,0.0,0.0,0.0,0.0,0.0,SRC-ABS-SA2-ERP-2025,ASGS Edition 3 (2021)
127031522,Casula,NSW,1,11535.0,15076.0,16062.0,16672.0,16817.0,17039.0,977.0,6.08,367.0,2.2,222.0,1.32,129.0,-66.0,159.0,SRC-ABS-SA2-ERP-2025,ASGS Edition 3 (2021)
127031523,Chipping Norton - Moorebank,NSW,1,15513.0,15904.0,18826.0,20877.0,21872.0,22246.0,3420.0,18.17,1369.0,6.56,374.0,1.71,179.0,51.0,144.0,SRC-ABS-SA2-ERP-2025,ASGS Edition 3 (2021)
127031524,Holsworthy - Wattle Grove,NSW,1,18063.0,20150.0,20944.0,21567.0,21343.0,21386.0,442.0,2.11,-181.0,-0.84,43.0,0.2,83.0,-213.0,173.0,SRC-ABS-SA2-ERP-2025,ASGS Edition 3 (2021)
127031599,Lurnea - Cartwright,NSW,1,10489.0,11120.0,11821.0,12734.0,13539.0,13737.0,1916.0,16.21,1003.0,7.88,198.0,1.46,94.0,-41.0,145.0,SRC-ABS-SA2-ERP-2025,ASGS Edition 3 (2021)
127031601,Warwick Farm,NSW,1,4348.0,4653.0,5829.0,6235.0,6499.0,6453.0,624.0,10.71,218.0,3.5,-46.0,-0.71,61.0,-239.0,132.0,SRC-ABS-SA2-ERP-2025,ASGS Edition 3 (2021)
127031730,Edmondson Park,NSW,1,517.0,438.0,1972.0,9746.0,16930.0,18038.0,16066.0,814.71,8292.0,85.08,1108.0,6.54,228.0,812.0,68.0,SRC-ABS-SA2-ERP-2025,ASGS Edition 3 (2021)
127031731,Liverpool - East,NSW,1,9394.0,12227.0,14279.0,17556.0,20381.0,20573.0,6294.0,44.08,3017.0,17.19,192.0,0.94,278.0,-540.0,454.0,SRC-ABS-SA2-ERP-2025,ASGS Edition 3 (2021)
127031732,Liverpool - West,NSW,1,11628.0,12912.0,13359.0,14056.0,14894.0,14906.0,1547.0,11.58,850.0,6.05,12.0,0.08,99.0,-311.0,224.0,SRC-ABS-SA2-ERP-2025,ASGS Edition 3 (2021)
127031733,Prestons,NSW,1,8793.0,14785.0,15521.0,15911.0,15544.0,15534.0,13.0,0.08,-377.0,-2.37,-10.0,-0.06,56.0,-192.0,126.0,SRC-ABS-SA2-ERP-2025,ASGS Edition 3 (2021)
128011529,Gymea - Grays Point,NSW,1,16832.0,17428.0,17976.0,18221.0,18673.0,18888.0,912.0,5.07,667.0,3.66,215.0,1.15,91.0,9.0,115.0,SRC-ABS-SA2-ERP-2025,ASGS Edition 3 (2021)
128011530,Miranda - Yowie Bay,NSW,1,16884.0,18351.0,18817.0,20224.0,22441.0,22804.0,3987.0,21.19,2580.0,12.76,363.0,1.62,47.0,122.0,194.0,SRC-ABS-SA2-ERP-2025,ASGS Edition 3 (2021)
128011531,Sylvania - Taren Point,NSW,1,14705.0,15850.0,16636.0,16537.0,16550.0,16620.0,-16.0,-0.1,83.0,0.5,70.0,0.42,-101.0,71.0,100.0,SRC-ABS-SA2-ERP-2025,ASGS Edition 3 (2021)
128011602,Caringbah,NSW,1,9679.0,11315.0,12066.0,12871.0,13800.0,14011.0,1945.0,16.12,1140.0,8.86,211.0,1.53,117.0,-28.0,122.0,SRC-ABS-SA2-ERP-2025,ASGS Edition 3 (2021)
128011603,Caringbah South,NSW,1,11907.0,12068.0,12423.0,12946.0,13521.0,13833.0,1410.0,11.35,887.0,6.85,312.0,2.31,70.0,168.0,74.0,SRC-ABS-SA2-ERP-2025,ASGS Edition 3 (2021)
128011604,Cronulla - Kurnell - Bundeena,NSW,1,22018.0,22962.0,24353.0,24668.0,25420.0,25614.0,1261.0,5.18,946.0,3.83,194.0,0.76,78.0,-135.0,251.0,SRC-ABS-SA2-ERP-2025,ASGS Edition 3 (2021)
128011605,Lilli Pilli - Port Hacking - Dolans Bay,NSW,1,3253.0,3227.0,3242.0,3368.0,3366.0,3437.0,195.0,6.01,69.0,2.05,71.0,2.11,18.0,26.0,27.0,SRC-ABS-SA2-ERP-2025,ASGS Edition 3 (2021)
128011606,Woolooware - Burraneer,NSW,1,7549.0,7868.0,8021.0,8750.0,9551.0,9989.0,1968.0,24.54,1239.0,14.16,438.0,4.59,58.0,318.0,62.0,SRC-ABS-SA2-ERP-2025,ASGS Edition 3 (2021)
128021533,Heathcote - Waterfall,NSW,1,6691.0,6716.0,6686.0,6725.0,6715.0,6720.0,34.0,0.51,-5.0,-0.07,5.0,0.07,-29.0,0.0,34.0,SRC-ABS-SA2-ERP-2025,ASGS Edition 3 (2021)
128021534,Illawong - Alfords Point,NSW,1,12003.0,11392.0,10960.0,10637.0,10591.0,10621.0,-339.0,-3.09,-16.0,-0.15,30.0,0.28,45.0,-92.0,77.0,SRC-ABS-SA2-ERP-2025,ASGS Edition 3 (2021)
128021535,Menai - Lucas Heights - Woronora,NSW,1,21802.0,22122.0,21762.0,21274.0,20938.0,20917.0,-845.0,-3.88,-357.0,-1.68,-21.0,-0.1,52.0,-186.0,113.0,SRC-ABS-SA2-ERP-2025,ASGS Edition 3 (2021)
128021536,Oyster Bay - Como - Jannali,NSW,1,21252.0,21408.0,21752.0,22206.0,22787.0,22878.0,1126.0,5.18,672.0,3.03,91.0,0.4,106.0,-149.0,134.0,SRC-ABS-SA2-ERP-2025,ASGS Edition 3 (2021)
128021537,Royal National Park,NSW,1,20.0,18.0,26.0,42.0,45.0,45.0,19.0,73.08,3.0,7.14,0.0,0.0,0.0,0.0,0.0,SRC-ABS-SA2-ERP-2025,ASGS Edition 3 (2021)
128021538,Sutherland - Kirrawee,NSW,1,18564.0,20025.0,21251.0,22870.0,24489.0,24903.0,3652.0,17.19,2033.0,8.89,414.0,1.69,60.0,167.0,187.0,SRC-ABS-SA2-ERP-2025,ASGS Edition 3 (2021)
128021607,Engadine,NSW,1,17075.0,17201.0,17368.0,17437.0,17743.0,17844.0,476.0,2.74,407.0,2.33,101.0,0.57,96.0,-53.0,58.0,SRC-ABS-SA2-ERP-2025,ASGS Edition 3 (2021)
128021608,Loftus - Yarrawarrah,NSW,1,7661.0,7500.0,7461.0,7402.0,7424.0,7464.0,3.0,0.04,62.0,0.84,40.0,0.54,53.0,-44.0,31.0,SRC-ABS-SA2-ERP-2025,ASGS Edition 3 (2021)
128021609,Woronora Heights,NSW,1,4006.0,4017.0,3818.0,3577.0,3600.0,3586.0,-232.0,-6.08,9.0,0.25,-14.0,-0.39,22.0,-62.0,26.0,SRC-ABS-SA2-ERP-2025,ASGS Edition 3 (2021)
201011001,Alfredton,VIC,2,5756.0,7894.0,11039.0,15507.0,20082.0,20825.0,9786.0,88.65,5318.0,34.29,743.0,3.7,,,,SRC-ABS-SA2-ERP-2025,ASGS Edition 3 (2021)
201011002,Ballarat,VIC,2,11497.0,12462.0,12300.0,12196.0,11714.0,11668.0,-632.0,-5.14,-528.0,-4.33,-46.0,-0.39,,,,SRC-ABS-SA2-ERP-2025,ASGS Edition 3 (2021)
201011005,Buninyong,VIC,2,5320.0,6595.0,7191.0,7377.0,7320.0,7384.0,193.0,2.68,7.0,0.09,64.0,0.87,,,,SRC-ABS-SA2-ERP-2025,ASGS Edition 3 (2021)
201011006,Delacombe,VIC,2,4154.0,5699.0,6846.0,9755.0,14218.0,15255.0,8409.0,122.83,5500.0,56.38,1037.0,7.29,,,,SRC-ABS-SA2-ERP-2025,ASGS Edition 3 (2021)
201011007,Smythes Creek,VIC,2,3317.0,3774.0,3966.0,4152.0,4255.0,4250.0,284.0,7.16,98.0,2.36,-5.0,-0.12,,,,SRC-ABS-SA2-ERP-2025,ASGS Edition 3 (2021)
201011008,Wendouree - Miners Rest,VIC,2,13355.0,14104.0,14779.0,15261.0,15518.0,15548.0,769.0,5.2,287.0,1.88,30.0,0.19,,,,SRC-ABS-SA2-ERP-2025,ASGS Edition 3 (2021)
201011481,Ballarat East - Warrenheip,VIC,2,8018.0,8664.0,9186.0,9650.0,9672.0,9771.0,585.0,6.37,121.0,1.25,99.0,1.02,,,,SRC-ABS-SA2-ERP-2025,ASGS Edition 3 (2021)
201011482,Ballarat North - Invermay,VIC,2,12250.0,13551.0,14025.0,14687.0,15118.0,15204.0,1179.0,8.41,517.0,3.52,86.0,0.57,,,,SRC-ABS-SA2-ERP-2025,ASGS Edition 3 (2021)
201011483,Canadian - Mount Clear,VIC,2,9129.0,10355.0,11246.0,12195.0,12410.0,12518.0,1272.0,11.31,323.0,2.65,108.0,0.87,,,,SRC-ABS-SA2-ERP-2025,ASGS Edition 3 (2021)
201011484,Sebastopol - Redan,VIC,2,11295.0,12311.0,13050.0,13234.0,12789.0,12766.0,-284.0,-2.18,-468.0,-3.54,-23.0,-0.18,,,,SRC-ABS-SA2-ERP-2025,ASGS Edition 3 (2021)
201021009,Bacchus Marsh Surrounds,VIC,2,4900.0,5536.0,5903.0,6466.0,6707.0,6770.0,867.0,14.69,304.0,4.7,63.0,0.94,,,,SRC-ABS-SA2-ERP-2025,ASGS Edition 3 (2021)
201021010,Creswick - Clunes,VIC,2,7467.0,7473.0,7781.0,8031.0,7966.0,8038.0,257.0,3.3,7.0,0.09,72.0,0.9,,,,SRC-ABS-SA2-ERP-2025,ASGS Edition 3 (2021)
201021011,Daylesford,VIC,2,8201.0,8536.0,9018.0,9729.0,10218.0,10342.0,1324.0,14.68,613.0,6.3,124.0,1.21,,,,SRC-ABS-SA2-ERP-2025,ASGS Edition 3 (2021)
201021012,Gordon (Vic.),VIC,2,5350.0,5485.0,5692.0,6247.0,6506.0,6557.0,865.0,15.2,310.0,4.96,51.0,0.78,,,,SRC-ABS-SA2-ERP-2025,ASGS Edition 3 (2021)
201031013,Avoca,VIC,2,3151.0,3343.0,3317.0,3447.0,3614.0,3609.0,292.0,8.8,162.0,4.7,-5.0,-0.14,,,,SRC-ABS-SA2-ERP-2025,ASGS Edition 3 (2021)
201031014,Beaufort,VIC,2,3809.0,3882.0,4317.0,4606.0,4811.0,4816.0,499.0,11.56,210.0,4.56,5.0,0.1,,,,SRC-ABS-SA2-ERP-2025,ASGS Edition 3 (2021)
201031015,Golden Plains - North,VIC,2,3875.0,4068.0,4444.0,4832.0,4964.0,5021.0,577.0,12.98,189.0,3.91,57.0,1.15,,,,SRC-ABS-SA2-ERP-2025,ASGS Edition 3 (2021)
201031016,Maryborough (Vic.),VIC,2,7742.0,7692.0,7915.0,8128.0,8195.0,8229.0,314.0,3.97,101.0,1.24,34.0,0.41,,,,SRC-ABS-SA2-ERP-2025,ASGS Edition 3 (2021)
201031017,Maryborough Surrounds,VIC,2,5375.0,5153.0,5222.0,5383.0,5679.0,5714.0,492.0,9.42,331.0,6.15,35.0,0.62,,,,SRC-ABS-SA2-ERP-2025,ASGS Edition 3 (2021)
202011018,Bendigo,VIC,2,15549.0,14752.0,14753.0,15087.0,14422.0,14457.0,-296.0,-2.01,-630.0,-4.18,35.0,0.24,,,,SRC-ABS-SA2-ERP-2025,ASGS Edition 3 (2021)
202011019,California Gully - Eaglehawk,VIC,2,9453.0,10159.0,11705.0,12800.0,13448.0,13523.0,1818.0,15.53,723.0,5.65,75.0,0.56,,,,SRC-ABS-SA2-ERP-2025,ASGS Edition 3 (2021)
202011020,East Bendigo - Kennington,VIC,2,12682.0,13817.0,13805.0,13808.0,13961.0,13941.0,136.0,0.99,133.0,0.96,-20.0,-0.14,,,,SRC-ABS-SA2-ERP-2025,ASGS Edition 3 (2021)
202011021,Flora Hill - Spring Gully,VIC,2,8823.0,9310.0,9460.0,9574.0,9530.0,9534.0,74.0,0.78,-40.0,-0.42,4.0,0.04,,,,SRC-ABS-SA2-ERP-2025,ASGS Edition 3 (2021)
202011022,Kangaroo Flat - Golden Square,VIC,2,16792.0,18522.0,19742.0,20938.0,21361.0,21369.0,1627.0,8.24,431.0,2.06,8.0,0.04,,,,SRC-ABS-SA2-ERP-2025,ASGS Edition 3 (2021)
202011023,Maiden Gully,VIC,2,2708.0,4087.0,4983.0,5465.0,5801.0,5869.0,886.0,17.78,404.0,7.39,68.0,1.17,,,,SRC-ABS-SA2-ERP-2025,ASGS Edition 3 (2021)
202011024,Strathfieldsaye,VIC,2,4134.0,6823.0,8355.0,10312.0,11457.0,11705.0,3350.0,40.1,1393.0,13.51,248.0,2.16,,,,SRC-ABS-SA2-ERP-2025,ASGS Edition 3 (2021)
202011025,White Hills - Ascot,VIC,2,6171.0,8508.0,11232.0,14039.0,15630.0,16095.0,4863.0,43.3,2056.0,14.64,465.0,2.98,,,,SRC-ABS-SA2-ERP-2025,ASGS Edition 3 (2021)
202021026,Bendigo Surrounds - South,VIC,2,4976.0,6169.0,7020.0,8158.0,8941.0,9094.0,2074.0,29.54,936.0,11.47,153.0,1.71,,,,SRC-ABS-SA2-ERP-2025,ASGS Edition 3 (2021)
202021027,Castlemaine,VIC,2,9358.0,9860.0,10545.0,11277.0,11507.0,11640.0,1095.0,10.38,363.0,3.22,133.0,1.16,,,,SRC-ABS-SA2-ERP-2025,ASGS Edition 3 (2021)
202021028,Castlemaine Surrounds,VIC,2,7724.0,8253.0,8539.0,8974.0,9571.0,9675.0,1136.0,13.3,701.0,7.81,104.0,1.09,,,,SRC-ABS-SA2-ERP-2025,ASGS Edition 3 (2021)
202021029,Heathcote,VIC,2,3895.0,4083.0,4452.0,4902.0,5311.0,5382.0,930.0,20.89,480.0,9.79,71.0,1.34,,,,SRC-ABS-SA2-ERP-2025,ASGS Edition 3 (2021)
202021030,Kyneton,VIC,2,7941.0,8785.0,9656.0,10371.0,10580.0,10665.0,1009.0,10.45,294.0,2.83,85.0,0.8,,,,SRC-ABS-SA2-ERP-2025,ASGS Edition 3 (2021)
202021031,Woodend,VIC,2,5915.0,6437.0,6908.0,7712.0,8008.0,8084.0,1176.0,17.02,372.0,4.82,76.0,0.95,,,,SRC-ABS-SA2-ERP-2025,ASGS Edition 3 (2021)
202031032,Bendigo Surrounds - North,VIC,2,3900.0,4168.0,4351.0,4799.0,5361.0,5505.0,1154.0,26.52,706.0,14.71,144.0,2.69,,,,SRC-ABS-SA2-ERP-2025,ASGS Edition 3 (2021)
202031033,Loddon,VIC,2,8033.0,7234.0,7085.0,7190.0,7224.0,7231.0,146.0,2.06,41.0,0.57,7.0,0.1,,,,SRC-ABS-SA2-ERP-2025,ASGS Edition 3 (2021)
203011034,Bannockburn,VIC,2,2569.0,4527.0,6192.0,7608.0,8266.0,8395.0,2203.0,35.58,787.0,10.34,129.0,1.56,,,,SRC-ABS-SA2-ERP-2025,ASGS Edition 3 (2021)
203011035,Golden Plains - South,VIC,2,5111.0,6072.0,6786.0,7774.0,8732.0,8954.0,2168.0,31.95,1180.0,15.18,222.0,2.54,,,,SRC-ABS-SA2-ERP-2025,ASGS Edition 3 (2021)
203011036,Winchelsea,VIC,2,5418.0,5756.0,5805.0,6358.0,6921.0,7079.0,1274.0,21.95,721.0,11.34,158.0,2.28,,,,SRC-ABS-SA2-ERP-2025,ASGS Edition 3 (2021)
203021037,Belmont,VIC,2,14160.0,13805.0,14175.0,15096.0,15085.0,15227.0,1052.0,7.42,131.0,0.87,142.0,0.94,,,,SRC-ABS-SA2-ERP-2025,ASGS Edition 3 (2021)
203021039,Geelong,VIC,2,11944.0,12342.0,12955.0,13498.0,13690.0,13719.0,764.0,5.9,221.0,1.64,29.0,0.21,,,,SRC-ABS-SA2-ERP-2025,ASGS Edition 3 (2021)
203021040,Geelong West - Hamlyn Heights,VIC,2,18634.0,19092.0,19756.0,21145.0,22084.0,22415.0,2659.0,13.46,1270.0,6.01,331.0,1.5,,,,SRC-ABS-SA2-ERP-2025,ASGS Edition 3 (2021)
203021042,Highton,VIC,2,15469.0,19449.0,22390.0,23858.0,25546.0,25794.0,3404.0,15.2,1936.0,8.11,248.0,0.97,,,,SRC-ABS-SA2-ERP-2025,ASGS Edition 3 (2021)
203021043,Lara,VIC,2,13075.0,15503.0,17996.0,20575.0,22923.0,23952.0,5956.0,33.1,3377.0,16.41,1029.0,4.49,,,,SRC-ABS-SA2-ERP-2025,ASGS Edition 3 (2021)
203021044,Leopold,VIC,2,8074.0,9784.0,12544.0,13279.0,13715.0,13869.0,1325.0,10.56,590.0,4.44,154.0,1.12,,,,SRC-ABS-SA2-ERP-2025,ASGS Edition 3 (2021)
203021045,Newcomb - Moolap,VIC,2,13933.0,14885.0,14858.0,15478.0,15140.0,15187.0,329.0,2.21,-291.0,-1.88,47.0,0.31,,,,SRC-ABS-SA2-ERP-2025,ASGS Edition 3 (2021)
203021046,Newtown (Vic.),VIC,2,9774.0,9968.0,10368.0,10555.0,10379.0,10393.0,25.0,0.24,-162.0,-1.53,14.0,0.13,,,,SRC-ABS-SA2-ERP-2025,ASGS Edition 3 (2021)
203021047,North Geelong - Bell Park,VIC,2,13578.0,14361.0,14710.0,15848.0,15657.0,15724.0,1014.0,6.89,-124.0,-0.78,67.0,0.43,,,,SRC-ABS-SA2-ERP-2025,ASGS Edition 3 (2021)
203021485,Charlemont,VIC,2,1177.0,1631.0,3209.0,8832.0,13969.0,15110.0,11901.0,370.86,6278.0,71.08,1141.0,8.17,,,,SRC-ABS-SA2-ERP-2025,ASGS Edition 3 (2021)
203021486,Corio - Lovely Banks,VIC,2,17178.0,17812.0,17949.0,18587.0,18450.0,18486.0,537.0,2.99,-101.0,-0.54,36.0,0.2,,,,SRC-ABS-SA2-ERP-2025,ASGS Edition 3 (2021)
203021487,Grovedale - Mount Duneed,VIC,2,13320.0,18061.0,18995.0,23903.0,27722.0,28585.0,9590.0,50.49,4682.0,19.59,863.0,3.11,,,,SRC-ABS-SA2-ERP-2025,ASGS Edition 3 (2021)
203021488,Norlane,VIC,2,9267.0,8518.0,8857.0,9070.0,8906.0,8833.0,-24.0,-0.27,-237.0,-2.61,-73.0,-0.82,,,,SRC-ABS-SA2-ERP-2025,ASGS Edition 3 (2021)
203031048,Clifton Springs,VIC,2,10204.0,11735.0,13074.0,16143.0,17695.0,17912.0,4838.0,37.0,1769.0,10.96,217.0,1.23,,,,SRC-ABS-SA2-ERP-2025,ASGS Edition 3 (2021)
203031049,Lorne - Anglesea,VIC,2,4748.0,5123.0,5211.0,5892.0,6261.0,6307.0,1096.0,21.03,415.0,7.04,46.0,0.73,,,,SRC-ABS-SA2-ERP-2025,ASGS Edition 3 (2021)
203031051,Portarlington,VIC,2,5391.0,6400.0,7276.0,8886.0,10599.0,10874.0,3598.0,49.45,1988.0,22.37,275.0,2.59,,,,SRC-ABS-SA2-ERP-2025,ASGS Edition 3 (2021)
203031052,Point Lonsdale - Queenscliff,VIC,2,4124.0,4175.0,4218.0,5123.0,5862.0,6053.0,1835.0,43.5,930.0,18.15,191.0,3.26,,,,SRC-ABS-SA2-ERP-2025,ASGS Edition 3 (2021)
203031053,Torquay,VIC,2,10225.0,14743.0,18365.0,23346.0,26368.0,26581.0,8216.0,44.74,3235.0,13.86,213.0,0.81,,,,SRC-ABS-SA2-ERP-2025,ASGS Edition 3 (2021)
203031489,Barwon Heads - Armstrong Creek,VIC,2,3388.0,4272.0,7200.0,10708.0,14374.0,15749.0,8549.0,118.74,5041.0,47.08,1375.0,9.57,,,,SRC-ABS-SA2-ERP-2025,ASGS Edition 3 (2021)
203031490,Ocean Grove,VIC,2,12208.0,14077.0,15547.0,18766.0,20456.0,20792.0,5245.0,33.74,2026.0,10.8,336.0,1.64,,,,SRC-ABS-SA2-ERP-2025,ASGS Edition 3 (2021)
204011054,Alexandra,VIC,2,6263.0,6219.0,6404.0,6690.0,6836.0,6849.0,445.0,6.95,159.0,2.38,13.0,0.19,,,,SRC-ABS-SA2-ERP-2025,ASGS Edition 3 (2021)
204011055,Euroa,VIC,2,6188.0,6017.0,6247.0,6777.0,6859.0,6880.0,633.0,10.13,103.0,1.52,21.0,0.31,,,,SRC-ABS-SA2-ERP-2025,ASGS Edition 3 (2021)
204011056,Kilmore - Broadford,VIC,2,8889.0,11685.0,13642.0,15330.0,16450.0,16694.0,3052.0,22.37,1364.0,8.9,244.0,1.48,,,,SRC-ABS-SA2-ERP-2025,ASGS Edition 3 (2021)
204011057,Mansfield (Vic.),VIC,2,6907.0,8144.0,8788.0,10116.0,11117.0,11324.0,2536.0,28.86,1208.0,11.94,207.0,1.86,,,,SRC-ABS-SA2-ERP-2025,ASGS Edition 3 (2021)
204011058,Nagambie,VIC,2,3311.0,3580.0,3936.0,4388.0,4811.0,4936.0,1000.0,25.41,548.0,12.49,125.0,2.6,,,,SRC-ABS-SA2-ERP-2025,ASGS Edition 3 (2021)
204011059,Seymour,VIC,2,6987.0,6526.0,6407.0,6538.0,6816.0,6911.0,504.0,7.87,373.0,5.71,95.0,1.39,,,,SRC-ABS-SA2-ERP-2025,ASGS Edition 3 (2021)
204011060,Seymour Surrounds,VIC,2,4213.0,4246.0,4469.0,4608.0,4446.0,4488.0,19.0,0.43,-120.0,-2.6,42.0,0.94,,,,SRC-ABS-SA2-ERP-2025,ASGS Edition 3 (2021)
204011061,Upper Yarra Valley,VIC,2,173.0,219.0,192.0,224.0,246.0,236.0,44.0,22.92,12.0,5.36,-10.0,-4.07,,,,SRC-ABS-SA2-ERP-2025,ASGS Edition 3 (2021)
204011062,Yea,VIC,2,3497.0,3428.0,3534.0,4019.0,4331.0,4368.0,834.0,23.6,349.0,8.68,37.0,0.85,,,,SRC-ABS-SA2-ERP-2025,ASGS Edition 3 (2021)
204021063,Benalla,VIC,2,10247.0,10425.0,10425.0,10699.0,10833.0,10861.0,436.0,4.18,162.0,1.51,28.0,0.26,,,,SRC-ABS-SA2-ERP-2025,ASGS Edition 3 (2021)
204021064,Benalla Surrounds,VIC,2,3632.0,3439.0,3559.0,3753.0,3808.0,3809.0,250.0,7.02,56.0,1.49,1.0,0.03,,,,SRC-ABS-SA2-ERP-2025,ASGS Edition 3 (2021)
204021065,Rutherglen,VIC,2,3432.0,3731.0,3857.0,4029.0,4108.0,4120.0,263.0,6.82,91.0,2.26,12.0,0.29,,,,SRC-ABS-SA2-ERP-2025,ASGS Edition 3 (2021)
204021066,Wangaratta,VIC,2,17109.0,17837.0,18624.0,19716.0,19988.0,20019.0,1395.0,7.49,303.0,1.54,31.0,0.16,,,,SRC-ABS-SA2-ERP-2025,ASGS Edition 3 (2021)
204021067,Wangaratta Surrounds,VIC,2,9151.0,9363.0,9519.0,9801.0,10050.0,10070.0,551.0,5.79,269.0,2.74,20.0,0.2,,,,SRC-ABS-SA2-ERP-2025,ASGS Edition 3 (2021)
204031068,Beechworth,VIC,2,4216.0,4260.0,4541.0,4936.0,4933.0,4962.0,421.0,9.27,26.0,0.53,29.0,0.59,,,,SRC-ABS-SA2-ERP-2025,ASGS Edition 3 (2021)
204031069,Bright - Mount Beauty,VIC,2,8111.0,7841.0,8179.0,8739.0,8897.0,8976.0,797.0,9.74,237.0,2.71,79.0,0.89,,,,SRC-ABS-SA2-ERP-2025,ASGS Edition 3 (2021)
204031070,Chiltern - Indigo Valley,VIC,2,2904.0,2906.0,3055.0,3165.0,3220.0,3257.0,202.0,6.61,92.0,2.91,37.0,1.15,,,,SRC-ABS-SA2-ERP-2025,ASGS Edition 3 (2021)
204031071,Myrtleford,VIC,2,4714.0,4601.0,4689.0,4734.0,4606.0,4635.0,-54.0,-1.15,-99.0,-2.09,29.0,0.63,,,,SRC-ABS-SA2-ERP-2025,ASGS Edition 3 (2021)
204031072,Towong,VIC,2,6204.0,5989.0,5974.0,6142.0,6141.0,6155.0,181.0,3.03,13.0,0.21,14.0,0.23,,,,SRC-ABS-SA2-ERP-2025,ASGS Edition 3 (2021)
204031073,West Wodonga,VIC,2,12929.0,14610.0,15111.0,15364.0,15457.0,15495.0,384.0,2.54,131.0,0.85,38.0,0.25,,,,SRC-ABS-SA2-ERP-2025,ASGS Edition 3 (2021)
204031075,Yackandandah,VIC,2,3997.0,4435.0,4536.0,5052.0,5434.0,5498.0,962.0,21.21,446.0,8.83,64.0,1.18,,,,SRC-ABS-SA2-ERP-2025,ASGS Edition 3 (2021)
204031491,Baranduda - Leneva,VIC,2,3982.0,6061.0,8744.0,12046.0,14055.0,14578.0,5834.0,66.72,2532.0,21.02,523.0,3.72,,,,SRC-ABS-SA2-ERP-2025,ASGS Edition 3 (2021)
204031492,Wodonga,VIC,2,15053.0,14616.0,15368.0,15256.0,14691.0,14644.0,-724.0,-4.71,-612.0,-4.01,-47.0,-0.32,,,,SRC-ABS-SA2-ERP-2025,ASGS Edition 3 (2021)
205011076,Drouin,VIC,2,9882.0,12599.0,15787.0,19198.0,21760.0,22118.0,6331.0,40.1,2920.0,15.21,358.0,1.65,,,,SRC-ABS-SA2-ERP-2025,ASGS Edition 3 (2021)
205011077,Mount Baw Baw Region,VIC,2,5736.0,6036.0,6078.0,6436.0,6716.0,6750.0,672.0,11.06,314.0,4.88,34.0,0.51,,,,SRC-ABS-SA2-ERP-2025,ASGS Edition 3 (2021)
205011078,Trafalgar (Vic.),VIC,2,6112.0,6947.0,7656.0,8169.0,8563.0,8618.0,962.0,12.57,449.0,5.5,55.0,0.64,,,,SRC-ABS-SA2-ERP-2025,ASGS Edition 3 (2021)
205011079,Warragul,VIC,2,14203.0,16632.0,18466.0,22099.0,24850.0,25392.0,6926.0,37.51,3293.0,14.9,542.0,2.18,,,,SRC-ABS-SA2-ERP-2025,ASGS Edition 3 (2021)
205021080,Alps - East,VIC,2,0.0,0.0,0.0,3.0,0.0,0.0,0.0,,-3.0,-100.0,0.0,,,,,SRC-ABS-SA2-ERP-2025,ASGS Edition 3 (2021)
205021081,Bairnsdale,VIC,2,12080.0,13320.0,14524.0,15563.0,15724.0,15917.0,1393.0,9.59,354.0,2.27,193.0,1.23,,,,SRC-ABS-SA2-ERP-2025,ASGS Edition 3 (2021)
205021082,Bruthen - Omeo,VIC,2,6909.0,7348.0,7781.0,8128.0,8554.0,8651.0,870.0,11.18,523.0,6.43,97.0,1.13,,,,SRC-ABS-SA2-ERP-2025,ASGS Edition 3 (2021)
205021083,Lake King,VIC,2,0.0,0.0,0.0,0.0,0.0,0.0,0.0,,0.0,,0.0,,,,,SRC-ABS-SA2-ERP-2025,ASGS Edition 3 (2021)
205021084,Lakes Entrance,VIC,2,8343.0,9453.0,9949.0,10873.0,11259.0,11331.0,1382.0,13.89,458.0,4.21,72.0,0.64,,,,SRC-ABS-SA2-ERP-2025,ASGS Edition 3 (2021)
205021085,Orbost,VIC,2,7047.0,6813.0,6528.0,6619.0,6671.0,6727.0,199.0,3.05,108.0,1.63,56.0,0.84,,,,SRC-ABS-SA2-ERP-2025,ASGS Edition 3 (2021)
205021086,Paynesville,VIC,2,4638.0,5570.0,6200.0,6796.0,7113.0,7190.0,990.0,15.97,394.0,5.8,77.0,1.08,,,,SRC-ABS-SA2-ERP-2025,ASGS Edition 3 (2021)
205031087,Foster,VIC,2,8272.0,8240.0,8774.0,9290.0,9574.0,9631.0,857.0,9.77,341.0,3.67,57.0,0.6,,,,SRC-ABS-SA2-ERP-2025,ASGS Edition 3 (2021)
205031088,French Island,VIC,2,90.0,108.0,114.0,133.0,138.0,133.0,19.0,16.67,0.0,0.0,-5.0,-3.62,,,,SRC-ABS-SA2-ERP-2025,ASGS Edition 3 (2021)
205031089,Korumburra,VIC,2,7981.0,8650.0,9167.0,9758.0,9944.0,10007.0,840.0,9.16,249.0,2.55,63.0,0.63,,,,SRC-ABS-SA2-ERP-2025,ASGS Edition 3 (2021)
205031090,Leongatha,VIC,2,9791.0,10535.0,11077.0,11437.0,11636.0,11699.0,622.0,5.62,262.0,2.29,63.0,0.54,,,,SRC-ABS-SA2-ERP-2025,ASGS Edition 3 (2021)
205031091,Phillip Island,VIC,2,7361.0,9500.0,10334.0,13075.0,14503.0,14795.0,4461.0,43.17,1720.0,13.15,292.0,2.01,,,,SRC-ABS-SA2-ERP-2025,ASGS Edition 3 (2021)
205031092,Wilsons Promontory,VIC,2,13.0,14.0,13.0,15.0,15.0,15.0,2.0,15.38,0.0,0.0,0.0,0.0,,,,SRC-ABS-SA2-ERP-2025,ASGS Edition 3 (2021)
205031093,Wonthaggi - Inverloch,VIC,2,17647.0,19787.0,22039.0,25684.0,28729.0,29333.0,7294.0,33.1,3649.0,14.21,604.0,2.1,,,,SRC-ABS-SA2-ERP-2025,ASGS Edition 3 (2021)
205041094,Churchill,VIC,2,11430.0,11489.0,11574.0,11781.0,12189.0,12325.0,751.0,6.49,544.0,4.62,136.0,1.12,,,,SRC-ABS-SA2-ERP-2025,ASGS Edition 3 (2021)
205041095,Moe - Newborough,VIC,2,17061.0,16876.0,16815.0,17204.0,17450.0,17640.0,825.0,4.91,436.0,2.53,190.0,1.09,,,,SRC-ABS-SA2-ERP-2025,ASGS Edition 3 (2021)
205041096,Morwell,VIC,2,14345.0,14207.0,14049.0,14284.0,14470.0,14487.0,438.0,3.12,203.0,1.42,17.0,0.12,,,,SRC-ABS-SA2-ERP-2025,ASGS Edition 3 (2021)
205041098,Yallourn North - Glengarry,VIC,2,4579.0,4490.0,4585.0,4657.0,4909.0,4972.0,387.0,8.44,315.0,6.76,63.0,1.28,,,,SRC-ABS-SA2-ERP-2025,ASGS Edition 3 (2021)
205041493,Traralgon - East,VIC,2,9696.0,11297.0,11532.0,11926.0,12213.0,12362.0,830.0,7.2,436.0,3.66,149.0,1.22,,,,SRC-ABS-SA2-ERP-2025,ASGS Edition 3 (2021)
205041494,Traralgon - West,VIC,2,12324.0,14547.0,15544.0,16706.0,17158.0,17236.0,1692.0,10.89,530.0,3.17,78.0,0.45,,,,SRC-ABS-SA2-ERP-2025,ASGS Edition 3 (2021)
205051099,Alps - West,VIC,2,26.0,28.0,25.0,23.0,23.0,23.0,-2.0,-8.0,0.0,0.0,0.0,0.0,,,,SRC-ABS-SA2-ERP-2025,ASGS Edition 3 (2021)
205051100,Longford - Loch Sport,VIC,2,3830.0,3861.0,4269.0,4788.0,4967.0,4993.0,724.0,16.96,205.0,4.28,26.0,0.52,,,,SRC-ABS-SA2-ERP-2025,ASGS Edition 3 (2021)
205051101,Maffra,VIC,2,13002.0,13488.0,13873.0,14598.0,15388.0,15549.0,1676.0,12.08,951.0,6.51,161.0,1.05,,,,SRC-ABS-SA2-ERP-2025,ASGS Edition 3 (2021)
205051102,Rosedale,VIC,2,4441.0,4573.0,4759.0,4870.0,4893.0,5020.0,261.0,5.48,150.0,3.08,127.0,2.6,,,,SRC-ABS-SA2-ERP-2025,ASGS Edition 3 (2021)
205051103,Sale,VIC,2,13676.0,14315.0,14781.0,15173.0,15270.0,15232.0,451.0,3.05,59.0,0.39,-38.0,-0.25,,,,SRC-ABS-SA2-ERP-2025,ASGS Edition 3 (2021)
205051104,Yarram,VIC,2,5686.0,5419.0,5351.0,5545.0,5598.0,5587.0,236.0,4.41,42.0,0.76,-11.0,-0.2,,,,SRC-ABS-SA2-ERP-2025,ASGS Edition 3 (2021)
206011106,Brunswick East,VIC,2,7263.0,8789.0,11062.0,13064.0,14328.0,14693.0,3631.0,32.82,1629.0,12.47,365.0,2.55,,,,SRC-ABS-SA2-ERP-2025,ASGS Edition 3 (2021)
206011107,Brunswick West,VIC,2,12415.0,13741.0,14344.0,15010.0,15538.0,15988.0,1644.0,11.46,978.0,6.52,450.0,2.9,,,,SRC-ABS-SA2-ERP-2025,ASGS Edition 3 (2021)
206011109,Pascoe Vale South,VIC,2,8841.0,9810.0,10251.0,10836.0,10831.0,10907.0,656.0,6.4,71.0,0.66,76.0,0.7,,,,SRC-ABS-SA2-ERP-2025,ASGS Edition 3 (2021)
206011495,Brunswick - North,VIC,2,11278.0,11856.0,13225.0,14124.0,14474.0,15255.0,2030.0,15.35,1131.0,8.01,781.0,5.4,,,,SRC-ABS-SA2-ERP-2025,ASGS Edition 3 (2021)
206011496,Brunswick - South,VIC,2,9383.0,11690.0,13574.0,14235.0,15081.0,15366.0,1792.0,13.2,1131.0,7.95,285.0,1.89,,,,SRC-ABS-SA2-ERP-2025,ASGS Edition 3 (2021)
206011497,Coburg - East,VIC,2,9812.0,12039.0,13023.0,13265.0,13887.0,14457.0,1434.0,11.01,1192.0,8.99,570.0,4.1,,,,SRC-ABS-SA2-ERP-2025,ASGS Edition 3 (2021)
206011498,Coburg - West,VIC,2,13104.0,13976.0,14397.0,14523.0,14767.0,14989.0,592.0,4.11,466.0,3.21,222.0,1.5,,,,SRC-ABS-SA2-ERP-2025,ASGS Edition 3 (2021)
206021110,Alphington - Fairfield,VIC,2,7885.0,8506.0,9134.0,9538.0,9653.0,9749.0,615.0,6.73,211.0,2.21,96.0,0.99,,,,SRC-ABS-SA2-ERP-2025,ASGS Edition 3 (2021)
206021112,Thornbury,VIC,2,17056.0,18177.0,19254.0,19791.0,19893.0,20234.0,980.0,5.09,443.0,2.24,341.0,1.71,,,,SRC-ABS-SA2-ERP-2025,ASGS Edition 3 (2021)
206021499,Northcote - East,VIC,2,12844.0,14615.0,15686.0,16183.0,15836.0,15969.0,283.0,1.8,-214.0,-1.32,133.0,0.84,,,,SRC-ABS-SA2-ERP-2025,ASGS Edition 3 (2021)
206021500,Northcote - West,VIC,2,8306.0,9455.0,10306.0,10887.0,10878.0,11026.0,720.0,6.99,139.0,1.28,148.0,1.36,,,,SRC-ABS-SA2-ERP-2025,ASGS Edition 3 (2021)
206031113,Ascot Vale,VIC,2,12516.0,14012.0,15219.0,15784.0,16078.0,16398.0,1179.0,7.75,614.0,3.89,320.0,1.99,,,,SRC-ABS-SA2-ERP-2025,ASGS Edition 3 (2021)
206031115,Flemington,VIC,2,8063.0,9261.0,10531.0,10270.0,10215.0,9935.0,-596.0,-5.66,-335.0,-3.26,-280.0,-2.74,,,,SRC-ABS-SA2-ERP-2025,ASGS Edition 3 (2021)
206031116,Moonee Ponds,VIC,2,12608.0,14164.0,14949.0,16639.0,17752.0,17965.0,3016.0,20.18,1326.0,7.97,213.0,1.2,,,,SRC-ABS-SA2-ERP-2025,ASGS Edition 3 (2021)
206031501,Essendon (West) - Aberfeldie,VIC,2,13659.0,14617.0,16160.0,16920.0,17096.0,17119.0,959.0,5.93,199.0,1.18,23.0,0.13,,,,SRC-ABS-SA2-ERP-2025,ASGS Edition 3 (2021)
206031502,Essendon - East,VIC,2,10309.0,10958.0,11905.0,12763.0,12876.0,13196.0,1291.0,10.84,433.0,3.39,320.0,2.49,,,,SRC-ABS-SA2-ERP-2025,ASGS Edition 3 (2021)
206041117,Carlton,VIC,2,9529.0,14926.0,18983.0,20865.0,23758.0,25267.0,6284.0,33.1,4402.0,21.1,1509.0,6.35,,,,SRC-ABS-SA2-ERP-2025,ASGS Edition 3 (2021)
206041118,Docklands,VIC,2,154.0,5780.0,10444.0,16671.0,18407.0,19139.0,8695.0,83.25,2468.0,14.8,732.0,3.98,,,,SRC-ABS-SA2-ERP-2025,ASGS Edition 3 (2021)
206041119,East Melbourne,VIC,2,3731.0,5272.0,5411.0,5383.0,5169.0,5245.0,-166.0,-3.07,-138.0,-2.56,76.0,1.47,,,,SRC-ABS-SA2-ERP-2025,ASGS Edition 3 (2021)
206041120,Flemington Racecourse,VIC,2,37.0,83.0,90.0,81.0,78.0,78.0,-12.0,-13.33,-3.0,-3.7,0.0,0.0,,,,SRC-ABS-SA2-ERP-2025,ASGS Edition 3 (2021)
206041121,Kensington (Vic.),VIC,2,7686.0,10230.0,11291.0,11416.0,11625.0,12423.0,1132.0,10.03,1007.0,8.82,798.0,6.86,,,,SRC-ABS-SA2-ERP-2025,ASGS Edition 3 (2021)
206041124,Parkville,VIC,2,5332.0,6482.0,7682.0,8318.0,8184.0,8280.0,598.0,7.78,-38.0,-0.46,96.0,1.17,,,,SRC-ABS-SA2-ERP-2025,ASGS Edition 3 (2021)
206041125,South Yarra - West,VIC,2,5317.0,6418.0,6405.0,6960.0,6893.0,6894.0,489.0,7.63,-66.0,-0.95,1.0,0.01,,,,SRC-ABS-SA2-ERP-2025,ASGS Edition 3 (2021)
206041127,West Melbourne - Industrial,VIC,2,0.0,0.0,0.0,0.0,0.0,0.0,0.0,,0.0,,0.0,,,,,SRC-ABS-SA2-ERP-2025,ASGS Edition 3 (2021)
206041503,Melbourne CBD - East,VIC,2,3997.0,7716.0,11049.0,12346.0,13593.0,14266.0,3217.0,29.12,1920.0,15.55,673.0,4.95,,,,SRC-ABS-SA2-ERP-2025,ASGS Edition 3 (2021)
206041504,Melbourne CBD - North,VIC,2,1657.0,5900.0,12895.0,19155.0,23395.0,24296.0,11401.0,88.41,5141.0,26.84,901.0,3.85,,,,SRC-ABS-SA2-ERP-2025,ASGS Edition 3 (2021)
206041505,Melbourne CBD - West,VIC,2,1990.0,6766.0,13218.0,18796.0,21340.0,22163.0,8945.0,67.67,3367.0,17.91,823.0,3.86,,,,SRC-ABS-SA2-ERP-2025,ASGS Edition 3 (2021)
206041506,North Melbourne,VIC,2,9226.0,12197.0,15556.0,18154.0,19069.0,19286.0,3730.0,23.98,1132.0,6.24,217.0,1.14,,,,SRC-ABS-SA2-ERP-2025,ASGS Edition 3 (2021)
206041507,Royal Botanic Gardens Victoria,VIC,2,0.0,0.0,0.0,0.0,0.0,0.0,0.0,,0.0,,0.0,,,,,SRC-ABS-SA2-ERP-2025,ASGS Edition 3 (2021)
206041508,Southbank (West) - South Wharf,VIC,2,1502.0,4757.0,6798.0,7551.0,7783.0,8122.0,1324.0,19.48,571.0,7.56,339.0,4.36,,,,SRC-ABS-SA2-ERP-2025,ASGS Edition 3 (2021)
206041509,Southbank - East,VIC,2,2828.0,7373.0,11828.0,17305.0,19274.0,19552.0,7724.0,65.3,2247.0,12.98,278.0,1.44,,,,SRC-ABS-SA2-ERP-2025,ASGS Edition 3 (2021)
206041510,West Melbourne - Residential,VIC,2,2413.0,3678.0,5223.0,7567.0,9236.0,9699.0,4476.0,85.7,2132.0,28.17,463.0,5.01,,,,SRC-ABS-SA2-ERP-2025,ASGS Edition 3 (2021)
206051128,Albert Park,VIC,2,12368.0,14595.0,16053.0,16955.0,17094.0,17253.0,1200.0,7.48,298.0,1.76,159.0,0.93,,,,SRC-ABS-SA2-ERP-2025,ASGS Edition 3 (2021)
206051129,Elwood,VIC,2,13342.0,15552.0,16145.0,15925.0,15880.0,16056.0,-89.0,-0.55,131.0,0.82,176.0,1.11,,,,SRC-ABS-SA2-ERP-2025,ASGS Edition 3 (2021)
206051130,Port Melbourne,VIC,2,10903.0,15363.0,17254.0,16998.0,16817.0,16927.0,-327.0,-1.9,-71.0,-0.42,110.0,0.65,,,,SRC-ABS-SA2-ERP-2025,ASGS Edition 3 (2021)
206051134,St Kilda East,VIC,2,15095.0,16653.0,17315.0,17259.0,17237.0,17380.0,65.0,0.38,121.0,0.7,143.0,0.83,,,,SRC-ABS-SA2-ERP-2025,ASGS Edition 3 (2021)
206051511,Port Melbourne Industrial,VIC,2,40.0,65.0,99.0,1709.0,2567.0,3148.0,3049.0,3079.8,1439.0,84.2,581.0,22.63,,,,SRC-ABS-SA2-ERP-2025,ASGS Edition 3 (2021)
206051512,South Melbourne,VIC,2,8498.0,10349.0,12177.0,12721.0,12826.0,13132.0,955.0,7.84,411.0,3.23,306.0,2.39,,,,SRC-ABS-SA2-ERP-2025,ASGS Edition 3 (2021)
206051513,St Kilda - Central,VIC,2,8558.0,10494.0,12561.0,13380.0,13641.0,14012.0,1451.0,11.55,632.0,4.72,371.0,2.72,,,,SRC-ABS-SA2-ERP-2025,ASGS Edition 3 (2021)
206051514,St Kilda - West,VIC,2,11250.0,13304.0,14788.0,15648.0,15944.0,16298.0,1510.0,10.21,650.0,4.15,354.0,2.22,,,,SRC-ABS-SA2-ERP-2025,ASGS Edition 3 (2021)
206061135,Armadale,VIC,2,8632.0,9318.0,9485.0,10075.0,9934.0,10032.0,547.0,5.77,-43.0,-0.43,98.0,0.99,,,,SRC-ABS-SA2-ERP-2025,ASGS Edition 3 (2021)
206061136,Prahran - Windsor,VIC,2,16588.0,18695.0,20834.0,20847.0,20777.0,21112.0,278.0,1.33,265.0,1.27,335.0,1.61,,,,SRC-ABS-SA2-ERP-2025,ASGS Edition 3 (2021)
206061138,Toorak,VIC,2,13318.0,13939.0,13939.0,13644.0,13439.0,13610.0,-329.0,-2.36,-34.0,-0.25,171.0,1.27,,,,SRC-ABS-SA2-ERP-2025,ASGS Edition 3 (2021)
206061515,South Yarra - North,VIC,2,4941.0,6306.0,9996.0,12223.0,13516.0,13779.0,3783.0,37.85,1556.0,12.73,263.0,1.95,,,,SRC-ABS-SA2-ERP-2025,ASGS Edition 3 (2021)
206061516,South Yarra - South,VIC,2,7981.0,9260.0,10591.0,11285.0,10452.0,10440.0,-151.0,-1.43,-845.0,-7.49,-12.0,-0.11,,,,SRC-ABS-SA2-ERP-2025,ASGS Edition 3 (2021)
206071139,Abbotsford,VIC,2,4150.0,5029.0,8078.0,9672.0,10207.0,10316.0,2238.0,27.7,644.0,6.66,109.0,1.07,,,,SRC-ABS-SA2-ERP-2025,ASGS Edition 3 (2021)
206071140,Carlton North - Princes Hill,VIC,2,8433.0,8801.0,8964.0,8899.0,8678.0,8828.0,-136.0,-1.52,-71.0,-0.8,150.0,1.73,,,,SRC-ABS-SA2-ERP-2025,ASGS Edition 3 (2021)
206071141,Collingwood,VIC,2,5221.0,6684.0,8582.0,9969.0,11034.0,11383.0,2801.0,32.64,1414.0,14.18,349.0,3.16,,,,SRC-ABS-SA2-ERP-2025,ASGS Edition 3 (2021)
206071142,Fitzroy,VIC,2,8315.0,10238.0,11056.0,11299.0,11884.0,12135.0,1079.0,9.76,836.0,7.4,251.0,2.11,,,,SRC-ABS-SA2-ERP-2025,ASGS Edition 3 (2021)
206071143,Fitzroy North,VIC,2,11130.0,12163.0,12901.0,13659.0,13618.0,13749.0,848.0,6.57,90.0,0.66,131.0,0.96,,,,SRC-ABS-SA2-ERP-2025,ASGS Edition 3 (2021)
206071145,Clifton Hill - Alphington,VIC,2,7673.0,8595.0,9449.0,10163.0,11220.0,11419.0,1970.0,20.85,1256.0,12.36,199.0,1.77,,,,SRC-ABS-SA2-ERP-2025,ASGS Edition 3 (2021)
206071517,Richmond (South) - Cremorne,VIC,2,14216.0,16074.0,17971.0,18929.0,19092.0,19225.0,1254.0,6.98,296.0,1.56,133.0,0.7,,,,SRC-ABS-SA2-ERP-2025,ASGS Edition 3 (2021)
206071518,Richmond - North,VIC,2,10156.0,11509.0,13751.0,15025.0,15194.0,15303.0,1552.0,11.29,278.0,1.85,109.0,0.72,,,,SRC-ABS-SA2-ERP-2025,ASGS Edition 3 (2021)
207011146,Ashburton (Vic.),VIC,2,7022.0,7834.0,8018.0,8309.0,8365.0,8471.0,453.0,5.65,162.0,1.95,106.0,1.27,,,,SRC-ABS-SA2-ERP-2025,ASGS Edition 3 (2021)
207011147,Balwyn,VIC,2,15317.0,16272.0,16573.0,17031.0,16901.0,16868.0,295.0,1.78,-163.0,-0.96,-33.0,-0.2,,,,SRC-ABS-SA2-ERP-2025,ASGS Edition 3 (2021)
207011148,Balwyn North,VIC,2,19958.0,20815.0,21332.0,21930.0,22276.0,22454.0,1122.0,5.26,524.0,2.39,178.0,0.8,,,,SRC-ABS-SA2-ERP-2025,ASGS Edition 3 (2021)
207011149,Camberwell,VIC,2,20073.0,20822.0,22179.0,22604.0,22050.0,22052.0,-127.0,-0.57,-552.0,-2.44,2.0,0.01,,,,SRC-ABS-SA2-ERP-2025,ASGS Edition 3 (2021)
207011150,Glen Iris - East,VIC,2,15114.0,16609.0,17075.0,17375.0,17491.0,17650.0,575.0,3.37,275.0,1.58,159.0,0.91,,,,SRC-ABS-SA2-ERP-2025,ASGS Edition 3 (2021)
207011152,Hawthorn East,VIC,2,12912.0,14369.0,15601.0,16698.0,17242.0,17541.0,1940.0,12.44,843.0,5.05,299.0,1.73,,,,SRC-ABS-SA2-ERP-2025,ASGS Edition 3 (2021)
207011154,Kew East,VIC,2,6115.0,6519.0,6742.0,6783.0,6748.0,6759.0,17.0,0.25,-24.0,-0.35,11.0,0.16,,,,SRC-ABS-SA2-ERP-2025,ASGS Edition 3 (2021)
207011155,Surrey Hills (West) - Canterbury,VIC,2,15952.0,16608.0,16963.0,16786.0,16193.0,16229.0,-734.0,-4.33,-557.0,-3.32,36.0,0.22,,,,SRC-ABS-SA2-ERP-2025,ASGS Edition 3 (2021)
207011519,Hawthorn - North,VIC,2,9389.0,10474.0,11234.0,10862.0,10759.0,10910.0,-324.0,-2.88,48.0,0.44,151.0,1.4,,,,SRC-ABS-SA2-ERP-2025,ASGS Edition 3 (2021)
207011520,Hawthorn - South,VIC,2,10322.0,11247.0,12813.0,13360.0,13394.0,13562.0,749.0,5.85,202.0,1.51,168.0,1.25,,,,SRC-ABS-SA2-ERP-2025,ASGS Edition 3 (2021)
207011521,Kew - South,VIC,2,11591.0,12054.0,12522.0,12385.0,12302.0,12306.0,-216.0,-1.72,-79.0,-0.64,4.0,0.03,,,,SRC-ABS-SA2-ERP-2025,ASGS Edition 3 (2021)
207011522,Kew - West,VIC,2,12481.0,12703.0,13701.0,13752.0,13624.0,13799.0,98.0,0.72,47.0,0.34,175.0,1.28,,,,SRC-ABS-SA2-ERP-2025,ASGS Edition 3 (2021)
207021156,Bulleen,VIC,2,11057.0,11350.0,11504.0,11657.0,11730.0,11810.0,306.0,2.66,153.0,1.31,80.0,0.68,,,,SRC-ABS-SA2-ERP-2025,ASGS Edition 3 (2021)
207021157,Doncaster,VIC,2,18365.0,19131.0,21076.0,25118.0,27827.0,28353.0,7277.0,34.53,3235.0,12.88,526.0,1.89,,,,SRC-ABS-SA2-ERP-2025,ASGS Edition 3 (2021)
207021159,Templestowe,VIC,2,17182.0,17371.0,17550.0,17548.0,17419.0,17442.0,-108.0,-0.62,-106.0,-0.6,23.0,0.13,,,,SRC-ABS-SA2-ERP-2025,ASGS Edition 3 (2021)
207021160,Templestowe Lower,VIC,2,13634.0,13816.0,14155.0,14581.0,14586.0,14695.0,540.0,3.81,114.0,0.78,109.0,0.75,,,,SRC-ABS-SA2-ERP-2025,ASGS Edition 3 (2021)
207021424,Doncaster East - North,VIC,2,15248.0,15033.0,15242.0,16144.0,16306.0,16642.0,1400.0,9.19,498.0,3.08,336.0,2.06,,,,SRC-ABS-SA2-ERP-2025,ASGS Edition 3 (2021)
207021425,Doncaster East - South,VIC,2,11912.0,13284.0,14302.0,15942.0,16650.0,16983.0,2681.0,18.75,1041.0,6.53,333.0,2.0,,,,SRC-ABS-SA2-ERP-2025,ASGS Edition 3 (2021)
207031161,Blackburn,VIC,2,19123.0,20490.0,21850.0,23032.0,23415.0,23732.0,1882.0,8.61,700.0,3.04,317.0,1.35,,,,SRC-ABS-SA2-ERP-2025,ASGS Edition 3 (2021)
207031162,Blackburn South,VIC,2,10608.0,10958.0,11101.0,11342.0,11061.0,11072.0,-29.0,-0.26,-270.0,-2.38,11.0,0.1,,,,SRC-ABS-SA2-ERP-2025,ASGS Edition 3 (2021)
207031163,Box Hill,VIC,2,15447.0,18218.0,20170.0,24118.0,26577.0,27206.0,7036.0,34.88,3088.0,12.8,629.0,2.37,,,,SRC-ABS-SA2-ERP-2025,ASGS Edition 3 (2021)
207031164,Box Hill North,VIC,2,15780.0,17051.0,18205.0,18903.0,19403.0,19760.0,1555.0,8.54,857.0,4.53,357.0,1.84,,,,SRC-ABS-SA2-ERP-2025,ASGS Edition 3 (2021)
207031165,Burwood (Vic.),VIC,2,9807.0,11150.0,12493.0,13468.0,14851.0,15480.0,2987.0,23.91,2012.0,14.94,629.0,4.24,,,,SRC-ABS-SA2-ERP-2025,ASGS Edition 3 (2021)
207031166,Burwood East,VIC,2,10180.0,10572.0,10713.0,11053.0,12323.0,12460.0,1747.0,16.31,1407.0,12.73,137.0,1.11,,,,SRC-ABS-SA2-ERP-2025,ASGS Edition 3 (2021)
207031167,Surrey Hills (East) - Mont Albert,VIC,2,9243.0,10207.0,10356.0,10666.0,10720.0,10776.0,420.0,4.06,110.0,1.03,56.0,0.52,,,,SRC-ABS-SA2-ERP-2025,ASGS Edition 3 (2021)
208011168,Beaumaris,VIC,2,12763.0,13351.0,13995.0,14362.0,14376.0,14486.0,491.0,3.51,124.0,0.86,110.0,0.77,,,,SRC-ABS-SA2-ERP-2025,ASGS Edition 3 (2021)
208011169,Brighton (Vic.),VIC,2,21029.0,22441.0,23933.0,24136.0,24046.0,24340.0,407.0,1.7,204.0,0.85,294.0,1.22,,,,SRC-ABS-SA2-ERP-2025,ASGS Edition 3 (2021)
208011170,Brighton East,VIC,2,14355.0,16060.0,16585.0,17010.0,17223.0,17486.0,901.0,5.43,476.0,2.8,263.0,1.53,,,,SRC-ABS-SA2-ERP-2025,ASGS Edition 3 (2021)
208011171,Highett (West) - Cheltenham,VIC,2,9657.0,10523.0,11226.0,12601.0,13073.0,13257.0,2031.0,18.09,656.0,5.21,184.0,1.41,,,,SRC-ABS-SA2-ERP-2025,ASGS Edition 3 (2021)
208011172,Hampton,VIC,2,16026.0,17471.0,18345.0,18997.0,19142.0,19524.0,1179.0,6.43,527.0,2.77,382.0,2.0,,,,SRC-ABS-SA2-ERP-2025,ASGS Edition 3 (2021)
208011173,Sandringham - Black Rock,VIC,2,14432.0,15748.0,17184.0,17912.0,17973.0,18071.0,887.0,5.16,159.0,0.89,98.0,0.55,,,,SRC-ABS-SA2-ERP-2025,ASGS Edition 3 (2021)
208021174,Bentleigh - McKinnon,VIC,2,19086.0,21819.0,23295.0,25447.0,26752.0,26966.0,3671.0,15.76,1519.0,5.97,214.0,0.8,,,,SRC-ABS-SA2-ERP-2025,ASGS Edition 3 (2021)
208021176,Carnegie,VIC,2,14982.0,16915.0,18645.0,19676.0,20837.0,21266.0,2621.0,14.06,1590.0,8.08,429.0,2.06,,,,SRC-ABS-SA2-ERP-2025,ASGS Edition 3 (2021)
208021177,Caulfield - North,VIC,2,18975.0,20583.0,21956.0,23399.0,24395.0,24635.0,2679.0,12.2,1236.0,5.28,240.0,0.98,,,,SRC-ABS-SA2-ERP-2025,ASGS Edition 3 (2021)
208021178,Caulfield - South,VIC,2,15636.0,17177.0,18156.0,18714.0,18918.0,19226.0,1070.0,5.89,512.0,2.74,308.0,1.63,,,,SRC-ABS-SA2-ERP-2025,ASGS Edition 3 (2021)
208021179,Elsternwick,VIC,2,10340.0,11278.0,11825.0,12509.0,12704.0,12827.0,1002.0,8.47,318.0,2.54,123.0,0.97,,,,SRC-ABS-SA2-ERP-2025,ASGS Edition 3 (2021)
208021180,Hughesdale,VIC,2,6382.0,7485.0,7882.0,7957.0,8053.0,8132.0,250.0,3.17,175.0,2.2,79.0,0.98,,,,SRC-ABS-SA2-ERP-2025,ASGS Edition 3 (2021)
208021181,Murrumbeena,VIC,2,8004.0,8990.0,9640.0,9771.0,10010.0,10126.0,486.0,5.04,355.0,3.63,116.0,1.16,,,,SRC-ABS-SA2-ERP-2025,ASGS Edition 3 (2021)
208021182,Ormond - Glen Huntly,VIC,2,10915.0,12835.0,13742.0,14198.0,14681.0,15157.0,1415.0,10.3,959.0,6.75,476.0,3.24,,,,SRC-ABS-SA2-ERP-2025,ASGS Edition 3 (2021)
208021426,Bentleigh East - North,VIC,2,12594.0,14152.0,15198.0,16815.0,17498.0,17873.0,2675.0,17.6,1058.0,6.29,375.0,2.14,,,,SRC-ABS-SA2-ERP-2025,ASGS Edition 3 (2021)
208021427,Bentleigh East - South,VIC,2,11814.0,12766.0,13467.0,14127.0,14739.0,14949.0,1482.0,11.0,822.0,5.82,210.0,1.42,,,,SRC-ABS-SA2-ERP-2025,ASGS Edition 3 (2021)
208031183,Aspendale Gardens - Waterways,VIC,2,5561.0,8987.0,9366.0,9188.0,9061.0,9063.0,-303.0,-3.24,-125.0,-1.36,2.0,0.02,,,,SRC-ABS-SA2-ERP-2025,ASGS Edition 3 (2021)
208031184,Braeside,VIC,2,14.0,19.0,52.0,34.0,28.0,28.0,-24.0,-46.15,-6.0,-17.65,0.0,0.0,,,,SRC-ABS-SA2-ERP-2025,ASGS Edition 3 (2021)
208031185,Carrum - Patterson Lakes,VIC,2,10278.0,11700.0,11953.0,12269.0,12414.0,12478.0,525.0,4.39,209.0,1.7,64.0,0.52,,,,SRC-ABS-SA2-ERP-2025,ASGS Edition 3 (2021)
208031186,Chelsea - Bonbeach,VIC,2,11598.0,13277.0,14396.0,15426.0,15842.0,16058.0,1662.0,11.54,632.0,4.1,216.0,1.36,,,,SRC-ABS-SA2-ERP-2025,ASGS Edition 3 (2021)
208031187,Chelsea Heights,VIC,2,5440.0,5349.0,5485.0,5562.0,5431.0,5445.0,-40.0,-0.73,-117.0,-2.1,14.0,0.26,,,,SRC-ABS-SA2-ERP-2025,ASGS Edition 3 (2021)
208031188,Highett (East) - Cheltenham,VIC,2,19727.0,21083.0,22962.0,24808.0,25799.0,26320.0,3358.0,14.62,1512.0,6.09,521.0,2.02,,,,SRC-ABS-SA2-ERP-2025,ASGS Edition 3 (2021)
208031189,Edithvale - Aspendale,VIC,2,11587.0,12365.0,13152.0,13778.0,14112.0,14365.0,1213.0,9.22,587.0,4.26,253.0,1.79,,,,SRC-ABS-SA2-ERP-2025,ASGS Edition 3 (2021)
208031190,Mentone,VIC,2,11561.0,12046.0,13332.0,13856.0,13945.0,14155.0,823.0,6.17,299.0,2.16,210.0,1.51,,,,SRC-ABS-SA2-ERP-2025,ASGS Edition 3 (2021)
208031191,Moorabbin - Heatherton,VIC,2,6484.0,8283.0,8952.0,9450.0,9679.0,9826.0,874.0,9.76,376.0,3.98,147.0,1.52,,,,SRC-ABS-SA2-ERP-2025,ASGS Edition 3 (2021)
208031192,Moorabbin Airport,VIC,2,0.0,0.0,0.0,21.0,26.0,26.0,26.0,,5.0,23.81,0.0,0.0,,,,SRC-ABS-SA2-ERP-2025,ASGS Edition 3 (2021)
208031193,Mordialloc - Parkdale,VIC,2,16326.0,19437.0,20560.0,21782.0,22197.0,22437.0,1877.0,9.13,655.0,3.01,240.0,1.08,,,,SRC-ABS-SA2-ERP-2025,ASGS Edition 3 (2021)
208041194,Malvern - Glen Iris,VIC,2,18525.0,20235.0,21009.0,21457.0,21586.0,21820.0,811.0,3.86,363.0,1.69,234.0,1.08,,,,SRC-ABS-SA2-ERP-2025,ASGS Edition 3 (2021)
208041195,Malvern East,VIC,2,19439.0,20975.0,22174.0,23079.0,23656.0,23996.0,1822.0,8.22,917.0,3.97,340.0,1.44,,,,SRC-ABS-SA2-ERP-2025,ASGS Edition 3 (2021)
209011196,Bundoora - East,VIC,2,8890.0,9906.0,10136.0,10295.0,10196.0,10339.0,203.0,2.0,44.0,0.43,143.0,1.4,,,,SRC-ABS-SA2-ERP-2025,ASGS Edition 3 (2021)
209011197,Greensborough,VIC,2,21359.0,20995.0,21224.0,21373.0,21287.0,21386.0,162.0,0.76,13.0,0.06,99.0,0.47,,,,SRC-ABS-SA2-ERP-2025,ASGS Edition 3 (2021)
209011198,Heidelberg - Rosanna,VIC,2,12805.0,14098.0,15245.0,16650.0,16852.0,16925.0,1680.0,11.02,275.0,1.65,73.0,0.43,,,,SRC-ABS-SA2-ERP-2025,ASGS Edition 3 (2021)
209011199,Heidelberg West,VIC,2,13300.0,13798.0,14634.0,15540.0,16641.0,17224.0,2590.0,17.7,1684.0,10.84,583.0,3.5,,,,SRC-ABS-SA2-ERP-2025,ASGS Edition 3 (2021)
209011200,Ivanhoe,VIC,2,10493.0,11587.0,11851.0,12883.0,13116.0,13188.0,1337.0,11.28,305.0,2.37,72.0,0.55,,,,SRC-ABS-SA2-ERP-2025,ASGS Edition 3 (2021)
209011201,Ivanhoe East - Eaglemont,VIC,2,7656.0,8032.0,8088.0,7984.0,8069.0,8169.0,81.0,1.0,185.0,2.32,100.0,1.24,,,,SRC-ABS-SA2-ERP-2025,ASGS Edition 3 (2021)
209011202,Montmorency - Briar Hill,VIC,2,15726.0,16182.0,16508.0,16905.0,16916.0,17042.0,534.0,3.23,137.0,0.81,126.0,0.74,,,,SRC-ABS-SA2-ERP-2025,ASGS Edition 3 (2021)
209011203,Viewbank - Yallambie,VIC,2,18270.0,18874.0,18943.0,19188.0,18897.0,18993.0,50.0,0.26,-195.0,-1.02,96.0,0.51,,,,SRC-ABS-SA2-ERP-2025,ASGS Edition 3 (2021)
209011204,Watsonia,VIC,2,9468.0,9308.0,9459.0,9476.0,9486.0,9504.0,45.0,0.48,28.0,0.3,18.0,0.19,,,,SRC-ABS-SA2-ERP-2025,ASGS Edition 3 (2021)
209021205,Kingsbury,VIC,2,6084.0,10649.0,11730.0,11525.0,12454.0,12932.0,1202.0,10.25,1407.0,12.21,478.0,3.84,,,,SRC-ABS-SA2-ERP-2025,ASGS Edition 3 (2021)
209021428,Preston - East,VIC,2,16709.0,18780.0,20603.0,21746.0,22473.0,23403.0,2800.0,13.59,1657.0,7.62,930.0,4.14,,,,SRC-ABS-SA2-ERP-2025,ASGS Edition 3 (2021)
209021429,Preston - West,VIC,2,11144.0,12108.0,12616.0,13278.0,13414.0,13610.0,994.0,7.88,332.0,2.5,196.0,1.46,,,,SRC-ABS-SA2-ERP-2025,ASGS Edition 3 (2021)
209021523,Reservoir - North East,VIC,2,12505.0,13429.0,14752.0,15565.0,15915.0,16329.0,1577.0,10.69,764.0,4.91,414.0,2.6,,,,SRC-ABS-SA2-ERP-2025,ASGS Edition 3 (2021)
209021524,Reservoir - North West,VIC,2,10804.0,10401.0,10421.0,10346.0,9806.0,9751.0,-670.0,-6.43,-595.0,-5.75,-55.0,-0.56,,,,SRC-ABS-SA2-ERP-2025,ASGS Edition 3 (2021)
209021525,Reservoir - South East,VIC,2,11577.0,12233.0,12983.0,13399.0,13823.0,14143.0,1160.0,8.93,744.0,5.55,320.0,2.31,,,,SRC-ABS-SA2-ERP-2025,ASGS Edition 3 (2021)
209021526,Reservoir - South West,VIC,2,12153.0,13427.0,14489.0,14798.0,15104.0,15350.0,861.0,5.94,552.0,3.73,246.0,1.63,,,,SRC-ABS-SA2-ERP-2025,ASGS Edition 3 (2021)
209031209,Eltham,VIC,2,24279.0,23791.0,23849.0,24113.0,23515.0,23669.0,-180.0,-0.75,-444.0,-1.84,154.0,0.65,,,,SRC-ABS-SA2-ERP-2025,ASGS Edition 3 (2021)
209031210,Hurstbridge,VIC,2,3718.0,3668.0,3603.0,3632.0,3518.0,3521.0,-82.0,-2.28,-111.0,-3.06,3.0,0.09,,,,SRC-ABS-SA2-ERP-2025,ASGS Edition 3 (2021)
209031211,Kinglake,VIC,2,3677.0,3626.0,3922.0,4172.0,4369.0,4419.0,497.0,12.67,247.0,5.92,50.0,1.14,,,,SRC-ABS-SA2-ERP-2025,ASGS Edition 3 (2021)
209031212,Panton Hill - St Andrews,VIC,2,5103.0,5274.0,5342.0,5236.0,5123.0,5130.0,-212.0,-3.97,-106.0,-2.02,7.0,0.14,,,,SRC-ABS-SA2-ERP-2025,ASGS Edition 3 (2021)
209031213,Plenty - Yarrambat,VIC,2,7787.0,9344.0,9706.0,9763.0,9584.0,9579.0,-127.0,-1.31,-184.0,-1.88,-5.0,-0.05,,,,SRC-ABS-SA2-ERP-2025,ASGS Edition 3 (2021)
209031214,Research - North Warrandyte,VIC,2,6956.0,6859.0,6954.0,6999.0,7017.0,7039.0,85.0,1.22,40.0,0.57,22.0,0.31,,,,SRC-ABS-SA2-ERP-2025,ASGS Edition 3 (2021)
209031215,Wattle Glen - Diamond Creek,VIC,2,12601.0,13902.0,14221.0,14579.0,14771.0,14859.0,638.0,4.49,280.0,1.92,88.0,0.6,,,,SRC-ABS-SA2-ERP-2025,ASGS Edition 3 (2021)
209041216,Bundoora - North,VIC,2,2293.0,5496.0,7511.0,7760.0,7966.0,8014.0,503.0,6.7,254.0,3.27,48.0,0.6,,,,SRC-ABS-SA2-ERP-2025,ASGS Edition 3 (2021)
209041217,Bundoora - West,VIC,2,6949.0,6477.0,6440.0,6463.0,6721.0,6806.0,366.0,5.68,343.0,5.31,85.0,1.26,,,,SRC-ABS-SA2-ERP-2025,ASGS Edition 3 (2021)
209041220,Mill Park - North,VIC,2,18680.0,19219.0,18653.0,18274.0,17665.0,17610.0,-1043.0,-5.59,-664.0,-3.63,-55.0,-0.31,,,,SRC-ABS-SA2-ERP-2025,ASGS Edition 3 (2021)
209041221,Mill Park - South,VIC,2,13680.0,12960.0,12510.0,11897.0,11288.0,11494.0,-1016.0,-8.12,-403.0,-3.39,206.0,1.82,,,,SRC-ABS-SA2-ERP-2025,ASGS Edition 3 (2021)
209041223,Thomastown,VIC,2,22546.0,21526.0,21442.0,21173.0,20484.0,20595.0,-847.0,-3.95,-578.0,-2.73,111.0,0.54,,,,SRC-ABS-SA2-ERP-2025,ASGS Edition 3 (2021)
209041224,Wallan,VIC,2,7916.0,11643.0,15686.0,21543.0,28343.0,30342.0,14656.0,93.43,8799.0,40.84,1999.0,7.05,,,,SRC-ABS-SA2-ERP-2025,ASGS Edition 3 (2021)
209041225,Whittlesea,VIC,2,5781.0,7381.0,8221.0,9803.0,15759.0,18174.0,9953.0,121.07,8371.0,85.39,2415.0,15.32,,,,SRC-ABS-SA2-ERP-2025,ASGS Edition 3 (2021)
209041431,Epping - East,VIC,2,9823.0,12035.0,13480.0,13793.0,13453.0,13555.0,75.0,0.56,-238.0,-1.73,102.0,0.76,,,,SRC-ABS-SA2-ERP-2025,ASGS Edition 3 (2021)
209041432,Epping - South,VIC,2,8556.0,8482.0,8627.0,8655.0,8380.0,8322.0,-305.0,-3.54,-333.0,-3.85,-58.0,-0.69,,,,SRC-ABS-SA2-ERP-2025,ASGS Edition 3 (2021)
209041433,Epping (Vic.) - West,VIC,2,655.0,4027.0,10437.0,12552.0,12852.0,12895.0,2458.0,23.55,343.0,2.73,43.0,0.33,,,,SRC-ABS-SA2-ERP-2025,ASGS Edition 3 (2021)
209041435,South Morang - North,VIC,2,514.0,8649.0,12240.0,12942.0,13029.0,13259.0,1019.0,8.33,317.0,2.45,230.0,1.77,,,,SRC-ABS-SA2-ERP-2025,ASGS Edition 3 (2021)
209041436,South Morang - South,VIC,2,4815.0,11375.0,12452.0,12856.0,12855.0,13054.0,602.0,4.83,198.0,1.54,199.0,1.55,,,,SRC-ABS-SA2-ERP-2025,ASGS Edition 3 (2021)
209041437,Wollert,VIC,2,389.0,424.0,7204.0,20975.0,33491.0,36658.0,29454.0,408.86,15683.0,74.77,3167.0,9.46,,,,SRC-ABS-SA2-ERP-2025,ASGS Edition 3 (2021)
209041527,Doreen - North,VIC,2,437.0,6458.0,13217.0,16321.0,17176.0,17283.0,4066.0,30.76,962.0,5.89,107.0,0.62,,,,SRC-ABS-SA2-ERP-2025,ASGS Edition 3 (2021)
209041528,Doreen - South,VIC,2,29.0,2651.0,6424.0,10137.0,11781.0,11947.0,5523.0,85.97,1810.0,17.86,166.0,1.41,,,,SRC-ABS-SA2-ERP-2025,ASGS Edition 3 (2021)
209041529,Lalor - East,VIC,2,10717.0,10199.0,10468.0,10426.0,10162.0,10253.0,-215.0,-2.05,-173.0,-1.66,91.0,0.9,,,,SRC-ABS-SA2-ERP-2025,ASGS Edition 3 (2021)
209041530,Lalor - West,VIC,2,10695.0,10478.0,12822.0,13900.0,13889.0,13925.0,1103.0,8.6,25.0,0.18,36.0,0.26,,,,SRC-ABS-SA2-ERP-2025,ASGS Edition 3 (2021)
209041531,Mernda - North,VIC,2,686.0,2547.0,7492.0,11473.0,12004.0,12061.0,4569.0,60.99,588.0,5.13,57.0,0.47,,,,SRC-ABS-SA2-ERP-2025,ASGS Edition 3 (2021)
209041532,Mernda - South,VIC,2,145.0,2325.0,7207.0,11640.0,13483.0,13854.0,6647.0,92.23,2214.0,19.02,371.0,2.75,,,,SRC-ABS-SA2-ERP-2025,ASGS Edition 3 (2021)
210011226,Airport West,VIC,2,6997.0,7175.0,7694.0,8362.0,8612.0,8783.0,1089.0,14.15,421.0,5.03,171.0,1.99,,,,SRC-ABS-SA2-ERP-2025,ASGS Edition 3 (2021)
210011227,Essendon Airport,VIC,2,0.0,0.0,0.0,11.0,14.0,14.0,14.0,,3.0,27.27,0.0,0.0,,,,SRC-ABS-SA2-ERP-2025,ASGS Edition 3 (2021)
210011228,Keilor,VIC,2,9341.0,8678.0,8886.0,8778.0,8675.0,8732.0,-154.0,-1.73,-46.0,-0.52,57.0,0.66,,,,SRC-ABS-SA2-ERP-2025,ASGS Edition 3 (2021)
210011230,Niddrie - Essendon West,VIC,2,5903.0,6458.0,7069.0,7646.0,7898.0,8048.0,979.0,13.85,402.0,5.26,150.0,1.9,,,,SRC-ABS-SA2-ERP-2025,ASGS Edition 3 (2021)
210011231,Strathmore,VIC,2,8838.0,9419.0,9729.0,10277.0,10427.0,10536.0,807.0,8.29,259.0,2.52,109.0,1.05,,,,SRC-ABS-SA2-ERP-2025,ASGS Edition 3 (2021)
210011533,Avondale Heights,VIC,2,11834.0,11548.0,12022.0,12642.0,12792.0,12861.0,839.0,6.98,219.0,1.73,69.0,0.54,,,,SRC-ABS-SA2-ERP-2025,ASGS Edition 3 (2021)
210011534,Keilor East,VIC,2,14065.0,13796.0,14938.0,15471.0,15463.0,15645.0,707.0,4.73,174.0,1.12,182.0,1.18,,,,SRC-ABS-SA2-ERP-2025,ASGS Edition 3 (2021)
210021232,Gisborne,VIC,2,9055.0,11055.0,12850.0,14245.0,15405.0,15959.0,3109.0,24.19,1714.0,12.03,554.0,3.6,,,,SRC-ABS-SA2-ERP-2025,ASGS Edition 3 (2021)
210021233,Macedon,VIC,2,3516.0,3329.0,3476.0,3536.0,3623.0,3615.0,139.0,4.0,79.0,2.23,-8.0,-0.22,,,,SRC-ABS-SA2-ERP-2025,ASGS Edition 3 (2021)
210021234,Riddells Creek,VIC,2,3471.0,3842.0,4113.0,4442.0,4520.0,4589.0,476.0,11.57,147.0,3.31,69.0,1.53,,,,SRC-ABS-SA2-ERP-2025,ASGS Edition 3 (2021)
210021235,Romsey,VIC,2,7425.0,8750.0,9389.0,10612.0,11463.0,11567.0,2178.0,23.2,955.0,9.0,104.0,0.91,,,,SRC-ABS-SA2-ERP-2025,ASGS Edition 3 (2021)
210031236,Coburg North,VIC,2,6404.0,6784.0,7789.0,8775.0,8882.0,8932.0,1143.0,14.67,157.0,1.79,50.0,0.56,,,,SRC-ABS-SA2-ERP-2025,ASGS Edition 3 (2021)
210031237,Fawkner,VIC,2,12297.0,13106.0,14185.0,14781.0,14900.0,15096.0,911.0,6.42,315.0,2.13,196.0,1.32,,,,SRC-ABS-SA2-ERP-2025,ASGS Edition 3 (2021)
210031439,Gowanbrae,VIC,2,526.0,2769.0,2999.0,3156.0,3173.0,3215.0,216.0,7.2,59.0,1.87,42.0,1.32,,,,SRC-ABS-SA2-ERP-2025,ASGS Edition 3 (2021)
210031440,Hadfield,VIC,2,5711.0,5544.0,5803.0,6394.0,6625.0,6650.0,847.0,14.6,256.0,4.0,25.0,0.38,,,,SRC-ABS-SA2-ERP-2025,ASGS Edition 3 (2021)
210031535,Glenroy - East,VIC,2,12067.0,12833.0,14294.0,15565.0,15671.0,15762.0,1468.0,10.27,197.0,1.27,91.0,0.58,,,,SRC-ABS-SA2-ERP-2025,ASGS Edition 3 (2021)
210031536,Glenroy - West,VIC,2,6486.0,7363.0,8185.0,9246.0,9518.0,9563.0,1378.0,16.84,317.0,3.43,45.0,0.47,,,,SRC-ABS-SA2-ERP-2025,ASGS Edition 3 (2021)
210031537,Oak Park,VIC,2,6163.0,6689.0,7366.0,8153.0,8450.0,8559.0,1193.0,16.2,406.0,4.98,109.0,1.29,,,,SRC-ABS-SA2-ERP-2025,ASGS Edition 3 (2021)
210031538,Pascoe Vale,VIC,2,13018.0,14609.0,16547.0,17951.0,18356.0,18674.0,2127.0,12.85,723.0,4.03,318.0,1.73,,,,SRC-ABS-SA2-ERP-2025,ASGS Edition 3 (2021)
210041240,Sunbury,VIC,2,10282.0,13050.0,13170.0,13858.0,14758.0,15364.0,2194.0,16.66,1506.0,10.87,606.0,4.11,,,,SRC-ABS-SA2-ERP-2025,ASGS Edition 3 (2021)
210041539,Diggers Rest,VIC,2,1934.0,1874.0,2252.0,4651.0,6946.0,7434.0,5182.0,230.11,2783.0,59.84,488.0,7.03,,,,SRC-ABS-SA2-ERP-2025,ASGS Edition 3 (2021)
210041540,Sunbury - South,VIC,2,8310.0,12014.0,13289.0,15046.0,16773.0,17683.0,4394.0,33.06,2637.0,17.53,910.0,5.43,,,,SRC-ABS-SA2-ERP-2025,ASGS Edition 3 (2021)
210041541,Sunbury - West,VIC,2,9982.0,10711.0,11238.0,11547.0,11368.0,11497.0,259.0,2.3,-50.0,-0.43,129.0,1.13,,,,SRC-ABS-SA2-ERP-2025,ASGS Edition 3 (2021)
210051242,Broadmeadows,VIC,2,12127.0,12048.0,13529.0,14747.0,14734.0,14972.0,1443.0,10.67,225.0,1.53,238.0,1.62,,,,SRC-ABS-SA2-ERP-2025,ASGS Edition 3 (2021)
210051243,Campbellfield - Coolaroo,VIC,2,16125.0,16587.0,17013.0,16885.0,16389.0,16386.0,-627.0,-3.69,-499.0,-2.96,-3.0,-0.02,,,,SRC-ABS-SA2-ERP-2025,ASGS Edition 3 (2021)
210051245,Gladstone Park - Westmeadows,VIC,2,18851.0,17894.0,18135.0,18598.0,18208.0,18285.0,150.0,0.83,-313.0,-1.68,77.0,0.42,,,,SRC-ABS-SA2-ERP-2025,ASGS Edition 3 (2021)
210051246,Greenvale - Bulla,VIC,2,9950.0,13243.0,15629.0,21279.0,25668.0,26757.0,11128.0,71.2,5478.0,25.74,1089.0,4.24,,,,SRC-ABS-SA2-ERP-2025,ASGS Edition 3 (2021)
210051247,Meadow Heights,VIC,2,15929.0,15759.0,15755.0,15840.0,14915.0,14841.0,-914.0,-5.8,-999.0,-6.31,-74.0,-0.5,,,,SRC-ABS-SA2-ERP-2025,ASGS Edition 3 (2021)
210051248,Melbourne Airport,VIC,2,149.0,149.0,187.0,143.0,130.0,130.0,-57.0,-30.48,-13.0,-9.09,0.0,0.0,,,,SRC-ABS-SA2-ERP-2025,ASGS Edition 3 (2021)
210051250,Tullamarine,VIC,2,6744.0,6580.0,6674.0,6824.0,6667.0,6727.0,53.0,0.79,-97.0,-1.42,60.0,0.9,,,,SRC-ABS-SA2-ERP-2025,ASGS Edition 3 (2021)
210051441,Craigieburn - Central,VIC,2,6842.0,8238.0,8654.0,8715.0,8170.0,8172.0,-482.0,-5.57,-543.0,-6.23,2.0,0.02,,,,SRC-ABS-SA2-ERP-2025,ASGS Edition 3 (2021)
210051442,Craigieburn - North,VIC,2,120.0,7726.0,11518.0,12893.0,12833.0,12846.0,1328.0,11.53,-47.0,-0.36,13.0,0.1,,,,SRC-ABS-SA2-ERP-2025,ASGS Edition 3 (2021)
210051443,Craigieburn - South,VIC,2,8654.0,12006.0,16009.0,21632.0,23994.0,24431.0,8422.0,52.61,2799.0,12.94,437.0,1.82,,,,SRC-ABS-SA2-ERP-2025,ASGS Edition 3 (2021)
210051445,Mickleham - Yuroke,VIC,2,873.0,1468.0,2768.0,18657.0,35244.0,39389.0,36621.0,1323.01,20732.0,111.12,4145.0,11.76,,,,SRC-ABS-SA2-ERP-2025,ASGS Edition 3 (2021)
210051542,Craigieburn - North West,VIC,2,0.0,184.0,4237.0,9253.0,11144.0,11293.0,7056.0,166.53,2040.0,22.05,149.0,1.34,,,,SRC-ABS-SA2-ERP-2025,ASGS Edition 3 (2021)
210051543,Craigieburn - West,VIC,2,55.0,3067.0,8085.0,12687.0,14699.0,14970.0,6885.0,85.16,2283.0,17.99,271.0,1.84,,,,SRC-ABS-SA2-ERP-2025,ASGS Edition 3 (2021)
210051544,Roxburgh Park (South) - Somerton,VIC,2,6995.0,9569.0,10035.0,10043.0,9691.0,9699.0,-336.0,-3.35,-344.0,-3.43,8.0,0.08,,,,SRC-ABS-SA2-ERP-2025,ASGS Edition 3 (2021)
210051545,Roxburgh Park - North,VIC,2,3157.0,10338.0,12297.0,14993.0,15375.0,15440.0,3143.0,25.56,447.0,2.98,65.0,0.42,,,,SRC-ABS-SA2-ERP-2025,ASGS Edition 3 (2021)
211011251,Bayswater,VIC,2,10728.0,11458.0,12415.0,12992.0,13270.0,13388.0,973.0,7.84,396.0,3.05,118.0,0.89,,,,SRC-ABS-SA2-ERP-2025,ASGS Edition 3 (2021)
211011254,Knoxfield - Scoresby,VIC,2,13242.0,13436.0,15140.0,17016.0,17094.0,17232.0,2092.0,13.82,216.0,1.27,138.0,0.81,,,,SRC-ABS-SA2-ERP-2025,ASGS Edition 3 (2021)
211011255,Lysterfield,VIC,2,5516.0,6796.0,6898.0,6802.0,6583.0,6622.0,-276.0,-4.0,-180.0,-2.65,39.0,0.59,,,,SRC-ABS-SA2-ERP-2025,ASGS Edition 3 (2021)
211011256,Rowville - Central,VIC,2,16110.0,15998.0,15835.0,15826.0,15692.0,15771.0,-64.0,-0.4,-55.0,-0.35,79.0,0.5,,,,SRC-ABS-SA2-ERP-2025,ASGS Edition 3 (2021)
211011257,Rowville - North,VIC,2,5094.0,8491.0,8342.0,8122.0,7867.0,7827.0,-515.0,-6.17,-295.0,-3.63,-40.0,-0.51,,,,SRC-ABS-SA2-ERP-2025,ASGS Edition 3 (2021)
211011258,Rowville - South,VIC,2,9472.0,11265.0,11044.0,10754.0,10566.0,10578.0,-466.0,-4.22,-176.0,-1.64,12.0,0.11,,,,SRC-ABS-SA2-ERP-2025,ASGS Edition 3 (2021)
211011259,Wantirna,VIC,2,14733.0,14339.0,14376.0,14866.0,14607.0,14634.0,258.0,1.79,-232.0,-1.56,27.0,0.18,,,,SRC-ABS-SA2-ERP-2025,ASGS Edition 3 (2021)
211011260,Wantirna South,VIC,2,18014.0,18270.0,18437.0,18602.0,18360.0,18475.0,38.0,0.21,-127.0,-0.68,115.0,0.63,,,,SRC-ABS-SA2-ERP-2025,ASGS Edition 3 (2021)
211011446,Boronia,VIC,2,20673.0,21312.0,22430.0,23924.0,24512.0,24763.0,2333.0,10.4,839.0,3.51,251.0,1.02,,,,SRC-ABS-SA2-ERP-2025,ASGS Edition 3 (2021)
211011447,Ferntree Gully - North,VIC,2,13461.0,13769.0,14214.0,14446.0,14500.0,14538.0,324.0,2.28,92.0,0.64,38.0,0.26,,,,SRC-ABS-SA2-ERP-2025,ASGS Edition 3 (2021)
211011448,Ferntree Gully (South) - Upper Ferntree Gully,VIC,2,14986.0,15177.0,15192.0,15517.0,15562.0,15630.0,438.0,2.88,113.0,0.73,68.0,0.44,,,,SRC-ABS-SA2-ERP-2025,ASGS Edition 3 (2021)
211011449,The Basin,VIC,2,4533.0,4418.0,4423.0,4415.0,4318.0,4336.0,-87.0,-1.97,-79.0,-1.79,18.0,0.42,,,,SRC-ABS-SA2-ERP-2025,ASGS Edition 3 (2021)
211021261,Donvale - Park Orchards,VIC,2,15852.0,16223.0,16520.0,16668.0,16748.0,16894.0,374.0,2.26,226.0,1.36,146.0,0.87,,,,SRC-ABS-SA2-ERP-2025,ASGS Edition 3 (2021)
211021262,Warrandyte - Wonga Park,VIC,2,9872.0,10480.0,10560.0,10404.0,10212.0,10229.0,-331.0,-3.13,-175.0,-1.68,17.0,0.17,,,,SRC-ABS-SA2-ERP-2025,ASGS Edition 3 (2021)
211031263,Bayswater North,VIC,2,11032.0,11819.0,12126.0,12332.0,12007.0,12097.0,-29.0,-0.24,-235.0,-1.91,90.0,0.75,,,,SRC-ABS-SA2-ERP-2025,ASGS Edition 3 (2021)
211031265,Croydon Hills - Warranwood,VIC,2,17649.0,18728.0,18697.0,18640.0,18352.0,18457.0,-240.0,-1.28,-183.0,-0.98,105.0,0.57,,,,SRC-ABS-SA2-ERP-2025,ASGS Edition 3 (2021)
211031266,Ringwood,VIC,2,15380.0,16410.0,17654.0,19158.0,19593.0,19779.0,2125.0,12.04,621.0,3.24,186.0,0.95,,,,SRC-ABS-SA2-ERP-2025,ASGS Edition 3 (2021)
211031267,Ringwood East,VIC,2,18448.0,19454.0,20657.0,21785.0,21824.0,22164.0,1507.0,7.3,379.0,1.74,340.0,1.56,,,,SRC-ABS-SA2-ERP-2025,ASGS Edition 3 (2021)
211031268,Ringwood North,VIC,2,9519.0,9660.0,9910.0,9931.0,9777.0,9839.0,-71.0,-0.72,-92.0,-0.93,62.0,0.63,,,,SRC-ABS-SA2-ERP-2025,ASGS Edition 3 (2021)
211031450,Croydon - East,VIC,2,12347.0,13879.0,15363.0,16403.0,17141.0,17345.0,1982.0,12.9,942.0,5.74,204.0,1.19,,,,SRC-ABS-SA2-ERP-2025,ASGS Edition 3 (2021)
211031451,Croydon - West,VIC,2,10458.0,11666.0,13343.0,14561.0,14793.0,14940.0,1597.0,11.97,379.0,2.6,147.0,0.99,,,,SRC-ABS-SA2-ERP-2025,ASGS Edition 3 (2021)
211031452,Croydon South,VIC,2,4463.0,4647.0,4824.0,5015.0,5118.0,5147.0,323.0,6.7,132.0,2.63,29.0,0.57,,,,SRC-ABS-SA2-ERP-2025,ASGS Edition 3 (2021)
211041269,Forest Hill,VIC,2,9976.0,10370.0,10874.0,11166.0,11179.0,11256.0,382.0,3.51,90.0,0.81,77.0,0.69,,,,SRC-ABS-SA2-ERP-2025,ASGS Edition 3 (2021)
211041270,Mitcham (Vic.),VIC,2,14232.0,15265.0,16686.0,17338.0,17425.0,17496.0,810.0,4.85,158.0,0.91,71.0,0.41,,,,SRC-ABS-SA2-ERP-2025,ASGS Edition 3 (2021)
211041271,Nunawading,VIC,2,10693.0,11276.0,12089.0,12861.0,13192.0,13247.0,1158.0,9.58,386.0,3.0,55.0,0.42,,,,SRC-ABS-SA2-ERP-2025,ASGS Edition 3 (2021)
211041272,Vermont,VIC,2,9544.0,10214.0,10750.0,11337.0,11333.0,11435.0,685.0,6.37,98.0,0.86,102.0,0.9,,,,SRC-ABS-SA2-ERP-2025,ASGS Edition 3 (2021)
211041273,Vermont South,VIC,2,12228.0,11964.0,12143.0,12303.0,12237.0,12250.0,107.0,0.88,-53.0,-0.43,13.0,0.11,,,,SRC-ABS-SA2-ERP-2025,ASGS Edition 3 (2021)
211051274,Belgrave - Selby,VIC,2,10742.0,10475.0,10429.0,10339.0,9958.0,9964.0,-465.0,-4.46,-375.0,-3.63,6.0,0.06,,,,SRC-ABS-SA2-ERP-2025,ASGS Edition 3 (2021)
211051275,Chirnside Park,VIC,2,8807.0,9420.0,9941.0,11767.0,12483.0,12603.0,2662.0,26.78,836.0,7.1,120.0,0.96,,,,SRC-ABS-SA2-ERP-2025,ASGS Edition 3 (2021)
211051276,Healesville - Yarra Glen,VIC,2,11841.0,13135.0,13900.0,14335.0,14000.0,14116.0,216.0,1.55,-219.0,-1.53,116.0,0.83,,,,SRC-ABS-SA2-ERP-2025,ASGS Edition 3 (2021)
211051277,Kilsyth,VIC,2,8661.0,8768.0,9280.0,9962.0,10647.0,10692.0,1412.0,15.22,730.0,7.33,45.0,0.42,,,,SRC-ABS-SA2-ERP-2025,ASGS Edition 3 (2021)
211051278,Lilydale - Coldstream,VIC,2,16176.0,18454.0,19212.0,19952.0,20492.0,20905.0,1693.0,8.81,953.0,4.78,413.0,2.02,,,,SRC-ABS-SA2-ERP-2025,ASGS Edition 3 (2021)
211051279,Monbulk - Silvan,VIC,2,5753.0,5747.0,5791.0,5878.0,5808.0,5840.0,49.0,0.85,-38.0,-0.65,32.0,0.55,,,,SRC-ABS-SA2-ERP-2025,ASGS Edition 3 (2021)
211051280,Montrose,VIC,2,6852.0,6955.0,7031.0,7051.0,6893.0,6904.0,-127.0,-1.81,-147.0,-2.08,11.0,0.16,,,,SRC-ABS-SA2-ERP-2025,ASGS Edition 3 (2021)
211051281,Mooroolbark,VIC,2,19556.0,21073.0,22604.0,23917.0,24206.0,24395.0,1791.0,7.92,478.0,2.0,189.0,0.78,,,,SRC-ABS-SA2-ERP-2025,ASGS Edition 3 (2021)
211051282,Mount Dandenong - Olinda,VIC,2,9787.0,10035.0,10066.0,9953.0,9578.0,9587.0,-479.0,-4.76,-366.0,-3.68,9.0,0.09,,,,SRC-ABS-SA2-ERP-2025,ASGS Edition 3 (2021)
211051283,Mount Evelyn,VIC,2,9396.0,9597.0,9941.0,9949.0,9997.0,10043.0,102.0,1.03,94.0,0.94,46.0,0.46,,,,SRC-ABS-SA2-ERP-2025,ASGS Edition 3 (2021)
211051284,Upwey - Tecoma,VIC,2,10357.0,10085.0,10019.0,9952.0,9832.0,9867.0,-152.0,-1.52,-85.0,-0.85,35.0,0.36,,,,SRC-ABS-SA2-ERP-2025,ASGS Edition 3 (2021)
211051285,Wandin - Seville,VIC,2,7112.0,7608.0,7798.0,7996.0,7969.0,7996.0,198.0,2.54,0.0,0.0,27.0,0.34,,,,SRC-ABS-SA2-ERP-2025,ASGS Edition 3 (2021)
211051286,Yarra Valley,VIC,2,15932.0,16318.0,16537.0,17006.0,17026.0,17087.0,550.0,3.33,81.0,0.48,61.0,0.36,,,,SRC-ABS-SA2-ERP-2025,ASGS Edition 3 (2021)
212011289,Emerald - Cockatoo,VIC,2,16964.0,17969.0,18375.0,18838.0,18907.0,19043.0,668.0,3.64,205.0,1.09,136.0,0.72,,,,SRC-ABS-SA2-ERP-2025,ASGS Edition 3 (2021)
212011546,Beaconsfield - Officer,VIC,2,3666.0,7705.0,11684.0,22381.0,28306.0,29524.0,17840.0,152.69,7143.0,31.92,1218.0,4.3,,,,SRC-ABS-SA2-ERP-2025,ASGS Edition 3 (2021)
212011547,Bunyip - Garfield,VIC,2,7445.0,8162.0,8625.0,9701.0,10223.0,10366.0,1741.0,20.19,665.0,6.85,143.0,1.4,,,,SRC-ABS-SA2-ERP-2025,ASGS Edition 3 (2021)
212011548,Koo Wee Rup,VIC,2,5236.0,6432.0,7440.0,9387.0,11981.0,12598.0,5158.0,69.33,3211.0,34.21,617.0,5.15,,,,SRC-ABS-SA2-ERP-2025,ASGS Edition 3 (2021)
212011549,Pakenham - North East,VIC,2,5802.0,10252.0,13817.0,15625.0,16320.0,16593.0,2776.0,20.09,968.0,6.2,273.0,1.67,,,,SRC-ABS-SA2-ERP-2025,ASGS Edition 3 (2021)
212011550,Pakenham - North West,VIC,2,630.0,1664.0,4443.0,7128.0,9629.0,10502.0,6059.0,136.37,3374.0,47.33,873.0,9.07,,,,SRC-ABS-SA2-ERP-2025,ASGS Edition 3 (2021)
212011551,Pakenham - South East,VIC,2,3448.0,4390.0,4887.0,6215.0,6677.0,6778.0,1891.0,38.69,563.0,9.06,101.0,1.51,,,,SRC-ABS-SA2-ERP-2025,ASGS Edition 3 (2021)
212011552,Pakenham - South West,VIC,2,3776.0,15459.0,23205.0,27387.0,28162.0,28194.0,4989.0,21.5,807.0,2.95,32.0,0.11,,,,SRC-ABS-SA2-ERP-2025,ASGS Edition 3 (2021)
212021293,Berwick - North,VIC,2,19094.0,22909.0,23614.0,23710.0,23748.0,23637.0,23.0,0.1,-73.0,-0.31,-111.0,-0.47,,,,SRC-ABS-SA2-ERP-2025,ASGS Edition 3 (2021)
212021295,Doveton,VIC,2,10072.0,10436.0,11665.0,12513.0,12728.0,12893.0,1228.0,10.53,380.0,3.04,165.0,1.3,,,,SRC-ABS-SA2-ERP-2025,ASGS Edition 3 (2021)
212021297,Hallam,VIC,2,8977.0,10582.0,11125.0,11968.0,11898.0,12009.0,884.0,7.95,41.0,0.34,111.0,0.93,,,,SRC-ABS-SA2-ERP-2025,ASGS Edition 3 (2021)
212021299,Narre Warren North,VIC,2,5422.0,7096.0,7909.0,8365.0,8160.0,8237.0,328.0,4.15,-128.0,-1.53,77.0,0.94,,,,SRC-ABS-SA2-ERP-2025,ASGS Edition 3 (2021)
212021453,Endeavour Hills - North,VIC,2,12477.0,12425.0,12477.0,12458.0,12118.0,12175.0,-302.0,-2.42,-283.0,-2.27,57.0,0.47,,,,SRC-ABS-SA2-ERP-2025,ASGS Edition 3 (2021)
212021454,Endeavour Hills - South,VIC,2,14934.0,14308.0,14139.0,13845.0,13564.0,13539.0,-600.0,-4.24,-306.0,-2.21,-25.0,-0.18,,,,SRC-ABS-SA2-ERP-2025,ASGS Edition 3 (2021)
212021455,Narre Warren - North East,VIC,2,12517.0,13698.0,13890.0,13888.0,13605.0,13618.0,-272.0,-1.96,-270.0,-1.94,13.0,0.1,,,,SRC-ABS-SA2-ERP-2025,ASGS Edition 3 (2021)
212021456,Narre Warren - South West,VIC,2,12168.0,13252.0,14230.0,15170.0,15403.0,15484.0,1254.0,8.81,314.0,2.07,81.0,0.53,,,,SRC-ABS-SA2-ERP-2025,ASGS Edition 3 (2021)
212021553,Berwick - South East,VIC,2,5214.0,14509.0,16758.0,17923.0,19954.0,20765.0,4007.0,23.91,2842.0,15.86,811.0,4.06,,,,SRC-ABS-SA2-ERP-2025,ASGS Edition 3 (2021)
212021554,Berwick - South West,VIC,2,3219.0,8609.0,9232.0,11196.0,12746.0,13243.0,4011.0,43.45,2047.0,18.28,497.0,3.9,,,,SRC-ABS-SA2-ERP-2025,ASGS Edition 3 (2021)
212031300,Cranbourne,VIC,2,13392.0,18859.0,20568.0,21673.0,22468.0,22708.0,2140.0,10.4,1035.0,4.78,240.0,1.07,,,,SRC-ABS-SA2-ERP-2025,ASGS Edition 3 (2021)
212031303,Cranbourne South,VIC,2,4798.0,6311.0,8703.0,15388.0,24522.0,27368.0,18665.0,214.47,11980.0,77.85,2846.0,11.61,,,,SRC-ABS-SA2-ERP-2025,ASGS Edition 3 (2021)
212031304,Cranbourne West,VIC,2,4022.0,8837.0,13995.0,20867.0,24843.0,25490.0,11495.0,82.14,4623.0,22.15,647.0,2.6,,,,SRC-ABS-SA2-ERP-2025,ASGS Edition 3 (2021)
212031306,Lynbrook - Lyndhurst,VIC,2,1507.0,10529.0,15459.0,18118.0,19379.0,19545.0,4086.0,26.43,1427.0,7.88,166.0,0.86,,,,SRC-ABS-SA2-ERP-2025,ASGS Edition 3 (2021)
212031308,Pearcedale - Tooradin,VIC,2,6938.0,7623.0,7896.0,8140.0,8222.0,8272.0,376.0,4.76,132.0,1.62,50.0,0.61,,,,SRC-ABS-SA2-ERP-2025,ASGS Edition 3 (2021)
212031457,Narre Warren South - East,VIC,2,5948.0,13045.0,13604.0,13417.0,12996.0,13022.0,-582.0,-4.28,-395.0,-2.94,26.0,0.2,,,,SRC-ABS-SA2-ERP-2025,ASGS Edition 3 (2021)
212031458,Narre Warren South - West,VIC,2,8362.0,16512.0,17321.0,17356.0,17089.0,17083.0,-238.0,-1.37,-273.0,-1.57,-6.0,-0.04,,,,SRC-ABS-SA2-ERP-2025,ASGS Edition 3 (2021)
212031555,Clyde North - North,VIC,2,26.0,95.0,1857.0,9217.0,13108.0,13667.0,11810.0,635.97,4450.0,48.28,559.0,4.26,,,,SRC-ABS-SA2-ERP-2025,ASGS Edition 3 (2021)
212031556,Clyde North - South,VIC,2,12.0,82.0,264.0,11904.0,24557.0,28328.0,28064.0,10630.3,16424.0,137.97,3771.0,15.36,,,,SRC-ABS-SA2-ERP-2025,ASGS Edition 3 (2021)
212031557,Cranbourne East - North,VIC,2,810.0,5862.0,15956.0,23384.0,25066.0,25111.0,9155.0,57.38,1727.0,7.39,45.0,0.18,,,,SRC-ABS-SA2-ERP-2025,ASGS Edition 3 (2021)
212031558,Cranbourne East - South,VIC,2,275.0,805.0,3122.0,11120.0,15055.0,15590.0,12468.0,399.36,4470.0,40.2,535.0,3.55,,,,SRC-ABS-SA2-ERP-2025,ASGS Edition 3 (2021)
212031559,Cranbourne North - East,VIC,2,13.0,2213.0,7306.0,12658.0,13621.0,13691.0,6385.0,87.39,1033.0,8.16,70.0,0.51,,,,SRC-ABS-SA2-ERP-2025,ASGS Edition 3 (2021)
212031560,Cranbourne North - West,VIC,2,9863.0,11442.0,12199.0,12327.0,12295.0,12313.0,114.0,0.93,-14.0,-0.11,18.0,0.15,,,,SRC-ABS-SA2-ERP-2025,ASGS Edition 3 (2021)
212031561,Hampton Park - East,VIC,2,10108.0,12093.0,12774.0,13386.0,13348.0,13393.0,619.0,4.85,7.0,0.05,45.0,0.34,,,,SRC-ABS-SA2-ERP-2025,ASGS Edition 3 (2021)
212031562,Hampton Park - West,VIC,2,10276.0,12339.0,13465.0,13979.0,13715.0,13748.0,283.0,2.1,-231.0,-1.65,33.0,0.24,,,,SRC-ABS-SA2-ERP-2025,ASGS Edition 3 (2021)
212041309,Clarinda - Oakleigh South,VIC,2,12807.0,12234.0,12290.0,12134.0,11724.0,11741.0,-549.0,-4.47,-393.0,-3.24,17.0,0.15,,,,SRC-ABS-SA2-ERP-2025,ASGS Edition 3 (2021)
212041310,Clayton South,VIC,2,11290.0,12078.0,13141.0,14152.0,15085.0,15349.0,2208.0,16.8,1197.0,8.46,264.0,1.75,,,,SRC-ABS-SA2-ERP-2025,ASGS Edition 3 (2021)
212041312,Dandenong North,VIC,2,23088.0,22983.0,23449.0,23655.0,23248.0,23391.0,-58.0,-0.25,-264.0,-1.12,143.0,0.62,,,,SRC-ABS-SA2-ERP-2025,ASGS Edition 3 (2021)
212041313,Dingley Village,VIC,2,10390.0,10549.0,10603.0,10736.0,10728.0,10770.0,167.0,1.58,34.0,0.32,42.0,0.39,,,,SRC-ABS-SA2-ERP-2025,ASGS Edition 3 (2021)
212041316,Noble Park North,VIC,2,8299.0,7762.0,7826.0,7762.0,7622.0,7593.0,-233.0,-2.98,-169.0,-2.18,-29.0,-0.38,,,,SRC-ABS-SA2-ERP-2025,ASGS Edition 3 (2021)
212041317,Springvale,VIC,2,18557.0,20353.0,22188.0,23650.0,24023.0,24468.0,2280.0,10.28,818.0,3.46,445.0,1.85,,,,SRC-ABS-SA2-ERP-2025,ASGS Edition 3 (2021)
212041318,Springvale South,VIC,2,11607.0,12715.0,13065.0,13295.0,13111.0,13274.0,209.0,1.6,-21.0,-0.16,163.0,1.24,,,,SRC-ABS-SA2-ERP-2025,ASGS Edition 3 (2021)
212041459,Noble Park - East,VIC,2,9827.0,11639.0,12801.0,13605.0,13641.0,13935.0,1134.0,8.86,330.0,2.43,294.0,2.16,,,,SRC-ABS-SA2-ERP-2025,ASGS Edition 3 (2021)
212041460,Noble Park - West,VIC,2,16718.0,17668.0,19065.0,20237.0,20260.0,20473.0,1408.0,7.39,236.0,1.17,213.0,1.05,,,,SRC-ABS-SA2-ERP-2025,ASGS Edition 3 (2021)
212041563,Dandenong - North,VIC,2,16806.0,19711.0,22635.0,23012.0,22963.0,23327.0,692.0,3.06,315.0,1.37,364.0,1.59,,,,SRC-ABS-SA2-ERP-2025,ASGS Edition 3 (2021)
212041564,Dandenong - South,VIC,2,5728.0,6902.0,9274.0,9898.0,9993.0,10039.0,765.0,8.25,141.0,1.42,46.0,0.46,,,,SRC-ABS-SA2-ERP-2025,ASGS Edition 3 (2021)
212041565,Keysborough - North,VIC,2,16396.0,15795.0,15611.0,15619.0,15059.0,15067.0,-544.0,-3.48,-552.0,-3.53,8.0,0.05,,,,SRC-ABS-SA2-ERP-2025,ASGS Edition 3 (2021)
212041566,Keysborough - South,VIC,2,698.0,4684.0,10147.0,14915.0,16827.0,17117.0,6970.0,68.69,2202.0,14.76,290.0,1.72,,,,SRC-ABS-SA2-ERP-2025,ASGS Edition 3 (2021)
212051319,Ashwood - Chadstone,VIC,2,14503.0,16658.0,18835.0,20324.0,20875.0,21139.0,2304.0,12.23,815.0,4.01,264.0,1.26,,,,SRC-ABS-SA2-ERP-2025,ASGS Edition 3 (2021)
212051321,Glen Waverley - East,VIC,2,21261.0,21499.0,22020.0,22684.0,22630.0,22820.0,800.0,3.63,136.0,0.6,190.0,0.84,,,,SRC-ABS-SA2-ERP-2025,ASGS Edition 3 (2021)
212051322,Glen Waverley - West,VIC,2,17233.0,19366.0,19951.0,21761.0,23121.0,23417.0,3466.0,17.37,1656.0,7.61,296.0,1.28,,,,SRC-ABS-SA2-ERP-2025,ASGS Edition 3 (2021)
212051323,Mount Waverley - North,VIC,2,14479.0,15579.0,15903.0,16649.0,17152.0,17492.0,1589.0,9.99,843.0,5.06,340.0,1.98,,,,SRC-ABS-SA2-ERP-2025,ASGS Edition 3 (2021)
212051324,Mount Waverley - South,VIC,2,16422.0,17921.0,18940.0,20062.0,20522.0,20659.0,1719.0,9.08,597.0,2.98,137.0,0.67,,,,SRC-ABS-SA2-ERP-2025,ASGS Edition 3 (2021)
212051325,Mulgrave,VIC,2,16951.0,18296.0,20181.0,20698.0,20938.0,21072.0,891.0,4.42,374.0,1.81,134.0,0.64,,,,SRC-ABS-SA2-ERP-2025,ASGS Edition 3 (2021)
212051326,Oakleigh - Huntingdale,VIC,2,19135.0,21049.0,22225.0,23721.0,25025.0,25427.0,3202.0,14.41,1706.0,7.19,402.0,1.61,,,,SRC-ABS-SA2-ERP-2025,ASGS Edition 3 (2021)
212051327,Wheelers Hill,VIC,2,21532.0,20295.0,20727.0,21193.0,21236.0,21281.0,554.0,2.67,88.0,0.42,45.0,0.21,,,,SRC-ABS-SA2-ERP-2025,ASGS Edition 3 (2021)
212051567,Clayton (North) - Notting Hill,VIC,2,5412.0,6566.0,10199.0,11715.0,14069.0,14911.0,4712.0,46.2,3196.0,27.28,842.0,5.98,,,,SRC-ABS-SA2-ERP-2025,ASGS Edition 3 (2021)
212051568,Clayton - Central,VIC,2,8825.0,11017.0,12311.0,14027.0,14977.0,15483.0,3172.0,25.77,1456.0,10.38,506.0,3.38,,,,SRC-ABS-SA2-ERP-2025,ASGS Edition 3 (2021)
213011328,Ardeer - Albion,VIC,2,6640.0,7334.0,7937.0,8082.0,7880.0,7955.0,18.0,0.23,-127.0,-1.57,75.0,0.95,,,,SRC-ABS-SA2-ERP-2025,ASGS Edition 3 (2021)
213011329,Cairnlea,VIC,2,366.0,9099.0,10040.0,10510.0,10009.0,10035.0,-5.0,-0.05,-475.0,-4.52,26.0,0.26,,,,SRC-ABS-SA2-ERP-2025,ASGS Edition 3 (2021)
213011331,Delahey,VIC,2,8056.0,8896.0,8815.0,8533.0,7981.0,7859.0,-956.0,-10.85,-674.0,-7.9,-122.0,-1.53,,,,SRC-ABS-SA2-ERP-2025,ASGS Edition 3 (2021)
213011332,Keilor Downs,VIC,2,15322.0,14232.0,13960.0,13567.0,13036.0,13080.0,-880.0,-6.3,-487.0,-3.59,44.0,0.34,,,,SRC-ABS-SA2-ERP-2025,ASGS Edition 3 (2021)
213011333,Kings Park (Vic.),VIC,2,15569.0,14359.0,14373.0,14477.0,13884.0,13956.0,-417.0,-2.9,-521.0,-3.6,72.0,0.52,,,,SRC-ABS-SA2-ERP-2025,ASGS Edition 3 (2021)
213011334,St Albans - North,VIC,2,19101.0,19562.0,20490.0,21663.0,20921.0,21020.0,530.0,2.59,-643.0,-2.97,99.0,0.47,,,,SRC-ABS-SA2-ERP-2025,ASGS Edition 3 (2021)
213011335,St Albans - South,VIC,2,17009.0,16882.0,17725.0,18385.0,17697.0,17705.0,-20.0,-0.11,-680.0,-3.7,8.0,0.05,,,,SRC-ABS-SA2-ERP-2025,ASGS Edition 3 (2021)
213011336,Sunshine,VIC,2,7980.0,9129.0,10083.0,10100.0,10059.0,10151.0,68.0,0.67,51.0,0.5,92.0,0.91,,,,SRC-ABS-SA2-ERP-2025,ASGS Edition 3 (2021)
213011337,Sunshine North,VIC,2,10478.0,10982.0,11890.0,12451.0,12462.0,12751.0,861.0,7.24,300.0,2.41,289.0,2.32,,,,SRC-ABS-SA2-ERP-2025,ASGS Edition 3 (2021)
213011338,Sunshine West,VIC,2,16700.0,17303.0,19013.0,19633.0,18724.0,18693.0,-320.0,-1.68,-940.0,-4.79,-31.0,-0.17,,,,SRC-ABS-SA2-ERP-2025,ASGS Edition 3 (2021)
213011339,Sydenham,VIC,2,9837.0,11924.0,12432.0,12432.0,11929.0,12025.0,-407.0,-3.27,-407.0,-3.27,96.0,0.8,,,,SRC-ABS-SA2-ERP-2025,ASGS Edition 3 (2021)
213011340,Taylors Lakes,VIC,2,17435.0,19125.0,18474.0,17614.0,16966.0,16896.0,-1578.0,-8.54,-718.0,-4.08,-70.0,-0.41,,,,SRC-ABS-SA2-ERP-2025,ASGS Edition 3 (2021)
213011569,Deer Park,VIC,2,13303.0,16118.0,18523.0,18976.0,18398.0,18368.0,-155.0,-0.84,-608.0,-3.2,-30.0,-0.16,,,,SRC-ABS-SA2-ERP-2025,ASGS Edition 3 (2021)
213011570,Derrimut,VIC,2,76.0,5272.0,8223.0,9015.0,8880.0,8958.0,735.0,8.94,-57.0,-0.63,78.0,0.88,,,,SRC-ABS-SA2-ERP-2025,ASGS Edition 3 (2021)
213021341,Altona,VIC,2,12221.0,12213.0,12979.0,13878.0,14190.0,14428.0,1449.0,11.16,550.0,3.96,238.0,1.68,,,,SRC-ABS-SA2-ERP-2025,ASGS Edition 3 (2021)
213021342,Altona Meadows,VIC,2,19168.0,19780.0,19818.0,19500.0,18733.0,18783.0,-1035.0,-5.22,-717.0,-3.68,50.0,0.27,,,,SRC-ABS-SA2-ERP-2025,ASGS Edition 3 (2021)
213021343,Altona North,VIC,2,13206.0,13366.0,14519.0,15396.0,15851.0,16493.0,1974.0,13.6,1097.0,7.13,642.0,4.05,,,,SRC-ABS-SA2-ERP-2025,ASGS Edition 3 (2021)
213021344,Newport,VIC,2,14723.0,16670.0,18134.0,19414.0,19879.0,20328.0,2194.0,12.1,914.0,4.71,449.0,2.26,,,,SRC-ABS-SA2-ERP-2025,ASGS Edition 3 (2021)
213021345,Seabrook,VIC,2,4900.0,5218.0,5352.0,5250.0,4932.0,4932.0,-420.0,-7.85,-318.0,-6.06,0.0,0.0,,,,SRC-ABS-SA2-ERP-2025,ASGS Edition 3 (2021)
213021346,Williamstown,VIC,2,14056.0,15393.0,16006.0,16659.0,16867.0,17102.0,1096.0,6.85,443.0,2.66,235.0,1.39,,,,SRC-ABS-SA2-ERP-2025,ASGS Edition 3 (2021)
213031347,Braybrook,VIC,2,12851.0,16343.0,18759.0,19901.0,20607.0,20916.0,2157.0,11.5,1015.0,5.1,309.0,1.5,,,,SRC-ABS-SA2-ERP-2025,ASGS Edition 3 (2021)
213031348,Footscray,VIC,2,11564.0,13214.0,16762.0,18092.0,20607.0,20882.0,4120.0,24.58,2790.0,15.42,275.0,1.33,,,,SRC-ABS-SA2-ERP-2025,ASGS Edition 3 (2021)
213031349,Maribyrnong,VIC,2,5972.0,10510.0,12562.0,13263.0,13751.0,13960.0,1398.0,11.13,697.0,5.26,209.0,1.52,,,,SRC-ABS-SA2-ERP-2025,ASGS Edition 3 (2021)
213031350,Seddon - Kingsville,VIC,2,8081.0,8618.0,9521.0,9724.0,9722.0,9748.0,227.0,2.38,24.0,0.25,26.0,0.27,,,,SRC-ABS-SA2-ERP-2025,ASGS Edition 3 (2021)
213031351,West Footscray - Tottenham,VIC,2,9807.0,10743.0,11849.0,12370.0,12883.0,13007.0,1158.0,9.77,637.0,5.15,124.0,0.96,,,,SRC-ABS-SA2-ERP-2025,ASGS Edition 3 (2021)
213031352,Yarraville,VIC,2,12573.0,14185.0,15330.0,16068.0,16153.0,16159.0,829.0,5.41,91.0,0.57,6.0,0.04,,,,SRC-ABS-SA2-ERP-2025,ASGS Edition 3 (2021)
213041353,Bacchus Marsh,VIC,2,14540.0,17006.0,20207.0,24263.0,26531.0,27182.0,6975.0,34.52,2919.0,12.03,651.0,2.45,,,,SRC-ABS-SA2-ERP-2025,ASGS Edition 3 (2021)
213041358,Melton West,VIC,2,8178.0,13764.0,17387.0,21432.0,22617.0,22710.0,5323.0,30.61,1278.0,5.96,93.0,0.41,,,,SRC-ABS-SA2-ERP-2025,ASGS Edition 3 (2021)
213041359,Rockbank - Mount Cottrell,VIC,2,1760.0,2673.0,3044.0,13341.0,31254.0,35856.0,32812.0,1077.92,22515.0,168.77,4602.0,14.72,,,,SRC-ABS-SA2-ERP-2025,ASGS Edition 3 (2021)
213041360,Taylors Hill,VIC,2,605.0,15210.0,19486.0,20288.0,19818.0,19874.0,388.0,1.99,-414.0,-2.04,56.0,0.28,,,,SRC-ABS-SA2-ERP-2025,ASGS Edition 3 (2021)
213041461,Burnside,VIC,2,2225.0,4474.0,4812.0,5743.0,6418.0,6635.0,1823.0,37.88,892.0,15.53,217.0,3.38,,,,SRC-ABS-SA2-ERP-2025,ASGS Edition 3 (2021)
213041462,Burnside Heights,VIC,2,18.0,4596.0,6265.0,6628.0,6460.0,6443.0,178.0,2.84,-185.0,-2.79,-17.0,-0.26,,,,SRC-ABS-SA2-ERP-2025,ASGS Edition 3 (2021)
213041463,Caroline Springs,VIC,2,3136.0,15981.0,20377.0,21238.0,20954.0,20934.0,557.0,2.73,-304.0,-1.43,-20.0,-0.1,,,,SRC-ABS-SA2-ERP-2025,ASGS Edition 3 (2021)
213041571,Brookfield,VIC,2,2511.0,5601.0,8648.0,9901.0,10364.0,10665.0,2017.0,23.32,764.0,7.72,301.0,2.9,,,,SRC-ABS-SA2-ERP-2025,ASGS Edition 3 (2021)
213041572,Cobblebank - Strathtulloh,VIC,2,87.0,192.0,592.0,6158.0,11697.0,12885.0,12293.0,2076.52,6727.0,109.24,1188.0,10.16,,,,SRC-ABS-SA2-ERP-2025,ASGS Edition 3 (2021)
213041573,Eynesbury - Exford,VIC,2,81.0,501.0,2443.0,3020.0,3909.0,4309.0,1866.0,76.38,1289.0,42.68,400.0,10.23,,,,SRC-ABS-SA2-ERP-2025,ASGS Edition 3 (2021)
213041574,Fraser Rise - Plumpton,VIC,2,264.0,433.0,3098.0,8767.0,20675.0,24739.0,21641.0,698.55,15972.0,182.18,4064.0,19.66,,,,SRC-ABS-SA2-ERP-2025,ASGS Edition 3 (2021)
213041575,Hillside,VIC,2,8166.0,15468.0,16499.0,16495.0,16093.0,16173.0,-326.0,-1.98,-322.0,-1.95,80.0,0.5,,,,SRC-ABS-SA2-ERP-2025,ASGS Edition 3 (2021)
213041576,Kurunjang - Toolern Vale,VIC,2,6108.0,9973.0,11059.0,11979.0,12031.0,12082.0,1023.0,9.25,103.0,0.86,51.0,0.42,,,,SRC-ABS-SA2-ERP-2025,ASGS Edition 3 (2021)
213041577,Melton,VIC,2,8015.0,7740.0,8183.0,8261.0,8017.0,8007.0,-176.0,-2.15,-254.0,-3.07,-10.0,-0.12,,,,SRC-ABS-SA2-ERP-2025,ASGS Edition 3 (2021)
213041578,Melton South - Weir Views,VIC,2,9418.0,8689.0,10720.0,15664.0,21641.0,22821.0,12101.0,112.88,7157.0,45.69,1180.0,5.45,,,,SRC-ABS-SA2-ERP-2025,ASGS Edition 3 (2021)
213051361,Hoppers Crossing - North,VIC,2,17670.0,19591.0,20034.0,19405.0,18353.0,18359.0,-1675.0,-8.36,-1046.0,-5.39,6.0,0.03,,,,SRC-ABS-SA2-ERP-2025,ASGS Edition 3 (2021)
213051362,Hoppers Crossing - South,VIC,2,20360.0,19241.0,20001.0,19933.0,18879.0,18906.0,-1095.0,-5.47,-1027.0,-5.15,27.0,0.14,,,,SRC-ABS-SA2-ERP-2025,ASGS Edition 3 (2021)
213051363,Laverton,VIC,2,4750.0,5130.0,8334.0,11972.0,12672.0,12816.0,4482.0,53.78,844.0,7.05,144.0,1.14,,,,SRC-ABS-SA2-ERP-2025,ASGS Edition 3 (2021)
213051368,Werribee - South,VIC,2,9744.0,10743.0,11491.0,16350.0,17866.0,17936.0,6445.0,56.09,1586.0,9.7,70.0,0.39,,,,SRC-ABS-SA2-ERP-2025,ASGS Edition 3 (2021)
213051464,Point Cook - East,VIC,2,808.0,6308.0,11567.0,19135.0,21396.0,21797.0,10230.0,88.44,2662.0,13.91,401.0,1.87,,,,SRC-ABS-SA2-ERP-2025,ASGS Edition 3 (2021)
213051466,Point Cook - South,VIC,2,38.0,4182.0,13366.0,19372.0,20490.0,20835.0,7469.0,55.88,1463.0,7.55,345.0,1.68,,,,SRC-ABS-SA2-ERP-2025,ASGS Edition 3 (2021)
213051467,Werribee - East,VIC,2,16074.0,19454.0,20378.0,20186.0,19040.0,19205.0,-1173.0,-5.76,-981.0,-4.86,165.0,0.87,,,,SRC-ABS-SA2-ERP-2025,ASGS Edition 3 (2021)
213051468,Werribee - West,VIC,2,10547.0,11189.0,11735.0,20235.0,30413.0,32943.0,21208.0,180.72,12708.0,62.8,2530.0,8.32,,,,SRC-ABS-SA2-ERP-2025,ASGS Edition 3 (2021)
213051579,Manor Lakes - Quandong,VIC,2,30.0,3059.0,6151.0,10023.0,12519.0,13667.0,7516.0,122.19,3644.0,36.36,1148.0,9.17,,,,SRC-ABS-SA2-ERP-2025,ASGS Edition 3 (2021)
213051580,Point Cook - North East,VIC,2,1110.0,13103.0,14830.0,14973.0,14749.0,14746.0,-84.0,-0.57,-227.0,-1.52,-3.0,-0.02,,,,SRC-ABS-SA2-ERP-2025,ASGS Edition 3 (2021)
213051581,Point Cook - North West,VIC,2,123.0,5500.0,8763.0,9798.0,10107.0,10151.0,1388.0,15.84,353.0,3.6,44.0,0.44,,,,SRC-ABS-SA2-ERP-2025,ASGS Edition 3 (2021)
213051582,Tarneit (West) - Mount Cottrell,VIC,2,74.0,318.0,298.0,7364.0,17068.0,19169.0,18871.0,6332.55,11805.0,160.31,2101.0,12.31,,,,SRC-ABS-SA2-ERP-2025,ASGS Edition 3 (2021)
213051583,Tarneit - Central,VIC,2,877.0,12913.0,23613.0,28306.0,29337.0,29246.0,5633.0,23.86,940.0,3.32,-91.0,-0.31,,,,SRC-ABS-SA2-ERP-2025,ASGS Edition 3 (2021)
213051584,Tarneit - North,VIC,2,49.0,240.0,202.0,5655.0,13406.0,15880.0,15678.0,7761.39,10225.0,180.81,2474.0,18.45,,,,SRC-ABS-SA2-ERP-2025,ASGS Edition 3 (2021)
213051585,Tarneit - South,VIC,2,418.0,6161.0,9486.0,11515.0,11637.0,11864.0,2378.0,25.07,349.0,3.03,227.0,1.95,,,,SRC-ABS-SA2-ERP-2025,ASGS Edition 3 (2021)
213051586,Truganina - North,VIC,2,188.0,818.0,1056.0,7904.0,14210.0,15384.0,14328.0,1356.82,7480.0,94.64,1174.0,8.26,,,,SRC-ABS-SA2-ERP-2025,ASGS Edition 3 (2021)
213051587,Truganina - South East,VIC,2,79.0,1939.0,4837.0,9090.0,10633.0,10846.0,6009.0,124.23,1756.0,19.32,213.0,2.0,,,,SRC-ABS-SA2-ERP-2025,ASGS Edition 3 (2021)
213051588,Truganina - South West,VIC,2,478.0,6608.0,15577.0,19407.0,20259.0,20395.0,4818.0,30.93,988.0,5.09,136.0,0.67,,,,SRC-ABS-SA2-ERP-2025,ASGS Edition 3 (2021)
213051589,Wyndham Vale - North,VIC,2,1367.0,2626.0,3617.0,7852.0,13052.0,14515.0,10898.0,301.3,6663.0,84.86,1463.0,11.21,,,,SRC-ABS-SA2-ERP-2025,ASGS Edition 3 (2021)
213051590,Wyndham Vale - South,VIC,2,6400.0,10680.0,13345.0,13913.0,14106.0,14135.0,790.0,5.92,222.0,1.6,29.0,0.21,,,,SRC-ABS-SA2-ERP-2025,ASGS Edition 3 (2021)
214011370,Carrum Downs,VIC,2,15419.0,19499.0,21291.0,22391.0,23286.0,23464.0,2173.0,10.21,1073.0,4.79,178.0,0.76,,,,SRC-ABS-SA2-ERP-2025,ASGS Edition 3 (2021)
214011371,Frankston,VIC,2,22188.0,22239.0,23135.0,24264.0,24736.0,25043.0,1908.0,8.25,779.0,3.21,307.0,1.24,,,,SRC-ABS-SA2-ERP-2025,ASGS Edition 3 (2021)
214011372,Frankston North,VIC,2,20230.0,19581.0,19827.0,19973.0,19791.0,19794.0,-33.0,-0.17,-179.0,-0.9,3.0,0.02,,,,SRC-ABS-SA2-ERP-2025,ASGS Edition 3 (2021)
214011373,Frankston South,VIC,2,17131.0,18176.0,18793.0,19182.0,19184.0,19374.0,581.0,3.09,192.0,1.0,190.0,0.99,,,,SRC-ABS-SA2-ERP-2025,ASGS Edition 3 (2021)
214011374,Langwarrin,VIC,2,18750.0,23095.0,24357.0,25259.0,25697.0,25788.0,1431.0,5.88,529.0,2.09,91.0,0.35,,,,SRC-ABS-SA2-ERP-2025,ASGS Edition 3 (2021)
214011375,Seaford (Vic.),VIC,2,16257.0,16516.0,17046.0,17443.0,18024.0,18305.0,1259.0,7.39,862.0,4.94,281.0,1.56,,,,SRC-ABS-SA2-ERP-2025,ASGS Edition 3 (2021)
214011376,Skye - Sandhurst,VIC,2,3331.0,9946.0,13341.0,13679.0,13573.0,13601.0,260.0,1.95,-78.0,-0.57,28.0,0.21,,,,SRC-ABS-SA2-ERP-2025,ASGS Edition 3 (2021)
214021377,Dromana,VIC,2,8455.0,9249.0,10785.0,13175.0,13756.0,13925.0,3140.0,29.11,750.0,5.69,169.0,1.23,,,,SRC-ABS-SA2-ERP-2025,ASGS Edition 3 (2021)
214021378,Flinders,VIC,2,5811.0,5668.0,5604.0,5957.0,6030.0,6064.0,460.0,8.21,107.0,1.8,34.0,0.56,,,,SRC-ABS-SA2-ERP-2025,ASGS Edition 3 (2021)
214021379,Hastings - Somers,VIC,2,17831.0,20729.0,22524.0,24194.0,23769.0,23795.0,1271.0,5.64,-399.0,-1.65,26.0,0.11,,,,SRC-ABS-SA2-ERP-2025,ASGS Edition 3 (2021)
214021381,Mount Eliza,VIC,2,17056.0,17824.0,18471.0,19139.0,18982.0,19110.0,639.0,3.46,-29.0,-0.15,128.0,0.67,,,,SRC-ABS-SA2-ERP-2025,ASGS Edition 3 (2021)
214021382,Mount Martha,VIC,2,12493.0,17332.0,19071.0,20076.0,20116.0,20161.0,1090.0,5.72,85.0,0.42,45.0,0.22,,,,SRC-ABS-SA2-ERP-2025,ASGS Edition 3 (2021)
214021383,Point Nepean,VIC,2,15820.0,16662.0,17731.0,19649.0,20222.0,20574.0,2843.0,16.03,925.0,4.71,352.0,1.74,,,,SRC-ABS-SA2-ERP-2025,ASGS Edition 3 (2021)
214021384,Rosebud - McCrae,VIC,2,18458.0,19966.0,21327.0,22938.0,23205.0,23508.0,2181.0,10.23,570.0,2.48,303.0,1.31,,,,SRC-ABS-SA2-ERP-2025,ASGS Edition 3 (2021)
214021385,Somerville,VIC,2,16532.0,17948.0,18685.0,18795.0,18921.0,19098.0,413.0,2.21,303.0,1.61,177.0,0.94,,,,SRC-ABS-SA2-ERP-2025,ASGS Edition 3 (2021)
214021591,Mornington - East,VIC,2,10837.0,14083.0,14885.0,15544.0,15062.0,15082.0,197.0,1.32,-462.0,-2.97,20.0,0.13,,,,SRC-ABS-SA2-ERP-2025,ASGS Edition 3 (2021)
214021592,Mornington - West,VIC,2,8281.0,9081.0,9748.0,10719.0,10794.0,10900.0,1152.0,11.82,181.0,1.69,106.0,0.98,,,,SRC-ABS-SA2-ERP-2025,ASGS Edition 3 (2021)
215011386,Ararat,VIC,2,8150.0,8161.0,8324.0,8552.0,8288.0,8399.0,75.0,0.9,-153.0,-1.79,111.0,1.34,,,,SRC-ABS-SA2-ERP-2025,ASGS Edition 3 (2021)
215011387,Ararat Surrounds,VIC,2,3183.0,2995.0,3163.0,3187.0,3154.0,3181.0,18.0,0.57,-6.0,-0.19,27.0,0.86,,,,SRC-ABS-SA2-ERP-2025,ASGS Edition 3 (2021)
215011388,Horsham,VIC,2,14767.0,15918.0,16363.0,16942.0,16882.0,16882.0,519.0,3.17,-60.0,-0.35,0.0,0.0,,,,SRC-ABS-SA2-ERP-2025,ASGS Edition 3 (2021)
215011389,Horsham Surrounds,VIC,2,3565.0,3498.0,3451.0,3469.0,3424.0,3399.0,-52.0,-1.51,-70.0,-2.02,-25.0,-0.73,,,,SRC-ABS-SA2-ERP-2025,ASGS Edition 3 (2021)
215011390,Nhill Region,VIC,2,7998.0,7380.0,7023.0,6898.0,6687.0,6698.0,-325.0,-4.63,-200.0,-2.9,11.0,0.16,,,,SRC-ABS-SA2-ERP-2025,ASGS Edition 3 (2021)
215011391,St Arnaud,VIC,2,4075.0,3658.0,3413.0,3427.0,3384.0,3394.0,-19.0,-0.56,-33.0,-0.96,10.0,0.3,,,,SRC-ABS-SA2-ERP-2025,ASGS Edition 3 (2021)
215011392,Stawell,VIC,2,8778.0,8466.0,8239.0,8387.0,8369.0,8438.0,199.0,2.42,51.0,0.61,69.0,0.82,,,,SRC-ABS-SA2-ERP-2025,ASGS Edition 3 (2021)
215011393,West Wimmera,VIC,2,3353.0,2974.0,2780.0,2787.0,2645.0,2656.0,-124.0,-4.46,-131.0,-4.7,11.0,0.42,,,,SRC-ABS-SA2-ERP-2025,ASGS Edition 3 (2021)
215011394,Yarriambiack,VIC,2,8114.0,7248.0,6775.0,6583.0,6252.0,6246.0,-529.0,-7.81,-337.0,-5.12,-6.0,-0.1,,,,SRC-ABS-SA2-ERP-2025,ASGS Edition 3 (2021)
215021395,Irymple,VIC,2,6263.0,6597.0,6887.0,7510.0,7899.0,8079.0,1192.0,17.31,569.0,7.58,180.0,2.28,,,,SRC-ABS-SA2-ERP-2025,ASGS Edition 3 (2021)
215021396,Merbein,VIC,2,4834.0,4682.0,4767.0,5002.0,4916.0,4971.0,204.0,4.28,-31.0,-0.62,55.0,1.12,,,,SRC-ABS-SA2-ERP-2025,ASGS Edition 3 (2021)
215021398,Mildura Surrounds,VIC,2,4564.0,3923.0,3770.0,3736.0,3775.0,3779.0,9.0,0.24,43.0,1.15,4.0,0.11,,,,SRC-ABS-SA2-ERP-2025,ASGS Edition 3 (2021)
215021399,Red Cliffs,VIC,2,5887.0,5479.0,5855.0,6210.0,6043.0,6055.0,200.0,3.42,-155.0,-2.5,12.0,0.2,,,,SRC-ABS-SA2-ERP-2025,ASGS Edition 3 (2021)
215021469,Mildura - North,VIC,2,17206.0,17438.0,18262.0,18491.0,17965.0,17718.0,-544.0,-2.98,-773.0,-4.18,-247.0,-1.37,,,,SRC-ABS-SA2-ERP-2025,ASGS Edition 3 (2021)
215021470,Mildura - South,VIC,2,10111.0,13506.0,14615.0,16386.0,16536.0,16707.0,2092.0,14.31,321.0,1.96,171.0,1.03,,,,SRC-ABS-SA2-ERP-2025,ASGS Edition 3 (2021)
215031400,Buloke,VIC,2,7223.0,6616.0,6307.0,6160.0,5925.0,5891.0,-416.0,-6.6,-269.0,-4.37,-34.0,-0.57,,,,SRC-ABS-SA2-ERP-2025,ASGS Edition 3 (2021)
215031401,Gannawarra,VIC,2,7625.0,6713.0,6628.0,6624.0,6527.0,6522.0,-106.0,-1.6,-102.0,-1.54,-5.0,-0.08,,,,SRC-ABS-SA2-ERP-2025,ASGS Edition 3 (2021)
215031402,Kerang,VIC,2,4230.0,4006.0,3900.0,3946.0,3806.0,3784.0,-116.0,-2.97,-162.0,-4.11,-22.0,-0.58,,,,SRC-ABS-SA2-ERP-2025,ASGS Edition 3 (2021)
215031403,Robinvale,VIC,2,3709.0,3671.0,3412.0,3769.0,3691.0,3749.0,337.0,9.88,-20.0,-0.53,58.0,1.57,,,,SRC-ABS-SA2-ERP-2025,ASGS Edition 3 (2021)
215031404,Swan Hill,VIC,2,10077.0,10536.0,11022.0,11278.0,10781.0,10747.0,-275.0,-2.5,-531.0,-4.71,-34.0,-0.32,,,,SRC-ABS-SA2-ERP-2025,ASGS Edition 3 (2021)
215031405,Swan Hill Surrounds,VIC,2,7254.0,6754.0,6466.0,6453.0,6460.0,6467.0,1.0,0.02,14.0,0.22,7.0,0.11,,,,SRC-ABS-SA2-ERP-2025,ASGS Edition 3 (2021)
216011406,Echuca,VIC,2,12544.0,14278.0,14776.0,15437.0,15437.0,15357.0,581.0,3.93,-80.0,-0.52,-80.0,-0.52,,,,SRC-ABS-SA2-ERP-2025,ASGS Edition 3 (2021)
216011407,Kyabram,VIC,2,11000.0,10855.0,11001.0,11134.0,10836.0,10838.0,-163.0,-1.48,-296.0,-2.66,2.0,0.02,,,,SRC-ABS-SA2-ERP-2025,ASGS Edition 3 (2021)
216011408,Lockington - Gunbower,VIC,2,4370.0,3935.0,3837.0,3863.0,3932.0,3950.0,113.0,2.95,87.0,2.25,18.0,0.46,,,,SRC-ABS-SA2-ERP-2025,ASGS Edition 3 (2021)
216011409,Rochester,VIC,2,3687.0,3872.0,3887.0,3973.0,3683.0,3691.0,-196.0,-5.04,-282.0,-7.1,8.0,0.22,,,,SRC-ABS-SA2-ERP-2025,ASGS Edition 3 (2021)
216011410,Rushworth,VIC,2,4429.0,4200.0,4084.0,4129.0,4179.0,4210.0,126.0,3.09,81.0,1.96,31.0,0.74,,,,SRC-ABS-SA2-ERP-2025,ASGS Edition 3 (2021)
216021411,Cobram,VIC,2,5747.0,6287.0,6399.0,6481.0,6549.0,6626.0,227.0,3.55,145.0,2.24,77.0,1.18,,,,SRC-ABS-SA2-ERP-2025,ASGS Edition 3 (2021)
216021412,Moira,VIC,2,2776.0,2627.0,2613.0,2785.0,2836.0,2841.0,228.0,8.73,56.0,2.01,5.0,0.18,,,,SRC-ABS-SA2-ERP-2025,ASGS Edition 3 (2021)
216021413,Numurkah,VIC,2,12397.0,12436.0,12420.0,12524.0,12438.0,12446.0,26.0,0.21,-78.0,-0.62,8.0,0.06,,,,SRC-ABS-SA2-ERP-2025,ASGS Edition 3 (2021)
216021414,Yarrawonga,VIC,2,5484.0,6981.0,7856.0,8508.0,8818.0,8953.0,1097.0,13.96,445.0,5.23,135.0,1.53,,,,SRC-ABS-SA2-ERP-2025,ASGS Edition 3 (2021)
216031415,Mooroopna,VIC,2,7727.0,8001.0,8010.0,8340.0,8267.0,8391.0,381.0,4.76,51.0,0.61,124.0,1.5,,,,SRC-ABS-SA2-ERP-2025,ASGS Edition 3 (2021)
216031416,Shepparton - North,VIC,2,16027.0,17293.0,18810.0,20099.0,20210.0,20312.0,1502.0,7.99,213.0,1.06,102.0,0.5,,,,SRC-ABS-SA2-ERP-2025,ASGS Edition 3 (2021)
216031418,Shepparton Surrounds - East,VIC,2,4206.0,4001.0,3895.0,4011.0,4037.0,4055.0,160.0,4.11,44.0,1.1,18.0,0.45,,,,SRC-ABS-SA2-ERP-2025,ASGS Edition 3 (2021)
216031419,Shepparton Surrounds - West,VIC,2,9964.0,9993.0,10241.0,10360.0,10349.0,10346.0,105.0,1.03,-14.0,-0.14,-3.0,-0.03,,,,SRC-ABS-SA2-ERP-2025,ASGS Edition 3 (2021)
216031593,Kialla,VIC,2,4224.0,6261.0,7213.0,8758.0,10058.0,10295.0,3082.0,42.73,1537.0,17.55,237.0,2.36,,,,SRC-ABS-SA2-ERP-2025,ASGS Edition 3 (2021)
216031594,Shepparton - South East,VIC,2,14857.0,15513.0,16128.0,16706.0,16404.0,16334.0,206.0,1.28,-372.0,-2.23,-70.0,-0.43,,,,SRC-ABS-SA2-ERP-2025,ASGS Edition 3 (2021)
217011420,Glenelg (Vic.),VIC,2,9303.0,9068.0,8765.0,8852.0,8769.0,8773.0,8.0,0.09,-79.0,-0.89,4.0,0.05,,,,SRC-ABS-SA2-ERP-2025,ASGS Edition 3 (2021)
217011421,Hamilton (Vic.),VIC,2,10266.0,10344.0,10080.0,10348.0,10271.0,10299.0,219.0,2.17,-49.0,-0.47,28.0,0.27,,,,SRC-ABS-SA2-ERP-2025,ASGS Edition 3 (2021)
217011422,Portland,VIC,2,10746.0,10856.0,10919.0,11198.0,11116.0,11124.0,205.0,1.88,-74.0,-0.66,8.0,0.07,,,,SRC-ABS-SA2-ERP-2025,ASGS Edition 3 (2021)
217011423,Southern Grampians,VIC,2,6728.0,6495.0,6184.0,6220.0,6203.0,6205.0,21.0,0.34,-15.0,-0.24,2.0,0.03,,,,SRC-ABS-SA2-ERP-2025,ASGS Edition 3 (2021)
217031471,Camperdown,VIC,2,3661.0,3506.0,3516.0,3497.0,3367.0,3356.0,-160.0,-4.55,-141.0,-4.03,-11.0,-0.33,,,,SRC-ABS-SA2-ERP-2025,ASGS Edition 3 (2021)
217031472,Colac,VIC,2,11432.0,11888.0,12337.0,12775.0,12606.0,12558.0,221.0,1.79,-217.0,-1.7,-48.0,-0.38,,,,SRC-ABS-SA2-ERP-2025,ASGS Edition 3 (2021)
217031473,Colac Surrounds,VIC,2,5829.0,5520.0,5381.0,5600.0,5667.0,5670.0,289.0,5.37,70.0,1.25,3.0,0.05,,,,SRC-ABS-SA2-ERP-2025,ASGS Edition 3 (2021)
217031474,Corangamite - North,VIC,2,5742.0,5496.0,5434.0,5359.0,5222.0,5201.0,-233.0,-4.29,-158.0,-2.95,-21.0,-0.4,,,,SRC-ABS-SA2-ERP-2025,ASGS Edition 3 (2021)
217031475,Corangamite - South,VIC,2,7914.0,7509.0,7306.0,7200.0,7111.0,7089.0,-217.0,-2.97,-111.0,-1.54,-22.0,-0.31,,,,SRC-ABS-SA2-ERP-2025,ASGS Edition 3 (2021)
217031476,Otway,VIC,2,3452.0,3460.0,3538.0,3911.0,3926.0,3974.0,436.0,12.32,63.0,1.61,48.0,1.22,,,,SRC-ABS-SA2-ERP-2025,ASGS Edition 3 (2021)
217041477,Moyne - East,VIC,2,6718.0,6739.0,6716.0,6883.0,7097.0,7136.0,420.0,6.25,253.0,3.68,39.0,0.55,,,,SRC-ABS-SA2-ERP-2025,ASGS Edition 3 (2021)
217041478,Moyne - West,VIC,2,8317.0,8965.0,9467.0,9859.0,10177.0,10246.0,779.0,8.23,387.0,3.93,69.0,0.68,,,,SRC-ABS-SA2-ERP-2025,ASGS Edition 3 (2021)
217041479,Warrnambool - North,VIC,2,17053.0,19634.0,21217.0,22416.0,22841.0,23099.0,1882.0,8.87,683.0,3.05,258.0,1.13,,,,SRC-ABS-SA2-ERP-2025,ASGS Edition 3 (2021)
217041480,Warrnambool - South,VIC,2,12506.0,13057.0,13150.0,13346.0,13507.0,13590.0,440.0,3.35,244.0,1.83,83.0,0.61,,,,SRC-ABS-SA2-ERP-2025,ASGS Edition 3 (2021)
301011001,Alexandra Hills,QLD,3,17650.0,17255.0,17029.0,17002.0,17225.0,17361.0,332.0,1.95,359.0,2.11,136.0,0.79,,,,SRC-ABS-SA2-ERP-2025,ASGS Edition 3 (2021)
301011002,Belmont - Gumdale,QLD,3,6618.0,7682.0,7776.0,7666.0,7904.0,7965.0,189.0,2.43,299.0,3.9,61.0,0.77,,,,SRC-ABS-SA2-ERP-2025,ASGS Edition 3 (2021)
301011003,Birkdale,QLD,3,13568.0,14803.0,15367.0,15501.0,15897.0,16024.0,657.0,4.28,523.0,3.37,127.0,0.8,,,,SRC-ABS-SA2-ERP-2025,ASGS Edition 3 (2021)
301011004,Capalaba,QLD,3,17494.0,17495.0,18044.0,18748.0,19118.0,19277.0,1233.0,6.83,529.0,2.82,159.0,0.83,,,,SRC-ABS-SA2-ERP-2025,ASGS Edition 3 (2021)
301011005,Thorneside,QLD,3,3446.0,3615.0,3827.0,3942.0,4024.0,4020.0,193.0,5.04,78.0,1.98,-4.0,-0.1,,,,SRC-ABS-SA2-ERP-2025,ASGS Edition 3 (2021)
301011006,Wellington Point,QLD,3,8478.0,11254.0,11980.0,12178.0,12300.0,12391.0,411.0,3.43,213.0,1.75,91.0,0.74,,,,SRC-ABS-SA2-ERP-2025,ASGS Edition 3 (2021)
301021007,Cleveland,QLD,3,13043.0,14807.0,15248.0,15895.0,16755.0,16952.0,1704.0,11.18,1057.0,6.65,197.0,1.18,,,,SRC-ABS-SA2-ERP-2025,ASGS Edition 3 (2021)
301021008,Ormiston,QLD,3,5146.0,5801.0,5997.0,6334.0,6910.0,7042.0,1045.0,17.43,708.0,11.18,132.0,1.91,,,,SRC-ABS-SA2-ERP-2025,ASGS Edition 3 (2021)
301021009,Redland Bay,QLD,3,7007.0,13698.0,15544.0,17845.0,19550.0,20283.0,4739.0,30.49,2438.0,13.66,733.0,3.75,,,,SRC-ABS-SA2-ERP-2025,ASGS Edition 3 (2021)
301021011,Sheldon - Mount Cotton,QLD,3,4392.0,6395.0,7923.0,8426.0,8698.0,8742.0,819.0,10.34,316.0,3.75,44.0,0.51,,,,SRC-ABS-SA2-ERP-2025,ASGS Edition 3 (2021)
301021012,Thornlands,QLD,3,7544.0,13043.0,14421.0,18798.0,21439.0,21863.0,7442.0,51.61,3065.0,16.3,424.0,1.98,,,,SRC-ABS-SA2-ERP-2025,ASGS Edition 3 (2021)
301021013,Victoria Point,QLD,3,12036.0,15000.0,15470.0,15377.0,15815.0,16134.0,664.0,4.29,757.0,4.92,319.0,2.02,,,,SRC-ABS-SA2-ERP-2025,ASGS Edition 3 (2021)
301021550,North Stradbroke Island,QLD,3,2171.0,2088.0,2161.0,2168.0,2259.0,2276.0,115.0,5.32,108.0,4.98,17.0,0.75,,,,SRC-ABS-SA2-ERP-2025,ASGS Edition 3 (2021)
301021551,Southern Moreton Bay Islands,QLD,3,3857.0,6298.0,7096.0,8204.0,9950.0,10466.0,3370.0,47.49,2262.0,27.57,516.0,5.19,,,,SRC-ABS-SA2-ERP-2025,ASGS Edition 3 (2021)
301031014,Brisbane Port - Lytton,QLD,3,7.0,8.0,9.0,10.0,10.0,10.0,1.0,11.11,0.0,0.0,0.0,0.0,,,,SRC-ABS-SA2-ERP-2025,ASGS Edition 3 (2021)
301031015,Manly - Lota,QLD,3,6484.0,7361.0,7623.0,8029.0,8230.0,8319.0,696.0,9.13,290.0,3.61,89.0,1.08,,,,SRC-ABS-SA2-ERP-2025,ASGS Edition 3 (2021)
301031016,Manly West,QLD,3,9207.0,10915.0,11719.0,12026.0,12311.0,12380.0,661.0,5.64,354.0,2.94,69.0,0.56,,,,SRC-ABS-SA2-ERP-2025,ASGS Edition 3 (2021)
301031017,Murarrie,QLD,3,2814.0,4097.0,4304.0,4774.0,5149.0,5204.0,900.0,20.91,430.0,9.01,55.0,1.07,,,,SRC-ABS-SA2-ERP-2025,ASGS Edition 3 (2021)
301031018,Tingalpa,QLD,3,7964.0,8737.0,9046.0,9110.0,9308.0,9404.0,358.0,3.96,294.0,3.23,96.0,1.03,,,,SRC-ABS-SA2-ERP-2025,ASGS Edition 3 (2021)
301031019,Wakerley,QLD,3,1519.0,7374.0,9366.0,9672.0,9805.0,9865.0,499.0,5.33,193.0,2.0,60.0,0.61,,,,SRC-ABS-SA2-ERP-2025,ASGS Edition 3 (2021)
301031020,Wynnum,QLD,3,11037.0,12715.0,13644.0,14585.0,15253.0,15505.0,1861.0,13.64,920.0,6.31,252.0,1.65,,,,SRC-ABS-SA2-ERP-2025,ASGS Edition 3 (2021)
301031021,Wynnum West - Hemmant,QLD,3,12770.0,14699.0,15334.0,15825.0,16762.0,17027.0,1693.0,11.04,1202.0,7.6,265.0,1.58,,,,SRC-ABS-SA2-ERP-2025,ASGS Edition 3 (2021)
302011022,Bald Hills,QLD,3,5675.0,7143.0,7483.0,7866.0,8362.0,8412.0,929.0,12.41,546.0,6.94,50.0,0.6,,,,SRC-ABS-SA2-ERP-2025,ASGS Edition 3 (2021)
302011023,Bridgeman Downs,QLD,3,6140.0,7924.0,8344.0,10177.0,11655.0,11888.0,3544.0,42.47,1711.0,16.81,233.0,2.0,,,,SRC-ABS-SA2-ERP-2025,ASGS Edition 3 (2021)
302011024,Carseldine,QLD,3,6296.0,7814.0,9255.0,9980.0,10304.0,10472.0,1217.0,13.15,492.0,4.93,168.0,1.63,,,,SRC-ABS-SA2-ERP-2025,ASGS Edition 3 (2021)
302011025,Everton Park,QLD,3,7865.0,8549.0,9120.0,10041.0,10978.0,11303.0,2183.0,23.94,1262.0,12.57,325.0,2.96,,,,SRC-ABS-SA2-ERP-2025,ASGS Edition 3 (2021)
302011026,McDowall,QLD,3,6691.0,7367.0,7847.0,7993.0,8580.0,8886.0,1039.0,13.24,893.0,11.17,306.0,3.57,,,,SRC-ABS-SA2-ERP-2025,ASGS Edition 3 (2021)
302021027,Aspley,QLD,3,11880.0,12784.0,12754.0,13107.0,13616.0,13789.0,1035.0,8.12,682.0,5.2,173.0,1.27,,,,SRC-ABS-SA2-ERP-2025,ASGS Edition 3 (2021)
302021028,Chermside,QLD,3,6052.0,8058.0,9364.0,11453.0,12482.0,12811.0,3447.0,36.81,1358.0,11.86,329.0,2.64,,,,SRC-ABS-SA2-ERP-2025,ASGS Edition 3 (2021)
302021029,Chermside West,QLD,3,6069.0,6383.0,6481.0,6759.0,7008.0,7050.0,569.0,8.78,291.0,4.31,42.0,0.6,,,,SRC-ABS-SA2-ERP-2025,ASGS Edition 3 (2021)
302021030,Geebung,QLD,3,4248.0,4438.0,4518.0,4600.0,4639.0,4655.0,137.0,3.03,55.0,1.2,16.0,0.34,,,,SRC-ABS-SA2-ERP-2025,ASGS Edition 3 (2021)
302021031,Kedron - Gordon Park,QLD,3,11253.0,12942.0,14060.0,14669.0,15475.0,15654.0,1594.0,11.34,985.0,6.71,179.0,1.16,,,,SRC-ABS-SA2-ERP-2025,ASGS Edition 3 (2021)
302021032,Stafford,QLD,3,5554.0,6166.0,6758.0,7008.0,7373.0,7421.0,663.0,9.81,413.0,5.89,48.0,0.65,,,,SRC-ABS-SA2-ERP-2025,ASGS Edition 3 (2021)
302021033,Stafford Heights,QLD,3,7078.0,6974.0,7064.0,7275.0,7314.0,7356.0,292.0,4.13,81.0,1.11,42.0,0.57,,,,SRC-ABS-SA2-ERP-2025,ASGS Edition 3 (2021)
302021034,Wavell Heights,QLD,3,8723.0,9663.0,10140.0,10447.0,11106.0,11227.0,1087.0,10.72,780.0,7.47,121.0,1.09,,,,SRC-ABS-SA2-ERP-2025,ASGS Edition 3 (2021)
302031035,Boondall,QLD,3,8255.0,9000.0,9585.0,9709.0,10267.0,10430.0,845.0,8.82,721.0,7.43,163.0,1.59,,,,SRC-ABS-SA2-ERP-2025,ASGS Edition 3 (2021)
302031036,Brisbane Airport,QLD,3,57.0,92.0,113.0,127.0,131.0,131.0,18.0,15.93,4.0,3.15,0.0,0.0,,,,SRC-ABS-SA2-ERP-2025,ASGS Edition 3 (2021)
302031037,Eagle Farm - Pinkenba,QLD,3,315.0,289.0,749.0,1897.0,2500.0,2746.0,1997.0,266.62,849.0,44.75,246.0,9.84,,,,SRC-ABS-SA2-ERP-2025,ASGS Edition 3 (2021)
302031038,Northgate - Virginia,QLD,3,5631.0,6431.0,6884.0,7182.0,7461.0,7591.0,707.0,10.27,409.0,5.69,130.0,1.74,,,,SRC-ABS-SA2-ERP-2025,ASGS Edition 3 (2021)
302031039,Nudgee - Banyo,QLD,3,7099.0,8779.0,9831.0,10831.0,11649.0,11757.0,1926.0,19.59,926.0,8.55,108.0,0.93,,,,SRC-ABS-SA2-ERP-2025,ASGS Edition 3 (2021)
302031040,Nundah,QLD,3,8233.0,10576.0,12349.0,13515.0,14570.0,14812.0,2463.0,19.94,1297.0,9.6,242.0,1.66,,,,SRC-ABS-SA2-ERP-2025,ASGS Edition 3 (2021)
302041041,Bracken Ridge,QLD,3,14374.0,17344.0,17565.0,17864.0,18616.0,18847.0,1282.0,7.3,983.0,5.5,231.0,1.24,,,,SRC-ABS-SA2-ERP-2025,ASGS Edition 3 (2021)
302041042,Brighton (Qld),QLD,3,8725.0,9247.0,9750.0,9854.0,10097.0,10213.0,463.0,4.75,359.0,3.64,116.0,1.15,,,,SRC-ABS-SA2-ERP-2025,ASGS Edition 3 (2021)
302041043,Deagon,QLD,3,3197.0,3498.0,3741.0,3862.0,3972.0,4034.0,293.0,7.83,172.0,4.45,62.0,1.56,,,,SRC-ABS-SA2-ERP-2025,ASGS Edition 3 (2021)
302041044,Sandgate - Shorncliffe,QLD,3,6048.0,6750.0,7028.0,6939.0,6952.0,6975.0,-53.0,-0.75,36.0,0.52,23.0,0.33,,,,SRC-ABS-SA2-ERP-2025,ASGS Edition 3 (2021)
302041045,Taigum - Fitzgibbon,QLD,3,6513.0,8902.0,11725.0,14221.0,15192.0,15445.0,3720.0,31.73,1224.0,8.61,253.0,1.67,,,,SRC-ABS-SA2-ERP-2025,ASGS Edition 3 (2021)
302041046,Zillmere,QLD,3,7554.0,8158.0,9204.0,9524.0,10029.0,10132.0,928.0,10.08,608.0,6.38,103.0,1.03,,,,SRC-ABS-SA2-ERP-2025,ASGS Edition 3 (2021)
303011047,Camp Hill,QLD,3,9511.0,10737.0,11549.0,12224.0,12911.0,13067.0,1518.0,13.14,843.0,6.9,156.0,1.21,,,,SRC-ABS-SA2-ERP-2025,ASGS Edition 3 (2021)
303011048,Cannon Hill,QLD,3,3918.0,4738.0,5675.0,6837.0,7623.0,7746.0,2071.0,36.49,909.0,13.3,123.0,1.61,,,,SRC-ABS-SA2-ERP-2025,ASGS Edition 3 (2021)
303011049,Carina,QLD,3,8396.0,10467.0,11333.0,12001.0,12691.0,12897.0,1564.0,13.8,896.0,7.47,206.0,1.62,,,,SRC-ABS-SA2-ERP-2025,ASGS Edition 3 (2021)
303011050,Carina Heights,QLD,3,5734.0,6290.0,6715.0,6977.0,7398.0,7500.0,785.0,11.69,523.0,7.5,102.0,1.38,,,,SRC-ABS-SA2-ERP-2025,ASGS Edition 3 (2021)
303011051,Carindale,QLD,3,14631.0,16196.0,16354.0,16905.0,17355.0,17402.0,1048.0,6.41,497.0,2.94,47.0,0.27,,,,SRC-ABS-SA2-ERP-2025,ASGS Edition 3 (2021)
303021052,Annerley,QLD,3,9020.0,11046.0,12021.0,12306.0,12969.0,13137.0,1116.0,9.28,831.0,6.75,168.0,1.3,,,,SRC-ABS-SA2-ERP-2025,ASGS Edition 3 (2021)
303021053,Coorparoo,QLD,3,13588.0,15433.0,16457.0,18284.0,18975.0,19140.0,2683.0,16.3,856.0,4.68,165.0,0.87,,,,SRC-ABS-SA2-ERP-2025,ASGS Edition 3 (2021)
303021054,Fairfield - Dutton Park,QLD,3,3499.0,4240.0,4977.0,5233.0,5433.0,5526.0,549.0,11.03,293.0,5.6,93.0,1.71,,,,SRC-ABS-SA2-ERP-2025,ASGS Edition 3 (2021)
303021055,Greenslopes,QLD,3,7493.0,8977.0,9528.0,10714.0,11474.0,11607.0,2079.0,21.82,893.0,8.33,133.0,1.16,,,,SRC-ABS-SA2-ERP-2025,ASGS Edition 3 (2021)
303021056,Holland Park,QLD,3,7314.0,8075.0,8498.0,9037.0,9242.0,9279.0,781.0,9.19,242.0,2.68,37.0,0.4,,,,SRC-ABS-SA2-ERP-2025,ASGS Edition 3 (2021)
303021057,Holland Park West,QLD,3,5328.0,6136.0,6552.0,6584.0,6732.0,6779.0,227.0,3.46,195.0,2.96,47.0,0.7,,,,SRC-ABS-SA2-ERP-2025,ASGS Edition 3 (2021)
303021058,Woolloongabba,QLD,3,3790.0,4787.0,5693.0,8363.0,10049.0,10367.0,4674.0,82.1,2004.0,23.96,318.0,3.16,,,,SRC-ABS-SA2-ERP-2025,ASGS Edition 3 (2021)
303021059,Yeronga,QLD,3,7261.0,8741.0,9687.0,10331.0,10831.0,10950.0,1263.0,13.04,619.0,5.99,119.0,1.1,,,,SRC-ABS-SA2-ERP-2025,ASGS Edition 3 (2021)
303031060,Eight Mile Plains,QLD,3,11083.0,14414.0,15794.0,15735.0,16531.0,16789.0,995.0,6.3,1054.0,6.7,258.0,1.56,,,,SRC-ABS-SA2-ERP-2025,ASGS Edition 3 (2021)
303031061,Macgregor (Qld),QLD,3,5429.0,5788.0,6186.0,6225.0,6619.0,6684.0,498.0,8.05,459.0,7.37,65.0,0.98,,,,SRC-ABS-SA2-ERP-2025,ASGS Edition 3 (2021)
303031062,Mansfield (Qld),QLD,3,8100.0,8779.0,8985.0,9125.0,9280.0,9369.0,384.0,4.27,244.0,2.67,89.0,0.96,,,,SRC-ABS-SA2-ERP-2025,ASGS Edition 3 (2021)
303031063,Mount Gravatt,QLD,3,12715.0,14421.0,15291.0,16144.0,16976.0,17149.0,1858.0,12.15,1005.0,6.23,173.0,1.02,,,,SRC-ABS-SA2-ERP-2025,ASGS Edition 3 (2021)
303031064,Rochedale - Burbank,QLD,3,3804.0,4224.0,5920.0,10315.0,13084.0,13761.0,7841.0,132.45,3446.0,33.41,677.0,5.17,,,,SRC-ABS-SA2-ERP-2025,ASGS Edition 3 (2021)
303031065,Upper Mount Gravatt,QLD,3,7515.0,9085.0,9663.0,11159.0,12064.0,12276.0,2613.0,27.04,1117.0,10.01,212.0,1.76,,,,SRC-ABS-SA2-ERP-2025,ASGS Edition 3 (2021)
303031066,Wishart,QLD,3,9849.0,10823.0,11112.0,11693.0,11900.0,11870.0,758.0,6.82,177.0,1.51,-30.0,-0.25,,,,SRC-ABS-SA2-ERP-2025,ASGS Edition 3 (2021)
303041067,Coopers Plains,QLD,3,4285.0,4744.0,5451.0,5880.0,6269.0,6428.0,977.0,17.92,548.0,9.32,159.0,2.54,,,,SRC-ABS-SA2-ERP-2025,ASGS Edition 3 (2021)
303041068,Moorooka,QLD,3,8649.0,10233.0,10778.0,11128.0,11677.0,11885.0,1107.0,10.27,757.0,6.8,208.0,1.78,,,,SRC-ABS-SA2-ERP-2025,ASGS Edition 3 (2021)
303041069,Robertson,QLD,3,4588.0,5087.0,5410.0,5122.0,5540.0,5745.0,335.0,6.19,623.0,12.16,205.0,3.7,,,,SRC-ABS-SA2-ERP-2025,ASGS Edition 3 (2021)
303041070,Salisbury - Nathan,QLD,3,6571.0,7292.0,7482.0,7682.0,8179.0,8341.0,859.0,11.48,659.0,8.58,162.0,1.98,,,,SRC-ABS-SA2-ERP-2025,ASGS Edition 3 (2021)
303041071,Tarragindi,QLD,3,9239.0,10238.0,11028.0,11082.0,11592.0,11785.0,757.0,6.86,703.0,6.34,193.0,1.66,,,,SRC-ABS-SA2-ERP-2025,ASGS Edition 3 (2021)
303051072,Algester,QLD,3,7006.0,8495.0,8745.0,9110.0,9961.0,10205.0,1460.0,16.7,1095.0,12.02,244.0,2.45,,,,SRC-ABS-SA2-ERP-2025,ASGS Edition 3 (2021)
303051073,Calamvale - Stretton,QLD,3,13102.0,18940.0,21723.0,23310.0,25000.0,25416.0,3693.0,17.0,2106.0,9.03,416.0,1.66,,,,SRC-ABS-SA2-ERP-2025,ASGS Edition 3 (2021)
303051074,Pallara - Willawong,QLD,3,1023.0,3528.0,4719.0,8669.0,15439.0,16586.0,11867.0,251.47,7917.0,91.33,1147.0,7.43,,,,SRC-ABS-SA2-ERP-2025,ASGS Edition 3 (2021)
303051075,Parkinson - Drewvale,QLD,3,6207.0,14778.0,15896.0,16537.0,16992.0,17108.0,1212.0,7.62,571.0,3.45,116.0,0.68,,,,SRC-ABS-SA2-ERP-2025,ASGS Edition 3 (2021)
303051076,Rocklea - Acacia Ridge,QLD,3,8802.0,9135.0,9724.0,9990.0,10005.0,10061.0,337.0,3.47,71.0,0.71,56.0,0.56,,,,SRC-ABS-SA2-ERP-2025,ASGS Edition 3 (2021)
303061077,Kuraby,QLD,3,4740.0,7945.0,8690.0,9214.0,9399.0,9507.0,817.0,9.4,293.0,3.18,108.0,1.15,,,,SRC-ABS-SA2-ERP-2025,ASGS Edition 3 (2021)
303061078,Runcorn,QLD,3,12440.0,13680.0,14954.0,14716.0,15483.0,15762.0,808.0,5.4,1046.0,7.11,279.0,1.8,,,,SRC-ABS-SA2-ERP-2025,ASGS Edition 3 (2021)
303061079,Sunnybank,QLD,3,7895.0,8386.0,9285.0,9390.0,10278.0,10570.0,1285.0,13.84,1180.0,12.57,292.0,2.84,,,,SRC-ABS-SA2-ERP-2025,ASGS Edition 3 (2021)
303061080,Sunnybank Hills,QLD,3,15935.0,17499.0,19013.0,18857.0,19502.0,19742.0,729.0,3.83,885.0,4.69,240.0,1.23,,,,SRC-ABS-SA2-ERP-2025,ASGS Edition 3 (2021)
304011081,Jindalee - Mount Ommaney,QLD,3,7606.0,7618.0,7871.0,7827.0,7861.0,7925.0,54.0,0.69,98.0,1.25,64.0,0.81,,,,SRC-ABS-SA2-ERP-2025,ASGS Edition 3 (2021)
304011082,Middle Park - Jamboree Heights,QLD,3,7577.0,7428.0,7424.0,7216.0,7347.0,7411.0,-13.0,-0.18,195.0,2.7,64.0,0.87,,,,SRC-ABS-SA2-ERP-2025,ASGS Edition 3 (2021)
304011083,Riverhills,QLD,3,3823.0,3997.0,4250.0,4220.0,4257.0,4267.0,17.0,0.4,47.0,1.11,10.0,0.23,,,,SRC-ABS-SA2-ERP-2025,ASGS Edition 3 (2021)
304011084,Seventeen Mile Rocks - Sinnamon Park,QLD,3,6857.0,9778.0,10059.0,9934.0,9908.0,9886.0,-173.0,-1.72,-48.0,-0.48,-22.0,-0.22,,,,SRC-ABS-SA2-ERP-2025,ASGS Edition 3 (2021)
304011085,Westlake,QLD,3,4184.0,4627.0,4616.0,4535.0,4516.0,4502.0,-114.0,-2.47,-33.0,-0.73,-14.0,-0.31,,,,SRC-ABS-SA2-ERP-2025,ASGS Edition 3 (2021)
304021086,Bellbowrie - Moggill,QLD,3,5510.0,9227.0,10325.0,10766.0,11062.0,11211.0,886.0,8.58,445.0,4.13,149.0,1.35,,,,SRC-ABS-SA2-ERP-2025,ASGS Edition 3 (2021)
304021087,Brookfield - Kenmore Hills,QLD,3,6687.0,7214.0,7082.0,7171.0,7208.0,7202.0,120.0,1.69,31.0,0.43,-6.0,-0.08,,,,SRC-ABS-SA2-ERP-2025,ASGS Edition 3 (2021)
304021088,Chapel Hill,QLD,3,10123.0,10576.0,10661.0,10929.0,11165.0,11166.0,505.0,4.74,237.0,2.17,1.0,0.01,,,,SRC-ABS-SA2-ERP-2025,ASGS Edition 3 (2021)
304021089,Fig Tree Pocket,QLD,3,3058.0,3846.0,4177.0,4426.0,4597.0,4632.0,455.0,10.89,206.0,4.65,35.0,0.76,,,,SRC-ABS-SA2-ERP-2025,ASGS Edition 3 (2021)
304021090,Kenmore,QLD,3,8188.0,8772.0,9055.0,9593.0,10072.0,10170.0,1115.0,12.31,577.0,6.01,98.0,0.97,,,,SRC-ABS-SA2-ERP-2025,ASGS Edition 3 (2021)
304021091,Pinjarra Hills - Pullenvale,QLD,3,3926.0,5541.0,5649.0,5739.0,5877.0,5885.0,236.0,4.18,146.0,2.54,8.0,0.14,,,,SRC-ABS-SA2-ERP-2025,ASGS Edition 3 (2021)
304031092,Chelmer - Graceville,QLD,3,6612.0,6842.0,7643.0,8114.0,8043.0,8015.0,372.0,4.87,-99.0,-1.22,-28.0,-0.35,,,,SRC-ABS-SA2-ERP-2025,ASGS Edition 3 (2021)
304031093,Corinda,QLD,3,4280.0,4866.0,4972.0,5355.0,5599.0,5686.0,714.0,14.36,331.0,6.18,87.0,1.55,,,,SRC-ABS-SA2-ERP-2025,ASGS Edition 3 (2021)
304031094,Indooroopilly,QLD,3,10020.0,12202.0,12628.0,13830.0,15097.0,15496.0,2868.0,22.71,1666.0,12.05,399.0,2.64,,,,SRC-ABS-SA2-ERP-2025,ASGS Edition 3 (2021)
304031095,Sherwood,QLD,3,4558.0,5452.0,5740.0,6451.0,6971.0,7050.0,1310.0,22.82,599.0,9.29,79.0,1.13,,,,SRC-ABS-SA2-ERP-2025,ASGS Edition 3 (2021)
304031096,St Lucia,QLD,3,9995.0,11818.0,12876.0,13364.0,14975.0,15447.0,2571.0,19.97,2083.0,15.59,472.0,3.15,,,,SRC-ABS-SA2-ERP-2025,ASGS Edition 3 (2021)
304031097,Taringa,QLD,3,6742.0,8343.0,8748.0,9475.0,9990.0,10156.0,1408.0,16.1,681.0,7.19,166.0,1.66,,,,SRC-ABS-SA2-ERP-2025,ASGS Edition 3 (2021)
304041098,Enoggera,QLD,3,6017.0,7702.0,8435.0,9242.0,9830.0,9945.0,1510.0,17.9,703.0,7.61,115.0,1.17,,,,SRC-ABS-SA2-ERP-2025,ASGS Edition 3 (2021)
304041099,Enoggera Reservoir,QLD,3,26.0,26.0,26.0,32.0,33.0,33.0,7.0,26.92,1.0,3.12,0.0,0.0,,,,SRC-ABS-SA2-ERP-2025,ASGS Edition 3 (2021)
304041100,Keperra,QLD,3,7207.0,7283.0,7387.0,7486.0,7577.0,7561.0,174.0,2.36,75.0,1.0,-16.0,-0.21,,,,SRC-ABS-SA2-ERP-2025,ASGS Edition 3 (2021)
304041101,Mitchelton,QLD,3,6080.0,7907.0,8538.0,9038.0,9539.0,9734.0,1196.0,14.01,696.0,7.7,195.0,2.04,,,,SRC-ABS-SA2-ERP-2025,ASGS Edition 3 (2021)
304041102,Mount Coot-tha,QLD,3,0.0,0.0,0.0,0.0,0.0,0.0,0.0,,0.0,,0.0,,,,,SRC-ABS-SA2-ERP-2025,ASGS Edition 3 (2021)
304041103,The Gap,QLD,3,15677.0,16659.0,17086.0,17428.0,18127.0,18230.0,1144.0,6.7,802.0,4.6,103.0,0.57,,,,SRC-ABS-SA2-ERP-2025,ASGS Edition 3 (2021)
304041104,Upper Kedron - Ferny Grove,QLD,3,7082.0,9252.0,10144.0,11545.0,12617.0,12833.0,2689.0,26.51,1288.0,11.16,216.0,1.71,,,,SRC-ABS-SA2-ERP-2025,ASGS Edition 3 (2021)
305011105,Brisbane City,QLD,3,2814.0,9000.0,10606.0,13969.0,16845.0,17502.0,6896.0,65.02,3533.0,25.29,657.0,3.9,,,,SRC-ABS-SA2-ERP-2025,ASGS Edition 3 (2021)
305011106,Fortitude Valley,QLD,3,2672.0,5451.0,7017.0,9590.0,11505.0,11889.0,4872.0,69.43,2299.0,23.97,384.0,3.34,,,,SRC-ABS-SA2-ERP-2025,ASGS Edition 3 (2021)
305011107,Highgate Hill,QLD,3,5296.0,6092.0,6585.0,6663.0,7200.0,7335.0,750.0,11.39,672.0,10.09,135.0,1.88,,,,SRC-ABS-SA2-ERP-2025,ASGS Edition 3 (2021)
305011108,Kangaroo Point,QLD,3,5598.0,7397.0,8583.0,9932.0,11864.0,12206.0,3623.0,42.21,2274.0,22.9,342.0,2.88,,,,SRC-ABS-SA2-ERP-2025,ASGS Edition 3 (2021)
305011109,New Farm,QLD,3,10394.0,12349.0,13453.0,13185.0,13729.0,13880.0,427.0,3.17,695.0,5.27,151.0,1.1,,,,SRC-ABS-SA2-ERP-2025,ASGS Edition 3 (2021)
305011110,South Brisbane,QLD,3,2936.0,5491.0,7330.0,13624.0,17087.0,17517.0,10187.0,138.98,3893.0,28.57,430.0,2.52,,,,SRC-ABS-SA2-ERP-2025,ASGS Edition 3 (2021)
305011111,Spring Hill,QLD,3,3443.0,5936.0,6341.0,7201.0,8917.0,9361.0,3020.0,47.63,2160.0,30.0,444.0,4.98,,,,SRC-ABS-SA2-ERP-2025,ASGS Edition 3 (2021)
305011112,West End,QLD,3,5860.0,8164.0,9861.0,14700.0,17419.0,17928.0,8067.0,81.81,3228.0,21.96,509.0,2.92,,,,SRC-ABS-SA2-ERP-2025,ASGS Edition 3 (2021)
305021113,Balmoral,QLD,3,3392.0,4019.0,4365.0,4626.0,4828.0,4885.0,520.0,11.91,259.0,5.6,57.0,1.18,,,,SRC-ABS-SA2-ERP-2025,ASGS Edition 3 (2021)
305021114,Bulimba,QLD,3,4116.0,6057.0,6964.0,7571.0,7864.0,7925.0,961.0,13.8,354.0,4.68,61.0,0.78,,,,SRC-ABS-SA2-ERP-2025,ASGS Edition 3 (2021)
305021115,East Brisbane,QLD,3,4830.0,5817.0,6099.0,6342.0,6637.0,6833.0,734.0,12.03,491.0,7.74,196.0,2.95,,,,SRC-ABS-SA2-ERP-2025,ASGS Edition 3 (2021)
305021116,Hawthorne,QLD,3,4060.0,5025.0,5221.0,5347.0,5681.0,5702.0,481.0,9.21,355.0,6.64,21.0,0.37,,,,SRC-ABS-SA2-ERP-2025,ASGS Edition 3 (2021)
305021117,Morningside - Seven Hills,QLD,3,9335.0,11742.0,13042.0,14477.0,15811.0,16055.0,3013.0,23.1,1578.0,10.9,244.0,1.54,,,,SRC-ABS-SA2-ERP-2025,ASGS Edition 3 (2021)
305021118,Norman Park,QLD,3,5250.0,6233.0,6578.0,6973.0,7342.0,7414.0,836.0,12.71,441.0,6.32,72.0,0.98,,,,SRC-ABS-SA2-ERP-2025,ASGS Edition 3 (2021)
305031119,Albion,QLD,3,2176.0,2692.0,2908.0,4192.0,4813.0,5026.0,2118.0,72.83,834.0,19.9,213.0,4.43,,,,SRC-ABS-SA2-ERP-2025,ASGS Edition 3 (2021)
305031120,Alderley,QLD,3,4913.0,5794.0,6224.0,6651.0,7200.0,7270.0,1046.0,16.81,619.0,9.31,70.0,0.97,,,,SRC-ABS-SA2-ERP-2025,ASGS Edition 3 (2021)
305031121,Ascot,QLD,3,4684.0,5351.0,5403.0,5831.0,6314.0,6454.0,1051.0,19.45,623.0,10.68,140.0,2.22,,,,SRC-ABS-SA2-ERP-2025,ASGS Edition 3 (2021)
305031122,Clayfield,QLD,3,9190.0,10394.0,10959.0,11069.0,11593.0,11773.0,814.0,7.43,704.0,6.36,180.0,1.55,,,,SRC-ABS-SA2-ERP-2025,ASGS Edition 3 (2021)
305031123,Grange,QLD,3,3811.0,4302.0,4393.0,4695.0,4913.0,4942.0,549.0,12.5,247.0,5.26,29.0,0.59,,,,SRC-ABS-SA2-ERP-2025,ASGS Edition 3 (2021)
305031124,Hamilton (Qld),QLD,3,4038.0,4867.0,6315.0,6867.0,7296.0,7408.0,1093.0,17.31,541.0,7.88,112.0,1.54,,,,SRC-ABS-SA2-ERP-2025,ASGS Edition 3 (2021)
305031125,Hendra,QLD,3,3536.0,4498.0,4845.0,5027.0,5172.0,5204.0,359.0,7.41,177.0,3.52,32.0,0.62,,,,SRC-ABS-SA2-ERP-2025,ASGS Edition 3 (2021)
305031126,Kelvin Grove - Herston,QLD,3,5883.0,7921.0,10182.0,10915.0,12172.0,12531.0,2349.0,23.07,1616.0,14.81,359.0,2.95,,,,SRC-ABS-SA2-ERP-2025,ASGS Edition 3 (2021)
305031127,Newmarket,QLD,3,4013.0,4599.0,5171.0,5297.0,5420.0,5493.0,322.0,6.23,196.0,3.7,73.0,1.35,,,,SRC-ABS-SA2-ERP-2025,ASGS Edition 3 (2021)
305031128,Newstead - Bowen Hills,QLD,3,3736.0,7580.0,10365.0,17657.0,20887.0,21474.0,11109.0,107.18,3817.0,21.62,587.0,2.81,,,,SRC-ABS-SA2-ERP-2025,ASGS Edition 3 (2021)
305031129,Wilston,QLD,3,3433.0,4014.0,4173.0,4101.0,4136.0,4168.0,-5.0,-0.12,67.0,1.63,32.0,0.77,,,,SRC-ABS-SA2-ERP-2025,ASGS Edition 3 (2021)
305031130,Windsor,QLD,3,5943.0,6686.0,7424.0,8214.0,8827.0,8951.0,1527.0,20.57,737.0,8.97,124.0,1.4,,,,SRC-ABS-SA2-ERP-2025,ASGS Edition 3 (2021)
305031131,Wooloowin - Lutwyche,QLD,3,7936.0,9008.0,9940.0,11319.0,12114.0,12298.0,2358.0,23.72,979.0,8.65,184.0,1.52,,,,SRC-ABS-SA2-ERP-2025,ASGS Edition 3 (2021)
305041132,Ashgrove,QLD,3,11816.0,13335.0,13770.0,14166.0,14830.0,14911.0,1141.0,8.29,745.0,5.26,81.0,0.55,,,,SRC-ABS-SA2-ERP-2025,ASGS Edition 3 (2021)
305041133,Auchenflower,QLD,3,4626.0,5684.0,5800.0,5901.0,6109.0,6222.0,422.0,7.28,321.0,5.44,113.0,1.85,,,,SRC-ABS-SA2-ERP-2025,ASGS Edition 3 (2021)
305041134,Bardon,QLD,3,8445.0,9609.0,10093.0,10540.0,11065.0,11168.0,1075.0,10.65,628.0,5.96,103.0,0.93,,,,SRC-ABS-SA2-ERP-2025,ASGS Edition 3 (2021)
305041135,Paddington - Milton,QLD,3,8830.0,10582.0,11349.0,12558.0,13236.0,13364.0,2015.0,17.75,806.0,6.42,128.0,0.97,,,,SRC-ABS-SA2-ERP-2025,ASGS Edition 3 (2021)
305041136,Red Hill (Qld),QLD,3,4893.0,5793.0,5988.0,6152.0,6659.0,6757.0,769.0,12.84,605.0,9.83,98.0,1.47,,,,SRC-ABS-SA2-ERP-2025,ASGS Edition 3 (2021)
305041137,Toowong,QLD,3,8787.0,11073.0,11390.0,12898.0,13620.0,13725.0,2335.0,20.5,827.0,6.41,105.0,0.77,,,,SRC-ABS-SA2-ERP-2025,ASGS Edition 3 (2021)
306011138,Brinsmead,QLD,3,4193.0,5421.0,5528.0,5594.0,5694.0,5702.0,174.0,3.15,108.0,1.93,8.0,0.14,,,,SRC-ABS-SA2-ERP-2025,ASGS Edition 3 (2021)
306011139,Clifton Beach - Kewarra Beach,QLD,3,6519.0,10072.0,11083.0,11853.0,12547.0,12760.0,1677.0,15.13,907.0,7.65,213.0,1.7,,,,SRC-ABS-SA2-ERP-2025,ASGS Edition 3 (2021)
306011140,Freshwater - Stratford,QLD,3,3365.0,3796.0,3742.0,3781.0,3837.0,3856.0,114.0,3.05,75.0,1.98,19.0,0.5,,,,SRC-ABS-SA2-ERP-2025,ASGS Edition 3 (2021)
306011141,Redlynch,QLD,3,6810.0,11664.0,12917.0,13986.0,14717.0,14877.0,1960.0,15.17,891.0,6.37,160.0,1.09,,,,SRC-ABS-SA2-ERP-2025,ASGS Edition 3 (2021)
306011142,Trinity Beach - Smithfield,QLD,3,7593.0,10715.0,13663.0,16644.0,19362.0,19862.0,6199.0,45.37,3218.0,19.33,500.0,2.58,,,,SRC-ABS-SA2-ERP-2025,ASGS Edition 3 (2021)
306011143,Yorkeys Knob - Machans Beach,QLD,3,5961.0,6153.0,6290.0,6256.0,6293.0,6319.0,29.0,0.46,63.0,1.01,26.0,0.41,,,,SRC-ABS-SA2-ERP-2025,ASGS Edition 3 (2021)
306021144,Bentley Park,QLD,3,4728.0,7563.0,8284.0,8554.0,9116.0,9214.0,930.0,11.23,660.0,7.72,98.0,1.08,,,,SRC-ABS-SA2-ERP-2025,ASGS Edition 3 (2021)
306021145,Cairns City,QLD,3,6889.0,10195.0,11621.0,12949.0,13461.0,13599.0,1978.0,17.02,650.0,5.02,138.0,1.03,,,,SRC-ABS-SA2-ERP-2025,ASGS Edition 3 (2021)
306021146,Earlville - Bayview Heights,QLD,3,7985.0,8315.0,8472.0,8385.0,8755.0,8723.0,251.0,2.96,338.0,4.03,-32.0,-0.37,,,,SRC-ABS-SA2-ERP-2025,ASGS Edition 3 (2021)
306021147,Edmonton,QLD,3,6502.0,10113.0,10918.0,11531.0,12219.0,12342.0,1424.0,13.04,811.0,7.03,123.0,1.01,,,,SRC-ABS-SA2-ERP-2025,ASGS Edition 3 (2021)
306021148,Gordonvale - Trinity,QLD,3,6364.0,8177.0,8850.0,9720.0,11103.0,11413.0,2563.0,28.96,1693.0,17.42,310.0,2.79,,,,SRC-ABS-SA2-ERP-2025,ASGS Edition 3 (2021)
306021149,Kanimbla - Mooroobool,QLD,3,7592.0,9492.0,10005.0,10091.0,10298.0,10375.0,370.0,3.7,284.0,2.81,77.0,0.75,,,,SRC-ABS-SA2-ERP-2025,ASGS Edition 3 (2021)
306021150,Lamb Range,QLD,3,0.0,0.0,0.0,5.0,6.0,6.0,6.0,,1.0,20.0,0.0,0.0,,,,SRC-ABS-SA2-ERP-2025,ASGS Edition 3 (2021)
306021151,Manoora,QLD,3,5468.0,5936.0,6211.0,6273.0,6313.0,6323.0,112.0,1.8,50.0,0.8,10.0,0.16,,,,SRC-ABS-SA2-ERP-2025,ASGS Edition 3 (2021)
306021152,Manunda,QLD,3,4896.0,5194.0,5524.0,5367.0,5352.0,5321.0,-203.0,-3.67,-46.0,-0.86,-31.0,-0.58,,,,SRC-ABS-SA2-ERP-2025,ASGS Edition 3 (2021)
306021153,Mount Sheridan,QLD,3,5419.0,8163.0,8503.0,8781.0,9003.0,9042.0,539.0,6.34,261.0,2.97,39.0,0.43,,,,SRC-ABS-SA2-ERP-2025,ASGS Edition 3 (2021)
306021154,Westcourt - Bungalow,QLD,3,5475.0,6463.0,6571.0,6640.0,6793.0,6811.0,240.0,3.65,171.0,2.58,18.0,0.26,,,,SRC-ABS-SA2-ERP-2025,ASGS Edition 3 (2021)
306021155,White Rock,QLD,3,3615.0,4627.0,4866.0,4933.0,5161.0,5198.0,332.0,6.82,265.0,5.37,37.0,0.72,,,,SRC-ABS-SA2-ERP-2025,ASGS Edition 3 (2021)
306021156,Whitfield - Edge Hill,QLD,3,8083.0,8403.0,8452.0,8537.0,8575.0,8573.0,121.0,1.43,36.0,0.42,-2.0,-0.02,,,,SRC-ABS-SA2-ERP-2025,ASGS Edition 3 (2021)
306021157,Woree,QLD,3,4280.0,4866.0,4953.0,5166.0,5249.0,5252.0,299.0,6.04,86.0,1.66,3.0,0.06,,,,SRC-ABS-SA2-ERP-2025,ASGS Edition 3 (2021)
306031158,Babinda,QLD,3,4292.0,4294.0,4284.0,4545.0,4702.0,4765.0,481.0,11.23,220.0,4.84,63.0,1.34,,,,SRC-ABS-SA2-ERP-2025,ASGS Edition 3 (2021)
306031159,Innisfail,QLD,3,9719.0,9627.0,9564.0,9521.0,9452.0,9516.0,-48.0,-0.5,-5.0,-0.05,64.0,0.68,,,,SRC-ABS-SA2-ERP-2025,ASGS Edition 3 (2021)
306031160,Johnstone,QLD,3,8075.0,7718.0,8009.0,8105.0,8234.0,8281.0,272.0,3.4,176.0,2.17,47.0,0.57,,,,SRC-ABS-SA2-ERP-2025,ASGS Edition 3 (2021)
306031161,Tully,QLD,3,11086.0,10694.0,10729.0,11098.0,11693.0,11867.0,1138.0,10.61,769.0,6.93,174.0,1.49,,,,SRC-ABS-SA2-ERP-2025,ASGS Edition 3 (2021)
306031162,Wooroonooran,QLD,3,0.0,0.0,3.0,3.0,3.0,3.0,0.0,0.0,0.0,0.0,0.0,0.0,,,,SRC-ABS-SA2-ERP-2025,ASGS Edition 3 (2021)
306031163,Yarrabah,QLD,3,2236.0,2588.0,2695.0,2606.0,2654.0,2669.0,-26.0,-0.96,63.0,2.42,15.0,0.57,,,,SRC-ABS-SA2-ERP-2025,ASGS Edition 3 (2021)
306041164,Daintree,QLD,3,5933.0,6173.0,6412.0,6698.0,6956.0,7011.0,599.0,9.34,313.0,4.67,55.0,0.79,,,,SRC-ABS-SA2-ERP-2025,ASGS Edition 3 (2021)
306041165,Port Douglas,QLD,3,4291.0,4893.0,5357.0,5589.0,5979.0,6041.0,684.0,12.77,452.0,8.09,62.0,1.04,,,,SRC-ABS-SA2-ERP-2025,ASGS Edition 3 (2021)
306051166,Atherton,QLD,3,8842.0,10363.0,10856.0,11669.0,12306.0,12472.0,1616.0,14.89,803.0,6.88,166.0,1.35,,,,SRC-ABS-SA2-ERP-2025,ASGS Edition 3 (2021)
306051167,Herberton,QLD,3,5236.0,5635.0,5732.0,5595.0,5700.0,5730.0,-2.0,-0.03,135.0,2.41,30.0,0.53,,,,SRC-ABS-SA2-ERP-2025,ASGS Edition 3 (2021)
306051168,Kuranda,QLD,3,3679.0,4449.0,4597.0,4777.0,5009.0,5033.0,436.0,9.48,256.0,5.36,24.0,0.48,,,,SRC-ABS-SA2-ERP-2025,ASGS Edition 3 (2021)
306051169,Malanda - Yungaburra,QLD,3,7816.0,8232.0,8523.0,9045.0,9569.0,9700.0,1177.0,13.81,655.0,7.24,131.0,1.37,,,,SRC-ABS-SA2-ERP-2025,ASGS Edition 3 (2021)
306051170,Mareeba,QLD,3,8900.0,10374.0,11185.0,11965.0,12577.0,12752.0,1567.0,14.01,787.0,6.58,175.0,1.39,,,,SRC-ABS-SA2-ERP-2025,ASGS Edition 3 (2021)
307011171,Balonne,QLD,3,5473.0,4833.0,4610.0,4392.0,4345.0,4350.0,-260.0,-5.64,-42.0,-0.96,5.0,0.12,,,,SRC-ABS-SA2-ERP-2025,ASGS Edition 3 (2021)
307011172,Chinchilla,QLD,3,5677.0,6824.0,8037.0,8863.0,9113.0,9159.0,1122.0,13.96,296.0,3.34,46.0,0.5,,,,SRC-ABS-SA2-ERP-2025,ASGS Edition 3 (2021)
307011173,Goondiwindi,QLD,3,5873.0,6534.0,6523.0,6354.0,6286.0,6251.0,-272.0,-4.17,-103.0,-1.62,-35.0,-0.56,,,,SRC-ABS-SA2-ERP-2025,ASGS Edition 3 (2021)
307011174,Inglewood - Waggamba,QLD,3,4328.0,4251.0,4281.0,4144.0,4158.0,4179.0,-102.0,-2.38,35.0,0.84,21.0,0.51,,,,SRC-ABS-SA2-ERP-2025,ASGS Edition 3 (2021)
307011175,Miles - Wandoan,QLD,3,3917.0,3899.0,4085.0,4222.0,4358.0,4394.0,309.0,7.56,172.0,4.07,36.0,0.83,,,,SRC-ABS-SA2-ERP-2025,ASGS Edition 3 (2021)
307011176,Roma,QLD,3,6575.0,7081.0,7225.0,6904.0,7101.0,7083.0,-142.0,-1.97,179.0,2.59,-18.0,-0.25,,,,SRC-ABS-SA2-ERP-2025,ASGS Edition 3 (2021)
307011177,Roma Surrounds,QLD,3,5793.0,6205.0,6067.0,5987.0,6235.0,6287.0,220.0,3.63,300.0,5.01,52.0,0.83,,,,SRC-ABS-SA2-ERP-2025,ASGS Edition 3 (2021)
307011178,Tara,QLD,3,4062.0,4193.0,4326.0,3914.0,3992.0,4030.0,-296.0,-6.84,116.0,2.96,38.0,0.95,,,,SRC-ABS-SA2-ERP-2025,ASGS Edition 3 (2021)
307021179,Crows Nest - Rosalie,QLD,3,7766.0,8225.0,8539.0,9154.0,9717.0,9824.0,1285.0,15.05,670.0,7.32,107.0,1.1,,,,SRC-ABS-SA2-ERP-2025,ASGS Edition 3 (2021)
307021180,Jondaryan,QLD,3,7104.0,7516.0,7698.0,7707.0,7820.0,7826.0,128.0,1.66,119.0,1.54,6.0,0.08,,,,SRC-ABS-SA2-ERP-2025,ASGS Edition 3 (2021)
307021181,Millmerran,QLD,3,3413.0,3186.0,3347.0,3263.0,3321.0,3351.0,4.0,0.12,88.0,2.7,30.0,0.9,,,,SRC-ABS-SA2-ERP-2025,ASGS Edition 3 (2021)
307021182,Pittsworth,QLD,3,4934.0,5365.0,5745.0,5882.0,5917.0,5951.0,206.0,3.59,69.0,1.17,34.0,0.57,,,,SRC-ABS-SA2-ERP-2025,ASGS Edition 3 (2021)
307021183,Wambo,QLD,3,15011.0,16526.0,17419.0,17371.0,17763.0,17853.0,434.0,2.49,482.0,2.77,90.0,0.51,,,,SRC-ABS-SA2-ERP-2025,ASGS Edition 3 (2021)
307031184,Clifton - Greenmount,QLD,3,3760.0,4533.0,4857.0,5118.0,5353.0,5433.0,576.0,11.86,315.0,6.15,80.0,1.49,,,,SRC-ABS-SA2-ERP-2025,ASGS Edition 3 (2021)
307031185,Southern Downs - East,QLD,3,3762.0,4144.0,4261.0,4333.0,4575.0,4630.0,369.0,8.66,297.0,6.85,55.0,1.2,,,,SRC-ABS-SA2-ERP-2025,ASGS Edition 3 (2021)
307031186,Southern Downs - West,QLD,3,3823.0,4441.0,4662.0,4937.0,5241.0,5347.0,685.0,14.69,410.0,8.3,106.0,2.02,,,,SRC-ABS-SA2-ERP-2025,ASGS Edition 3 (2021)
307031187,Stanthorpe,QLD,3,5057.0,5451.0,5541.0,5383.0,5443.0,5480.0,-61.0,-1.1,97.0,1.8,37.0,0.68,,,,SRC-ABS-SA2-ERP-2025,ASGS Edition 3 (2021)
307031188,Stanthorpe Surrounds,QLD,3,5127.0,5532.0,5773.0,6233.0,6483.0,6544.0,771.0,13.36,311.0,4.99,61.0,0.94,,,,SRC-ABS-SA2-ERP-2025,ASGS Edition 3 (2021)
307031189,Warwick,QLD,3,13364.0,14829.0,15417.0,15622.0,16127.0,16197.0,780.0,5.06,575.0,3.68,70.0,0.43,,,,SRC-ABS-SA2-ERP-2025,ASGS Edition 3 (2021)
308011190,Central Highlands - East,QLD,3,7504.0,7752.0,7683.0,7424.0,7569.0,7647.0,-36.0,-0.47,223.0,3.0,78.0,1.03,,,,SRC-ABS-SA2-ERP-2025,ASGS Edition 3 (2021)
308011191,Central Highlands - West,QLD,3,8056.0,8985.0,8498.0,7814.0,7660.0,7683.0,-815.0,-9.59,-131.0,-1.68,23.0,0.3,,,,SRC-ABS-SA2-ERP-2025,ASGS Edition 3 (2021)
308011192,Emerald,QLD,3,10035.0,13302.0,13951.0,14306.0,15155.0,15238.0,1287.0,9.23,932.0,6.51,83.0,0.55,,,,SRC-ABS-SA2-ERP-2025,ASGS Edition 3 (2021)
308031205,Berserker,QLD,3,7085.0,7405.0,7176.0,6991.0,7244.0,7293.0,117.0,1.63,302.0,4.32,49.0,0.68,,,,SRC-ABS-SA2-ERP-2025,ASGS Edition 3 (2021)
308031206,Bouldercombe,QLD,3,2161.0,1919.0,1936.0,1919.0,1970.0,1972.0,36.0,1.86,53.0,2.76,2.0,0.1,,,,SRC-ABS-SA2-ERP-2025,ASGS Edition 3 (2021)
308031207,Emu Park,QLD,3,3394.0,4485.0,5403.0,5810.0,6236.0,6314.0,911.0,16.86,504.0,8.67,78.0,1.25,,,,SRC-ABS-SA2-ERP-2025,ASGS Edition 3 (2021)
308031208,Frenchville - Mount Archer,QLD,3,9018.0,9499.0,9329.0,9126.0,9225.0,9246.0,-83.0,-0.89,120.0,1.31,21.0,0.23,,,,SRC-ABS-SA2-ERP-2025,ASGS Edition 3 (2021)
308031209,Glenlee - Rockyview,QLD,3,3591.0,4569.0,5052.0,5199.0,5778.0,6002.0,950.0,18.8,803.0,15.45,224.0,3.88,,,,SRC-ABS-SA2-ERP-2025,ASGS Edition 3 (2021)
308031210,Gracemere,QLD,3,4820.0,8720.0,11743.0,12509.0,13172.0,13305.0,1562.0,13.3,796.0,6.36,133.0,1.01,,,,SRC-ABS-SA2-ERP-2025,ASGS Edition 3 (2021)
308031211,Lakes Creek,QLD,3,4908.0,5189.0,5145.0,4959.0,5030.0,5037.0,-108.0,-2.1,78.0,1.57,7.0,0.14,,,,SRC-ABS-SA2-ERP-2025,ASGS Edition 3 (2021)
308031212,Mount Morgan,QLD,3,2887.0,3101.0,3075.0,2966.0,3045.0,3090.0,15.0,0.49,124.0,4.18,45.0,1.48,,,,SRC-ABS-SA2-ERP-2025,ASGS Edition 3 (2021)
308031213,Norman Gardens,QLD,3,6983.0,8951.0,10161.0,10769.0,11195.0,11288.0,1127.0,11.09,519.0,4.82,93.0,0.83,,,,SRC-ABS-SA2-ERP-2025,ASGS Edition 3 (2021)
308031214,Park Avenue,QLD,3,5550.0,5514.0,5365.0,5309.0,5496.0,5538.0,173.0,3.22,229.0,4.31,42.0,0.76,,,,SRC-ABS-SA2-ERP-2025,ASGS Edition 3 (2021)
308031215,Parkhurst - Kawana,QLD,3,5925.0,6685.0,7055.0,7398.0,7998.0,8181.0,1126.0,15.96,783.0,10.58,183.0,2.29,,,,SRC-ABS-SA2-ERP-2025,ASGS Edition 3 (2021)
308031216,Rockhampton - West,QLD,3,6191.0,6236.0,6128.0,5935.0,6100.0,6148.0,20.0,0.33,213.0,3.59,48.0,0.79,,,,SRC-ABS-SA2-ERP-2025,ASGS Edition 3 (2021)
308031217,Rockhampton City,QLD,3,3626.0,3720.0,3447.0,3362.0,3363.0,3345.0,-102.0,-2.96,-17.0,-0.51,-18.0,-0.54,,,,SRC-ABS-SA2-ERP-2025,ASGS Edition 3 (2021)
308031218,Rockhampton Surrounds - East,QLD,3,2728.0,3178.0,3465.0,3543.0,3699.0,3754.0,289.0,8.34,211.0,5.96,55.0,1.49,,,,SRC-ABS-SA2-ERP-2025,ASGS Edition 3 (2021)
308031219,Rockhampton Surrounds - North,QLD,3,3883.0,4208.0,4289.0,4529.0,4957.0,5054.0,765.0,17.84,525.0,11.59,97.0,1.96,,,,SRC-ABS-SA2-ERP-2025,ASGS Edition 3 (2021)
308031220,Rockhampton Surrounds - West,QLD,3,2720.0,2747.0,2958.0,2970.0,3200.0,3226.0,268.0,9.06,256.0,8.62,26.0,0.81,,,,SRC-ABS-SA2-ERP-2025,ASGS Edition 3 (2021)
308031221,Shoalwater Bay,QLD,3,11.0,11.0,15.0,21.0,22.0,22.0,7.0,46.67,1.0,4.76,0.0,0.0,,,,SRC-ABS-SA2-ERP-2025,ASGS Edition 3 (2021)
308031222,The Range - Allenstown,QLD,3,8606.0,8507.0,8508.0,8139.0,8132.0,8125.0,-383.0,-4.5,-14.0,-0.17,-7.0,-0.09,,,,SRC-ABS-SA2-ERP-2025,ASGS Edition 3 (2021)
308031223,Yeppoon,QLD,3,12256.0,16455.0,18355.0,20104.0,22082.0,22522.0,4167.0,22.7,2418.0,12.03,440.0,1.99,,,,SRC-ABS-SA2-ERP-2025,ASGS Edition 3 (2021)
308041528,Banana,QLD,3,9866.0,8857.0,8744.0,8742.0,9202.0,9297.0,553.0,6.32,555.0,6.35,95.0,1.03,,,,SRC-ABS-SA2-ERP-2025,ASGS Edition 3 (2021)
308041529,Biloela,QLD,3,5668.0,5998.0,5963.0,5845.0,5838.0,5847.0,-116.0,-1.95,2.0,0.03,9.0,0.15,,,,SRC-ABS-SA2-ERP-2025,ASGS Edition 3 (2021)
308051530,Agnes Water - Miriam Vale,QLD,3,4398.0,5596.0,6074.0,6591.0,7868.0,8267.0,2193.0,36.1,1676.0,25.43,399.0,5.07,,,,SRC-ABS-SA2-ERP-2025,ASGS Edition 3 (2021)
308051531,Boyne Island - Tannum Sands,QLD,3,7853.0,9746.0,10072.0,10170.0,10605.0,10760.0,688.0,6.83,590.0,5.8,155.0,1.46,,,,SRC-ABS-SA2-ERP-2025,ASGS Edition 3 (2021)
308051532,Callemondah,QLD,3,34.0,50.0,27.0,30.0,33.0,33.0,6.0,22.22,3.0,10.0,0.0,0.0,,,,SRC-ABS-SA2-ERP-2025,ASGS Edition 3 (2021)
308051533,Clinton - New Auckland,QLD,3,8008.0,11144.0,13961.0,14323.0,15148.0,15311.0,1350.0,9.67,988.0,6.9,163.0,1.08,,,,SRC-ABS-SA2-ERP-2025,ASGS Edition 3 (2021)
308051534,Gladstone,QLD,3,5655.0,6314.0,6363.0,6271.0,6699.0,6839.0,476.0,7.48,568.0,9.06,140.0,2.09,,,,SRC-ABS-SA2-ERP-2025,ASGS Edition 3 (2021)
308051535,Gladstone Hinterland,QLD,3,6952.0,10078.0,11991.0,11584.0,12140.0,12274.0,283.0,2.36,690.0,5.96,134.0,1.1,,,,SRC-ABS-SA2-ERP-2025,ASGS Edition 3 (2021)
308051536,Kin Kora - Sun Valley,QLD,3,3667.0,4224.0,3851.0,3584.0,3570.0,3581.0,-270.0,-7.01,-3.0,-0.08,11.0,0.31,,,,SRC-ABS-SA2-ERP-2025,ASGS Edition 3 (2021)
308051537,South Trees,QLD,3,0.0,0.0,0.0,0.0,0.0,0.0,0.0,,0.0,,0.0,,,,,SRC-ABS-SA2-ERP-2025,ASGS Edition 3 (2021)
308051538,Telina - Toolooa,QLD,3,3979.0,5257.0,6340.0,6535.0,6763.0,6828.0,488.0,7.7,293.0,4.48,65.0,0.96,,,,SRC-ABS-SA2-ERP-2025,ASGS Edition 3 (2021)
308051539,West Gladstone,QLD,3,4933.0,5288.0,5018.0,4802.0,5123.0,5153.0,135.0,2.69,351.0,7.31,30.0,0.59,,,,SRC-ABS-SA2-ERP-2025,ASGS Edition 3 (2021)
309011224,Broadbeach Waters,QLD,3,7756.0,7909.0,8087.0,8285.0,8890.0,9109.0,1022.0,12.64,824.0,9.95,219.0,2.46,,,,SRC-ABS-SA2-ERP-2025,ASGS Edition 3 (2021)
309011225,Burleigh Heads,QLD,3,7346.0,8320.0,9019.0,9360.0,9804.0,10055.0,1036.0,11.49,695.0,7.43,251.0,2.56,,,,SRC-ABS-SA2-ERP-2025,ASGS Edition 3 (2021)
309011226,Burleigh Waters,QLD,3,12979.0,14269.0,14584.0,14722.0,15048.0,15180.0,596.0,4.09,458.0,3.11,132.0,0.88,,,,SRC-ABS-SA2-ERP-2025,ASGS Edition 3 (2021)
309011227,Mermaid Beach - Broadbeach,QLD,3,9107.0,11083.0,12285.0,13931.0,15757.0,16126.0,3841.0,31.27,2195.0,15.76,369.0,2.34,,,,SRC-ABS-SA2-ERP-2025,ASGS Edition 3 (2021)
309011228,Mermaid Waters,QLD,3,11923.0,12338.0,12579.0,13272.0,14300.0,14564.0,1985.0,15.78,1292.0,9.73,264.0,1.85,,,,SRC-ABS-SA2-ERP-2025,ASGS Edition 3 (2021)
309011229,Miami,QLD,3,5910.0,6608.0,7105.0,7515.0,8301.0,8531.0,1426.0,20.07,1016.0,13.52,230.0,2.77,,,,SRC-ABS-SA2-ERP-2025,ASGS Edition 3 (2021)
309021230,Coolangatta,QLD,3,4513.0,5340.0,6026.0,6499.0,7021.0,7204.0,1178.0,19.55,705.0,10.85,183.0,2.61,,,,SRC-ABS-SA2-ERP-2025,ASGS Edition 3 (2021)
309021231,Currumbin - Tugun,QLD,3,9345.0,10541.0,11489.0,12492.0,13177.0,13477.0,1988.0,17.3,985.0,7.89,300.0,2.28,,,,SRC-ABS-SA2-ERP-2025,ASGS Edition 3 (2021)
309021232,Currumbin Waters,QLD,3,8960.0,9248.0,9415.0,9870.0,10156.0,10220.0,805.0,8.55,350.0,3.55,64.0,0.63,,,,SRC-ABS-SA2-ERP-2025,ASGS Edition 3 (2021)
309021233,Elanora,QLD,3,10804.0,12084.0,12345.0,12786.0,13171.0,13343.0,998.0,8.08,557.0,4.36,172.0,1.31,,,,SRC-ABS-SA2-ERP-2025,ASGS Edition 3 (2021)
309021234,Palm Beach,QLD,3,13024.0,14440.0,15103.0,16340.0,18097.0,18678.0,3575.0,23.67,2338.0,14.31,581.0,3.21,,,,SRC-ABS-SA2-ERP-2025,ASGS Edition 3 (2021)
309031235,Arundel,QLD,3,7728.0,9956.0,10568.0,11146.0,11889.0,12056.0,1488.0,14.08,910.0,8.16,167.0,1.4,,,,SRC-ABS-SA2-ERP-2025,ASGS Edition 3 (2021)
309031236,Biggera Waters,QLD,3,4992.0,6473.0,8423.0,9926.0,10796.0,11016.0,2593.0,30.78,1090.0,10.98,220.0,2.04,,,,SRC-ABS-SA2-ERP-2025,ASGS Edition 3 (2021)
309031237,Coombabah,QLD,3,9075.0,9987.0,10497.0,10430.0,10742.0,10815.0,318.0,3.03,385.0,3.69,73.0,0.68,,,,SRC-ABS-SA2-ERP-2025,ASGS Edition 3 (2021)
309031238,Labrador,QLD,3,14502.0,16991.0,18692.0,19131.0,19473.0,19745.0,1053.0,5.63,614.0,3.21,272.0,1.4,,,,SRC-ABS-SA2-ERP-2025,ASGS Edition 3 (2021)
309031239,Paradise Point - Hollywell,QLD,3,7002.0,8862.0,9563.0,10048.0,10641.0,10736.0,1173.0,12.27,688.0,6.85,95.0,0.89,,,,SRC-ABS-SA2-ERP-2025,ASGS Edition 3 (2021)
309031240,Runaway Bay,QLD,3,8969.0,9182.0,9374.0,9419.0,9624.0,9755.0,381.0,4.06,336.0,3.57,131.0,1.36,,,,SRC-ABS-SA2-ERP-2025,ASGS Edition 3 (2021)
309041241,Guanaba - Springbrook,QLD,3,3590.0,4174.0,4246.0,4452.0,4628.0,4687.0,441.0,10.39,235.0,5.28,59.0,1.27,,,,SRC-ABS-SA2-ERP-2025,ASGS Edition 3 (2021)
309041242,Tamborine - Canungra,QLD,3,10498.0,13495.0,14387.0,15704.0,16584.0,16855.0,2468.0,17.15,1151.0,7.33,271.0,1.63,,,,SRC-ABS-SA2-ERP-2025,ASGS Edition 3 (2021)
309051243,Currumbin Valley - Tallebudgera,QLD,3,5867.0,7019.0,7389.0,7718.0,8009.0,8112.0,723.0,9.78,394.0,5.1,103.0,1.29,,,,SRC-ABS-SA2-ERP-2025,ASGS Edition 3 (2021)
309051244,Mudgeeraba - Bonogin,QLD,3,14581.0,17711.0,18707.0,19663.0,20536.0,20770.0,2063.0,11.03,1107.0,5.63,234.0,1.14,,,,SRC-ABS-SA2-ERP-2025,ASGS Edition 3 (2021)
309051245,Reedy Creek - Andrews,QLD,3,3486.0,6826.0,8014.0,8787.0,9452.0,9610.0,1596.0,19.92,823.0,9.37,158.0,1.67,,,,SRC-ABS-SA2-ERP-2025,ASGS Edition 3 (2021)
309061246,Carrara,QLD,3,9852.0,12024.0,12542.0,13188.0,14124.0,14340.0,1798.0,14.34,1152.0,8.74,216.0,1.53,,,,SRC-ABS-SA2-ERP-2025,ASGS Edition 3 (2021)
309061247,Highland Park,QLD,3,7612.0,8619.0,8602.0,8475.0,8772.0,8797.0,195.0,2.27,322.0,3.8,25.0,0.28,,,,SRC-ABS-SA2-ERP-2025,ASGS Edition 3 (2021)
309061248,Nerang - Mount Nathan,QLD,3,15345.0,19341.0,20810.0,21604.0,22269.0,22560.0,1750.0,8.41,956.0,4.43,291.0,1.31,,,,SRC-ABS-SA2-ERP-2025,ASGS Edition 3 (2021)
309061249,Pacific Pines - Gaven,QLD,3,5137.0,16187.0,18707.0,18945.0,19110.0,19143.0,436.0,2.33,198.0,1.05,33.0,0.17,,,,SRC-ABS-SA2-ERP-2025,ASGS Edition 3 (2021)
309061250,Worongary - Tallai,QLD,3,7090.0,7712.0,8030.0,8574.0,8920.0,9211.0,1181.0,14.71,637.0,7.43,291.0,3.26,,,,SRC-ABS-SA2-ERP-2025,ASGS Edition 3 (2021)
309071251,Coomera,QLD,3,2079.0,8386.0,12258.0,19534.0,23702.0,24313.0,12055.0,98.34,4779.0,24.47,611.0,2.58,,,,SRC-ABS-SA2-ERP-2025,ASGS Edition 3 (2021)
309071252,Helensvale,QLD,3,13611.0,16388.0,17193.0,18962.0,20744.0,21073.0,3880.0,22.57,2111.0,11.13,329.0,1.59,,,,SRC-ABS-SA2-ERP-2025,ASGS Edition 3 (2021)
309071253,Hope Island,QLD,3,3854.0,8484.0,11061.0,14319.0,17509.0,18253.0,7192.0,65.02,3934.0,27.47,744.0,4.25,,,,SRC-ABS-SA2-ERP-2025,ASGS Edition 3 (2021)
309071254,Jacobs Well - Alberton,QLD,3,2508.0,3376.0,3603.0,4395.0,5381.0,5608.0,2005.0,55.65,1213.0,27.6,227.0,4.22,,,,SRC-ABS-SA2-ERP-2025,ASGS Edition 3 (2021)
309071256,Oxenford - Maudsland,QLD,3,8363.0,14467.0,15548.0,17902.0,19512.0,19732.0,4184.0,26.91,1830.0,10.22,220.0,1.13,,,,SRC-ABS-SA2-ERP-2025,ASGS Edition 3 (2021)
309071552,Ormeau (East) - Stapylton,QLD,3,1302.0,7509.0,9121.0,10638.0,11728.0,12022.0,2901.0,31.81,1384.0,13.01,294.0,2.51,,,,SRC-ABS-SA2-ERP-2025,ASGS Edition 3 (2021)
309071553,Ormeau (West) - Yatala,QLD,3,5248.0,8272.0,10101.0,11933.0,12804.0,13037.0,2936.0,29.07,1104.0,9.25,233.0,1.82,,,,SRC-ABS-SA2-ERP-2025,ASGS Edition 3 (2021)
309071554,Pimpama - North,QLD,3,1281.0,1319.0,2876.0,8281.0,13202.0,13841.0,10965.0,381.26,5560.0,67.14,639.0,4.84,,,,SRC-ABS-SA2-ERP-2025,ASGS Edition 3 (2021)
309071555,Pimpama - South,QLD,3,127.0,192.0,2095.0,9943.0,12614.0,12833.0,10738.0,512.55,2890.0,29.07,219.0,1.74,,,,SRC-ABS-SA2-ERP-2025,ASGS Edition 3 (2021)
309071556,Upper Coomera (South) - Wongawallan,QLD,3,2795.0,5539.0,9269.0,11334.0,12277.0,12438.0,3169.0,34.19,1104.0,9.74,161.0,1.31,,,,SRC-ABS-SA2-ERP-2025,ASGS Edition 3 (2021)
309071557,Upper Coomera - North,QLD,3,4201.0,16438.0,19547.0,20606.0,21722.0,21884.0,2337.0,11.96,1278.0,6.2,162.0,0.75,,,,SRC-ABS-SA2-ERP-2025,ASGS Edition 3 (2021)
309071558,Willow Vale - Pimpama (West),QLD,3,590.0,2608.0,4371.0,6814.0,8343.0,8721.0,4350.0,99.52,1907.0,27.99,378.0,4.53,,,,SRC-ABS-SA2-ERP-2025,ASGS Edition 3 (2021)
309081259,Clear Island Waters,QLD,3,3781.0,4155.0,4234.0,4400.0,4522.0,4570.0,336.0,7.94,170.0,3.86,48.0,1.06,,,,SRC-ABS-SA2-ERP-2025,ASGS Edition 3 (2021)
309081260,Merrimac,QLD,3,5003.0,6389.0,7171.0,7332.0,7365.0,7423.0,252.0,3.51,91.0,1.24,58.0,0.79,,,,SRC-ABS-SA2-ERP-2025,ASGS Edition 3 (2021)
309081262,Varsity Lakes,QLD,3,6969.0,14597.0,15539.0,17021.0,18024.0,18207.0,2668.0,17.17,1186.0,6.97,183.0,1.02,,,,SRC-ABS-SA2-ERP-2025,ASGS Edition 3 (2021)
309081559,Robina - East,QLD,3,10209.0,15263.0,16497.0,17086.0,18086.0,18355.0,1858.0,11.26,1269.0,7.43,269.0,1.49,,,,SRC-ABS-SA2-ERP-2025,ASGS Edition 3 (2021)
309081560,Robina - West,QLD,3,3728.0,6107.0,7273.0,8667.0,9557.0,9678.0,2405.0,33.07,1011.0,11.66,121.0,1.27,,,,SRC-ABS-SA2-ERP-2025,ASGS Edition 3 (2021)
309091263,Ashmore,QLD,3,11838.0,12040.0,12268.0,12647.0,12794.0,12809.0,541.0,4.41,162.0,1.28,15.0,0.12,,,,SRC-ABS-SA2-ERP-2025,ASGS Edition 3 (2021)
309091264,Molendinar,QLD,3,3608.0,6495.0,6576.0,6634.0,6693.0,6707.0,131.0,1.99,73.0,1.1,14.0,0.21,,,,SRC-ABS-SA2-ERP-2025,ASGS Edition 3 (2021)
309091265,Parkwood,QLD,3,8629.0,8817.0,8959.0,9045.0,9121.0,9135.0,176.0,1.96,90.0,1.0,14.0,0.15,,,,SRC-ABS-SA2-ERP-2025,ASGS Edition 3 (2021)
309091540,Southport - North,QLD,3,8681.0,12645.0,14760.0,17813.0,20017.0,20260.0,5500.0,37.26,2447.0,13.74,243.0,1.21,,,,SRC-ABS-SA2-ERP-2025,ASGS Edition 3 (2021)
309091541,Southport - South,QLD,3,13917.0,16452.0,17519.0,19055.0,19866.0,20247.0,2728.0,15.57,1192.0,6.26,381.0,1.92,,,,SRC-ABS-SA2-ERP-2025,ASGS Edition 3 (2021)
309101267,Benowa,QLD,3,6721.0,8196.0,8932.0,9882.0,10639.0,10728.0,1796.0,20.11,846.0,8.56,89.0,0.84,,,,SRC-ABS-SA2-ERP-2025,ASGS Edition 3 (2021)
309101268,Bundall,QLD,3,4188.0,4336.0,4626.0,4974.0,5061.0,5048.0,422.0,9.12,74.0,1.49,-13.0,-0.26,,,,SRC-ABS-SA2-ERP-2025,ASGS Edition 3 (2021)
309101269,Main Beach,QLD,3,3381.0,3659.0,4064.0,4042.0,4215.0,4418.0,354.0,8.71,376.0,9.3,203.0,4.82,,,,SRC-ABS-SA2-ERP-2025,ASGS Edition 3 (2021)
309101561,Surfers Paradise - North,QLD,3,7470.0,9565.0,10995.0,12254.0,14299.0,14640.0,3645.0,33.15,2386.0,19.47,341.0,2.38,,,,SRC-ABS-SA2-ERP-2025,ASGS Edition 3 (2021)
309101562,Surfers Paradise - South,QLD,3,9102.0,11197.0,12972.0,14251.0,16782.0,17410.0,4438.0,34.21,3159.0,22.17,628.0,3.74,,,,SRC-ABS-SA2-ERP-2025,ASGS Edition 3 (2021)
310011271,Darra - Sumner,QLD,3,3730.0,4599.0,5092.0,4866.0,5001.0,5141.0,49.0,0.96,275.0,5.65,140.0,2.8,,,,SRC-ABS-SA2-ERP-2025,ASGS Edition 3 (2021)
310011272,Durack,QLD,3,5751.0,6629.0,8038.0,8523.0,8739.0,8813.0,775.0,9.64,290.0,3.4,74.0,0.85,,,,SRC-ABS-SA2-ERP-2025,ASGS Edition 3 (2021)
310011274,Inala - Richlands,QLD,3,13458.0,15598.0,17908.0,20213.0,21351.0,21884.0,3976.0,22.2,1671.0,8.27,533.0,2.5,,,,SRC-ABS-SA2-ERP-2025,ASGS Edition 3 (2021)
310011275,Oxley (Qld),QLD,3,6157.0,7141.0,7986.0,8593.0,9370.0,9434.0,1448.0,18.13,841.0,9.79,64.0,0.68,,,,SRC-ABS-SA2-ERP-2025,ASGS Edition 3 (2021)
310011276,Wacol,QLD,3,4909.0,5111.0,5803.0,5989.0,6904.0,6975.0,1172.0,20.2,986.0,16.46,71.0,1.03,,,,SRC-ABS-SA2-ERP-2025,ASGS Edition 3 (2021)
310011563,Doolandella,QLD,3,3380.0,4237.0,6191.0,8425.0,9780.0,9953.0,3762.0,60.77,1528.0,18.14,173.0,1.77,,,,SRC-ABS-SA2-ERP-2025,ASGS Edition 3 (2021)
310011564,Forest Lake - Ellen Grove,QLD,3,14091.0,21486.0,22145.0,22896.0,23983.0,24080.0,1935.0,8.74,1184.0,5.17,97.0,0.4,,,,SRC-ABS-SA2-ERP-2025,ASGS Edition 3 (2021)
310021277,Boonah,QLD,3,9556.0,11163.0,11967.0,12694.0,13270.0,13450.0,1483.0,12.39,756.0,5.96,180.0,1.36,,,,SRC-ABS-SA2-ERP-2025,ASGS Edition 3 (2021)
310021278,Esk,QLD,3,4299.0,4844.0,5155.0,5118.0,5194.0,5236.0,81.0,1.57,118.0,2.31,42.0,0.81,,,,SRC-ABS-SA2-ERP-2025,ASGS Edition 3 (2021)
310021279,Lake Manchester - England Creek,QLD,3,0.0,0.0,0.0,0.0,0.0,0.0,0.0,,0.0,,0.0,,,,,SRC-ABS-SA2-ERP-2025,ASGS Edition 3 (2021)
310021280,Lockyer Valley - East,QLD,3,13192.0,17583.0,19902.0,21373.0,23460.0,24138.0,4236.0,21.28,2765.0,12.94,678.0,2.89,,,,SRC-ABS-SA2-ERP-2025,ASGS Edition 3 (2021)
310021281,Lowood,QLD,3,9538.0,11988.0,14084.0,14408.0,15219.0,15478.0,1394.0,9.9,1070.0,7.43,259.0,1.7,,,,SRC-ABS-SA2-ERP-2025,ASGS Edition 3 (2021)
310021282,Rosewood,QLD,3,10905.0,11906.0,11745.0,13902.0,15959.0,16825.0,5080.0,43.25,2923.0,21.03,866.0,5.43,,,,SRC-ABS-SA2-ERP-2025,ASGS Edition 3 (2021)
310031283,Brassall,QLD,3,6399.0,9145.0,10930.0,12202.0,12943.0,13196.0,2266.0,20.73,994.0,8.15,253.0,1.95,,,,SRC-ABS-SA2-ERP-2025,ASGS Edition 3 (2021)
310031284,Bundamba,QLD,3,7332.0,7959.0,8992.0,9444.0,10178.0,10405.0,1413.0,15.71,961.0,10.18,227.0,2.23,,,,SRC-ABS-SA2-ERP-2025,ASGS Edition 3 (2021)
310031285,Churchill - Yamanto,QLD,3,5163.0,5990.0,6900.0,6934.0,7128.0,7182.0,282.0,4.09,248.0,3.58,54.0,0.76,,,,SRC-ABS-SA2-ERP-2025,ASGS Edition 3 (2021)
310031286,Ipswich - Central,QLD,3,6529.0,6752.0,6804.0,6825.0,6893.0,6923.0,119.0,1.75,98.0,1.44,30.0,0.44,,,,SRC-ABS-SA2-ERP-2025,ASGS Edition 3 (2021)
310031287,Ipswich - East,QLD,3,16311.0,17276.0,18234.0,18543.0,18894.0,19056.0,822.0,4.51,513.0,2.77,162.0,0.86,,,,SRC-ABS-SA2-ERP-2025,ASGS Edition 3 (2021)
310031288,Ipswich - North,QLD,3,3290.0,4220.0,4700.0,4738.0,4648.0,4680.0,-20.0,-0.43,-58.0,-1.22,32.0,0.69,,,,SRC-ABS-SA2-ERP-2025,ASGS Edition 3 (2021)
310031289,Karalee - Barellan Point,QLD,3,4018.0,4976.0,5468.0,6423.0,7193.0,7320.0,1852.0,33.87,897.0,13.97,127.0,1.77,,,,SRC-ABS-SA2-ERP-2025,ASGS Edition 3 (2021)
310031290,Karana Downs,QLD,3,5096.0,6182.0,6250.0,6133.0,6238.0,6261.0,11.0,0.18,128.0,2.09,23.0,0.37,,,,SRC-ABS-SA2-ERP-2025,ASGS Edition 3 (2021)
310031291,Leichhardt - One Mile,QLD,3,5539.0,6607.0,7670.0,8377.0,8765.0,8911.0,1241.0,16.18,534.0,6.37,146.0,1.67,,,,SRC-ABS-SA2-ERP-2025,ASGS Edition 3 (2021)
310031292,North Ipswich - Tivoli,QLD,3,6026.0,6488.0,6556.0,6524.0,6592.0,6671.0,115.0,1.75,147.0,2.25,79.0,1.2,,,,SRC-ABS-SA2-ERP-2025,ASGS Edition 3 (2021)
310031293,Raceview,QLD,3,9778.0,14467.0,15467.0,15441.0,16205.0,16382.0,915.0,5.92,941.0,6.09,177.0,1.09,,,,SRC-ABS-SA2-ERP-2025,ASGS Edition 3 (2021)
310031294,Ripley,QLD,3,1938.0,2889.0,4305.0,10871.0,20328.0,23459.0,19154.0,444.92,12588.0,115.79,3131.0,15.4,,,,SRC-ABS-SA2-ERP-2025,ASGS Edition 3 (2021)
310031295,Riverview,QLD,3,3241.0,3372.0,3282.0,3078.0,3169.0,3168.0,-114.0,-3.47,90.0,2.92,-1.0,-0.03,,,,SRC-ABS-SA2-ERP-2025,ASGS Edition 3 (2021)
310041297,Camira - Gailes,QLD,3,8929.0,9331.0,9467.0,9402.0,9709.0,9794.0,327.0,3.45,392.0,4.17,85.0,0.88,,,,SRC-ABS-SA2-ERP-2025,ASGS Edition 3 (2021)
310041298,Carole Park,QLD,3,0.0,11.0,5.0,6.0,7.0,7.0,2.0,40.0,1.0,16.67,0.0,0.0,,,,SRC-ABS-SA2-ERP-2025,ASGS Edition 3 (2021)
310041299,Collingwood Park - Redbank,QLD,3,5321.0,7918.0,8642.0,10974.0,14098.0,14921.0,6279.0,72.66,3947.0,35.97,823.0,5.84,,,,SRC-ABS-SA2-ERP-2025,ASGS Edition 3 (2021)
310041300,Goodna,QLD,3,6687.0,9394.0,10911.0,11202.0,11370.0,11381.0,470.0,4.31,179.0,1.6,11.0,0.1,,,,SRC-ABS-SA2-ERP-2025,ASGS Edition 3 (2021)
310041301,New Chum,QLD,3,0.0,0.0,0.0,3.0,3.0,3.0,3.0,,0.0,0.0,0.0,0.0,,,,SRC-ABS-SA2-ERP-2025,ASGS Edition 3 (2021)
310041302,Redbank Plains,QLD,3,9064.0,13925.0,19264.0,24125.0,28131.0,29057.0,9793.0,50.84,4932.0,20.44,926.0,3.29,,,,SRC-ABS-SA2-ERP-2025,ASGS Edition 3 (2021)
310041303,Springfield,QLD,3,3458.0,6845.0,6989.0,7415.0,8384.0,8537.0,1548.0,22.15,1122.0,15.13,153.0,1.82,,,,SRC-ABS-SA2-ERP-2025,ASGS Edition 3 (2021)
310041304,Springfield Lakes,QLD,3,0.0,10036.0,14880.0,22678.0,28200.0,29522.0,14642.0,98.4,6844.0,30.18,1322.0,4.69,,,,SRC-ABS-SA2-ERP-2025,ASGS Edition 3 (2021)
310041565,Augustine Heights - Brookwater,QLD,3,0.0,2770.0,6568.0,8823.0,10025.0,10178.0,3610.0,54.96,1355.0,15.36,153.0,1.53,,,,SRC-ABS-SA2-ERP-2025,ASGS Edition 3 (2021)
310041566,Bellbird Park,QLD,3,4103.0,4946.0,6597.0,8946.0,10562.0,10949.0,4352.0,65.97,2003.0,22.39,387.0,3.66,,,,SRC-ABS-SA2-ERP-2025,ASGS Edition 3 (2021)
311011305,Beaudesert,QLD,3,9977.0,12512.0,13953.0,14857.0,16090.0,16642.0,2689.0,19.27,1785.0,12.01,552.0,3.43,,,,SRC-ABS-SA2-ERP-2025,ASGS Edition 3 (2021)
311021306,Beenleigh,QLD,3,7800.0,8421.0,8515.0,8559.0,8912.0,9004.0,489.0,5.74,445.0,5.2,92.0,1.03,,,,SRC-ABS-SA2-ERP-2025,ASGS Edition 3 (2021)
311021307,Eagleby,QLD,3,8385.0,11842.0,13596.0,14022.0,14315.0,14488.0,892.0,6.56,466.0,3.32,173.0,1.21,,,,SRC-ABS-SA2-ERP-2025,ASGS Edition 3 (2021)
311021308,Edens Landing - Holmview,QLD,3,5143.0,6628.0,7535.0,9368.0,11158.0,11432.0,3897.0,51.72,2064.0,22.03,274.0,2.46,,,,SRC-ABS-SA2-ERP-2025,ASGS Edition 3 (2021)
311021309,Mount Warren Park,QLD,3,5494.0,5918.0,5936.0,5908.0,5976.0,5964.0,28.0,0.47,56.0,0.95,-12.0,-0.2,,,,SRC-ABS-SA2-ERP-2025,ASGS Edition 3 (2021)
311021310,Wolffdene - Bahrs Scrub,QLD,3,4163.0,5341.0,6195.0,8248.0,11979.0,12765.0,6570.0,106.05,4517.0,54.76,786.0,6.56,,,,SRC-ABS-SA2-ERP-2025,ASGS Edition 3 (2021)
311031311,Boronia Heights - Park Ridge,QLD,3,11082.0,12091.0,12680.0,17701.0,25643.0,27073.0,14393.0,113.51,9372.0,52.95,1430.0,5.58,,,,SRC-ABS-SA2-ERP-2025,ASGS Edition 3 (2021)
311031312,Browns Plains,QLD,3,5564.0,6501.0,7601.0,8128.0,9184.0,9517.0,1916.0,25.21,1389.0,17.09,333.0,3.63,,,,SRC-ABS-SA2-ERP-2025,ASGS Edition 3 (2021)
311031313,Chambers Flat - Logan Reserve,QLD,3,3228.0,3897.0,4893.0,7956.0,15063.0,16875.0,11982.0,244.88,8919.0,112.1,1812.0,12.03,,,,SRC-ABS-SA2-ERP-2025,ASGS Edition 3 (2021)
311031314,Crestmead,QLD,3,9126.0,11584.0,12187.0,12377.0,12818.0,12895.0,708.0,5.81,518.0,4.19,77.0,0.6,,,,SRC-ABS-SA2-ERP-2025,ASGS Edition 3 (2021)
311031315,Greenbank Military Camp,QLD,3,0.0,0.0,0.0,0.0,0.0,0.0,0.0,,0.0,,0.0,,,,,SRC-ABS-SA2-ERP-2025,ASGS Edition 3 (2021)
311031316,Hillcrest,QLD,3,7140.0,7775.0,8444.0,8936.0,9835.0,10043.0,1599.0,18.94,1107.0,12.39,208.0,2.11,,,,SRC-ABS-SA2-ERP-2025,ASGS Edition 3 (2021)
311031317,Marsden,QLD,3,8487.0,10984.0,14378.0,16161.0,17298.0,17494.0,3116.0,21.67,1333.0,8.25,196.0,1.13,,,,SRC-ABS-SA2-ERP-2025,ASGS Edition 3 (2021)
311031318,Munruben - Park Ridge South,QLD,3,4479.0,4784.0,4752.0,4553.0,4547.0,4565.0,-187.0,-3.94,12.0,0.26,18.0,0.4,,,,SRC-ABS-SA2-ERP-2025,ASGS Edition 3 (2021)
311031319,Regents Park - Heritage Park,QLD,3,12305.0,16196.0,16466.0,16461.0,17035.0,17206.0,740.0,4.49,745.0,4.53,171.0,1.0,,,,SRC-ABS-SA2-ERP-2025,ASGS Edition 3 (2021)
311041322,Logan Village,QLD,3,5271.0,6002.0,6890.0,8458.0,9628.0,9963.0,3073.0,44.6,1505.0,17.79,335.0,3.48,,,,SRC-ABS-SA2-ERP-2025,ASGS Edition 3 (2021)
311041567,Flagstone (East) - Riverbend,QLD,3,2377.0,4846.0,5944.0,6630.0,7109.0,7190.0,1246.0,20.96,560.0,8.45,81.0,1.14,,,,SRC-ABS-SA2-ERP-2025,ASGS Edition 3 (2021)
311041568,Flagstone (West) - New Beith,QLD,3,1654.0,5298.0,6720.0,9303.0,12357.0,13360.0,6640.0,98.81,4057.0,43.61,1003.0,8.12,,,,SRC-ABS-SA2-ERP-2025,ASGS Edition 3 (2021)
311041569,Greenbank - North Maclean,QLD,3,5278.0,6285.0,6462.0,7190.0,11115.0,12691.0,6229.0,96.39,5501.0,76.51,1576.0,14.18,,,,SRC-ABS-SA2-ERP-2025,ASGS Edition 3 (2021)
311041570,Jimboomba - Glenlogan,QLD,3,10144.0,14367.0,15595.0,17786.0,20673.0,21545.0,5950.0,38.15,3759.0,21.13,872.0,4.22,,,,SRC-ABS-SA2-ERP-2025,ASGS Edition 3 (2021)
311041571,Yarrabilba,QLD,3,435.0,453.0,3428.0,10194.0,14575.0,15803.0,12375.0,361.0,5609.0,55.02,1228.0,8.43,,,,SRC-ABS-SA2-ERP-2025,ASGS Edition 3 (2021)
311051323,Bethania - Waterford,QLD,3,5188.0,8355.0,10647.0,12168.0,13015.0,13108.0,2461.0,23.11,940.0,7.73,93.0,0.71,,,,SRC-ABS-SA2-ERP-2025,ASGS Edition 3 (2021)
311051324,Cornubia - Carbrook,QLD,3,7477.0,8332.0,8675.0,9209.0,9452.0,9471.0,796.0,9.18,262.0,2.85,19.0,0.2,,,,SRC-ABS-SA2-ERP-2025,ASGS Edition 3 (2021)
311051325,Loganholme - Tanah Merah,QLD,3,9651.0,10899.0,11452.0,11676.0,12554.0,12700.0,1248.0,10.9,1024.0,8.77,146.0,1.16,,,,SRC-ABS-SA2-ERP-2025,ASGS Edition 3 (2021)
311051326,Loganlea,QLD,3,7047.0,9491.0,10553.0,11835.0,12785.0,12948.0,2395.0,22.69,1113.0,9.4,163.0,1.27,,,,SRC-ABS-SA2-ERP-2025,ASGS Edition 3 (2021)
311051327,Shailer Park,QLD,3,10997.0,11693.0,12038.0,12233.0,12627.0,12717.0,679.0,5.64,484.0,3.96,90.0,0.71,,,,SRC-ABS-SA2-ERP-2025,ASGS Edition 3 (2021)
311051328,Waterford West,QLD,3,5627.0,7107.0,7461.0,7831.0,8485.0,8569.0,1108.0,14.85,738.0,9.42,84.0,0.99,,,,SRC-ABS-SA2-ERP-2025,ASGS Edition 3 (2021)
311061329,Daisy Hill,QLD,3,6267.0,6414.0,6934.0,7031.0,7396.0,7458.0,524.0,7.56,427.0,6.07,62.0,0.84,,,,SRC-ABS-SA2-ERP-2025,ASGS Edition 3 (2021)
311061330,Kingston (Qld),QLD,3,9348.0,10413.0,10799.0,10661.0,11090.0,11172.0,373.0,3.45,511.0,4.79,82.0,0.74,,,,SRC-ABS-SA2-ERP-2025,ASGS Edition 3 (2021)
311061331,Logan Central,QLD,3,5692.0,6279.0,6485.0,6529.0,6573.0,6653.0,168.0,2.59,124.0,1.9,80.0,1.22,,,,SRC-ABS-SA2-ERP-2025,ASGS Edition 3 (2021)
311061332,Rochedale South - Priestdale,QLD,3,15189.0,15618.0,15949.0,15899.0,16030.0,16053.0,104.0,0.65,154.0,0.97,23.0,0.14,,,,SRC-ABS-SA2-ERP-2025,ASGS Edition 3 (2021)
311061333,Slacks Creek,QLD,3,9970.0,10694.0,10887.0,10602.0,10739.0,10811.0,-76.0,-0.7,209.0,1.97,72.0,0.67,,,,SRC-ABS-SA2-ERP-2025,ASGS Edition 3 (2021)
311061334,Springwood,QLD,3,9386.0,9295.0,9472.0,9968.0,10291.0,10328.0,856.0,9.04,360.0,3.61,37.0,0.36,,,,SRC-ABS-SA2-ERP-2025,ASGS Edition 3 (2021)
311061335,Underwood,QLD,3,3216.0,5346.0,6616.0,6905.0,7408.0,7527.0,911.0,13.77,622.0,9.01,119.0,1.61,,,,SRC-ABS-SA2-ERP-2025,ASGS Edition 3 (2021)
311061336,Woodridge,QLD,3,11741.0,13040.0,13157.0,13335.0,13901.0,14127.0,970.0,7.37,792.0,5.94,226.0,1.63,,,,SRC-ABS-SA2-ERP-2025,ASGS Edition 3 (2021)
312011337,Bowen,QLD,3,8060.0,9044.0,9381.0,9853.0,11025.0,11266.0,1885.0,20.09,1413.0,14.34,241.0,2.19,,,,SRC-ABS-SA2-ERP-2025,ASGS Edition 3 (2021)
312011338,Broadsound - Nebo,QLD,3,8392.0,10126.0,9302.0,8710.0,9166.0,9190.0,-112.0,-1.2,480.0,5.51,24.0,0.26,,,,SRC-ABS-SA2-ERP-2025,ASGS Edition 3 (2021)
312011339,Clermont,QLD,3,3270.0,3684.0,3821.0,3903.0,4036.0,4068.0,247.0,6.46,165.0,4.23,32.0,0.79,,,,SRC-ABS-SA2-ERP-2025,ASGS Edition 3 (2021)
312011340,Collinsville,QLD,3,4111.0,4158.0,3664.0,3805.0,3988.0,4008.0,344.0,9.39,203.0,5.34,20.0,0.5,,,,SRC-ABS-SA2-ERP-2025,ASGS Edition 3 (2021)
312011341,Moranbah,QLD,3,6507.0,8848.0,9050.0,9528.0,9957.0,9928.0,878.0,9.7,400.0,4.2,-29.0,-0.29,,,,SRC-ABS-SA2-ERP-2025,ASGS Edition 3 (2021)
312021342,Andergrove - Beaconsfield,QLD,3,12738.0,14743.0,15222.0,15969.0,16855.0,17169.0,1947.0,12.79,1200.0,7.51,314.0,1.86,,,,SRC-ABS-SA2-ERP-2025,ASGS Edition 3 (2021)
312021343,East Mackay,QLD,3,3279.0,3767.0,3637.0,3761.0,3857.0,3820.0,183.0,5.03,59.0,1.57,-37.0,-0.96,,,,SRC-ABS-SA2-ERP-2025,ASGS Edition 3 (2021)
312021344,Eimeo - Rural View,QLD,3,5423.0,9644.0,12538.0,13488.0,14772.0,14911.0,2373.0,18.93,1423.0,10.55,139.0,0.94,,,,SRC-ABS-SA2-ERP-2025,ASGS Edition 3 (2021)
312021345,Eungella Hinterland,QLD,3,0.0,0.0,14.0,10.0,9.0,9.0,-5.0,-35.71,-1.0,-10.0,0.0,0.0,,,,SRC-ABS-SA2-ERP-2025,ASGS Edition 3 (2021)
312021346,Mackay,QLD,3,3397.0,4106.0,3820.0,4014.0,4131.0,4154.0,334.0,8.74,140.0,3.49,23.0,0.56,,,,SRC-ABS-SA2-ERP-2025,ASGS Edition 3 (2021)
312021347,Mackay Harbour,QLD,3,84.0,536.0,544.0,600.0,658.0,676.0,132.0,24.26,76.0,12.67,18.0,2.74,,,,SRC-ABS-SA2-ERP-2025,ASGS Edition 3 (2021)
312021348,Mount Pleasant - Glenella,QLD,3,6717.0,10862.0,10952.0,11513.0,11999.0,12060.0,1108.0,10.12,547.0,4.75,61.0,0.51,,,,SRC-ABS-SA2-ERP-2025,ASGS Edition 3 (2021)
312021349,North Mackay,QLD,3,5659.0,6934.0,6412.0,6243.0,6406.0,6418.0,6.0,0.09,175.0,2.8,12.0,0.19,,,,SRC-ABS-SA2-ERP-2025,ASGS Edition 3 (2021)
312021350,Ooralea - Bakers Creek,QLD,3,2954.0,3930.0,5071.0,5783.0,6509.0,6600.0,1529.0,30.15,817.0,14.13,91.0,1.4,,,,SRC-ABS-SA2-ERP-2025,ASGS Edition 3 (2021)
312021351,Pioneer Valley,QLD,3,4997.0,6910.0,8316.0,8812.0,9355.0,9449.0,1133.0,13.62,637.0,7.23,94.0,1.0,,,,SRC-ABS-SA2-ERP-2025,ASGS Edition 3 (2021)
312021352,Sarina,QLD,3,9620.0,11690.0,11850.0,11832.0,12388.0,12500.0,650.0,5.49,668.0,5.65,112.0,0.9,,,,SRC-ABS-SA2-ERP-2025,ASGS Edition 3 (2021)
312021353,Seaforth - Calen,QLD,3,7079.0,8519.0,8396.0,8139.0,8645.0,8785.0,389.0,4.63,646.0,7.94,140.0,1.62,,,,SRC-ABS-SA2-ERP-2025,ASGS Edition 3 (2021)
312021354,Shoal Point - Bucasia,QLD,3,3426.0,5291.0,5890.0,6123.0,6505.0,6590.0,700.0,11.88,467.0,7.63,85.0,1.31,,,,SRC-ABS-SA2-ERP-2025,ASGS Edition 3 (2021)
312021355,Slade Point,QLD,3,3782.0,3998.0,3534.0,3411.0,3655.0,3669.0,135.0,3.82,258.0,7.56,14.0,0.38,,,,SRC-ABS-SA2-ERP-2025,ASGS Edition 3 (2021)
312021356,South Mackay,QLD,3,7194.0,7557.0,7040.0,6920.0,7187.0,7251.0,211.0,3.0,331.0,4.78,64.0,0.89,,,,SRC-ABS-SA2-ERP-2025,ASGS Edition 3 (2021)
312021357,Walkerston - Eton,QLD,3,6919.0,8497.0,8606.0,8395.0,8727.0,8749.0,143.0,1.66,354.0,4.22,22.0,0.25,,,,SRC-ABS-SA2-ERP-2025,ASGS Edition 3 (2021)
312021358,West Mackay,QLD,3,6069.0,6685.0,6450.0,6382.0,6481.0,6443.0,-7.0,-0.11,61.0,0.96,-38.0,-0.59,,,,SRC-ABS-SA2-ERP-2025,ASGS Edition 3 (2021)
312031359,Airlie - Whitsundays,QLD,3,8192.0,10816.0,12996.0,14650.0,16225.0,16597.0,3601.0,27.71,1947.0,13.29,372.0,2.29,,,,SRC-ABS-SA2-ERP-2025,ASGS Edition 3 (2021)
312031360,Cape Conway,QLD,3,0.0,0.0,0.0,0.0,0.0,0.0,0.0,,0.0,,0.0,,,,,SRC-ABS-SA2-ERP-2025,ASGS Edition 3 (2021)
312031361,Proserpine,QLD,3,7033.0,8122.0,8468.0,8797.0,9401.0,9503.0,1035.0,12.22,706.0,8.03,102.0,1.08,,,,SRC-ABS-SA2-ERP-2025,ASGS Edition 3 (2021)
313011362,Beachmere - Sandstone Point,QLD,3,9304.0,13521.0,15053.0,16431.0,17601.0,17733.0,2680.0,17.8,1302.0,7.92,132.0,0.75,,,,SRC-ABS-SA2-ERP-2025,ASGS Edition 3 (2021)
313011363,Bribie Island,QLD,3,14609.0,17484.0,18344.0,20343.0,22068.0,22215.0,3871.0,21.1,1872.0,9.2,147.0,0.67,,,,SRC-ABS-SA2-ERP-2025,ASGS Edition 3 (2021)
313021364,Burpengary - East,QLD,3,2834.0,3778.0,4022.0,6003.0,8696.0,9216.0,5194.0,129.14,3213.0,53.52,520.0,5.98,,,,SRC-ABS-SA2-ERP-2025,ASGS Edition 3 (2021)
313021366,Caboolture - South,QLD,3,11495.0,18219.0,20743.0,23623.0,26986.0,27798.0,7055.0,34.01,4175.0,17.67,812.0,3.01,,,,SRC-ABS-SA2-ERP-2025,ASGS Edition 3 (2021)
313021367,Elimbah,QLD,3,2727.0,3810.0,4041.0,4299.0,4592.0,4645.0,604.0,14.95,346.0,8.05,53.0,1.15,,,,SRC-ABS-SA2-ERP-2025,ASGS Edition 3 (2021)
313021368,Morayfield - East,QLD,3,4885.0,7187.0,8528.0,10517.0,13267.0,13813.0,5285.0,61.97,3296.0,31.34,546.0,4.12,,,,SRC-ABS-SA2-ERP-2025,ASGS Edition 3 (2021)
313021369,Wamuran,QLD,3,2722.0,3603.0,3963.0,4241.0,4468.0,4522.0,559.0,14.11,281.0,6.63,54.0,1.21,,,,SRC-ABS-SA2-ERP-2025,ASGS Edition 3 (2021)
313021572,Caboolture - East,QLD,3,6982.0,10939.0,15629.0,18003.0,19496.0,19929.0,4300.0,27.51,1926.0,10.7,433.0,2.22,,,,SRC-ABS-SA2-ERP-2025,ASGS Edition 3 (2021)
313021573,Caboolture - West,QLD,3,9179.0,11101.0,11211.0,12199.0,14282.0,14884.0,3673.0,32.76,2685.0,22.01,602.0,4.22,,,,SRC-ABS-SA2-ERP-2025,ASGS Edition 3 (2021)
313031370,Kilcoy,QLD,3,4029.0,4885.0,5438.0,5790.0,6097.0,6216.0,778.0,14.31,426.0,7.36,119.0,1.95,,,,SRC-ABS-SA2-ERP-2025,ASGS Edition 3 (2021)
313031371,Woodford - D'Aguilar,QLD,3,5598.0,6610.0,7922.0,8934.0,10415.0,10806.0,2884.0,36.4,1872.0,20.95,391.0,3.75,,,,SRC-ABS-SA2-ERP-2025,ASGS Edition 3 (2021)
313041372,Burpengary,QLD,3,11374.0,13186.0,14093.0,16254.0,18468.0,19133.0,5040.0,35.76,2879.0,17.71,665.0,3.6,,,,SRC-ABS-SA2-ERP-2025,ASGS Edition 3 (2021)
313041373,Deception Bay,QLD,3,16838.0,22368.0,22936.0,23271.0,24173.0,25304.0,2368.0,10.32,2033.0,8.74,1131.0,4.68,,,,SRC-ABS-SA2-ERP-2025,ASGS Edition 3 (2021)
313041374,Morayfield,QLD,3,4211.0,4953.0,4967.0,5689.0,6812.0,7826.0,2859.0,57.56,2137.0,37.56,1014.0,14.89,,,,SRC-ABS-SA2-ERP-2025,ASGS Edition 3 (2021)
313041375,Narangba,QLD,3,8031.0,16377.0,18632.0,21026.0,23104.0,23657.0,5025.0,26.97,2631.0,12.51,553.0,2.39,,,,SRC-ABS-SA2-ERP-2025,ASGS Edition 3 (2021)
313041376,Upper Caboolture,QLD,3,2165.0,2752.0,3034.0,3247.0,3528.0,3597.0,563.0,18.56,350.0,10.78,69.0,1.96,,,,SRC-ABS-SA2-ERP-2025,ASGS Edition 3 (2021)
313051377,Clontarf,QLD,3,7859.0,8094.0,8407.0,8519.0,8846.0,8876.0,469.0,5.58,357.0,4.19,30.0,0.34,,,,SRC-ABS-SA2-ERP-2025,ASGS Edition 3 (2021)
313051378,Margate - Woody Point,QLD,3,10608.0,11462.0,11844.0,12097.0,12559.0,12649.0,805.0,6.8,552.0,4.56,90.0,0.72,,,,SRC-ABS-SA2-ERP-2025,ASGS Edition 3 (2021)
313051379,Redcliffe,QLD,3,8248.0,9206.0,10269.0,10556.0,11060.0,11134.0,865.0,8.42,578.0,5.48,74.0,0.67,,,,SRC-ABS-SA2-ERP-2025,ASGS Edition 3 (2021)
313051380,Rothwell - Kippa-Ring,QLD,3,12712.0,16762.0,17713.0,17718.0,17597.0,17562.0,-151.0,-0.85,-156.0,-0.88,-35.0,-0.2,,,,SRC-ABS-SA2-ERP-2025,ASGS Edition 3 (2021)
313051574,Moreton Island,QLD,3,192.0,302.0,372.0,322.0,335.0,339.0,-33.0,-8.87,17.0,5.28,4.0,1.19,,,,SRC-ABS-SA2-ERP-2025,ASGS Edition 3 (2021)
313051575,Scarborough - Newport,QLD,3,9860.0,11697.0,12317.0,14631.0,17539.0,18187.0,5870.0,47.66,3556.0,24.3,648.0,3.69,,,,SRC-ABS-SA2-ERP-2025,ASGS Edition 3 (2021)
314011382,Albany Creek,QLD,3,15143.0,16419.0,16259.0,16669.0,17279.0,17369.0,1110.0,6.83,700.0,4.2,90.0,0.52,,,,SRC-ABS-SA2-ERP-2025,ASGS Edition 3 (2021)
314011383,Cashmere,QLD,3,6617.0,15200.0,18772.0,20037.0,21109.0,21462.0,2690.0,14.33,1425.0,7.11,353.0,1.67,,,,SRC-ABS-SA2-ERP-2025,ASGS Edition 3 (2021)
314011384,Dayboro,QLD,3,5554.0,7810.0,8481.0,9248.0,9945.0,10103.0,1622.0,19.13,855.0,9.25,158.0,1.59,,,,SRC-ABS-SA2-ERP-2025,ASGS Edition 3 (2021)
314011385,Eatons Hill,QLD,3,5388.0,8169.0,8282.0,7942.0,8013.0,7984.0,-298.0,-3.6,42.0,0.53,-29.0,-0.36,,,,SRC-ABS-SA2-ERP-2025,ASGS Edition 3 (2021)
314011386,The Hills District,QLD,3,22002.0,23353.0,24058.0,24760.0,25916.0,26166.0,2108.0,8.76,1406.0,5.68,250.0,0.96,,,,SRC-ABS-SA2-ERP-2025,ASGS Edition 3 (2021)
314011387,Samford Valley,QLD,3,8561.0,11176.0,11857.0,12545.0,13087.0,13239.0,1382.0,11.66,694.0,5.53,152.0,1.16,,,,SRC-ABS-SA2-ERP-2025,ASGS Edition 3 (2021)
314021389,Murrumba Downs - Griffin,QLD,3,5840.0,11179.0,16718.0,22646.0,26566.0,27130.0,10412.0,62.28,4484.0,19.8,564.0,2.12,,,,SRC-ABS-SA2-ERP-2025,ASGS Edition 3 (2021)
314021576,Dakabin,QLD,3,694.0,1390.0,3243.0,5041.0,5955.0,6194.0,2951.0,91.0,1153.0,22.87,239.0,4.01,,,,SRC-ABS-SA2-ERP-2025,ASGS Edition 3 (2021)
314021577,Kallangur,QLD,3,15059.0,19180.0,20444.0,22073.0,23324.0,23466.0,3022.0,14.78,1393.0,6.31,142.0,0.61,,,,SRC-ABS-SA2-ERP-2025,ASGS Edition 3 (2021)
314021578,Mango Hill,QLD,3,1995.0,4035.0,7904.0,14405.0,17502.0,17874.0,9970.0,126.14,3469.0,24.08,372.0,2.13,,,,SRC-ABS-SA2-ERP-2025,ASGS Edition 3 (2021)
314021579,North Lakes,QLD,3,633.0,13830.0,21092.0,23515.0,24386.0,24527.0,3435.0,16.29,1012.0,4.3,141.0,0.58,,,,SRC-ABS-SA2-ERP-2025,ASGS Edition 3 (2021)
314031391,Bray Park,QLD,3,8971.0,10248.0,10582.0,10501.0,10722.0,10810.0,228.0,2.15,309.0,2.94,88.0,0.82,,,,SRC-ABS-SA2-ERP-2025,ASGS Edition 3 (2021)
314031392,Lawnton,QLD,3,5366.0,5904.0,6274.0,6972.0,7900.0,8120.0,1846.0,29.42,1148.0,16.47,220.0,2.78,,,,SRC-ABS-SA2-ERP-2025,ASGS Edition 3 (2021)
314031393,Petrie,QLD,3,7890.0,8820.0,8981.0,8843.0,9113.0,9202.0,221.0,2.46,359.0,4.06,89.0,0.98,,,,SRC-ABS-SA2-ERP-2025,ASGS Edition 3 (2021)
314031394,Strathpine - Brendale,QLD,3,11108.0,11535.0,12379.0,13824.0,15120.0,15313.0,2934.0,23.7,1489.0,10.77,193.0,1.28,,,,SRC-ABS-SA2-ERP-2025,ASGS Edition 3 (2021)
315011395,Aurukun,QLD,3,1074.0,1365.0,1321.0,1196.0,1158.0,1165.0,-156.0,-11.81,-31.0,-2.59,7.0,0.6,,,,SRC-ABS-SA2-ERP-2025,ASGS Edition 3 (2021)
315011396,Cape York,QLD,3,6545.0,7261.0,7583.0,7971.0,8395.0,8515.0,932.0,12.29,544.0,6.82,120.0,1.43,,,,SRC-ABS-SA2-ERP-2025,ASGS Edition 3 (2021)
315011397,Croydon - Etheridge,QLD,3,1279.0,1242.0,1115.0,1000.0,991.0,1000.0,-115.0,-10.31,0.0,0.0,9.0,0.91,,,,SRC-ABS-SA2-ERP-2025,ASGS Edition 3 (2021)
315011398,Kowanyama - Pormpuraaw,QLD,3,1617.0,1794.0,1760.0,1748.0,1792.0,1805.0,45.0,2.56,57.0,3.26,13.0,0.73,,,,SRC-ABS-SA2-ERP-2025,ASGS Edition 3 (2021)
315011399,Northern Peninsula,QLD,3,2055.0,2391.0,2836.0,2891.0,2925.0,2944.0,108.0,3.81,53.0,1.83,19.0,0.65,,,,SRC-ABS-SA2-ERP-2025,ASGS Edition 3 (2021)
315011400,Tablelands,QLD,3,5546.0,5672.0,6030.0,6268.0,6354.0,6420.0,390.0,6.47,152.0,2.43,66.0,1.04,,,,SRC-ABS-SA2-ERP-2025,ASGS Edition 3 (2021)
315011401,Torres,QLD,3,3531.0,3485.0,3753.0,3589.0,3485.0,3490.0,-263.0,-7.01,-99.0,-2.76,5.0,0.14,,,,SRC-ABS-SA2-ERP-2025,ASGS Edition 3 (2021)
315011402,Torres Strait Islands,QLD,3,4244.0,4600.0,4731.0,4355.0,4278.0,4298.0,-433.0,-9.15,-57.0,-1.31,20.0,0.47,,,,SRC-ABS-SA2-ERP-2025,ASGS Edition 3 (2021)
315011403,Weipa,QLD,3,2131.0,3337.0,3962.0,4143.0,4268.0,4297.0,335.0,8.46,154.0,3.72,29.0,0.68,,,,SRC-ABS-SA2-ERP-2025,ASGS Edition 3 (2021)
315021404,Carpentaria,QLD,3,4905.0,5242.0,5147.0,5090.0,5227.0,5284.0,137.0,2.66,194.0,3.81,57.0,1.09,,,,SRC-ABS-SA2-ERP-2025,ASGS Edition 3 (2021)
315021405,Mount Isa,QLD,3,20262.0,21287.0,20227.0,18906.0,18305.0,18162.0,-2065.0,-10.21,-744.0,-3.94,-143.0,-0.78,,,,SRC-ABS-SA2-ERP-2025,ASGS Edition 3 (2021)
315021406,Mount Isa Surrounds,QLD,3,4235.0,3844.0,3535.0,3932.0,4297.0,4325.0,790.0,22.35,393.0,9.99,28.0,0.65,,,,SRC-ABS-SA2-ERP-2025,ASGS Edition 3 (2021)
315021407,Northern Highlands,QLD,3,4223.0,3751.0,3339.0,3106.0,3173.0,3183.0,-156.0,-4.67,77.0,2.48,10.0,0.32,,,,SRC-ABS-SA2-ERP-2025,ASGS Edition 3 (2021)
315031408,Barcaldine - Blackall,QLD,3,5868.0,5511.0,5117.0,4781.0,4872.0,4912.0,-205.0,-4.01,131.0,2.74,40.0,0.82,,,,SRC-ABS-SA2-ERP-2025,ASGS Edition 3 (2021)
315031409,Charleville,QLD,3,4936.0,4714.0,4527.0,4106.0,3988.0,4004.0,-523.0,-11.55,-102.0,-2.48,16.0,0.4,,,,SRC-ABS-SA2-ERP-2025,ASGS Edition 3 (2021)
315031410,Far Central West,QLD,3,2925.0,2497.0,2278.0,2163.0,2198.0,2227.0,-51.0,-2.24,64.0,2.96,29.0,1.32,,,,SRC-ABS-SA2-ERP-2025,ASGS Edition 3 (2021)
315031411,Far South West,QLD,3,3708.0,3332.0,2974.0,2744.0,2781.0,2791.0,-183.0,-6.15,47.0,1.71,10.0,0.36,,,,SRC-ABS-SA2-ERP-2025,ASGS Edition 3 (2021)
315031412,Longreach,QLD,3,4537.0,4250.0,3812.0,3651.0,3745.0,3741.0,-71.0,-1.86,90.0,2.47,-4.0,-0.11,,,,SRC-ABS-SA2-ERP-2025,ASGS Edition 3 (2021)
316011413,Buderim - North,QLD,3,13994.0,15745.0,16743.0,17985.0,19707.0,20127.0,3384.0,20.21,2142.0,11.91,420.0,2.13,,,,SRC-ABS-SA2-ERP-2025,ASGS Edition 3 (2021)
316011414,Buderim - South,QLD,3,11120.0,14746.0,16481.0,17586.0,18260.0,18362.0,1881.0,11.41,776.0,4.41,102.0,0.56,,,,SRC-ABS-SA2-ERP-2025,ASGS Edition 3 (2021)
316011415,Mountain Creek,QLD,3,5087.0,7063.0,10799.0,12128.0,12260.0,12397.0,1598.0,14.8,269.0,2.22,137.0,1.12,,,,SRC-ABS-SA2-ERP-2025,ASGS Edition 3 (2021)
316011416,Sippy Downs,QLD,3,3256.0,9148.0,10329.0,11561.0,12527.0,12683.0,2354.0,22.79,1122.0,9.71,156.0,1.25,,,,SRC-ABS-SA2-ERP-2025,ASGS Edition 3 (2021)
316021417,Aroona - Currimundi,QLD,3,8927.0,10001.0,10171.0,10219.0,10254.0,10328.0,157.0,1.54,109.0,1.07,74.0,0.72,,,,SRC-ABS-SA2-ERP-2025,ASGS Edition 3 (2021)
316021418,Buddina - Minyama,QLD,3,6096.0,6420.0,6672.0,7027.0,7170.0,7410.0,738.0,11.06,383.0,5.45,240.0,3.35,,,,SRC-ABS-SA2-ERP-2025,ASGS Edition 3 (2021)
316021419,Caloundra - Kings Beach,QLD,3,5220.0,6283.0,6757.0,7059.0,7048.0,7094.0,337.0,4.99,35.0,0.5,46.0,0.65,,,,SRC-ABS-SA2-ERP-2025,ASGS Edition 3 (2021)
316021421,Golden Beach - Pelican Waters,QLD,3,6409.0,10398.0,11758.0,12996.0,13949.0,14293.0,2535.0,21.56,1297.0,9.98,344.0,2.47,,,,SRC-ABS-SA2-ERP-2025,ASGS Edition 3 (2021)
316021422,Moffat Beach - Battery Hill,QLD,3,7539.0,8070.0,8101.0,8248.0,8262.0,8303.0,202.0,2.49,55.0,0.67,41.0,0.5,,,,SRC-ABS-SA2-ERP-2025,ASGS Edition 3 (2021)
316021423,Parrearra - Warana,QLD,3,5772.0,9311.0,9749.0,10381.0,11081.0,11379.0,1630.0,16.72,998.0,9.61,298.0,2.69,,,,SRC-ABS-SA2-ERP-2025,ASGS Edition 3 (2021)
316021424,Wurtulla - Birtinya,QLD,3,5552.0,5932.0,7761.0,10407.0,11577.0,11624.0,3863.0,49.77,1217.0,11.69,47.0,0.41,,,,SRC-ABS-SA2-ERP-2025,ASGS Edition 3 (2021)
316021580,Caloundra West - Baringa,QLD,3,1986.0,5349.0,7159.0,13915.0,21892.0,23872.0,16713.0,233.45,9957.0,71.56,1980.0,9.04,,,,SRC-ABS-SA2-ERP-2025,ASGS Edition 3 (2021)
316021581,Meridan Plains - Little Mountain (North),QLD,3,3486.0,9676.0,12423.0,14317.0,14999.0,15068.0,2645.0,21.29,751.0,5.25,69.0,0.46,,,,SRC-ABS-SA2-ERP-2025,ASGS Edition 3 (2021)
316031425,Coolum Beach,QLD,3,10780.0,13448.0,14622.0,16056.0,16932.0,17064.0,2442.0,16.7,1008.0,6.28,132.0,0.78,,,,SRC-ABS-SA2-ERP-2025,ASGS Edition 3 (2021)
316031426,Marcoola - Mudjimba,QLD,3,6849.0,10556.0,11134.0,12030.0,12528.0,12672.0,1538.0,13.81,642.0,5.34,144.0,1.15,,,,SRC-ABS-SA2-ERP-2025,ASGS Edition 3 (2021)
316031427,Maroochydore - Kuluin,QLD,3,14919.0,17201.0,19681.0,22876.0,25283.0,25797.0,6116.0,31.08,2921.0,12.77,514.0,2.03,,,,SRC-ABS-SA2-ERP-2025,ASGS Edition 3 (2021)
316031428,Mooloolaba - Alexandra Headland,QLD,3,10525.0,11514.0,12101.0,12628.0,13040.0,13101.0,1000.0,8.26,473.0,3.75,61.0,0.47,,,,SRC-ABS-SA2-ERP-2025,ASGS Edition 3 (2021)
316051434,Noosa Heads,QLD,3,3785.0,4169.0,4683.0,5124.0,5270.0,5319.0,636.0,13.58,195.0,3.81,49.0,0.93,,,,SRC-ABS-SA2-ERP-2025,ASGS Edition 3 (2021)
316051435,Noosaville,QLD,3,6656.0,7971.0,8949.0,9459.0,9583.0,9634.0,685.0,7.65,175.0,1.85,51.0,0.53,,,,SRC-ABS-SA2-ERP-2025,ASGS Edition 3 (2021)
316051437,Sunshine Beach,QLD,3,6393.0,6747.0,6710.0,6996.0,7410.0,7524.0,814.0,12.13,528.0,7.55,114.0,1.54,,,,SRC-ABS-SA2-ERP-2025,ASGS Edition 3 (2021)
316051438,Tewantin,QLD,3,9429.0,10430.0,10547.0,10705.0,10647.0,10660.0,113.0,1.07,-45.0,-0.42,13.0,0.12,,,,SRC-ABS-SA2-ERP-2025,ASGS Edition 3 (2021)
316051543,Peregian Beach - Marcus Beach,QLD,3,3414.0,3889.0,3895.0,4124.0,4338.0,4374.0,479.0,12.3,250.0,6.06,36.0,0.83,,,,SRC-ABS-SA2-ERP-2025,ASGS Edition 3 (2021)
316051544,Peregian Springs,QLD,3,111.0,3684.0,6810.0,10476.0,11797.0,11924.0,5114.0,75.1,1448.0,13.82,127.0,1.08,,,,SRC-ABS-SA2-ERP-2025,ASGS Edition 3 (2021)
316061439,Beerwah,QLD,3,4796.0,7042.0,8150.0,9192.0,9835.0,9938.0,1788.0,21.94,746.0,8.12,103.0,1.05,,,,SRC-ABS-SA2-ERP-2025,ASGS Edition 3 (2021)
316061440,Caloundra Hinterland,QLD,3,7344.0,8241.0,8592.0,9151.0,9291.0,9352.0,760.0,8.85,201.0,2.2,61.0,0.66,,,,SRC-ABS-SA2-ERP-2025,ASGS Edition 3 (2021)
316061441,Glass House Mountains,QLD,3,4333.0,5592.0,5853.0,6476.0,7177.0,7309.0,1456.0,24.88,833.0,12.86,132.0,1.84,,,,SRC-ABS-SA2-ERP-2025,ASGS Edition 3 (2021)
316061442,Landsborough,QLD,3,7248.0,9680.0,10208.0,14265.0,20558.0,21628.0,11420.0,111.87,7363.0,51.62,1070.0,5.2,,,,SRC-ABS-SA2-ERP-2025,ASGS Edition 3 (2021)
316061443,Maroochy Hinterland,QLD,3,5489.0,6064.0,6389.0,6759.0,7299.0,7415.0,1026.0,16.06,656.0,9.71,116.0,1.59,,,,SRC-ABS-SA2-ERP-2025,ASGS Edition 3 (2021)
316061444,Palmwoods,QLD,3,8062.0,10371.0,10782.0,11553.0,13173.0,13537.0,2755.0,25.55,1984.0,17.17,364.0,2.76,,,,SRC-ABS-SA2-ERP-2025,ASGS Edition 3 (2021)
316071545,Bli Bli,QLD,3,5632.0,6831.0,8182.0,10593.0,11797.0,11935.0,3753.0,45.87,1342.0,12.67,138.0,1.17,,,,SRC-ABS-SA2-ERP-2025,ASGS Edition 3 (2021)
316071546,Diddillibah - Rosemount,QLD,3,3032.0,3438.0,3817.0,4334.0,4676.0,4731.0,914.0,23.95,397.0,9.16,55.0,1.18,,,,SRC-ABS-SA2-ERP-2025,ASGS Edition 3 (2021)
316071547,Eumundi - Yandina,QLD,3,7701.0,9625.0,10518.0,12093.0,13464.0,13729.0,3211.0,30.53,1636.0,13.53,265.0,1.97,,,,SRC-ABS-SA2-ERP-2025,ASGS Edition 3 (2021)
316071548,Nambour,QLD,3,15361.0,18276.0,20008.0,22196.0,24325.0,24674.0,4666.0,23.32,2478.0,11.16,349.0,1.43,,,,SRC-ABS-SA2-ERP-2025,ASGS Edition 3 (2021)
316081549,Noosa Hinterland,QLD,3,16124.0,20912.0,22280.0,24136.0,25904.0,26251.0,3971.0,17.82,2115.0,8.76,347.0,1.34,,,,SRC-ABS-SA2-ERP-2025,ASGS Edition 3 (2021)
317011445,Cambooya - Wyreema,QLD,3,3977.0,5790.0,6884.0,7869.0,8723.0,8905.0,2021.0,29.36,1036.0,13.17,182.0,2.09,,,,SRC-ABS-SA2-ERP-2025,ASGS Edition 3 (2021)
317011446,Darling Heights,QLD,3,10461.0,12691.0,13865.0,14945.0,16079.0,16382.0,2517.0,18.15,1437.0,9.62,303.0,1.88,,,,SRC-ABS-SA2-ERP-2025,ASGS Edition 3 (2021)
317011447,Drayton - Harristown,QLD,3,9433.0,10312.0,10502.0,10900.0,11387.0,11514.0,1012.0,9.64,614.0,5.63,127.0,1.12,,,,SRC-ABS-SA2-ERP-2025,ASGS Edition 3 (2021)
317011448,Gatton,QLD,3,6048.0,7174.0,7631.0,8010.0,8749.0,8897.0,1266.0,16.59,887.0,11.07,148.0,1.69,,,,SRC-ABS-SA2-ERP-2025,ASGS Edition 3 (2021)
317011449,Gowrie (Qld),QLD,3,3970.0,5500.0,6418.0,7052.0,7883.0,8154.0,1736.0,27.05,1102.0,15.63,271.0,3.44,,,,SRC-ABS-SA2-ERP-2025,ASGS Edition 3 (2021)
317011450,Highfields,QLD,3,6433.0,11179.0,12987.0,14492.0,16318.0,16630.0,3643.0,28.05,2138.0,14.75,312.0,1.91,,,,SRC-ABS-SA2-ERP-2025,ASGS Edition 3 (2021)
317011451,Lockyer Valley - West,QLD,3,8973.0,10353.0,11332.0,11989.0,12780.0,13029.0,1697.0,14.98,1040.0,8.67,249.0,1.95,,,,SRC-ABS-SA2-ERP-2025,ASGS Edition 3 (2021)
317011452,Middle Ridge,QLD,3,4987.0,6701.0,7294.0,7552.0,8094.0,8113.0,819.0,11.23,561.0,7.43,19.0,0.23,,,,SRC-ABS-SA2-ERP-2025,ASGS Edition 3 (2021)
317011453,Newtown (Qld),QLD,3,10254.0,9890.0,9815.0,10004.0,10625.0,10761.0,946.0,9.64,757.0,7.57,136.0,1.28,,,,SRC-ABS-SA2-ERP-2025,ASGS Edition 3 (2021)
317011454,North Toowoomba - Harlaxton,QLD,3,5912.0,6034.0,5938.0,6374.0,6591.0,6596.0,658.0,11.08,222.0,3.48,5.0,0.08,,,,SRC-ABS-SA2-ERP-2025,ASGS Edition 3 (2021)
317011455,Rangeville,QLD,3,7302.0,8388.0,8442.0,8665.0,8836.0,8887.0,445.0,5.27,222.0,2.56,51.0,0.58,,,,SRC-ABS-SA2-ERP-2025,ASGS Edition 3 (2021)
317011456,Toowoomba - Central,QLD,3,14288.0,13758.0,13728.0,14190.0,14341.0,14434.0,706.0,5.14,244.0,1.72,93.0,0.65,,,,SRC-ABS-SA2-ERP-2025,ASGS Edition 3 (2021)
317011457,Toowoomba - East,QLD,3,10619.0,10422.0,10157.0,10502.0,10796.0,10831.0,674.0,6.64,329.0,3.13,35.0,0.32,,,,SRC-ABS-SA2-ERP-2025,ASGS Edition 3 (2021)
317011458,Toowoomba - West,QLD,3,7648.0,11440.0,13000.0,15600.0,17553.0,17905.0,4905.0,37.73,2305.0,14.78,352.0,2.01,,,,SRC-ABS-SA2-ERP-2025,ASGS Edition 3 (2021)
317011459,Wilsonton,QLD,3,12691.0,13270.0,13502.0,14216.0,14612.0,14669.0,1167.0,8.64,453.0,3.19,57.0,0.39,,,,SRC-ABS-SA2-ERP-2025,ASGS Edition 3 (2021)
318011460,Ayr,QLD,3,9269.0,9333.0,9397.0,9106.0,9232.0,9234.0,-163.0,-1.73,128.0,1.41,2.0,0.02,,,,SRC-ABS-SA2-ERP-2025,ASGS Edition 3 (2021)
318011461,Burdekin,QLD,3,8854.0,8390.0,8115.0,7781.0,7901.0,7980.0,-135.0,-1.66,199.0,2.56,79.0,1.0,,,,SRC-ABS-SA2-ERP-2025,ASGS Edition 3 (2021)
318011462,Charters Towers,QLD,3,8583.0,8410.0,8391.0,8149.0,8154.0,8172.0,-219.0,-2.61,23.0,0.28,18.0,0.22,,,,SRC-ABS-SA2-ERP-2025,ASGS Edition 3 (2021)
318011463,Dalrymple,QLD,3,3424.0,3906.0,3844.0,3774.0,3876.0,3916.0,72.0,1.87,142.0,3.76,40.0,1.03,,,,SRC-ABS-SA2-ERP-2025,ASGS Edition 3 (2021)
318011464,Ingham,QLD,3,4972.0,4880.0,4590.0,4449.0,4483.0,4471.0,-119.0,-2.59,22.0,0.49,-12.0,-0.27,,,,SRC-ABS-SA2-ERP-2025,ASGS Edition 3 (2021)
318011465,Ingham Surrounds,QLD,3,7200.0,6928.0,6591.0,6462.0,6647.0,6723.0,132.0,2.0,261.0,4.04,76.0,1.14,,,,SRC-ABS-SA2-ERP-2025,ASGS Edition 3 (2021)
318011466,Palm Island,QLD,3,2269.0,2430.0,2550.0,2205.0,2282.0,2335.0,-215.0,-8.43,130.0,5.9,53.0,2.32,,,,SRC-ABS-SA2-ERP-2025,ASGS Edition 3 (2021)
318021467,Aitkenvale,QLD,3,4963.0,5056.0,4957.0,4895.0,4858.0,4848.0,-109.0,-2.2,-47.0,-0.96,-10.0,-0.21,,,,SRC-ABS-SA2-ERP-2025,ASGS Edition 3 (2021)
318021468,Annandale (Qld),QLD,3,9323.0,9887.0,10238.0,10336.0,10323.0,10353.0,115.0,1.12,17.0,0.16,30.0,0.29,,,,SRC-ABS-SA2-ERP-2025,ASGS Edition 3 (2021)
318021469,Belgian Gardens - Pallarenda,QLD,3,3362.0,3563.0,3421.0,3246.0,3203.0,3190.0,-231.0,-6.75,-56.0,-1.73,-13.0,-0.41,,,,SRC-ABS-SA2-ERP-2025,ASGS Edition 3 (2021)
318021470,Bohle Plains,QLD,3,2671.0,5191.0,7157.0,8253.0,9961.0,10466.0,3309.0,46.23,2213.0,26.81,505.0,5.07,,,,SRC-ABS-SA2-ERP-2025,ASGS Edition 3 (2021)
318021471,Condon - Rasmussen,QLD,3,8579.0,10625.0,10712.0,10865.0,11348.0,11457.0,745.0,6.95,592.0,5.45,109.0,0.96,,,,SRC-ABS-SA2-ERP-2025,ASGS Edition 3 (2021)
318021472,Cranbrook,QLD,3,6634.0,6368.0,6066.0,5941.0,6057.0,6096.0,30.0,0.49,155.0,2.61,39.0,0.64,,,,SRC-ABS-SA2-ERP-2025,ASGS Edition 3 (2021)
318021474,Douglas,QLD,3,3282.0,7478.0,8010.0,8140.0,8352.0,8318.0,308.0,3.85,178.0,2.19,-34.0,-0.41,,,,SRC-ABS-SA2-ERP-2025,ASGS Edition 3 (2021)
318021475,Garbutt - West End,QLD,3,6439.0,6830.0,6866.0,6347.0,6577.0,6605.0,-261.0,-3.8,258.0,4.06,28.0,0.43,,,,SRC-ABS-SA2-ERP-2025,ASGS Edition 3 (2021)
318021476,Gulliver - Currajong - Vincent,QLD,3,8407.0,8396.0,7994.0,7758.0,7859.0,7872.0,-122.0,-1.53,114.0,1.47,13.0,0.17,,,,SRC-ABS-SA2-ERP-2025,ASGS Edition 3 (2021)
318021477,Heatley,QLD,3,4617.0,4343.0,4148.0,3967.0,3991.0,4023.0,-125.0,-3.01,56.0,1.41,32.0,0.8,,,,SRC-ABS-SA2-ERP-2025,ASGS Edition 3 (2021)
318021478,Hermit Park - Rosslea,QLD,3,5069.0,5284.0,5324.0,5359.0,5673.0,5752.0,428.0,8.04,393.0,7.33,79.0,1.39,,,,SRC-ABS-SA2-ERP-2025,ASGS Edition 3 (2021)
318021479,Hyde Park - Pimlico,QLD,3,4744.0,4997.0,4921.0,4754.0,4748.0,4743.0,-178.0,-3.62,-11.0,-0.23,-5.0,-0.11,,,,SRC-ABS-SA2-ERP-2025,ASGS Edition 3 (2021)
318021480,Kelso,QLD,3,8020.0,10250.0,10791.0,10859.0,11166.0,11180.0,389.0,3.6,321.0,2.96,14.0,0.13,,,,SRC-ABS-SA2-ERP-2025,ASGS Edition 3 (2021)
318021481,Kirwan - East,QLD,3,8852.0,8377.0,8120.0,7837.0,7882.0,7924.0,-196.0,-2.41,87.0,1.11,42.0,0.53,,,,SRC-ABS-SA2-ERP-2025,ASGS Edition 3 (2021)
318021482,Kirwan - West,QLD,3,10859.0,16181.0,15922.0,15469.0,15200.0,15115.0,-807.0,-5.07,-354.0,-2.29,-85.0,-0.56,,,,SRC-ABS-SA2-ERP-2025,ASGS Edition 3 (2021)
318021483,Magnetic Island,QLD,3,2090.0,2283.0,2408.0,2434.0,2617.0,2658.0,250.0,10.38,224.0,9.2,41.0,1.57,,,,SRC-ABS-SA2-ERP-2025,ASGS Edition 3 (2021)
318021484,Mount Louisa,QLD,3,4046.0,7665.0,9332.0,10158.0,10833.0,10932.0,1600.0,17.15,774.0,7.62,99.0,0.91,,,,SRC-ABS-SA2-ERP-2025,ASGS Edition 3 (2021)
318021485,Mundingburra,QLD,3,3954.0,3967.0,3792.0,3658.0,3588.0,3551.0,-241.0,-6.36,-107.0,-2.93,-37.0,-1.03,,,,SRC-ABS-SA2-ERP-2025,ASGS Edition 3 (2021)
318021486,Northern Beaches,QLD,3,5363.0,6197.0,6412.0,6542.0,7034.0,7196.0,784.0,12.23,654.0,10.0,162.0,2.3,,,,SRC-ABS-SA2-ERP-2025,ASGS Edition 3 (2021)
318021487,Oonoonba,QLD,3,1937.0,5209.0,6446.0,6939.0,7495.0,7544.0,1098.0,17.03,605.0,8.72,49.0,0.65,,,,SRC-ABS-SA2-ERP-2025,ASGS Edition 3 (2021)
318021488,South Townsville - Railway Estate,QLD,3,4798.0,5155.0,5380.0,5376.0,5554.0,5618.0,238.0,4.42,242.0,4.5,64.0,1.15,,,,SRC-ABS-SA2-ERP-2025,ASGS Edition 3 (2021)
318021489,Townsville - South,QLD,3,3576.0,4081.0,4339.0,4652.0,5523.0,5861.0,1522.0,35.08,1209.0,25.99,338.0,6.12,,,,SRC-ABS-SA2-ERP-2025,ASGS Edition 3 (2021)
318021490,Townsville City - North Ward,QLD,3,7001.0,8782.0,9458.0,9395.0,9534.0,9589.0,131.0,1.39,194.0,2.06,55.0,0.58,,,,SRC-ABS-SA2-ERP-2025,ASGS Edition 3 (2021)
318021491,Wulguru - Roseneath,QLD,3,6101.0,6293.0,6221.0,6186.0,6338.0,6403.0,182.0,2.93,217.0,3.51,65.0,1.03,,,,SRC-ABS-SA2-ERP-2025,ASGS Edition 3 (2021)
318021582,Burdell - Mount Low,QLD,3,3799.0,9317.0,15862.0,19265.0,21612.0,22202.0,6340.0,39.97,2937.0,15.25,590.0,2.73,,,,SRC-ABS-SA2-ERP-2025,ASGS Edition 3 (2021)
318021583,Deeragun - Jensen,QLD,3,3561.0,4816.0,5768.0,6095.0,6647.0,6770.0,1002.0,17.37,675.0,11.07,123.0,1.85,,,,SRC-ABS-SA2-ERP-2025,ASGS Edition 3 (2021)
319011492,Ashfield - Kepnock,QLD,3,4549.0,5054.0,5320.0,5632.0,5908.0,5891.0,571.0,10.73,259.0,4.6,-17.0,-0.29,,,,SRC-ABS-SA2-ERP-2025,ASGS Edition 3 (2021)
319011493,Bargara - Burnett Heads,QLD,3,11287.0,15614.0,16787.0,18710.0,21179.0,21697.0,4910.0,29.25,2987.0,15.96,518.0,2.45,,,,SRC-ABS-SA2-ERP-2025,ASGS Edition 3 (2021)
319011494,Branyan - Kensington,QLD,3,2906.0,3913.0,4627.0,5327.0,5845.0,5969.0,1342.0,29.0,642.0,12.05,124.0,2.12,,,,SRC-ABS-SA2-ERP-2025,ASGS Edition 3 (2021)
319011495,Bundaberg,QLD,3,6168.0,6325.0,6294.0,6404.0,6525.0,6611.0,317.0,5.04,207.0,3.23,86.0,1.32,,,,SRC-ABS-SA2-ERP-2025,ASGS Edition 3 (2021)
319011496,Bundaberg East - Kalkie,QLD,3,4096.0,5283.0,5524.0,5764.0,5982.0,5981.0,457.0,8.27,217.0,3.76,-1.0,-0.02,,,,SRC-ABS-SA2-ERP-2025,ASGS Edition 3 (2021)
319011497,Bundaberg North - Gooburrum,QLD,3,5989.0,7442.0,7351.0,7423.0,7886.0,7935.0,584.0,7.94,512.0,6.9,49.0,0.62,,,,SRC-ABS-SA2-ERP-2025,ASGS Edition 3 (2021)
319011498,Bundaberg Surrounds - North,QLD,3,7031.0,8095.0,8861.0,9327.0,9834.0,10016.0,1155.0,13.03,689.0,7.39,182.0,1.85,,,,SRC-ABS-SA2-ERP-2025,ASGS Edition 3 (2021)
319011499,Bundaberg Surrounds - South,QLD,3,7725.0,9494.0,9784.0,10552.0,11889.0,12134.0,2350.0,24.02,1582.0,14.99,245.0,2.06,,,,SRC-ABS-SA2-ERP-2025,ASGS Edition 3 (2021)
319011500,Millbank - Avoca,QLD,3,7033.0,7884.0,7605.0,7384.0,7773.0,7848.0,243.0,3.2,464.0,6.28,75.0,0.96,,,,SRC-ABS-SA2-ERP-2025,ASGS Edition 3 (2021)
319011501,Svensson Heights - Norville,QLD,3,5899.0,5916.0,5769.0,5870.0,6023.0,6028.0,259.0,4.49,158.0,2.69,5.0,0.08,,,,SRC-ABS-SA2-ERP-2025,ASGS Edition 3 (2021)
319011502,Walkervale - Avenell Heights,QLD,3,10184.0,11276.0,10879.0,11115.0,11304.0,11323.0,444.0,4.08,208.0,1.87,19.0,0.17,,,,SRC-ABS-SA2-ERP-2025,ASGS Edition 3 (2021)
319021503,Gayndah - Mundubbera,QLD,3,6648.0,6553.0,6756.0,6499.0,6648.0,6721.0,-35.0,-0.52,222.0,3.42,73.0,1.1,,,,SRC-ABS-SA2-ERP-2025,ASGS Edition 3 (2021)
319021504,Gin Gin,QLD,3,4556.0,5097.0,5219.0,5363.0,5734.0,5851.0,632.0,12.11,488.0,9.1,117.0,2.04,,,,SRC-ABS-SA2-ERP-2025,ASGS Edition 3 (2021)
319021505,Kingaroy,QLD,3,8261.0,9851.0,10516.0,10582.0,11000.0,11059.0,543.0,5.16,477.0,4.51,59.0,0.54,,,,SRC-ABS-SA2-ERP-2025,ASGS Edition 3 (2021)
319021506,Kingaroy Surrounds - North,QLD,3,8889.0,9534.0,9682.0,9525.0,9936.0,10038.0,356.0,3.68,513.0,5.39,102.0,1.03,,,,SRC-ABS-SA2-ERP-2025,ASGS Edition 3 (2021)
319021507,Kingaroy Surrounds - South,QLD,3,3652.0,3814.0,3970.0,4119.0,4400.0,4469.0,499.0,12.57,350.0,8.5,69.0,1.57,,,,SRC-ABS-SA2-ERP-2025,ASGS Edition 3 (2021)
319021508,Monto - Eidsvold,QLD,3,3802.0,3805.0,3851.0,3707.0,3801.0,3841.0,-10.0,-0.26,134.0,3.61,40.0,1.05,,,,SRC-ABS-SA2-ERP-2025,ASGS Edition 3 (2021)
319021509,Nanango,QLD,3,8035.0,9564.0,9734.0,9955.0,10630.0,10843.0,1109.0,11.39,888.0,8.92,213.0,2.0,,,,SRC-ABS-SA2-ERP-2025,ASGS Edition 3 (2021)
319021510,North Burnett,QLD,3,7.0,7.0,8.0,12.0,13.0,13.0,5.0,62.5,1.0,8.33,0.0,0.0,,,,SRC-ABS-SA2-ERP-2025,ASGS Edition 3 (2021)
319031511,Cooloola,QLD,3,3778.0,5781.0,6237.0,6473.0,7061.0,7148.0,911.0,14.61,675.0,10.43,87.0,1.23,,,,SRC-ABS-SA2-ERP-2025,ASGS Edition 3 (2021)
319031512,Gympie - North,QLD,3,12012.0,13355.0,14255.0,15020.0,15367.0,15512.0,1257.0,8.82,492.0,3.28,145.0,0.94,,,,SRC-ABS-SA2-ERP-2025,ASGS Edition 3 (2021)
319031513,Gympie - South,QLD,3,4267.0,6349.0,6769.0,7434.0,8610.0,9079.0,2310.0,34.13,1645.0,22.13,469.0,5.45,,,,SRC-ABS-SA2-ERP-2025,ASGS Edition 3 (2021)
319031514,Gympie Surrounds,QLD,3,14915.0,17182.0,18472.0,20221.0,22305.0,22707.0,4235.0,22.93,2486.0,12.29,402.0,1.8,,,,SRC-ABS-SA2-ERP-2025,ASGS Edition 3 (2021)
319031515,Kilkivan,QLD,3,3024.0,3627.0,3735.0,3779.0,3904.0,3959.0,224.0,6.0,180.0,4.76,55.0,1.41,,,,SRC-ABS-SA2-ERP-2025,ASGS Edition 3 (2021)
319041516,Booral - River Heads,QLD,3,2699.0,4207.0,4584.0,5448.0,7436.0,7887.0,3303.0,72.05,2439.0,44.77,451.0,6.07,,,,SRC-ABS-SA2-ERP-2025,ASGS Edition 3 (2021)
319041517,Craignish - Dundowran Beach,QLD,3,2255.0,4522.0,4882.0,5425.0,6134.0,6235.0,1353.0,27.71,810.0,14.93,101.0,1.65,,,,SRC-ABS-SA2-ERP-2025,ASGS Edition 3 (2021)
319041518,Pialba - Eli Waters,QLD,3,7219.0,12683.0,14018.0,15786.0,17356.0,17754.0,3736.0,26.65,1968.0,12.47,398.0,2.29,,,,SRC-ABS-SA2-ERP-2025,ASGS Edition 3 (2021)
319041519,Point Vernon,QLD,3,4230.0,5851.0,5775.0,5782.0,5850.0,5985.0,210.0,3.64,203.0,3.51,135.0,2.31,,,,SRC-ABS-SA2-ERP-2025,ASGS Edition 3 (2021)
319041520,Torquay - Scarness - Kawungan,QLD,3,12161.0,14764.0,15160.0,15970.0,16368.0,16715.0,1555.0,10.26,745.0,4.66,347.0,2.12,,,,SRC-ABS-SA2-ERP-2025,ASGS Edition 3 (2021)
319041521,Urangan - Wondunna,QLD,3,8245.0,11425.0,12594.0,14304.0,16277.0,16623.0,4029.0,31.99,2319.0,16.21,346.0,2.13,,,,SRC-ABS-SA2-ERP-2025,ASGS Edition 3 (2021)
319051522,Burrum - Fraser,QLD,3,5883.0,8705.0,9647.0,10373.0,11582.0,11970.0,2323.0,24.08,1597.0,15.4,388.0,3.35,,,,SRC-ABS-SA2-ERP-2025,ASGS Edition 3 (2021)
319051523,Granville,QLD,3,3181.0,3216.0,3292.0,3112.0,3179.0,3227.0,-65.0,-1.97,115.0,3.7,48.0,1.51,,,,SRC-ABS-SA2-ERP-2025,ASGS Edition 3 (2021)
319051524,Maryborough (Qld),QLD,3,17487.0,18635.0,18504.0,18642.0,19208.0,19255.0,751.0,4.06,613.0,3.29,47.0,0.24,,,,SRC-ABS-SA2-ERP-2025,ASGS Edition 3 (2021)
319051525,Maryborough Surrounds - South,QLD,3,5760.0,7706.0,8313.0,9291.0,10875.0,11170.0,2857.0,34.37,1879.0,20.22,295.0,2.71,,,,SRC-ABS-SA2-ERP-2025,ASGS Edition 3 (2021)
319051526,Tinana,QLD,3,3727.0,4976.0,5423.0,5890.0,6147.0,6176.0,753.0,13.89,286.0,4.86,29.0,0.47,,,,SRC-ABS-SA2-ERP-2025,ASGS Edition 3 (2021)
801011001,Aranda,ACT,8,2565.0,2562.0,2460.0,2588.0,2602.0,2643.0,183.0,7.44,55.0,2.13,41.0,1.58,,,,SRC-ABS-SA2-ERP-2025,ASGS Edition 3 (2021)
801011002,Belconnen,ACT,8,2867.0,4367.0,6529.0,8342.0,9480.0,9592.0,3063.0,46.91,1250.0,14.98,112.0,1.18,,,,SRC-ABS-SA2-ERP-2025,ASGS Edition 3 (2021)
801011003,Bruce,ACT,8,2837.0,6441.0,7071.0,7703.0,8082.0,8119.0,1048.0,14.82,416.0,5.4,37.0,0.46,,,,SRC-ABS-SA2-ERP-2025,ASGS Edition 3 (2021)
801011004,Charnwood,ACT,8,3178.0,3168.0,3039.0,3002.0,3046.0,3078.0,39.0,1.28,76.0,2.53,32.0,1.05,,,,SRC-ABS-SA2-ERP-2025,ASGS Edition 3 (2021)
801011005,Cook,ACT,8,2976.0,3007.0,2919.0,2913.0,2931.0,2962.0,43.0,1.47,49.0,1.68,31.0,1.06,,,,SRC-ABS-SA2-ERP-2025,ASGS Edition 3 (2021)
801011006,Dunlop,ACT,8,2734.0,7110.0,7258.0,7241.0,7336.0,7282.0,24.0,0.33,41.0,0.57,-54.0,-0.74,,,,SRC-ABS-SA2-ERP-2025,ASGS Edition 3 (2021)
801011007,Evatt,ACT,8,6115.0,5691.0,5354.0,5475.0,5508.0,5549.0,195.0,3.64,74.0,1.35,41.0,0.74,,,,SRC-ABS-SA2-ERP-2025,ASGS Edition 3 (2021)
801011008,Florey,ACT,8,5552.0,5316.0,4971.0,4801.0,4749.0,4768.0,-203.0,-4.08,-33.0,-0.69,19.0,0.4,,,,SRC-ABS-SA2-ERP-2025,ASGS Edition 3 (2021)
801011009,Flynn (ACT),ACT,8,3821.0,3646.0,3467.0,3554.0,3705.0,3710.0,243.0,7.01,156.0,4.39,5.0,0.13,,,,SRC-ABS-SA2-ERP-2025,ASGS Edition 3 (2021)
801011010,Fraser,ACT,8,2222.0,2187.0,2074.0,2083.0,2096.0,2139.0,65.0,3.13,56.0,2.69,43.0,2.05,,,,SRC-ABS-SA2-ERP-2025,ASGS Edition 3 (2021)
801011011,Giralang,ACT,8,3749.0,3488.0,3348.0,3336.0,3372.0,3456.0,108.0,3.23,120.0,3.6,84.0,2.49,,,,SRC-ABS-SA2-ERP-2025,ASGS Edition 3 (2021)
801011012,Gooromon,ACT,8,0.0,0.0,6.0,5.0,4.0,4.0,-2.0,-33.33,-1.0,-20.0,0.0,0.0,,,,SRC-ABS-SA2-ERP-2025,ASGS Edition 3 (2021)
801011013,Hawker,ACT,8,2987.0,2951.0,2953.0,3029.0,3010.0,3007.0,54.0,1.83,-22.0,-0.73,-3.0,-0.1,,,,SRC-ABS-SA2-ERP-2025,ASGS Edition 3 (2021)
801011014,Higgins,ACT,8,3272.0,3204.0,3107.0,3237.0,3308.0,3363.0,256.0,8.24,126.0,3.89,55.0,1.66,,,,SRC-ABS-SA2-ERP-2025,ASGS Edition 3 (2021)
801011015,Holt,ACT,8,4955.0,4948.0,4645.0,5354.0,6024.0,6047.0,1402.0,30.18,693.0,12.94,23.0,0.38,,,,SRC-ABS-SA2-ERP-2025,ASGS Edition 3 (2021)
801011016,Kaleen,ACT,8,8307.0,7755.0,7399.0,7613.0,7729.0,7776.0,377.0,5.1,163.0,2.14,47.0,0.61,,,,SRC-ABS-SA2-ERP-2025,ASGS Edition 3 (2021)
801011017,Latham,ACT,8,3879.0,3734.0,3634.0,3687.0,3765.0,3763.0,129.0,3.55,76.0,2.06,-2.0,-0.05,,,,SRC-ABS-SA2-ERP-2025,ASGS Edition 3 (2021)
801011018,Lawson,ACT,8,0.0,0.0,0.0,2545.0,2908.0,2913.0,2913.0,,368.0,14.46,5.0,0.17,,,,SRC-ABS-SA2-ERP-2025,ASGS Edition 3 (2021)
801011019,Macgregor (ACT),ACT,8,3841.0,5344.0,6701.0,7094.0,6990.0,6975.0,274.0,4.09,-119.0,-1.68,-15.0,-0.21,,,,SRC-ABS-SA2-ERP-2025,ASGS Edition 3 (2021)
801011020,Macquarie,ACT,8,2419.0,2628.0,2755.0,3006.0,3177.0,3231.0,476.0,17.28,225.0,7.49,54.0,1.7,,,,SRC-ABS-SA2-ERP-2025,ASGS Edition 3 (2021)
801011021,McKellar,ACT,8,2838.0,2967.0,2818.0,2768.0,2652.0,2619.0,-199.0,-7.06,-149.0,-5.38,-33.0,-1.24,,,,SRC-ABS-SA2-ERP-2025,ASGS Edition 3 (2021)
801011022,Melba,ACT,8,3621.0,3331.0,3182.0,3308.0,3405.0,3424.0,242.0,7.61,116.0,3.51,19.0,0.56,,,,SRC-ABS-SA2-ERP-2025,ASGS Edition 3 (2021)
801011023,Page,ACT,8,2845.0,2920.0,3040.0,3094.0,3011.0,2991.0,-49.0,-1.61,-103.0,-3.33,-20.0,-0.66,,,,SRC-ABS-SA2-ERP-2025,ASGS Edition 3 (2021)
801011024,Scullin,ACT,8,3036.0,2888.0,2943.0,3033.0,3065.0,3052.0,109.0,3.7,19.0,0.63,-13.0,-0.42,,,,SRC-ABS-SA2-ERP-2025,ASGS Edition 3 (2021)
801011025,Spence,ACT,8,2812.0,2675.0,2590.0,2553.0,2547.0,2535.0,-55.0,-2.12,-18.0,-0.71,-12.0,-0.47,,,,SRC-ABS-SA2-ERP-2025,ASGS Edition 3 (2021)
801011026,Weetangera,ACT,8,2754.0,2695.0,2649.0,2748.0,2869.0,2848.0,199.0,7.51,100.0,3.64,-21.0,-0.73,,,,SRC-ABS-SA2-ERP-2025,ASGS Edition 3 (2021)
801011111,Molonglo Corridor,ACT,8,39.0,15.0,12.0,15.0,16.0,16.0,4.0,33.33,1.0,6.67,0.0,0.0,,,,SRC-ABS-SA2-ERP-2025,ASGS Edition 3 (2021)
801011142,Macnamara,ACT,8,0.0,0.0,0.0,0.0,0.0,40.0,40.0,,40.0,,40.0,,,,,SRC-ABS-SA2-ERP-2025,ASGS Edition 3 (2021)
801011143,Strathnairn,ACT,8,0.0,12.0,15.0,342.0,1941.0,2208.0,2193.0,14620.0,1866.0,545.61,267.0,13.76,,,,SRC-ABS-SA2-ERP-2025,ASGS Edition 3 (2021)
801011144,West Belconnen,ACT,8,0.0,0.0,0.0,6.0,22.0,22.0,22.0,,16.0,266.67,0.0,0.0,,,,SRC-ABS-SA2-ERP-2025,ASGS Edition 3 (2021)
801031031,Hume,ACT,8,14.0,258.0,410.0,400.0,394.0,394.0,-16.0,-3.9,-6.0,-1.5,0.0,0.0,,,,SRC-ABS-SA2-ERP-2025,ASGS Edition 3 (2021)
801031032,Kowen,ACT,8,20.0,40.0,38.0,26.0,23.0,23.0,-15.0,-39.47,-3.0,-11.54,0.0,0.0,,,,SRC-ABS-SA2-ERP-2025,ASGS Edition 3 (2021)
801031113,Canberra East,ACT,8,973.0,882.0,813.0,1022.0,1227.0,1226.0,413.0,50.8,204.0,19.96,-1.0,-0.08,,,,SRC-ABS-SA2-ERP-2025,ASGS Edition 3 (2021)
801031114,Canberra Airport,ACT,8,97.0,77.0,91.0,122.0,128.0,128.0,37.0,40.66,6.0,4.92,0.0,0.0,,,,SRC-ABS-SA2-ERP-2025,ASGS Edition 3 (2021)
801031115,Majura,ACT,8,247.0,177.0,171.0,271.0,270.0,263.0,92.0,53.8,-8.0,-2.95,-7.0,-2.59,,,,SRC-ABS-SA2-ERP-2025,ASGS Edition 3 (2021)
801041034,Amaroo,ACT,8,3361.0,5776.0,5687.0,5997.0,6000.0,5985.0,298.0,5.24,-12.0,-0.2,-15.0,-0.25,,,,SRC-ABS-SA2-ERP-2025,ASGS Edition 3 (2021)
801041035,Bonner,ACT,8,0.0,353.0,6223.0,7362.0,7407.0,7448.0,1225.0,19.69,86.0,1.17,41.0,0.55,,,,SRC-ABS-SA2-ERP-2025,ASGS Edition 3 (2021)
801041036,Casey,ACT,8,0.0,274.0,5405.0,6447.0,6700.0,6731.0,1326.0,24.53,284.0,4.41,31.0,0.46,,,,SRC-ABS-SA2-ERP-2025,ASGS Edition 3 (2021)
801041037,Crace,ACT,8,0.0,86.0,3962.0,4882.0,4834.0,4821.0,859.0,21.68,-61.0,-1.25,-13.0,-0.27,,,,SRC-ABS-SA2-ERP-2025,ASGS Edition 3 (2021)
801041038,Forde,ACT,8,0.0,1137.0,4087.0,4489.0,4436.0,4457.0,370.0,9.05,-32.0,-0.71,21.0,0.47,,,,SRC-ABS-SA2-ERP-2025,ASGS Edition 3 (2021)
801041039,Franklin,ACT,8,0.0,2823.0,6045.0,7529.0,7513.0,7520.0,1475.0,24.4,-9.0,-0.12,7.0,0.09,,,,SRC-ABS-SA2-ERP-2025,ASGS Edition 3 (2021)
801041040,Gungahlin,ACT,8,0.0,5691.0,6176.0,8101.0,9259.0,9555.0,3379.0,54.71,1454.0,17.95,296.0,3.2,,,,SRC-ABS-SA2-ERP-2025,ASGS Edition 3 (2021)
801041043,Hall,ACT,8,391.0,349.0,298.0,304.0,300.0,291.0,-7.0,-2.35,-13.0,-4.28,-9.0,-3.0,,,,SRC-ABS-SA2-ERP-2025,ASGS Edition 3 (2021)
801041044,Harrison,ACT,8,0.0,4061.0,7272.0,8538.0,8123.0,8023.0,751.0,10.33,-515.0,-6.03,-100.0,-1.23,,,,SRC-ABS-SA2-ERP-2025,ASGS Edition 3 (2021)
801041045,Mitchell,ACT,8,3.0,9.0,5.0,7.0,8.0,8.0,3.0,60.0,1.0,14.29,0.0,0.0,,,,SRC-ABS-SA2-ERP-2025,ASGS Edition 3 (2021)
801041046,Ngunnawal,ACT,8,8845.0,9366.0,10176.0,11074.0,11144.0,11188.0,1012.0,9.94,114.0,1.03,44.0,0.39,,,,SRC-ABS-SA2-ERP-2025,ASGS Edition 3 (2021)
801041047,Nicholls,ACT,8,6013.0,7192.0,6946.0,6706.0,6552.0,6507.0,-439.0,-6.32,-199.0,-2.97,-45.0,-0.69,,,,SRC-ABS-SA2-ERP-2025,ASGS Edition 3 (2021)
801041048,Palmerston,ACT,8,5908.0,5964.0,5666.0,5611.0,5529.0,5537.0,-129.0,-2.28,-74.0,-1.32,8.0,0.14,,,,SRC-ABS-SA2-ERP-2025,ASGS Edition 3 (2021)
801041116,Gungahlin - East,ACT,8,0.0,0.0,0.0,0.0,0.0,0.0,0.0,,0.0,,0.0,,,,,SRC-ABS-SA2-ERP-2025,ASGS Edition 3 (2021)
801041117,Gungahlin - West,ACT,8,0.0,0.0,0.0,0.0,0.0,0.0,0.0,,0.0,,0.0,,,,,SRC-ABS-SA2-ERP-2025,ASGS Edition 3 (2021)
801041118,Jacka,ACT,8,0.0,0.0,410.0,738.0,690.0,733.0,323.0,78.78,-5.0,-0.68,43.0,6.23,,,,SRC-ABS-SA2-ERP-2025,ASGS Edition 3 (2021)
801041119,Kenny,ACT,8,47.0,20.0,11.0,16.0,18.0,18.0,7.0,63.64,2.0,12.5,0.0,0.0,,,,SRC-ABS-SA2-ERP-2025,ASGS Edition 3 (2021)
801041120,Moncrieff,ACT,8,0.0,0.0,65.0,4854.0,5972.0,6031.0,5966.0,9178.46,1177.0,24.25,59.0,0.99,,,,SRC-ABS-SA2-ERP-2025,ASGS Edition 3 (2021)
801041121,Taylor,ACT,8,0.0,0.0,0.0,1285.0,4809.0,5512.0,5512.0,,4227.0,328.95,703.0,14.62,,,,SRC-ABS-SA2-ERP-2025,ASGS Edition 3 (2021)
801041122,Throsby,ACT,8,0.0,0.0,0.0,1724.0,3608.0,3765.0,3765.0,,2041.0,118.39,157.0,4.35,,,,SRC-ABS-SA2-ERP-2025,ASGS Edition 3 (2021)
801051049,Acton,ACT,8,1488.0,2048.0,2100.0,2737.0,3420.0,3616.0,1516.0,72.19,879.0,32.12,196.0,5.73,,,,SRC-ABS-SA2-ERP-2025,ASGS Edition 3 (2021)
801051050,Ainslie,ACT,8,4738.0,5291.0,5255.0,5332.0,5404.0,5469.0,214.0,4.07,137.0,2.57,65.0,1.2,,,,SRC-ABS-SA2-ERP-2025,ASGS Edition 3 (2021)
801051051,Braddon,ACT,8,2861.0,4648.0,5565.0,6331.0,7391.0,7488.0,1923.0,34.56,1157.0,18.28,97.0,1.31,,,,SRC-ABS-SA2-ERP-2025,ASGS Edition 3 (2021)
801051053,Civic,ACT,8,487.0,2317.0,4039.0,5079.0,5364.0,5361.0,1322.0,32.73,282.0,5.55,-3.0,-0.06,,,,SRC-ABS-SA2-ERP-2025,ASGS Edition 3 (2021)
801051054,Dickson,ACT,8,1841.0,2188.0,2245.0,3167.0,4054.0,4179.0,1934.0,86.15,1012.0,31.95,125.0,3.08,,,,SRC-ABS-SA2-ERP-2025,ASGS Edition 3 (2021)
801051055,Downer,ACT,8,3429.0,3659.0,3643.0,4165.0,4547.0,4556.0,913.0,25.06,391.0,9.39,9.0,0.2,,,,SRC-ABS-SA2-ERP-2025,ASGS Edition 3 (2021)
801051056,Hackett,ACT,8,2942.0,3005.0,2981.0,3197.0,3318.0,3345.0,364.0,12.21,148.0,4.63,27.0,0.81,,,,SRC-ABS-SA2-ERP-2025,ASGS Edition 3 (2021)
801051057,Lyneham,ACT,8,4216.0,4670.0,5155.0,5677.0,5957.0,6013.0,858.0,16.64,336.0,5.92,56.0,0.94,,,,SRC-ABS-SA2-ERP-2025,ASGS Edition 3 (2021)
801051058,O'Connor (ACT),ACT,8,4752.0,5445.0,5621.0,5974.0,5905.0,5921.0,300.0,5.34,-53.0,-0.89,16.0,0.27,,,,SRC-ABS-SA2-ERP-2025,ASGS Edition 3 (2021)
801051060,Turner,ACT,8,1863.0,3658.0,4067.0,4460.0,4806.0,4888.0,821.0,20.19,428.0,9.6,82.0,1.71,,,,SRC-ABS-SA2-ERP-2025,ASGS Edition 3 (2021)
801051061,Watson,ACT,8,3813.0,5124.0,5888.0,6467.0,7238.0,7377.0,1489.0,25.29,910.0,14.07,139.0,1.92,,,,SRC-ABS-SA2-ERP-2025,ASGS Edition 3 (2021)
801051123,Black Mountain,ACT,8,0.0,0.0,0.0,0.0,0.0,0.0,0.0,,0.0,,0.0,,,,,SRC-ABS-SA2-ERP-2025,ASGS Edition 3 (2021)
801051124,Campbell,ACT,8,3285.0,3309.0,3299.0,4362.0,5317.0,5365.0,2066.0,62.63,1003.0,22.99,48.0,0.9,,,,SRC-ABS-SA2-ERP-2025,ASGS Edition 3 (2021)
801051125,Duntroon,ACT,8,1310.0,1738.0,1795.0,2059.0,2337.0,2367.0,572.0,31.87,308.0,14.96,30.0,1.28,,,,SRC-ABS-SA2-ERP-2025,ASGS Edition 3 (2021)
801051126,Parkes (ACT) - North,ACT,8,0.0,0.0,4.0,0.0,288.0,332.0,328.0,8200.0,332.0,,44.0,15.28,,,,SRC-ABS-SA2-ERP-2025,ASGS Edition 3 (2021)
801051127,Reid,ACT,8,1585.0,1639.0,1710.0,1567.0,1981.0,2013.0,303.0,17.72,446.0,28.46,32.0,1.62,,,,SRC-ABS-SA2-ERP-2025,ASGS Edition 3 (2021)
801051128,Russell,ACT,8,0.0,0.0,0.0,0.0,0.0,0.0,0.0,,0.0,,0.0,,,,,SRC-ABS-SA2-ERP-2025,ASGS Edition 3 (2021)
801061062,Deakin,ACT,8,2682.0,2837.0,2903.0,3074.0,3204.0,3247.0,344.0,11.85,173.0,5.63,43.0,1.34,,,,SRC-ABS-SA2-ERP-2025,ASGS Edition 3 (2021)
801061063,Forrest,ACT,8,1208.0,1521.0,1676.0,1804.0,1914.0,1944.0,268.0,15.99,140.0,7.76,30.0,1.57,,,,SRC-ABS-SA2-ERP-2025,ASGS Edition 3 (2021)
801061064,Griffith (ACT),ACT,8,3950.0,4152.0,4467.0,5325.0,5757.0,5826.0,1359.0,30.42,501.0,9.41,69.0,1.2,,,,SRC-ABS-SA2-ERP-2025,ASGS Edition 3 (2021)
801061066,Lake Burley Griffin,ACT,8,0.0,0.0,0.0,0.0,0.0,0.0,0.0,,0.0,,0.0,,,,,SRC-ABS-SA2-ERP-2025,ASGS Edition 3 (2021)
801061067,Narrabundah,ACT,8,5698.0,5813.0,5918.0,6430.0,6954.0,7014.0,1096.0,18.52,584.0,9.08,60.0,0.86,,,,SRC-ABS-SA2-ERP-2025,ASGS Edition 3 (2021)
801061068,Parkes (ACT) - South,ACT,8,20.0,0.0,4.0,4.0,4.0,4.0,0.0,0.0,0.0,0.0,0.0,0.0,,,,SRC-ABS-SA2-ERP-2025,ASGS Edition 3 (2021)
801061069,Red Hill (ACT),ACT,8,3262.0,3387.0,3258.0,3193.0,3581.0,3619.0,361.0,11.08,426.0,13.34,38.0,1.06,,,,SRC-ABS-SA2-ERP-2025,ASGS Edition 3 (2021)
801061070,Yarralumla,ACT,8,3038.0,3030.0,2999.0,3101.0,3127.0,3154.0,155.0,5.17,53.0,1.71,27.0,0.86,,,,SRC-ABS-SA2-ERP-2025,ASGS Edition 3 (2021)
801061129,Barton,ACT,8,496.0,1149.0,1456.0,1860.0,2055.0,2144.0,688.0,47.25,284.0,15.27,89.0,4.33,,,,SRC-ABS-SA2-ERP-2025,ASGS Edition 3 (2021)
801061130,Fyshwick,ACT,8,48.0,43.0,54.0,58.0,59.0,59.0,5.0,9.26,1.0,1.72,0.0,0.0,,,,SRC-ABS-SA2-ERP-2025,ASGS Edition 3 (2021)
801061131,Kingston (ACT),ACT,8,1946.0,3036.0,4271.0,6242.0,7465.0,7472.0,3201.0,74.95,1230.0,19.71,7.0,0.09,,,,SRC-ABS-SA2-ERP-2025,ASGS Edition 3 (2021)
801071071,Banks,ACT,8,3794.0,5330.0,5024.0,5017.0,5049.0,5038.0,14.0,0.28,21.0,0.42,-11.0,-0.22,,,,SRC-ABS-SA2-ERP-2025,ASGS Edition 3 (2021)
801071072,Bonython,ACT,8,3613.0,3961.0,3891.0,3859.0,3743.0,3740.0,-151.0,-3.88,-119.0,-3.08,-3.0,-0.08,,,,SRC-ABS-SA2-ERP-2025,ASGS Edition 3 (2021)
801071073,Calwell,ACT,8,6368.0,6042.0,5858.0,5734.0,5588.0,5520.0,-338.0,-5.77,-214.0,-3.73,-68.0,-1.22,,,,SRC-ABS-SA2-ERP-2025,ASGS Edition 3 (2021)
801071074,Chisholm,ACT,8,5954.0,5490.0,5207.0,5205.0,5251.0,5277.0,70.0,1.34,72.0,1.38,26.0,0.5,,,,SRC-ABS-SA2-ERP-2025,ASGS Edition 3 (2021)
801071075,Conder,ACT,8,4593.0,5474.0,5141.0,5065.0,4946.0,4914.0,-227.0,-4.42,-151.0,-2.98,-32.0,-0.65,,,,SRC-ABS-SA2-ERP-2025,ASGS Edition 3 (2021)
801071076,Fadden,ACT,8,3580.0,3250.0,2993.0,2986.0,2995.0,3014.0,21.0,0.7,28.0,0.94,19.0,0.63,,,,SRC-ABS-SA2-ERP-2025,ASGS Edition 3 (2021)
801071077,Gilmore,ACT,8,3142.0,2951.0,2798.0,2715.0,2684.0,2722.0,-76.0,-2.72,7.0,0.26,38.0,1.42,,,,SRC-ABS-SA2-ERP-2025,ASGS Edition 3 (2021)
801071078,Gordon (ACT),ACT,8,7805.0,8125.0,7690.0,7809.0,7834.0,7783.0,93.0,1.21,-26.0,-0.33,-51.0,-0.65,,,,SRC-ABS-SA2-ERP-2025,ASGS Edition 3 (2021)
801071079,Gowrie (ACT),ACT,8,3500.0,3234.0,3084.0,3107.0,3120.0,3100.0,16.0,0.52,-7.0,-0.23,-20.0,-0.64,,,,SRC-ABS-SA2-ERP-2025,ASGS Edition 3 (2021)
801071080,Greenway,ACT,8,976.0,1467.0,1865.0,3605.0,5453.0,5565.0,3700.0,198.39,1960.0,54.37,112.0,2.05,,,,SRC-ABS-SA2-ERP-2025,ASGS Edition 3 (2021)
801071081,Isabella Plains,ACT,8,4590.0,4433.0,4411.0,4340.0,4320.0,4324.0,-87.0,-1.97,-16.0,-0.37,4.0,0.09,,,,SRC-ABS-SA2-ERP-2025,ASGS Edition 3 (2021)
801071082,Kambah,ACT,8,17171.0,16011.0,15133.0,15605.0,15818.0,15878.0,745.0,4.92,273.0,1.75,60.0,0.38,,,,SRC-ABS-SA2-ERP-2025,ASGS Edition 3 (2021)
801071083,Macarthur,ACT,8,1654.0,1550.0,1462.0,1413.0,1392.0,1387.0,-75.0,-5.13,-26.0,-1.84,-5.0,-0.36,,,,SRC-ABS-SA2-ERP-2025,ASGS Edition 3 (2021)
801071084,Monash,ACT,8,6112.0,5644.0,5471.0,5566.0,5612.0,5657.0,186.0,3.4,91.0,1.63,45.0,0.8,,,,SRC-ABS-SA2-ERP-2025,ASGS Edition 3 (2021)
801071085,Mount Taylor,ACT,8,0.0,0.0,3.0,0.0,0.0,0.0,-3.0,-100.0,0.0,,0.0,,,,,SRC-ABS-SA2-ERP-2025,ASGS Edition 3 (2021)
801071086,Oxley (ACT),ACT,8,1898.0,1851.0,1734.0,1685.0,1694.0,1713.0,-21.0,-1.21,28.0,1.66,19.0,1.12,,,,SRC-ABS-SA2-ERP-2025,ASGS Edition 3 (2021)
801071087,Richardson,ACT,8,3542.0,3315.0,3078.0,3062.0,3027.0,3060.0,-18.0,-0.58,-2.0,-0.07,33.0,1.09,,,,SRC-ABS-SA2-ERP-2025,ASGS Edition 3 (2021)
801071088,Theodore,ACT,8,4379.0,4176.0,3870.0,3740.0,3759.0,3726.0,-144.0,-3.72,-14.0,-0.37,-33.0,-0.88,,,,SRC-ABS-SA2-ERP-2025,ASGS Edition 3 (2021)
801071089,Tuggeranong,ACT,8,63.0,40.0,24.0,36.0,40.0,40.0,16.0,66.67,4.0,11.11,0.0,0.0,,,,SRC-ABS-SA2-ERP-2025,ASGS Edition 3 (2021)
801071090,Wanniassa,ACT,8,8773.0,8137.0,7630.0,7761.0,7772.0,7731.0,101.0,1.32,-30.0,-0.39,-41.0,-0.53,,,,SRC-ABS-SA2-ERP-2025,ASGS Edition 3 (2021)
801071132,Tuggeranong - West,ACT,8,18.0,16.0,15.0,11.0,10.0,10.0,-5.0,-33.33,-1.0,-9.09,0.0,0.0,,,,SRC-ABS-SA2-ERP-2025,ASGS Edition 3 (2021)
801081091,Chapman,ACT,8,2933.0,2796.0,2753.0,2848.0,2894.0,2881.0,128.0,4.65,33.0,1.16,-13.0,-0.45,,,,SRC-ABS-SA2-ERP-2025,ASGS Edition 3 (2021)
801081092,Duffy,ACT,8,3239.0,3386.0,3225.0,3322.0,3457.0,3514.0,289.0,8.96,192.0,5.78,57.0,1.65,,,,SRC-ABS-SA2-ERP-2025,ASGS Edition 3 (2021)
801081093,Fisher,ACT,8,3103.0,3147.0,3059.0,3119.0,3338.0,3334.0,275.0,8.99,215.0,6.89,-4.0,-0.12,,,,SRC-ABS-SA2-ERP-2025,ASGS Edition 3 (2021)
801081094,Holder,ACT,8,2830.0,2792.0,2679.0,2781.0,2886.0,2895.0,216.0,8.06,114.0,4.1,9.0,0.31,,,,SRC-ABS-SA2-ERP-2025,ASGS Edition 3 (2021)
801081095,Rivett,ACT,8,3372.0,3183.0,3179.0,3305.0,3409.0,3431.0,252.0,7.93,126.0,3.81,22.0,0.65,,,,SRC-ABS-SA2-ERP-2025,ASGS Edition 3 (2021)
801081096,Stirling,ACT,8,2163.0,2142.0,2157.0,2166.0,2169.0,2167.0,10.0,0.46,1.0,0.05,-2.0,-0.09,,,,SRC-ABS-SA2-ERP-2025,ASGS Edition 3 (2021)
801081097,Waramanga,ACT,8,2681.0,2640.0,2682.0,2721.0,2761.0,2749.0,67.0,2.5,28.0,1.03,-12.0,-0.43,,,,SRC-ABS-SA2-ERP-2025,ASGS Edition 3 (2021)
801081098,Weston,ACT,8,3417.0,3346.0,3604.0,3928.0,4003.0,4027.0,423.0,11.74,99.0,2.52,24.0,0.6,,,,SRC-ABS-SA2-ERP-2025,ASGS Edition 3 (2021)
801081133,Scrivener,ACT,8,29.0,27.0,7.0,0.0,0.0,72.0,65.0,928.57,72.0,,72.0,,,,,SRC-ABS-SA2-ERP-2025,ASGS Edition 3 (2021)
801091099,Chifley,ACT,8,2345.0,2568.0,2538.0,2639.0,2736.0,2785.0,247.0,9.73,146.0,5.53,49.0,1.79,,,,SRC-ABS-SA2-ERP-2025,ASGS Edition 3 (2021)
801091100,Curtin,ACT,8,5461.0,5363.0,5330.0,5513.0,5548.0,5585.0,255.0,4.78,72.0,1.31,37.0,0.67,,,,SRC-ABS-SA2-ERP-2025,ASGS Edition 3 (2021)
801091101,Farrer,ACT,8,3612.0,3468.0,3333.0,3682.0,3775.0,3816.0,483.0,14.49,134.0,3.64,41.0,1.09,,,,SRC-ABS-SA2-ERP-2025,ASGS Edition 3 (2021)
801091102,Garran,ACT,8,2794.0,3345.0,3500.0,3778.0,3750.0,3732.0,232.0,6.63,-46.0,-1.22,-18.0,-0.48,,,,SRC-ABS-SA2-ERP-2025,ASGS Edition 3 (2021)
801091103,Hughes,ACT,8,3003.0,3030.0,3048.0,3177.0,3170.0,3149.0,101.0,3.31,-28.0,-0.88,-21.0,-0.66,,,,SRC-ABS-SA2-ERP-2025,ASGS Edition 3 (2021)
801091104,Isaacs,ACT,8,2641.0,2461.0,2398.0,2366.0,2370.0,2402.0,4.0,0.17,36.0,1.52,32.0,1.35,,,,SRC-ABS-SA2-ERP-2025,ASGS Edition 3 (2021)
801091105,Lyons (ACT),ACT,8,2522.0,2793.0,3071.0,3279.0,3309.0,3310.0,239.0,7.78,31.0,0.95,1.0,0.03,,,,SRC-ABS-SA2-ERP-2025,ASGS Edition 3 (2021)
801091106,Mawson,ACT,8,2957.0,3030.0,3263.0,3490.0,3511.0,3526.0,263.0,8.06,36.0,1.03,15.0,0.43,,,,SRC-ABS-SA2-ERP-2025,ASGS Edition 3 (2021)
801091107,O'Malley,ACT,8,928.0,921.0,1009.0,960.0,965.0,977.0,-32.0,-3.17,17.0,1.77,12.0,1.24,,,,SRC-ABS-SA2-ERP-2025,ASGS Edition 3 (2021)
801091108,Pearce,ACT,8,2481.0,2644.0,2614.0,2707.0,2726.0,2713.0,99.0,3.79,6.0,0.22,-13.0,-0.48,,,,SRC-ABS-SA2-ERP-2025,ASGS Edition 3 (2021)
801091109,Phillip,ACT,8,1711.0,2100.0,2766.0,4750.0,6556.0,7135.0,4369.0,157.95,2385.0,50.21,579.0,8.83,,,,SRC-ABS-SA2-ERP-2025,ASGS Edition 3 (2021)
801091110,Torrens,ACT,8,2264.0,2345.0,2242.0,2347.0,2441.0,2470.0,228.0,10.17,123.0,5.24,29.0,1.19,,,,SRC-ABS-SA2-ERP-2025,ASGS Edition 3 (2021)
801101134,Arboretum,ACT,8,0.0,0.0,7.0,10.0,10.0,10.0,3.0,42.86,0.0,0.0,0.0,0.0,,,,SRC-ABS-SA2-ERP-2025,ASGS Edition 3 (2021)
801101135,Coombs,ACT,8,0.0,0.0,1052.0,4302.0,5914.0,6159.0,5107.0,485.46,1857.0,43.17,245.0,4.14,,,,SRC-ABS-SA2-ERP-2025,ASGS Edition 3 (2021)
801101136,Denman Prospect,ACT,8,0.0,0.0,0.0,1508.0,4939.0,5503.0,5503.0,,3995.0,264.92,564.0,11.42,,,,SRC-ABS-SA2-ERP-2025,ASGS Edition 3 (2021)
801101137,Molonglo,ACT,8,0.0,0.0,0.0,0.0,0.0,0.0,0.0,,0.0,,0.0,,,,,SRC-ABS-SA2-ERP-2025,ASGS Edition 3 (2021)
801101139,Wright,ACT,8,0.0,0.0,2046.0,3623.0,4423.0,4757.0,2711.0,132.5,1134.0,31.3,334.0,7.55,,,,SRC-ABS-SA2-ERP-2025,ASGS Edition 3 (2021)
801101145,Molonglo - East,ACT,8,0.0,0.0,0.0,3.0,3.0,3.0,3.0,,0.0,0.0,0.0,0.0,,,,SRC-ABS-SA2-ERP-2025,ASGS Edition 3 (2021)
801101146,Whitlam,ACT,8,7.0,5.0,5.0,7.0,891.0,1632.0,1627.0,32540.0,1625.0,23214.29,741.0,83.16,,,,SRC-ABS-SA2-ERP-2025,ASGS Edition 3 (2021)
801111140,ACT - South West,ACT,8,410.0,409.0,556.0,546.0,561.0,561.0,5.0,0.9,15.0,2.75,0.0,0.0,,,,SRC-ABS-SA2-ERP-2025,ASGS Edition 3 (2021)
801111141,Namadgi,ACT,8,12.0,36.0,39.0,60.0,67.0,67.0,28.0,71.79,7.0,11.67,0.0,0.0,,,,SRC-ABS-SA2-ERP-2025,ASGS Edition 3 (2021)
