source_record_id,survey_id,site_name,kci_id,site_owner,custodian,region,max_site_capacity_ac,gen_info_unit_id,unit_name,technology_type,technology_detail,gas_turbine_fuel_type,duid,dispatch_type,unit_count,unit_capacity_mw_dc,unit_capacity_mw_ac,aggregated_nameplate_capacity_mw_dc,aggregated_nameplate_capacity_mw_ac,agg_nameplate_storage_capacity_mwh,commitment_status,full_commercial_use_date,expected_closure_year,closure_date,survey_last_requested_date,survey_latest_update_date,scheduled_capacity_mw_winter_2026,scheduled_capacity_mw_summer_typical_2026_27,scheduled_capacity_mw_summer_peak_2026_27,scheduled_capacity_mw_winter_2027,scheduled_capacity_mw_summer_typical_2027_28,scheduled_capacity_mw_summer_peak_2027_28,scheduled_capacity_mw_winter_2028,scheduled_capacity_mw_summer_typical_2028_29,scheduled_capacity_mw_summer_peak_2028_29,scheduled_capacity_mw_winter_2029,scheduled_capacity_mw_summer_typical_2029_30,scheduled_capacity_mw_summer_peak_2029_30,scheduled_capacity_mw_winter_2030,scheduled_capacity_mw_summer_typical_2030_31,scheduled_capacity_mw_summer_peak_2030_31,scheduled_capacity_mw_winter_2031,scheduled_capacity_mw_summer_typical_2031_32,scheduled_capacity_mw_summer_peak_2031_32,scheduled_capacity_mw_winter_2032,scheduled_capacity_mw_summer_typical_2032_33,scheduled_capacity_mw_summer_peak_2032_33,scheduled_capacity_mw_winter_2033,scheduled_capacity_mw_summer_typical_2033_34,scheduled_capacity_mw_summer_peak_2033_34,scheduled_capacity_mw_winter_2034,scheduled_capacity_mw_summer_typical_2034_35,scheduled_capacity_mw_summer_peak_2034_35,scheduled_capacity_mw_winter_2035,scheduled_capacity_mw_summer_typical_2035_36,scheduled_capacity_mw_summer_peak_2035_36,scheduled_storage_capacity_mwh_winter_2026,scheduled_storage_capacity_mwh_summer_2026_27,scheduled_storage_capacity_mwh_winter_2027,scheduled_storage_capacity_mwh_summer_2027_28,scheduled_storage_capacity_mwh_winter_2028,scheduled_storage_capacity_mwh_summer_2028_29,scheduled_storage_capacity_mwh_winter_2029,scheduled_storage_capacity_mwh_summer_2029_30,scheduled_storage_capacity_mwh_winter_2030,scheduled_storage_capacity_mwh_summer_2030_31,scheduled_storage_capacity_mwh_winter_2031,scheduled_storage_capacity_mwh_summer_2031_32,scheduled_storage_capacity_mwh_winter_2032,scheduled_storage_capacity_mwh_summer_2032_33,scheduled_storage_capacity_mwh_winter_2033,scheduled_storage_capacity_mwh_summer_2033_34,scheduled_storage_capacity_mwh_winter_2034,scheduled_storage_capacity_mwh_summer_2034_35,scheduled_storage_capacity_mwh_winter_2035,scheduled_storage_capacity_mwh_summer_2035_36,column_77,column_78,column_79,column_80,column_81,column_82,column_83,column_84,column_85,column_86,column_87,column_88,column_89,column_90,column_91,column_92,column_93,column_94,column_95,column_96,column_97,column_98,column_99,column_100,column_101,column_102,column_103,column_104,column_105,column_106,column_107,column_108,column_109,column_110,column_111,column_112,column_113,column_114,column_115,column_116,column_117,column_118,column_119,column_120,column_121,column_122,column_123,column_124,column_125,column_126,column_127,column_128,column_129,column_130,column_131,column_132,column_133,column_134,column_135,column_136,column_137,column_138,column_139,column_140,column_141,column_142,column_143,column_144,column_145,column_146,column_147,column_148,column_149,column_150,column_151,column_152,column_153,column_154,column_155,column_156,column_157,column_158,column_159,column_160,column_161,column_162,column_163,column_164,column_165
248901|2489|AMBS_GU1||Battery Storage|Lithium-ion,2489,Abermain BESS,Q00086,Firm Power P/L,agl_nr,QLD1,125,248901,AMBS_GU1,Battery Storage,Lithium-ion,,,Scheduled,66,1.93,1.93,127.38,127.38,254.1,Publicly Announced,47480,2049,,46361,46164.56862268518,,,,,,,,,,,,,,,,,,,,,,,,,,,,,,,,,,,,,,,,,,,,,,,,,,,,,,,,,,,,,,,,,,,,,,,,,,,,,,,,,,,,,,,,,,,,,,,,,,,,,,,,,,,,,,,,,,,,,,,,,,,,,,,,,,,,,,,,,,,
193402|1934|QBESS|QBYNB1|Battery Storage|Lithium-ion,1934,ACT BESS,N00010,Berrybank 2 Asset Pty Ltd as Trustee for Berrybank 2 Asset Trust,BERBANK,NSW1,10,193402,QBESS,Battery Storage,Lithium-ion,,QBYNB1,Scheduled,1,,10,,10,20,In Service,,2033,,46091,46099.69997685185,10,10,10,10,10,10,10,10,10,10,10,10,10,10,10,10,10,10,10,10,10,10,10,10,0,0,0,0,0,0,20,20,20,20,20,20,20,20,20,20,20,20,20,20,20,20,0,0,0,0,,,,,,,,,,,,,,,,,,,,,,,,,,,,,,,,,,,,,,,,,,,,,,,,,,,,,,,,,,,,,,,,,,,,,,,,,,,,,,,,,,,,,,,,,
154701|1547|Alberton Wind Farm:1 - 34||Wind|Onshore,1547,Alberton Wind Farm,,Synergy Wind Pty Ltd,exceed-energy_NR,VIC1,,154701,Alberton Wind Farm:1 - 34,Wind,Onshore,,,Semi-scheduled,34,,3.6,,122.4,,Publicly Announced,,,,46091,43246.69291666667,,,,,,,,,,,,,,,,,,,,,,,,,,,,,,,,,,,,,,,,,,,,,,,,,,,,,,,,,,,,,,,,,,,,,,,,,,,,,,,,,,,,,,,,,,,,,,,,,,,,,,,,,,,,,,,,,,,,,,,,,,,,,,,,,,,,,,,,,,,
325501|3255|Albury Mill BESS||Battery Storage|Lithium-ion,3255,Albury Mill BESS - KCI,N00287,VISY PULP AND PAPER PTY. LTD.,visy_NR,NSW1,350,325501,Albury Mill BESS,Battery Storage,Lithium-ion,,,Scheduled,1,,350,,350,,Publicly Announced,,,,46091,46119.639328703706,,,,,,,,,,,,,,,,,,,,,,,,,,,,,,,,,,,,,,,,,,,,,,,,,,,,,,,,,,,,,,,,,,,,,,,,,,,,,,,,,,,,,,,,,,,,,,,,,,,,,,,,,,,,,,,,,,,,,,,,,,,,,,,,,,,,,,,,,,,
259101|2591|ADBS_GU1||Battery Storage|Lithium-ion,2591,Aldoga BESS,Q00118,Acciona Energy Australia Global,acciona_NR,QLD1,400,259101,ADBS_GU1,Battery Storage,Lithium-ion,,,Scheduled,1,,400,,400,800,Publicly Announced,47848,2055,,46361,46174.57990740741,,,,,,,,,,,,,,,,,,,,,,,,,,,,,,,,,,,,,,,,,,,,,,,,,,,,,,,,,,,,,,,,,,,,,,,,,,,,,,,,,,,,,,,,,,,,,,,,,,,,,,,,,,,,,,,,,,,,,,,,,,,,,,,,,,,,,,,,,,,
150901|1509|ADSF_GU1|ALDGASF1|Solar PV|Single Axis Tracking,1509,Aldoga Solar Farm,Q00036,Acciona Energy Australia Global Pty Ltd,acciona_NR,QLD1,387,150901,ADSF_GU1,Solar PV,Single Axis Tracking,,ALDGASF1,Semi-scheduled,157,3.09,2.47,485.13,387.79,,In Service,45929,2051,,46091,46094.437731481485,387.005,387.005,387.005,387.005,387.005,387.005,387.005,387.005,387.005,387.005,387.005,387.005,387.005,387.005,387.005,387.005,387.005,387.005,387.005,387.005,387.005,387.005,387.005,387.005,387.005,387.005,387.005,387.005,387.005,387.005,,,,,,,,,,,,,,,,,,,,,,,,,,,,,,,,,,,,,,,,,,,,,,,,,,,,,,,,,,,,,,,,,,,,,,,,,,,,,,,,,,,,,,,,,,,,,,,,,,,,,,,,,,,,,
306901|3069|ACBS_GU1||Battery Storage|Lithium-ion,3069,Alligator Creek BESS,Q00239,Alligator Creek BESS Pty Ltd,,QLD1,120,306901,ACBS_GU1,Battery Storage,Lithium-ion,,,Scheduled,1,,120,,120,,Publicly Announced,,,,46091,45840.98260416667,,,,,,,,,,,,,,,,,,,,,,,,,,,,,,,,,,,,,,,,,,,,,,,,,,,,,,,,,,,,,,,,,,,,,,,,,,,,,,,,,,,,,,,,,,,,,,,,,,,,,,,,,,,,,,,,,,,,,,,,,,,,,,,,,,,,,,,,,,,
100301|1003|Appin:1-54|APPIN|Other|Other,1003,Appin,,EDL CSM NSW Pty Ltd,EDLGRPOP,NSW1,55,100301,Appin:1-54,Other,Other,Landfill Gas,APPIN,Non-scheduled,54,,1.03,,55.62,,In Service,,2036,,46091,46108.68335648148,,,,,,,,,,,,,,,,,,,,,,,,,,,,,,,,,,,,,,,,,,,,,,,,,,,,,,,,,,,,,,,,,,,,,,,,,,,,,,,,,,,,,,,,,,,,,,,,,,,,,,,,,,,,,,,,,,,,,,,,,,,,,,,,,,,,,,,,,,,
220001|2200|ABESS_G1||Battery Storage|Lithium-ion,2200,Apsley BESS Project,N00063,BW Ess Australia Pty Ltd,bw-ess_nr,NSW1,120,220001,ABESS_G1,Battery Storage,Lithium-ion,,,Scheduled,1,,120,,120,260,Publicly Announced,,,,46361,46170.62701388889,,,,,,,,,,,,,,,,,,,,,,,,,,,,,,,,,,,,,,,,,,,,,,,,,,,,,,,,,,,,,,,,,,,,,,,,,,,,,,,,,,,,,,,,,,,,,,,,,,,,,,,,,,,,,,,,,,,,,,,,,,,,,,,,,,,,,,,,,,,
195701|1957|AquilWin||Wind|Onshore,1957,Aquila Wind,N00038,ACEN Australia Pty Ltd,acenaustralia_NR,NSW1,200,195701,AquilWin,Wind,Onshore,,,Semi-scheduled,28,7.2,7.2,201.6,201.6,,Publicly Announced,48549,2080,,46361,46155.57486111111,,,,,,,,,,,,,,,,,,,,,,,,,,,,,,,,,,,,,,,,,,,,,,,,,,,,,,,,,,,,,,,,,,,,,,,,,,,,,,,,,,,,,,,,,,,,,,,,,,,,,,,,,,,,,,,,,,,,,,,,,,,,,,,,,,,,,,,,,,,
142602|1426|ASF||Solar PV|Single Axis Tracking,1426,Aramara Solar Farm,,Aramara Solar Pty Ltd,boerpower_NR,QLD1,101.4,142602,ASF,Solar PV,Single Axis Tracking,,,Semi-scheduled,30,4.4,4.4,132,132,,Anticipated,46919,2054,,46361,46164.358715277776,0,0,0,0,0,0,101.4,101.4,101.4,101.4,101.4,101.4,101.4,101.4,101.4,101.4,101.4,101.4,101.4,101.4,101.4,101.4,101.4,101.4,101.4,101.4,101.4,101.4,101.4,101.4,,,,,,,,,,,,,,,,,,,,,,,,,,,,,,,,,,,,,,,,,,,,,,,,,,,,,,,,,,,,,,,,,,,,,,,,,,,,,,,,,,,,,,,,,,,,,,,,,,,,,,,,,,,,,
146201|1462|Ararat Wind Farm:1-75|ARWF1|Wind|Onshore,1462,Ararat Wind Farm,,Ararat Wind Farm Pty Ltd,ARARATWF,VIC1,240,146201,Ararat Wind Farm:1-75,Wind,Onshore,,ARWF1,Semi-scheduled,75,3.2,3.2,240,240,,In Service,,2047,,46091,46164.42949074074,240,240,150,240,240,150,240,240,150,240,240,150,240,240,150,240,240,150,240,240,150,240,240,150,240,240,150,240,240,150,,,,,,,,,,,,,,,,,,,,,,,,,,,,,,,,,,,,,,,,,,,,,,,,,,,,,,,,,,,,,,,,,,,,,,,,,,,,,,,,,,,,,,,,,,,,,,,,,,,,,,,,,,,,,
185501|1855|ArdBESS1||Battery Storage|Lithium-ion,1855,Ardandra Solar Farm And BESS,,Ardandra SF Pty Ltd as trustee for Ardandra SF Trust,octopusinvestments_NR,QLD1,97,185501,ArdBESS1,Battery Storage,Lithium-ion,,,Scheduled,22,4,3.41,88,75.02,150.04,Publicly Announced,47256,2059,,46361,46164.44935185185,,,,,,,,,,,,,,,,,,,,,,,,,,,,,,,,,,,,,,,,,,,,,,,,,,,,,,,,,,,,,,,,,,,,,,,,,,,,,,,,,,,,,,,,,,,,,,,,,,,,,,,,,,,,,,,,,,,,,,,,,,,,,,,,,,,,,,,,,,,
185502|1855|ArdSF1||Solar PV|Single Axis Tracking,1855,Ardandra Solar Farm And BESS,,Ardandra SF Pty Ltd as trustee for Ardandra SF Trust,octopusinvestments_NR,QLD1,97,185502,ArdSF1,Solar PV,Single Axis Tracking,,,Semi-scheduled,28,4.15,3.46,116.2,96.88,,Publicly Announced,47256,2059,,46361,46164.44935185185,,,,,,,,,,,,,,,,,,,,,,,,,,,,,,,,,,,,,,,,,,,,,,,,,,,,,,,,,,,,,,,,,,,,,,,,,,,,,,,,,,,,,,,,,,,,,,,,,,,,,,,,,,,,,,,,,,,,,,,,,,,,,,,,,,,,,,,,,,,
284001|2840|AGWF_GU1||Wind|Onshore,2840,Argoon Wind Farm (RES Group) - KCI,,Argoon Wind Farm Project Co Pty Ltd as trustee of the Argoon Wind Farm Project Trust,res-group_NR,NSW1,763,284001,AGWF_GU1,Wind,Onshore,,,Semi-scheduled,106,7.2,7.2,763.2,763.2,,Publicly Announced,,2060,,46361,46176.4930787037,,,,,,,,,,,,,,,,,,,,,,,,,,,,,,,,,,,,,,,,,,,,,,,,,,,,,,,,,,,,,,,,,,,,,,,,,,,,,,,,,,,,,,,,,,,,,,,,,,,,,,,,,,,,,,,,,,,,,,,,,,,,,,,,,,,,,,,,,,,
194701|1947|ArgyleSF||Solar PV|Single Axis Tracking,1947,Argyle Solar Farm,,Argyle Solar Farm Pty Ltd,infinergypacific_NR,NSW1,59.8,194701,ArgyleSF,Solar PV,Single Axis Tracking,,,Semi-scheduled,1,,59.8,,59.8,,Publicly Announced,,,,46361,45827.90940972222,,,,,,,,,,,,,,,,,,,,,,,,,,,,,,,,,,,,,,,,,,,,,,,,,,,,,,,,,,,,,,,,,,,,,,,,,,,,,,,,,,,,,,,,,,,,,,,,,,,,,,,,,,,,,,,,,,,,,,,,,,,,,,,,,,,,,,,,,,,
251201|2512|ABESS||Battery Storage|Lithium-ion,2512,Armidale BESS,N00182,Armidale BESS Project Pty Ltd,valent-energy_nr,NSW1,150,251201,ABESS,Battery Storage,Lithium-ion,,,Scheduled,1,1,150,1,150,750,Publicly Announced,46843,2046,,46361,46160.73168981481,,,,,,,,,,,,,,,,,,,,,,,,,,,,,,,,,,,,,,,,,,,,,,,,,,,,,,,,,,,,,,,,,,,,,,,,,,,,,,,,,,,,,,,,,,,,,,,,,,,,,,,,,,,,,,,,,,,,,,,,,,,,,,,,,,,,,,,,,,,
307501|3075|AD_BESS||Battery Storage|Lithium-ion,3075,Armidale BESS,N00026,Elgin Energy Pty Ltd,glas-service_nr,NSW1,200,307501,AD_BESS,Battery Storage,Lithium-ion,,,Scheduled,1,,200,,200,800,Publicly Announced,46753,2070,,46091,46111.68685185185,,,,,,,,,,,,,,,,,,,,,,,,,,,,,,,,,,,,,,,,,,,,,,,,,,,,,,,,,,,,,,,,,,,,,,,,,,,,,,,,,,,,,,,,,,,,,,,,,,,,,,,,,,,,,,,,,,,,,,,,,,,,,,,,,,,,,,,,,,,
301701|3017|AEBS_GU1||Battery Storage|Lithium-ion,3017,Armidale East BESS,,FRV Services Australia,frv_NR,NSW1,315,301701,AEBS_GU1,Battery Storage,Lithium-ion,,,Scheduled,106,4.2,3.61,445.2,382.66,1889.98,Anticipated,47725,2060,,46361,46190.61560185185,0,0,0,0,0,0,0,315,0,0,315,0,315,315,315,315,315,315,315,315,315,315,315,315,315,315,315,315,315,315,0,0,0,0,0,0,0,0,1890,1890,1890,1890,1890,1890,1890,1890,1890,1890,1890,1890,,,,,,,,,,,,,,,,,,,,,,,,,,,,,,,,,,,,,,,,,,,,,,,,,,,,,,,,,,,,,,,,,,,,,,,,,,,,,,,,,,,,,,,,,
327301|3273|Arthur's Hill Energy Park||Battery Storage|Lithium-ion,3273,Arthur's Hill Energy Park - KCI,N00297,Pacific Green Energy Parks Developments Pty Ltd,,NSW1,500,327301,Arthur's Hill Energy Park,Battery Storage,Lithium-ion,,,Scheduled,1,,500,,500,,Publicly Announced,,2068,,46091,46127.52402777778,,,,,,,,,,,,,,,,,,,,,,,,,,,,,,,,,,,,,,,,,,,,,,,,,,,,,,,,,,,,,,,,,,,,,,,,,,,,,,,,,,,,,,,,,,,,,,,,,,,,,,,,,,,,,,,,,,,,,,,,,,,,,,,,,,,,,,,,,,,
327101|3271|Ashleigh Park BESS||Battery Storage|Lithium-ion,3271,Ashleigh Park BESS - KCI,N00298,Ashleigh Park Beef Pty Ltd,,NSW1,300,327101,Ashleigh Park BESS,Battery Storage,Lithium-ion,,,Scheduled,1,,300,,300,,Publicly Announced,,,,46091,46127.52443287037,,,,,,,,,,,,,,,,,,,,,,,,,,,,,,,,,,,,,,,,,,,,,,,,,,,,,,,,,,,,,,,,,,,,,,,,,,,,,,,,,,,,,,,,,,,,,,,,,,,,,,,,,,,,,,,,,,,,,,,,,,,,,,,,,,,,,,,,,,,
171502|1715|AVSF1|AVLSF1|Solar PV|Single Axis Tracking,1715,Avonlie Solar Farm,,Iberdrola Australia Limited,BBPEM,NSW1,245,171502,AVSF1,Solar PV,Single Axis Tracking,,AVLSF1,Semi-scheduled,70,3.63,3.63,254.1,254.1,,In Service,,2058,,46091,46190.654398148145,189.98,189.98,189.98,189.98,189.98,189.98,189.98,189.98,189.98,189.98,189.98,189.98,189.98,189.98,189.98,189.98,189.98,189.98,189.98,189.98,189.98,189.98,189.98,189.98,189.98,189.98,189.98,189.98,189.98,189.98,,,,,,,,,,,,,,,,,,,,,,,,,,,,,,,,,,,,,,,,,,,,,,,,,,,,,,,,,,,,,,,,,,,,,,,,,,,,,,,,,,,,,,,,,,,,,,,,,,,,,,,,,,,,,
297401|2974|A1B||Battery Storage|Lithium-ion,2974,Awaba BESS,,firmpower_NR,agl_nr,NSW1,50,297401,A1B,Battery Storage,Lithium-ion,,,Scheduled,28,1.93,1.93,54.04,54.04,107.8,Publicly Announced,47109,2047,,46361,46164.55409722222,,,,,,,,,,,,,,,,,,,,,,,,,,,,,,,,,,,,,,,,,,,,,,,,,,,,,,,,,,,,,,,,,,,,,,,,,,,,,,,,,,,,,,,,,,,,,,,,,,,,,,,,,,,,,,,,,,,,,,,,,,,,,,,,,,,,,,,,,,,
195801|1958|AxdalBES||Battery Storage|Lithium-ion,1958,Axedale Solar Farm and Battery Energy Storage System,V00025,FRV Services Australia,frv_NR,VIC1,190,195801,AxdalBES,Battery Storage,Lithium-ion,,,Scheduled,64,0.78,0.78,49.92,49.92,99.84,Anticipated,46996,2058,,46361,46161.43246527778,0,0,0,0,50,50,50,50,50,50,50,50,50,50,50,50,50,50,50,50,50,50,50,50,50,50,50,50,50,50,0,0,0,100,100,100,100,100,100,100,100,100,100,100,100,100,100,100,100,100,,,,,,,,,,,,,,,,,,,,,,,,,,,,,,,,,,,,,,,,,,,,,,,,,,,,,,,,,,,,,,,,,,,,,,,,,,,,,,,,,,,,,,,,,
195802|1958|AxdalSol||Solar PV|Single Axis Tracking,1958,Axedale Solar Farm and Battery Energy Storage System,V00025,FRV Services Australia,frv_NR,VIC1,190,195802,AxdalSol,Solar PV,Single Axis Tracking,,,Semi-scheduled,42,4.58,3.33,192.36,139.86,,Anticipated,46996,2058,,46361,46161.43246527778,0,0,0,0,140,140,140,140,140,140,140,140,140,140,140,140,140,140,140,140,140,140,140,140,140,140,140,140,140,140,,,,,,,,,,,,,,,,,,,,,,,,,,,,,,,,,,,,,,,,,,,,,,,,,,,,,,,,,,,,,,,,,,,,,,,,,,,,,,,,,,,,,,,,,,,,,,,,,,,,,,,,,,,,,
100501|1005|Bairnsdale:1|BDL01|Gas Turbine|OCGT,1005,Bairnsdale,,Alinta DEBO,ALNTARES,VIC1,94,100501,Bairnsdale:1,Gas Turbine,OCGT,Natural Gas,BDL01,Scheduled,1,,47,,47,,In Service,,2042,,46091,46093.681863425925,44,37,37,44,37,37,44,37,37,44,37,37,44,37,37,44,37,37,44,37,37,44,37,37,44,37,37,44,37,37,,,,,,,,,,,,,,,,,,,,,,,,,,,,,,,,,,,,,,,,,,,,,,,,,,,,,,,,,,,,,,,,,,,,,,,,,,,,,,,,,,,,,,,,,,,,,,,,,,,,,,,,,,,,,
100502|1005|Bairnsdale:2|BDL02|Gas Turbine|OCGT,1005,Bairnsdale,,Alinta DEBO,ALNTARES,VIC1,94,100502,Bairnsdale:2,Gas Turbine,OCGT,Natural Gas,BDL02,Scheduled,1,,47,,47,,In Service,,2042,,46091,46093.681863425925,44,37,37,44,37,37,44,37,37,44,37,37,44,37,37,44,37,37,44,37,37,44,37,37,44,37,37,44,37,37,,,,,,,,,,,,,,,,,,,,,,,,,,,,,,,,,,,,,,,,,,,,,,,,,,,,,,,,,,,,,,,,,,,,,,,,,,,,,,,,,,,,,,,,,,,,,,,,,,,,,,,,,,,,,
226301|2263|Bairns1||Battery Storage|Lithium-ion,2263,Bairnsdale BESS,,Bison Energy,bisonenergy_NR,VIC1,50,226301,Bairns1,Battery Storage,Lithium-ion,,,Scheduled,1,,65,,65,260,Publicly Announced,,,,46091,45729.97840277778,,,,,,,,,,,,,,,,,,,,,,,,,,,,,,,,,,,,,,,,,,,,,,,,,,,,,,,,,,,,,,,,,,,,,,,,,,,,,,,,,,,,,,,,,,,,,,,,,,,,,,,,,,,,,,,,,,,,,,,,,,,,,,,,,,,,,,,,,,,
164201|1642|Baking Board Solar Farm Chinchilla:1|BAKING1|Solar PV|Single Axis Tracking,1642,Baking Board Solar Farm Chinchilla,,Chinchilla Solar Pty Ltd,birdwoodenergy_NR,QLD1,14.7,164201,Baking Board Solar Farm Chinchilla:1,Solar PV,Single Axis Tracking,,BAKING1,Non-scheduled,1,,14.7,,14.7,,In Service,,2044,,46091,46105.60024305555,,,,,,,,,,,,,,,,,,,,,,,,,,,,,,,,,,,,,,,,,,,,,,,,,,,,,,,,,,,,,,,,,,,,,,,,,,,,,,,,,,,,,,,,,,,,,,,,,,,,,,,,,,,,,,,,,,,,,,,,,,,,,,,,,,,,,,,,,,,
100601|1006|Bald Hills Wind Farm:1-52|BALDHWF1|Wind|Onshore,1006,Bald Hills Wind Farm,,Bald Hills Wind Farm Pty Ltd,ALNTBHWF,VIC1,106,100601,Bald Hills Wind Farm:1-52,Wind,Onshore,,BALDHWF1,Semi-scheduled,52,2.05,2.05,106.6,106.6,,In Service,,2040,,46091,46094.47467592593,106,106,106,106,106,106,106,106,106,106,106,106,106,106,106,106,106,106,106,106,106,106,106,106,106,106,106,106,106,106,,,,,,,,,,,,,,,,,,,,,,,,,,,,,,,,,,,,,,,,,,,,,,,,,,,,,,,,,,,,,,,,,,,,,,,,,,,,,,,,,,,,,,,,,,,,,,,,,,,,,,,,,,,,,
221301|2213|BWF_G1||Wind|Onshore,2213,Baldon Wind Farm,N00082,Baldon Wind Farm Pty Ltd,goldwindaustralia_NR,NSW1,360,221301,BWF_G1,Wind,Onshore,,,Scheduled,45,8,8,360,360,,Publicly Announced,47299,2064,,46361,46169.67082175926,,,,,,,,,,,,,,,,,,,,,,,,,,,,,,,,,,,,,,,,,,,,,,,,,,,,,,,,,,,,,,,,,,,,,,,,,,,,,,,,,,,,,,,,,,,,,,,,,,,,,,,,,,,,,,,,,,,,,,,,,,,,,,,,,,,,,,,,,,,
259501|2595|BWF2_GU1||Wind|Onshore,2595,Baldon Wind Farm Stage 2,N00138,Baldon Wind Farm Pty Ltd,goldwindaustralia_NR,NSW1,1040,259501,BWF2_GU1,Wind,Onshore,,,Semi-scheduled,130,8,8,1040,1040,,Publicly Announced,47327,2064,,46361,46169.6575,,,,,,,,,,,,,,,,,,,,,,,,,,,,,,,,,,,,,,,,,,,,,,,,,,,,,,,,,,,,,,,,,,,,,,,,,,,,,,,,,,,,,,,,,,,,,,,,,,,,,,,,,,,,,,,,,,,,,,,,,,,,,,,,,,,,,,,,,,,
259601|2596|BWBS_GU1||Battery Storage|Lithium-ion,2596,Baldon Wind Farm Stage 2 - BESS,N00138,Baldon Wind Farm Pty Ltd,goldwindaustralia_NR,NSW1,500,259601,BWBS_GU1,Battery Storage,Lithium-ion,,,Scheduled,125,4,4,500,500,1000,Publicly Announced,47691,2064,,46361,46169.658009259256,,,,,,,,,,,,,,,,,,,,,,,,,,,,,,,,,,,,,,,,,,,,,,,,,,,,,,,,,,,,,,,,,,,,,,,,,,,,,,,,,,,,,,,,,,,,,,,,,,,,,,,,,,,,,,,,,,,,,,,,,,,,,,,,,,,,,,,,,,,
100701|1007|6203834176||Gas Turbine|Other,1007,Ballarat Base Hospital Plant,,Ballarat Health Services,enel_NR,VIC1,1,100701,6203834176,Gas Turbine,Other,Diesel/ Fuel Oil,,Non-scheduled,2,,0.8,,1.6,,In Service,,2033,,45992,45584.31018518518,,,,,,,,,,,,,,,,,,,,,,,,,,,,,,,,,,,,,,,,,,,,,,,,,,,,,,,,,,,,,,,,,,,,,,,,,,,,,,,,,,,,,,,,,,,,,,,,,,,,,,,,,,,,,,,,,,,,,,,,,,,,,,,,,,,,,,,,,,,
146901|1469|Ballarat Energy Storage System:1|BALB1|Battery Storage|Lithium-ion,1469,Ballarat Energy Storage System,,Ausnet Transmission Group Pty Ltd,EASTENGY,VIC1,30,146901,Ballarat Energy Storage System:1,Battery Storage,Lithium-ion,,BALB1,Scheduled,17,1.77,1.77,30.09,30.09,30.09,In Service,,2033,,46091,46105.71121527778,29.9,29.9,28.8,29.9,29.9,28.8,29.9,19.9,19.2,19.9,19.9,19.2,19.9,19.9,19.2,19.9,19.9,19.2,19.9,19.9,19.2,19.9,0,0,0,0,0,0,0,0,23.5,22.8,22.8,22.2,22.2,21.5,21.5,20.9,20.9,20.3,20.3,19.7,19.7,19.1,19.1,0,0,0,0,0,,,,,,,,,,,,,,,,,,,,,,,,,,,,,,,,,,,,,,,,,,,,,,,,,,,,,,,,,,,,,,,,,,,,,,,,,,,,,,,,,,,,,,,,,
198604|1986|BRWF||Wind|Onshore,1986,Banana Range Wind Farm,Q00041,Orange Creek Energy Pty Ltd,edf-re_NR,QLD1,265,198604,BRWF,Wind,Onshore,,,Semi-scheduled,35,7.8,7.8,273,273,,Publicly Announced,47483,2059,,46361,46161.71233796296,,,,,,,,,,,,,,,,,,,,,,,,,,,,,,,,,,,,,,,,,,,,,,,,,,,,,,,,,,,,,,,,,,,,,,,,,,,,,,,,,,,,,,,,,,,,,,,,,,,,,,,,,,,,,,,,,,,,,,,,,,,,,,,,,,,,,,,,,,,
128201|1282|Bango 973 Wind Farm:up to 30|BANGOWF1|Wind|Onshore,1282,Bango 973 Wind Farm,,BWF Nominees Pty Ltd as trustee for the BWF Trust,squadronenergy_NR,NSW1,155,128201,Bango 973 Wind Farm:up to 30,Wind,Onshore,,BANGOWF1,Semi-scheduled,30,,5.3,,159,,In Service,,2045,,46091,46100.94734953704,155.01,155.01,155.01,155.01,155.01,155.01,155.01,155.01,155.01,155.01,155.01,155.01,155.01,155.01,155.01,155.01,155.01,155.01,155.01,155.01,155.01,155.01,155.01,155.01,155.01,155.01,155.01,155.01,155.01,155.01,,,,,,,,,,,,,,,,,,,,,,,,,,,,,,,,,,,,,,,,,,,,,,,,,,,,,,,,,,,,,,,,,,,,,,,,,,,,,,,,,,,,,,,,,,,,,,,,,,,,,,,,,,,,,
184302|1843|Bango 999 Wind Farm|BANGOWF2|Wind|Onshore,1843,Bango 999 Wind Farm,N00019,BWF Nominees Pty Ltd as trustee for the BWF Trust,squadronenergy_NR,NSW1,82,184302,Bango 999 Wind Farm,Wind,Onshore,,BANGOWF2,Semi-scheduled,16,,5.3,,84.8,,In Service,,2045,,46091,46100.9375,82,82,82,82,82,82,82,82,82,82,82,82,82,82,82,82,82,82,82,82,82,82,82,82,82,82,82,82,82,82,,,,,,,,,,,,,,,,,,,,,,,,,,,,,,,,,,,,,,,,,,,,,,,,,,,,,,,,,,,,,,,,,,,,,,,,,,,,,,,,,,,,,,,,,,,,,,,,,,,,,,,,,,,,,
100801|1008|Banimboola:1-2|BAPS|Hydro|Dam,1008,Banimboola,,AGL Hydro Partnership,SOUTHHYD,VIC1,12.2,100801,Banimboola:1-2,Hydro,Dam,,BAPS,Non-scheduled,1,,10,,10,,In Service,,2057,,46091,46105.555925925924,,,,,,,,,,,,,,,,,,,,,,,,,,,,,,,,,,,,,,,,,,,,,,,,,,,,,,,,,,,,,,,,,,,,,,,,,,,,,,,,,,,,,,,,,,,,,,,,,,,,,,,,,,,,,,,,,,,,,,,,,,,,,,,,,,,,,,,,,,,
100802|1008|Banimboola:3|BAPS|Hydro|Dam,1008,Banimboola,,AGL Hydro Partnership,SOUTHHYD,VIC1,12.2,100802,Banimboola:3,Hydro,Dam,,BAPS,Non-scheduled,1,,2.2,,2.2,,In Service,,2057,,46091,46105.555925925924,,,,,,,,,,,,,,,,,,,,,,,,,,,,,,,,,,,,,,,,,,,,,,,,,,,,,,,,,,,,,,,,,,,,,,,,,,,,,,,,,,,,,,,,,,,,,,,,,,,,,,,,,,,,,,,,,,,,,,,,,,,,,,,,,,,,,,,,,,,
257801|2578|BSF_GU1||Solar PV|Single Axis Tracking,2578,Banksia Solar Farm,,Venn Energy Pty / Banksia Solar Project Pty Ltd,vennenergy_nr,QLD1,60,257801,BSF_GU1,Solar PV,Single Axis Tracking,,,Semi-scheduled,16,4.5,4.4,72,70.4,,Committed*,46737,2057,,46361,46161.603854166664,0,0,0,0,60,58.8,60,60,58.8,60,60,58.8,60,60,58.8,60,60,58.8,60,60,58.8,60,60,58.8,60,60,58.8,60,60,58.8,,,,,,,,,,,,,,,,,,,,,,,,,,,,,,,,,,,,,,,,,,,,,,,,,,,,,,,,,,,,,,,,,,,,,,,,,,,,,,,,,,,,,,,,,,,,,,,,,,,,,,,,,,,,,
263601|2636|BBS_GU1||Battery Storage|Lithium-ion,2636,Bannaby BESS,N00144,BW ESS Australia Pty Ltd,bw-ess_nr,NSW1,700,263601,BBS_GU1,Battery Storage,Lithium-ion,,,Scheduled,1,,700,,700,,Publicly Announced,,,,46361,46062.589421296296,,,,,,,,,,,,,,,,,,,,,,,,,,,,,,,,,,,,,,,,,,,,,,,,,,,,,,,,,,,,,,,,,,,,,,,,,,,,,,,,,,,,,,,,,,,,,,,,,,,,,,,,,,,,,,,,,,,,,,,,,,,,,,,,,,,,,,,,,,,
149201|1492|Bannerton Solar Park|BANN1|Solar PV|Single Axis Tracking,1492,Bannerton Solar Park,,Foresight Solar Australia Pty Ltd,foresightgroupau_NR,VIC1,100,149201,Bannerton Solar Park,Solar PV,Single Axis Tracking,,BANN1,Semi-scheduled,40,2.75,2.5,110,100,,In Service,,2049,,46091,46097.526921296296,88,84,84,88,84,84,88,84,84,88,84,84,88,84,84,88,84,84,88,84,84,88,84,84,88,84,84,88,84,84,,,,,,,,,,,,,,,,,,,,,,,,,,,,,,,,,,,,,,,,,,,,,,,,,,,,,,,,,,,,,,,,,,,,,,,,,,,,,,,,,,,,,,,,,,,,,,,,,,,,,,,,,,,,,
232601|2326|BEER_GU1||Battery Storage|Lithium-ion,2326,Baranduda Electrical Energy Reserve,V00083, Birdwood Energy Reserve Pty Ltd (ACN 658 507 441) as Trustee for Birdwood Energy Reserve Trust,birdwoodenergy_NR,VIC1,400,232601,BEER_GU1,Battery Storage,Lithium-ion,,,Scheduled,124,4.39,4.39,544.36,544.36,1886.04,Anticipated,47024,2058,,46361,46176.44478009259,0,0,0,0,0,0,400,400,400,400,400,400,400,400,400,400,400,400,400,400,400,400,400,400,400,400,400,400,400,400,0,0,0,0,,1818.61,1796.36,1774.1,1754.93,1735.75,1659.29,1637.51,1615.73,1593.425,1571.12,1552.54,1533.96,1516.46,1498.96,1480,,,,,,,,,,,,,,,,,,,,,,,,,,,,,,,,,,,,,,,,,,,,,,,,,,,,,,,,,,,,,,,,,,,,,,,,,,,,,,,,,,,,,,,,,
101001|1010|Barcaldine Power Station:1|BARCALDN|Gas Turbine|OCGT,1010,Barcaldine Power Station,,Ergon Energy Queensland Pty Ltd,EQ_NR,QLD1,37,101001,Barcaldine Power Station:1,Gas Turbine,OCGT,Natural Gas,BARCALDN,Scheduled,1,,37,,37,,In Service,,2035,,46091,46111.53236111111,37,36,32,37,36,32,37,36,32,37,36,32,37,36,32,37,36,32,37,36,32,37,36,32,37,36,32,37,36,32,,,,,,,,,,,,,,,,,,,,,,,,,,,,,,,,,,,,,,,,,,,,,,,,,,,,,,,,,,,,,,,,,,,,,,,,,,,,,,,,,,,,,,,,,,,,,,,,,,,,,,,,,,,,,
138901|1389|Barcaldine Remote Community Solar Farm:1|BARCSF1|Solar PV|Single Axis Tracking,1389,Barcaldine Remote Community Solar Farm,,Barcaldine Remote Community Solar Farm Pty Ltd,foresightgroupau_NR,QLD1,20,138901,Barcaldine Remote Community Solar Farm:1,Solar PV,Single Axis Tracking,,BARCSF1,Non-scheduled,10,2.5,2,25,20,,In Service,,2049,,46091,46114.57193287037,,,,,,,,,,,,,,,,,,,,,,,,,,,,,,,,,,,,,,,,,,,,,,,,,,,,,,,,,,,,,,,,,,,,,,,,,,,,,,,,,,,,,,,,,,,,,,,,,,,,,,,,,,,,,,,,,,,,,,,,,,,,,,,,,,,,,,,,,,,
316201|3162|BWA01||Other|Other,3162,Barnawartha North Peaking Generation Facility,,BARNAWARTHA NORTH ENERGY PTY LTD,barnawartha_NR,VIC1,7.8,316201,BWA01,Other,Other,,,Non-scheduled,4,,2.05,,8.2,,Publicly Announced,46660,2052,,46361,46160.662465277775,,,,,,,,,,,,,,,,,,,,,,,,,,,,,,,,,,,,,,,,,,,,,,,,,,,,,,,,,,,,,,,,,,,,,,,,,,,,,,,,,,,,,,,,,,,,,,,,,,,,,,,,,,,,,,,,,,,,,,,,,,,,,,,,,,,,,,,,,,,
289701|2897|BarnBESS||Battery Storage|Lithium-ion,2897,Barnawartha Solar and Energy Storage,,Barnawartha Solar Pty Ltd,wirsol_NR,VIC1,64,289701,BarnBESS,Battery Storage,Lithium-ion,,,Scheduled,22,,2.91,,64.02,6.38,Publicly Announced,,,,46361,46044.6384837963,,,,,,,,,,,,,,,,,,,,,,,,,,,,,,,,,,,,,,,,,,,,,,,,,,,,,,,,,,,,,,,,,,,,,,,,,,,,,,,,,,,,,,,,,,,,,,,,,,,,,,,,,,,,,,,,,,,,,,,,,,,,,,,,,,,,,,,,,,,
289702|2897|BarnSola||Solar PV|Single Axis Tracking,2897,Barnawartha Solar and Energy Storage,,Barnawartha Solar Pty Ltd,wirsol_NR,VIC1,64,289702,BarnSola,Solar PV,Single Axis Tracking,,,Semi-scheduled,22,,2.91,,64.02,,Publicly Announced,,,,46361,46044.6384837963,,,,,,,,,,,,,,,,,,,,,,,,,,,,,,,,,,,,,,,,,,,,,,,,,,,,,,,,,,,,,,,,,,,,,,,,,,,,,,,,,,,,,,,,,,,,,,,,,,,,,,,,,,,,,,,,,,,,,,,,,,,,,,,,,,,,,,,,,,,
101201|1012|Barron Gorge:1|BARRON-1|Hydro|Run of River,1012,Barron Gorge,,CleanCo Queensland Limited,CLEANCO,QLD1,66,101201,Barron Gorge:1,Hydro,Run of River,,BARRON-1,Scheduled,1,,35,,35,,In Service,,2063,,46091,46108.512650462966,33,33,33,33,33,33,33,33,33,33,33,33,33,33,33,33,33,33,33,33,33,33,33,33,33,33,33,33,33,33,,,,,,,,,,,,,,,,,,,,,,,,,,,,,,,,,,,,,,,,,,,,,,,,,,,,,,,,,,,,,,,,,,,,,,,,,,,,,,,,,,,,,,,,,,,,,,,,,,,,,,,,,,,,,
101202|1012|Barron Gorge:2|BARRON-2|Hydro|Run of River,1012,Barron Gorge,,CleanCo Queensland Limited,CLEANCO,QLD1,66,101202,Barron Gorge:2,Hydro,Run of River,,BARRON-2,Scheduled,1,,35,,35,,In Service,,2063,,46091,46108.512650462966,33,33,33,33,33,33,33,33,33,33,33,33,33,33,33,33,33,33,33,33,33,33,33,33,33,33,33,33,33,33,,,,,,,,,,,,,,,,,,,,,,,,,,,,,,,,,,,,,,,,,,,,,,,,,,,,,,,,,,,,,,,,,,,,,,,,,,,,,,,,,,,,,,,,,,,,,,,,,,,,,,,,,,,,,
246701|2467|BARW_SF||Solar PV|Single Axis Tracking,2467,Barwon Solar Farm and BESS,V00172,Elgin Energy Pty Ltd,glas-service_nr,VIC1,250,246701,BARW_SF,Solar PV,Single Axis Tracking,,,Semi-scheduled,1,,250,,250,,Publicly Announced,47088,2060,,46361,46161.67375,,,,,,,,,,,,,,,,,,,,,,,,,,,,,,,,,,,,,,,,,,,,,,,,,,,,,,,,,,,,,,,,,,,,,,,,,,,,,,,,,,,,,,,,,,,,,,,,,,,,,,,,,,,,,,,,,,,,,,,,,,,,,,,,,,,,,,,,,,,
246702|2467|BARW_BESS||Battery Storage|Lithium-ion,2467,Barwon Solar Farm and BESS,V00172,Elgin Energy Pty Ltd,glas-service_nr,VIC1,250,246702,BARW_BESS,Battery Storage,Lithium-ion,,,Scheduled,1,,250,,250,1000,Publicly Announced,47088,2060,,46361,46161.67375,,,,,,,,,,,,,,,,,,,,,,,,,,,,,,,,,,,,,,,,,,,,,,,,,,,,,,,,,,,,,,,,,,,,,,,,,,,,,,,,,,,,,,,,,,,,,,,,,,,,,,,,,,,,,,,,,,,,,,,,,,,,,,,,,,,,,,,,,,,
287101|2871|CBBS_GU1||Battery Storage|Lithium-ion,2871,Bawurra BESS,Q00176,StorEnergy 1 Pty Ltd,storenergy_nr,QLD1,550,287101,CBBS_GU1,Battery Storage,Lithium-ion,,,Scheduled,184,2.99,2.99,550.16,550.16,1703.84,Publicly Announced,47149,2057,,46361,46154.342997685184,,,,,,,,,,,,,,,,,,,,,,,,,,,,,,,,,,,,,,,,,,,,,,,,,,,,,,,,,,,,,,,,,,,,,,,,,,,,,,,,,,,,,,,,,,,,,,,,,,,,,,,,,,,,,,,,,,,,,,,,,,,,,,,,,,,,,,,,,,,
101401|1014|Bayswater:1|BW01|Coal|Black Coal,1014,Bayswater,,AGL Macquarie Pty Limited,MACQGEN,NSW1,2800,101401,Bayswater:1,Coal,Black Coal,,BW01,Scheduled,1,,660,,660,,In Service,,2033,,46361,46168.647523148145,660,660,630,660,660,630,660,660,630,660,660,630,660,660,630,660,660,630,660,660,630,660,0,0,0,0,0,0,0,0,,,,,,,,,,,,,,,,,,,,,,,,,,,,,,,,,,,,,,,,,,,,,,,,,,,,,,,,,,,,,,,,,,,,,,,,,,,,,,,,,,,,,,,,,,,,,,,,,,,,,,,,,,,,,
101402|1014|Bayswater:2|BW02|Coal|Black Coal,1014,Bayswater,,AGL Macquarie Pty Limited,MACQGEN,NSW1,2800,101402,Bayswater:2,Coal,Black Coal,,BW02,Scheduled,1,,685,,685,,In Service,,2033,,46361,46168.647523148145,685,685,655,685,685,655,685,685,655,685,685,655,685,685,655,685,685,655,685,685,655,685,0,0,0,0,0,0,0,0,,,,,,,,,,,,,,,,,,,,,,,,,,,,,,,,,,,,,,,,,,,,,,,,,,,,,,,,,,,,,,,,,,,,,,,,,,,,,,,,,,,,,,,,,,,,,,,,,,,,,,,,,,,,,
101403|1014|Bayswater:3|BW03|Coal|Black Coal,1014,Bayswater,,AGL Macquarie Pty Limited,MACQGEN,NSW1,2800,101403,Bayswater:3,Coal,Black Coal,,BW03,Scheduled,1,,685,,685,,In Service,,2033,,46361,46168.647523148145,685,685,655,685,685,655,685,685,655,685,685,655,685,685,655,685,685,655,685,685,655,685,0,0,0,0,0,0,0,0,,,,,,,,,,,,,,,,,,,,,,,,,,,,,,,,,,,,,,,,,,,,,,,,,,,,,,,,,,,,,,,,,,,,,,,,,,,,,,,,,,,,,,,,,,,,,,,,,,,,,,,,,,,,,
101404|1014|Bayswater:4|BW04|Coal|Black Coal,1014,Bayswater,,AGL Macquarie Pty Limited,MACQGEN,NSW1,2800,101404,Bayswater:4,Coal,Black Coal,,BW04,Scheduled,1,,685,,685,,In Service,,2033,,46361,46168.647523148145,685,685,655,685,685,655,685,685,655,685,685,655,685,685,655,685,685,655,685,685,655,685,0,0,0,0,0,0,0,0,,,,,,,,,,,,,,,,,,,,,,,,,,,,,,,,,,,,,,,,,,,,,,,,,,,,,,,,,,,,,,,,,,,,,,,,,,,,,,,,,,,,,,,,,,,,,,,,,,,,,,,,,,,,,
272701|2727|BBBS_GU1||Battery Storage|Lithium-ion,2727,Beebo Battary - KCI,Q00148,BEEBO SOLAR FARM PTY LTD as Trustee For BEEBO SOLAR FARM UNIT TRUST,jinkopower_nr,QLD1,400,272701,BBBS_GU1,Battery Storage,Lithium-ion,,,Scheduled,154,,3.8,,585.2,799.26,Publicly Announced,,,,46091,45830.296215277776,,,,,,,,,,,,,,,,,,,,,,,,,,,,,,,,,,,,,,,,,,,,,,,,,,,,,,,,,,,,,,,,,,,,,,,,,,,,,,,,,,,,,,,,,,,,,,,,,,,,,,,,,,,,,,,,,,,,,,,,,,,,,,,,,,,,,,,,,,,
272601|2726|BBSF_GU1||Solar PV|Fixed,2726,Beebo Solar Farm - KCI,Q00148,BEEBO SOLAR FARM PTY LTD as Trustee For BEEBO SOLAR FARM UNIT TRUST,jinkopower_nr,QLD1,400,272601,BBSF_GU1,Solar PV,Fixed,,,Semi-scheduled,120,,4.4,,528,,Publicly Announced,,,,46091,45830.29467592593,,,,,,,,,,,,,,,,,,,,,,,,,,,,,,,,,,,,,,,,,,,,,,,,,,,,,,,,,,,,,,,,,,,,,,,,,,,,,,,,,,,,,,,,,,,,,,,,,,,,,,,,,,,,,,,,,,,,,,,,,,,,,,,,,,,,,,,,,,,
315202|3152|BELBS_GU1||Battery Storage|Lithium-ion,3152,Belah BESS,Q00265,Eku Energy Projects (Australia) Pty Ltd as trustee for the Eku Energy Projects Australia Trust,ekuenergy_nr,QLD1,400,315202,BELBS_GU1,Battery Storage,Lithium-ion,,,Scheduled,1024,,0.45,,460.8,1771.52,Publicly Announced,47391,2050,,46361,46167.47684027778,,,,,,,,,,,,,,,,,,,,,,,,,,,,,,,,,,,,,,,,,,,,,,,,,,,,,,,,,,,,,,,,,,,,,,,,,,,,,,,,,,,,,,,,,,,,,,,,,,,,,,,,,,,,,,,,,,,,,,,,,,,,,,,,,,,,,,,,,,,
221001|2210|WWSF_BS1||Battery Storage|Lithium-ion,2210,Belhaven Renewable Project,N00078, Vena Energy Services (Australia) Pty Ltd,TBSOL,NSW1,408,221001,WWSF_BS1,Battery Storage,Lithium-ion,,,Scheduled,1,400,400,400,400,1600,Publicly Announced,47422,2050,,46091,46175.68305555556,,,,,,,,,,,,,,,,,,,,,,,,,,,,,,,,,,,,,,,,,,,,,,,,,,,,,,,,,,,,,,,,,,,,,,,,,,,,,,,,,,,,,,,,,,,,,,,,,,,,,,,,,,,,,,,,,,,,,,,,,,,,,,,,,,,,,,,,,,,
221002|2210|WWSF_GU1||Solar PV|Fixed,2210,Belhaven Renewable Project,N00078, Vena Energy Services (Australia) Pty Ltd,TBSOL,NSW1,408,221002,WWSF_GU1,Solar PV,Fixed,,,Semi-scheduled,49,,3.39,,166.11,,Publicly Announced,,,,46091,46175.68305555556,,,,,,,,,,,,,,,,,,,,,,,,,,,,,,,,,,,,,,,,,,,,,,,,,,,,,,,,,,,,,,,,,,,,,,,,,,,,,,,,,,,,,,,,,,,,,,,,,,,,,,,,,,,,,,,,,,,,,,,,,,,,,,,,,,,,,,,,,,,
158001|1580|BHB||Battery Storage|Lithium-ion,1580,Bellambi Heights Renewables Project,N00163,Vena Energy,TBSOL,NSW1,408,158001,BHB,Battery Storage,Lithium-ion,,,Scheduled,120,3.4,3.4,408,408,1140,Committed,46599,2047,,46361,46175.8774537037,0,0,0,204,408,408,408,408,408,408,408,408,408,408,408,408,408,408,408,408,408,408,408,408,408,408,408,408,408,408,0,0,560,1100,1085,1070,1058,1046,1036,1026,1015,1004,995,986,997,968,965,955,952,942,,,,,,,,,,,,,,,,,,,,,,,,,,,,,,,,,,,,,,,,,,,,,,,,,,,,,,,,,,,,,,,,,,,,,,,,,,,,,,,,,,,,,,,,,
318001|3180|BBWF_GU1||Wind|Onshore,3180,Ben Bullen Wind Farm,,Alinta Energy,alinta_nr,NSW1,430,318001,BBWF_GU1,Wind,Onshore,,,Semi-scheduled,64,7.2,7.2,460.8,460.8,,Publicly Announced,48244,2067,,46091,46114.45542824074,,,,,,,,,,,,,,,,,,,,,,,,,,,,,,,,,,,,,,,,,,,,,,,,,,,,,,,,,,,,,,,,,,,,,,,,,,,,,,,,,,,,,,,,,,,,,,,,,,,,,,,,,,,,,,,,,,,,,,,,,,,,,,,,,,,,,,,,,,,
318002|3180|BBWF_GU2||Battery Storage|Lithium-ion,3180,Ben Bullen Wind Farm,,Alinta Energy,alinta_nr,NSW1,430,318002,BBWF_GU2,Battery Storage,Lithium-ion,,,Scheduled,1,200,200,200,200,800,Publicly Announced,48244,2067,,46091,46114.45542824074,,,,,,,,,,,,,,,,,,,,,,,,,,,,,,,,,,,,,,,,,,,,,,,,,,,,,,,,,,,,,,,,,,,,,,,,,,,,,,,,,,,,,,,,,,,,,,,,,,,,,,,,,,,,,,,,,,,,,,,,,,,,,,,,,,,,,,,,,,,
237201|2372|BHBS_GU1||Battery Storage|Lithium-ion,2372,Bendemeer Renewable Energy Hub - Solar And BESS,N00100,Athena Energy Australia (Holdings) Pty Ltd,metisenergy_nr,NSW1,200,237201,BHBS_GU1,Battery Storage,Lithium-ion,,,Scheduled,1,,150,,150,300,Publicly Announced,,,,46361,46161.37880787037,,,,,,,,,,,,,,,,,,,,,,,,,,,,,,,,,,,,,,,,,,,,,,,,,,,,,,,,,,,,,,,,,,,,,,,,,,,,,,,,,,,,,,,,,,,,,,,,,,,,,,,,,,,,,,,,,,,,,,,,,,,,,,,,,,,,,,,,,,,
237202|2372|BHSF_GU1||Solar PV|Single Axis Tracking,2372,Bendemeer Renewable Energy Hub - Solar And BESS,N00100,Athena Energy Australia (Holdings) Pty Ltd,metisenergy_nr,NSW1,200,237202,BHSF_GU1,Solar PV,Single Axis Tracking,,,Semi-scheduled,1,,200,,200,,Publicly Announced,,,,46361,46161.37880787037,,,,,,,,,,,,,,,,,,,,,,,,,,,,,,,,,,,,,,,,,,,,,,,,,,,,,,,,,,,,,,,,,,,,,,,,,,,,,,,,,,,,,,,,,,,,,,,,,,,,,,,,,,,,,,,,,,,,,,,,,,,,,,,,,,,,,,,,,,,
237301|2373|BHWF_GU1||Wind|Onshore,2373,Bendemeer Renewable Energy Hub - Wind,N00100,Athena Energy Australia (Holdings) Pty Ltd,metisenergy_nr,NSW1,380,237301,BHWF_GU1,Wind,Onshore,,,Semi-scheduled,1,,380,,380,,Publicly Announced,,,,46091,46161.37851851852,,,,,,,,,,,,,,,,,,,,,,,,,,,,,,,,,,,,,,,,,,,,,,,,,,,,,,,,,,,,,,,,,,,,,,,,,,,,,,,,,,,,,,,,,,,,,,,,,,,,,,,,,,,,,,,,,,,,,,,,,,,,,,,,,,,,,,,,,,,
317701|3177|Bendenine Wind Farm||Wind|Onshore,3177,Bendenine,,Wind Prospect PL,windprospect_NR,NSW1,720,317701,Bendenine Wind Farm,Wind,Onshore,,,Semi-scheduled,90,8,8,720,720,,Publicly Announced,47665,2070,,46091,46103.913449074076,,,,,,,,,,,,,,,,,,,,,,,,,,,,,,,,,,,,,,,,,,,,,,,,,,,,,,,,,,,,,,,,,,,,,,,,,,,,,,,,,,,,,,,,,,,,,,,,,,,,,,,,,,,,,,,,,,,,,,,,,,,,,,,,,,,,,,,,,,,
317702|3177|Bendenine BESS||Battery Storage|Lithium-ion,3177,Bendenine,,Wind Prospect PL,windprospect_NR,NSW1,720,317702,Bendenine BESS,Battery Storage,Lithium-ion,,,Scheduled,120,4.6,4.6,552,552,2208,Publicly Announced,47665,2070,,46091,46103.913449074076,,,,,,,,,,,,,,,,,,,,,,,,,,,,,,,,,,,,,,,,,,,,,,,,,,,,,,,,,,,,,,,,,,,,,,,,,,,,,,,,,,,,,,,,,,,,,,,,,,,,,,,,,,,,,,,,,,,,,,,,,,,,,,,,,,,,,,,,,,,
328601|3286|BGBESS||Battery Storage|Lithium-ion,3286,Bendigo BESS,,Pacific Blue,pacificblue_nr,VIC1,200,328601,BGBESS,Battery Storage,Lithium-ion,,,Scheduled,56,4.62,4.6,258.72,257.6,1030.4,Publicly Announced,47270,2050,,,46164.3434375,,,,,,,,,,,,,,,,,,,,,,,,,,,,,,,,,,,,,,,,,,,,,,,,,,,,,,,,,,,,,,,,,,,,,,,,,,,,,,,,,,,,,,,,,,,,,,,,,,,,,,,,,,,,,,,,,,,,,,,,,,,,,,,,,,,,,,,,,,,
195601|1956|BCBESS||Battery Storage|Lithium-ion,1956,Bennetts Creek BESS,V00045,Bennetts Creek Energy Project Pty Ltd in its capacity as Trustee for the Bennetts Creek Energy Project Trust,flowpower_NR,VIC1,100,195601,BCBESS,Battery Storage,Lithium-ion,,,Scheduled,42,4.2,4.2,176.4,176.4,223.02,Committed,46842,2048,,46361,46174.405,0,0,0,0,100,50,100,100,100,100,100,100,100,100,100,100,100,100,100,100,100,100,100,100,100,100,100,100,100,100,0,0,0,100,223,220,218,215,212,209,206,203,201,199,197,195,192,190,188,186,,,,,,,,,,,,,,,,,,,,,,,,,,,,,,,,,,,,,,,,,,,,,,,,,,,,,,,,,,,,,,,,,,,,,,,,,,,,,,,,,,,,,,,,,
297301|2973|BB1||Battery Storage|Lithium-ion,2973,Beresfield BESS,,firmpower_NR,agl_nr,NSW1,170,297301,BB1,Battery Storage,Lithium-ion,,,Scheduled,94,1.93,1.93,181.42,181.42,361.9,Anticipated,46739,2048,,46361,46167.41217592593,0,0,0,0,0,0,170,170,170,170,170,170,170,170,170,170,170,170,170,170,170,170,170,170,170,170,170,170,170,170,0,0,0,0,340,340,340,340,340,340,340,340,340,340,340,340,340,340,340,340,,,,,,,,,,,,,,,,,,,,,,,,,,,,,,,,,,,,,,,,,,,,,,,,,,,,,,,,,,,,,,,,,,,,,,,,,,,,,,,,,,,,,,,,,
239301|2393|BBS_GU1||Battery Storage|Lithium-ion,2393,Berrybank BESS - Storage - KCI,V00087,Global Power Generation Australia Pty Ltd,globalpower-generation_NR,VIC1,300,239301,BBS_GU1,Battery Storage,Lithium-ion,,,Scheduled,1,360,300,360,300,600,Publicly Announced,47483,2050,,46091,46099.59357638889,,,,,,,,,,,,,,,,,,,,,,,,,,,,,,,,,,,,,,,,,,,,,,,,,,,,,,,,,,,,,,,,,,,,,,,,,,,,,,,,,,,,,,,,,,,,,,,,,,,,,,,,,,,,,,,,,,,,,,,,,,,,,,,,,,,,,,,,,,,
101803|1018|Berrybank Wind Farm - Stage 1: Units 1-43|BRYB1WF1|Wind|Onshore,1018,Berrybank Wind Farm,,Berrbank Development Pty ltd,BERYBKWF,VIC1,281.1,101803,Berrybank Wind Farm - Stage 1: Units 1-43,Wind,Onshore,,BRYB1WF1,Semi-scheduled,43,,4.2,,180.6,,In Service,,2051,,46091,46098.57445601852,175.87,175.87,175.87,175.87,175.87,175.87,175.87,175.87,175.87,175.87,175.87,175.87,175.87,175.87,175.87,175.87,175.87,175.87,175.87,175.87,175.87,175.87,175.87,175.87,175.87,175.87,175.87,175.87,175.87,175.87,,,,,,,,,,,,,,,,,,,,,,,,,,,,,,,,,,,,,,,,,,,,,,,,,,,,,,,,,,,,,,,,,,,,,,,,,,,,,,,,,,,,,,,,,,,,,,,,,,,,,,,,,,,,,
101804|1018|U 1-26|BRYB2WF2|Wind|Onshore,1018,Berrybank Wind Farm,,Berrbank Development Pty ltd,BERYBKWF,VIC1,281.1,101804,U 1-26,Wind,Onshore,,BRYB2WF2,Semi-scheduled,26,,4.2,,109.2,,In Service,,2052,,46091,46098.57445601852,105.2,105.2,105.2,105.2,105.2,105.2,105.2,105.2,105.2,105.2,105.2,105.2,105.2,105.2,105.2,105.2,105.2,105.2,105.2,105.2,105.2,105.2,105.2,105.2,105.2,105.2,105.2,105.2,105.2,105.2,,,,,,,,,,,,,,,,,,,,,,,,,,,,,,,,,,,,,,,,,,,,,,,,,,,,,,,,,,,,,,,,,,,,,,,,,,,,,,,,,,,,,,,,,,,,,,,,,,,,,,,,,,,,,
244801|2448|Beryl_B||Battery Storage|Lithium-ion,2448,Beryl BESS,N00123,Ratch-Australia Corporation,TOORAWF,NSW1,100,244801,Beryl_B,Battery Storage,Lithium-ion,,,Scheduled,36,4.2,4.2,151.2,151.2,450,Publicly Announced,47117,2058,,46091,46161.408472222225,,,,,,,,,,,,,,,,,,,,,,,,,,,,,,,,,,,,,,,,,,,,,,,,,,,,,,,,,,,,,,,,,,,,,,,,,,,,,,,,,,,,,,,,,,,,,,,,,,,,,,,,,,,,,,,,,,,,,,,,,,,,,,,,,,,,,,,,,,,
141601|1416|BERYLSF|BERYLSF1|Solar PV|Single Axis Tracking,1416,Beryl Solar Farm,,FS NSW Project No 1 AT Pty Ltd as trustee of FS NSW Project No 1 Asset Trust,FSNSW,NSW1,87,141601,BERYLSF,Solar PV,Single Axis Tracking,,BERYLSF1,Semi-scheduled,60,1.64,1.64,98.4,98.4,,In Service,,2049,,46091,46164.427719907406,87,82.8,77.4,87,82.8,77.4,87,82.8,77.4,87,82.8,77.4,87,82.8,77.4,87,82.8,77.4,87,82.8,77.4,87,82.8,77.4,87,82.8,77.4,87,82.8,77.4,,,,,,,,,,,,,,,,,,,,,,,,,,,,,,,,,,,,,,,,,,,,,,,,,,,,,,,,,,,,,,,,,,,,,,,,,,,,,,,,,,,,,,,,,,,,,,,,,,,,,,,,,,,,,
247801|2478|FLBS_GU1||Battery Storage|Lithium-ion,2478,BESS Finley,N00114,BESS Finley P/L,,NSW1,100,247801,FLBS_GU1,Battery Storage,Lithium-ion,,,Scheduled,40,,2.5,,100,,Publicly Announced,,,,46091,45840.05701388889,,,,,,,,,,,,,,,,,,,,,,,,,,,,,,,,,,,,,,,,,,,,,,,,,,,,,,,,,,,,,,,,,,,,,,,,,,,,,,,,,,,,,,,,,,,,,,,,,,,,,,,,,,,,,,,,,,,,,,,,,,,,,,,,,,,,,,,,,,,
278601|2786|BigGPH||Hydro|Pumped Hydro,2786,Big G Pumped Hydro Project,,BE Power,bepower_NR,QLD1,600,278601,BigGPH,Hydro,Pumped Hydro,,,Scheduled,3,,200,,600,8400,Publicly Announced,48579,2112,,46091,46113.48550925926,,,,,,,,,,,,,,,,,,,,,,,,,,,,,,,,,,,,,,,,,,,,,,,,,,,,,,,,,,,,,,,,,,,,,,,,,,,,,,,,,,,,,,,,,,,,,,,,,,,,,,,,,,,,,,,,,,,,,,,,,,,,,,,,,,,,,,,,,,,
303101|3031|BWB_GU1||Battery Storage|Lithium-ion,3031,Birriwa BESS,,ACEN RENEWABLES,acenaustralia_NR,NSW1,460,303101,BWB_GU1,Battery Storage,Lithium-ion,,,Scheduled,1,230,230,230,230,920,Publicly Announced,47914,2080,,46091,46175.63134259259,,,,,,,,,,,,,,,,,,,,,,,,,,,,,,,,,,,,,,,,,,,,,,,,,,,,,,,,,,,,,,,,,,,,,,,,,,,,,,,,,,,,,,,,,,,,,,,,,,,,,,,,,,,,,,,,,,,,,,,,,,,,,,,,,,,,,,,,,,,
303102|3031|BWB_GU2||Battery Storage|Lithium-ion,3031,Birriwa BESS,,ACEN RENEWABLES,acenaustralia_NR,NSW1,460,303102,BWB_GU2,Battery Storage,Lithium-ion,,,Scheduled,1,230,230,230,230,920,Publicly Announced,47914,2080,,,46175.63134259259,,,,,,,,,,,,,,,,,,,,,,,,,,,,,,,,,,,,,,,,,,,,,,,,,,,,,,,,,,,,,,,,,,,,,,,,,,,,,,,,,,,,,,,,,,,,,,,,,,,,,,,,,,,,,,,,,,,,,,,,,,,,,,,,,,,,,,,,,,,
303001|3030|BWSF_GU1||Solar PV|Fixed,3030,Birriwa Hybrid,,ACEN RENEWABLES,acenaustralia_NR,NSW1,700,303001,BWSF_GU1,Solar PV,Fixed,,,Semi-scheduled,1,800,600,800,600,,Publicly Announced,47430,2080,,46361,46175.44578703704,,,,,,,,,,,,,,,,,,,,,,,,,,,,,,,,,,,,,,,,,,,,,,,,,,,,,,,,,,,,,,,,,,,,,,,,,,,,,,,,,,,,,,,,,,,,,,,,,,,,,,,,,,,,,,,,,,,,,,,,,,,,,,,,,,,,,,,,,,,
303002|3030|BWSF_GU2||Battery Storage|Lithium-ion,3030,Birriwa Hybrid,,ACEN RENEWABLES,acenaustralia_NR,NSW1,700,303002,BWSF_GU2,Battery Storage,Lithium-ion,,,Scheduled,1,600,600,600,600,2400,Publicly Announced,47430,2080,,46361,46175.44578703704,,,,,,,,,,,,,,,,,,,,,,,,,,,,,,,,,,,,,,,,,,,,,,,,,,,,,,,,,,,,,,,,,,,,,,,,,,,,,,,,,,,,,,,,,,,,,,,,,,,,,,,,,,,,,,,,,,,,,,,,,,,,,,,,,,,,,,,,,,,
319201|3192|BR_GU1||Battery Storage|Lithium-ion,3192,Black River BESS - KCI,Q00266,Enervest Operations Pty Ltd,enervest_NR,QLD1,200,319201,BR_GU1,Battery Storage,Lithium-ion,,,Scheduled,1,,200,,200,200,Publicly Announced,,,,46091,46044.656863425924,,,,,,,,,,,,,,,,,,,,,,,,,,,,,,,,,,,,,,,,,,,,,,,,,,,,,,,,,,,,,,,,,,,,,,,,,,,,,,,,,,,,,,,,,,,,,,,,,,,,,,,,,,,,,,,,,,,,,,,,,,,,,,,,,,,,,,,,,,,
249001|2490|BSBS_GU1||Battery Storage|Lithium-ion,2490,Blackstone BESS,Q00088,FIrm Power P/L,agl_nr,QLD1,250,249001,BSBS_GU1,Battery Storage,Lithium-ion,,,Scheduled,138,1.93,1.93,266.34,266.34,531.3,Anticipated,47109,2048,,46361,46164.53758101852,0,0,0,0,0,0,0,250,250,250,250,250,250,250,250,250,250,250,250,250,250,250,250,250,250,250,250,250,250,250,0,0,0,0,0,500,500,500,500,500,500,500,500,500,500,500,500,500,500,500,,,,,,,,,,,,,,,,,,,,,,,,,,,,,,,,,,,,,,,,,,,,,,,,,,,,,,,,,,,,,,,,,,,,,,,,,,,,,,,,,,,,,,,,,
274101|2741|BS2B_GU1||Battery Storage|Lithium-ion,2741,Blackstone BESS 2 - KCI,Q00149,FIrm Power P/L,agl_nr,QLD1,250,274101,BS2B_GU1,Battery Storage,Lithium-ion,,,Scheduled,138,1.93,1.93,266.34,266.34,531.3,Anticipated,47109,2048,,46361,46035.47986111111,0,0,0,0,0,0,0,250,250,250,250,250,250,250,250,250,250,250,250,250,250,250,250,250,250,250,250,,,,0,0,0,0,0,500,500,500,500,500,500,500,500,500,500,500,500,500,,,,,,,,,,,,,,,,,,,,,,,,,,,,,,,,,,,,,,,,,,,,,,,,,,,,,,,,,,,,,,,,,,,,,,,,,,,,,,,,,,,,,,,,,,,
243201|2432|BHS_BESS||Battery Storage|Lithium-ion,2432,Blackwater Hybrid System,Q00048,Blackwater Project Nominees Pty Ltd as trustee for the Blackwater Project Trust,totalenergies_nr,QLD1,270,243201,BHS_BESS,Battery Storage,Lithium-ion,,,Scheduled,68,3,2.94,204,199.92,399.84,Publicly Announced,47762,2062,,46091,46163.60931712963,,,,,,,,,,,,,,,,,,,,,,,,,,,,,,,,,,,,,,,,,,,,,,,,,,,,,,,,,,,,,,,,,,,,,,,,,,,,,,,,,,,,,,,,,,,,,,,,,,,,,,,,,,,,,,,,,,,,,,,,,,,,,,,,,,,,,,,,,,,
243202|2432|BHS_SF||Solar PV|Single Axis Tracking,2432,Blackwater Hybrid System,Q00048,Blackwater Project Nominees Pty Ltd as trustee for the Blackwater Project Trust,totalenergies_nr,QLD1,270,243202,BHS_SF,Solar PV,Single Axis Tracking,,,Semi-scheduled,50,3.47,3.4,173.5,170,,Publicly Announced,47762,2062,,46091,46163.60931712963,,,,,,,,,,,,,,,,,,,,,,,,,,,,,,,,,,,,,,,,,,,,,,,,,,,,,,,,,,,,,,,,,,,,,,,,,,,,,,,,,,,,,,,,,,,,,,,,,,,,,,,,,,,,,,,,,,,,,,,,,,,,,,,,,,,,,,,,,,,
204201|2042|Blair At||Solar PV|Fixed,2042,Blair Athol Solar Power Station,,TerraCom Ltd,,QLD1,60,204201,Blair At,Solar PV,Fixed,,,Semi-scheduled,1,,60,,60,,Publicly Announced,,,,46091,45988.52012731481,,,,,,,,,,,,,,,,,,,,,,,,,,,,,,,,,,,,,,,,,,,,,,,,,,,,,,,,,,,,,,,,,,,,,,,,,,,,,,,,,,,,,,,,,,,,,,,,,,,,,,,,,,,,,,,,,,,,,,,,,,,,,,,,,,,,,,,,,,,
228601|2286|BBS_GU1||Battery Storage|Lithium-ion,2286,Blenheim BESS - KCI,Q00025,EE AUSTRALIA PTY LTD,europeanenergy_nr,QLD1,29.25,228601,BBS_GU1,Battery Storage,Lithium-ion,,,Scheduled,1,,29.25,,29.25,,Publicly Announced,,,,46091,46104.412777777776,,,,,,,,,,,,,,,,,,,,,,,,,,,,,,,,,,,,,,,,,,,,,,,,,,,,,,,,,,,,,,,,,,,,,,,,,,,,,,,,,,,,,,,,,,,,,,,,,,,,,,,,,,,,,,,,,,,,,,,,,,,,,,,,,,,,,,,,,,,
228501|2285|BSF_GU1||Solar PV|Fixed,2285,Blenheim Solar Farm - KCI,Q00025,EE AUSTRALIA PTY LTD,europeanenergy_nr,QLD1,106,228501,BSF_GU1,Solar PV,Fixed,,,Semi-scheduled,1,,106,,106,,Publicly Announced,,,,46091,46104.41189814815,,,,,,,,,,,,,,,,,,,,,,,,,,,,,,,,,,,,,,,,,,,,,,,,,,,,,,,,,,,,,,,,,,,,,,,,,,,,,,,,,,,,,,,,,,,,,,,,,,,,,,,,,,,,,,,,,,,,,,,,,,,,,,,,,,,,,,,,,,,
201701|2017|BCBESS||Battery Storage|Lithium-ion,2017,Blind Creek Solar Farm and Battery Energy Storage System,,Ms BCSF Holdings Pty Ltd as trustee for the Blind Creek Solar Farm Trust,octopusinvestments_NR,NSW1,300,201701,BCBESS,Battery Storage,Lithium-ion,,,Scheduled,90,3.25,2.73,292.5,245.7,486,Committed*,46944,2053,,46361,46160.50571759259,0,0,0,0,0,0,245.7,245.7,234.9,245.7,245.7,234.9,245.7,245.7,234.9,245.7,245.7,234.9,245.7,245.7,234.9,245.7,245.7,234.9,245.7,245.7,234.9,245.7,245.7,234.9,0,0,0,0,486,486,486,486,486,486,486,486,486,486,486,486,486,486,486,486,,,,,,,,,,,,,,,,,,,,,,,,,,,,,,,,,,,,,,,,,,,,,,,,,,,,,,,,,,,,,,,,,,,,,,,,,,,,,,,,,,,,,,,,,
201702|2017|BCSF||Solar PV|Single Axis Tracking,2017,Blind Creek Solar Farm and Battery Energy Storage System,,Ms BCSF Holdings Pty Ltd as trustee for the Blind Creek Solar Farm Trust,octopusinvestments_NR,NSW1,300,201702,BCSF,Solar PV,Single Axis Tracking,,,Semi-scheduled,90,4,3.33,360,299.7,,Committed*,46944,2053,,46361,46160.50571759259,0,0,0,0,0,0,299.7,299.7,275.4,299.7,299.7,275.4,299.7,299.7,275.4,299.7,299.7,275.4,299.7,299.7,275.4,299.7,299.7,275.4,299.7,299.7,275.4,299.7,299.7,275.4,,,,,,,,,,,,,,,,,,,,,,,,,,,,,,,,,,,,,,,,,,,,,,,,,,,,,,,,,,,,,,,,,,,,,,,,,,,,,,,,,,,,,,,,,,,,,,,,,,,,,,,,,,,,,
102101|1021|Blowering:1|BLOWERNG|Hydro|Dam,1021,Blowering,,Snowy Hydro Ltd,SNOWY,NSW1,80,102101,Blowering:1,Hydro,Dam,,BLOWERNG,Scheduled,1,,80,,80,,In Service,,2070,,46091,46110.53900462963,70,70,70,70,70,70,70,70,70,70,70,70,70,70,70,70,70,70,70,70,70,70,70,70,70,70,70,70,70,70,,,,,,,,,,,,,,,,,,,,,,,,,,,,,,,,,,,,,,,,,,,,,,,,,,,,,,,,,,,,,,,,,,,,,,,,,,,,,,,,,,,,,,,,,,,,,,,,,,,,,,,,,,,,,
309401|3094|BGBS_GU1||Battery Storage|Lithium-ion,3094,Blue Grass BESS,,X-Elio Australia Pty Ltd,x-elio_NR,QLD1,148,309401,BGBS_GU1,Battery Storage,Lithium-ion,,,Scheduled,1,,60,,60,120,Publicly Announced,,,,46091,45897.90849537037,,,,,,,,,,,,,,,,,,,,,,,,,,,,,,,,,,,,,,,,,,,,,,,,,,,,,,,,,,,,,,,,,,,,,,,,,,,,,,,,,,,,,,,,,,,,,,,,,,,,,,,,,,,,,,,,,,,,,,,,,,,,,,,,,,,,,,,,,,,
254201|2542|BMWF_GU1||Wind|Offshore - fixed,2542,Blue Mackerel North Off Shore Wind Farm,V00102,Arup Australia Pty Ltd,,VIC1,1819,254201,BMWF_GU1,Wind,Offshore - fixed,,,Semi-scheduled,1,,1819,,1819,,Publicly Announced,,,,46091,45111.873715277776,,,,,,,,,,,,,,,,,,,,,,,,,,,,,,,,,,,,,,,,,,,,,,,,,,,,,,,,,,,,,,,,,,,,,,,,,,,,,,,,,,,,,,,,,,,,,,,,,,,,,,,,,,,,,,,,,,,,,,,,,,,,,,,,,,,,,,,,,,,
190301|1903|Bluegrass Solar Farm|BLUEGSF1|Solar PV|Single Axis Tracking,1903,Bluegrass Solar Farm,,X-Elio Australia Pty Ltd,x-elio_NR,QLD1,148,190301,Bluegrass Solar Farm,Solar PV,Single Axis Tracking,,BLUEGSF1,Semi-scheduled,1,,148,,148,,In Service,45107,2057,,46091,46043.58231481481,146.32,142.99,142.99,145.78,142.37,142.37,145.22,141.74,141.74,144.67,141.11,141.11,144.1,140.47,140.47,143.54,139.84,139.84,142.98,139.22,139.22,142.48,138.6,138.6,142,137.98,137.98,,,,,,,,,,,,,,,,,,,,,,,,,,,,,,,,,,,,,,,,,,,,,,,,,,,,,,,,,,,,,,,,,,,,,,,,,,,,,,,,,,,,,,,,,,,,,,,,,,,,,,,,,,,,,,,,
318601|3186|BCSF_GU1||Solar PV|Single Axis Tracking,3186,Boags Creek Solar Power Station,N00269,Edify Energy Pty Ltd,edifyenergy_NR,NSW1,300,318601,BCSF_GU1,Solar PV,Single Axis Tracking,,,Semi-scheduled,1,,1,,1,,Publicly Announced,,,,46091,46038.61289351852,,,,,,,,,,,,,,,,,,,,,,,,,,,,,,,,,,,,,,,,,,,,,,,,,,,,,,,,,,,,,,,,,,,,,,,,,,,,,,,,,,,,,,,,,,,,,,,,,,,,,,,,,,,,,,,,,,,,,,,,,,,,,,,,,,,,,,,,,,,
318602|3186|BCSF_GU2||Battery Storage|Lithium-ion,3186,Boags Creek Solar Power Station,N00269,Edify Energy Pty Ltd,edifyenergy_NR,NSW1,300,318602,BCSF_GU2,Battery Storage,Lithium-ion,,,Scheduled,1,,1,,1,,Publicly Announced,,,,46091,46038.61289351852,,,,,,,,,,,,,,,,,,,,,,,,,,,,,,,,,,,,,,,,,,,,,,,,,,,,,,,,,,,,,,,,,,,,,,,,,,,,,,,,,,,,,,,,,,,,,,,,,,,,,,,,,,,,,,,,,,,,,,,,,,,,,,,,,,,,,,,,,,,
102201|1022|Boco Rock Wind Farm:1-58|BOCORWF1|Wind|Onshore,1022,Boco Rock Wind Farm,,Tilt Renewables Australia Pty Ltd,tiltrenewables_NR,NSW1,113,102201,Boco Rock Wind Farm:1-58,Wind,Onshore,,BOCORWF1,Semi-scheduled,58,,1.7,,98.6,,In Service,,2040,,46091,46112.391122685185,98.6,98.6,90.48,98.6,98.6,90.48,98.6,98.6,90.48,98.6,98.6,90.48,98.6,98.6,90.48,98.6,98.6,90.48,98.6,98.6,90.48,98.6,98.6,90.48,98.6,98.6,90.48,98.6,98.6,90.48,,,,,,,,,,,,,,,,,,,,,,,,,,,,,,,,,,,,,,,,,,,,,,,,,,,,,,,,,,,,,,,,,,,,,,,,,,,,,,,,,,,,,,,,,,,,,,,,,,,,,,,,,,,,,
102202|1022|Boco Rock Wind Farm:59-67|BOCORWF1|Wind|Onshore,1022,Boco Rock Wind Farm,,Tilt Renewables Australia Pty Ltd,tiltrenewables_NR,NSW1,113,102202,Boco Rock Wind Farm:59-67,Wind,Onshore,,BOCORWF1,Semi-scheduled,9,,1.6,,14.4,,In Service,,2040,,46091,46112.391122685185,14.58,14.58,13.608,14.58,14.58,13.608,14.58,14.58,13.608,14.58,14.58,13.608,14.58,14.58,13.608,14.58,14.58,13.608,14.58,14.58,13.608,14.58,14.58,13.608,14.58,14.58,13.608,14.58,14.58,13.608,,,,,,,,,,,,,,,,,,,,,,,,,,,,,,,,,,,,,,,,,,,,,,,,,,,,,,,,,,,,,,,,,,,,,,,,,,,,,,,,,,,,,,,,,,,,,,,,,,,,,,,,,,,,,
102204|1022|BRWF St2||Wind|Onshore,1022,Boco Rock Wind Farm,,Tilt Renewables Australia Pty Ltd,tiltrenewables_NR,NSW1,113,102204,BRWF St2,Wind,Onshore,,,Semi-scheduled,15,,5.3,,79.5,,Publicly Announced,,2046,,46091,46112.391122685185,,,,,,,,,,,,,,,,,,,,,,,,,,,,,,,,,,,,,,,,,,,,,,,,,,,,,,,,,,,,,,,,,,,,,,,,,,,,,,,,,,,,,,,,,,,,,,,,,,,,,,,,,,,,,,,,,,,,,,,,,,,,,,,,,,,,,,,,,,,
125901|1259|Bodangora Wind Farm:Units 1-33|BODWF1|Wind|Onshore,1259,Bodangora Wind Farm,,Bodangora Wind Farm Pty Ltd,BODWF1,NSW1,111.3,125901,Bodangora Wind Farm:Units 1-33,Wind,Onshore,,BODWF1,Semi-scheduled,33,3.43,3.43,113.19,113.19,,In Service,,2049,,46091,46190.6531712963,111.309,111.309,111.309,111.309,111.309,111.309,111.309,111.309,111.309,111.309,111.309,111.309,111.309,111.309,111.309,111.309,111.309,111.309,111.309,111.309,111.309,111.309,111.309,111.309,111.309,111.309,111.309,111.309,111.309,111.309,,,,,,,,,,,,,,,,,,,,,,,,,,,,,,,,,,,,,,,,,,,,,,,,,,,,,,,,,,,,,,,,,,,,,,,,,,,,,,,,,,,,,,,,,,,,,,,,,,,,,,,,,,,,,
300701|3007|BVWFGU1||Wind|Onshore,3007,Bogandilla Wind Farm,Q00100,RES Australia Pty Ltd,res-group_NR,QLD1,659,300701,BVWFGU1,Wind,Onshore,,,Semi-scheduled,85,7.8,7.8,663,663,,Publicly Announced,,2060,,46091,46167.76552083333,,,,,,,,,,,,,,,,,,,,,,,,,,,,,,,,,,,,,,,,,,,,,,,,,,,,,,,,,,,,,,,,,,,,,,,,,,,,,,,,,,,,,,,,,,,,,,,,,,,,,,,,,,,,,,,,,,,,,,,,,,,,,,,,,,,,,,,,,,,
102303|1023|Bogong1|MCKAY1|Hydro|Dam,1023,Bogong / Mackay,,AGL Hydro Partnership,SOUTHHYD,VIC1,300,102303,Bogong1,Hydro,Dam,,MCKAY1,Scheduled,1,,70,,70,,In Service,,2057,,46091,46107.42453703703,70,70,70,70,70,70,70,70,70,70,70,70,70,70,70,70,70,70,70,70,70,70,70,70,70,70,70,70,70,70,,,,,,,,,,,,,,,,,,,,,,,,,,,,,,,,,,,,,,,,,,,,,,,,,,,,,,,,,,,,,,,,,,,,,,,,,,,,,,,,,,,,,,,,,,,,,,,,,,,,,,,,,,,,,
102304|1023|Bogong2|MCKAY1|Hydro|Dam,1023,Bogong / Mackay,,AGL Hydro Partnership,SOUTHHYD,VIC1,300,102304,Bogong2,Hydro,Dam,,MCKAY1,Scheduled,1,,70,,70,,In Service,,2057,,46091,46107.42453703703,70,70,70,70,70,70,70,70,70,70,70,70,70,70,70,70,70,70,70,70,70,70,70,70,70,70,70,70,70,70,,,,,,,,,,,,,,,,,,,,,,,,,,,,,,,,,,,,,,,,,,,,,,,,,,,,,,,,,,,,,,,,,,,,,,,,,,,,,,,,,,,,,,,,,,,,,,,,,,,,,,,,,,,,,
102305|1023|McKay 1|MCKAY1|Hydro|Dam,1023,Bogong / Mackay,,AGL Hydro Partnership,SOUTHHYD,VIC1,300,102305,McKay 1,Hydro,Dam,,MCKAY1,Scheduled,1,,26.67,,26.67,,In Service,,2057,,46091,46107.42453703703,26.67,26.67,26.67,26.67,26.67,26.67,26.67,26.67,26.67,26.67,26.67,26.67,26.67,26.67,26.67,26.67,26.67,26.67,26.67,26.67,26.67,26.67,26.67,26.67,26.67,26.67,26.67,26.67,26.67,26.67,,,,,,,,,,,,,,,,,,,,,,,,,,,,,,,,,,,,,,,,,,,,,,,,,,,,,,,,,,,,,,,,,,,,,,,,,,,,,,,,,,,,,,,,,,,,,,,,,,,,,,,,,,,,,
102306|1023|McKay 2|MCKAY1|Hydro|Dam,1023,Bogong / Mackay,,AGL Hydro Partnership,SOUTHHYD,VIC1,300,102306,McKay 2,Hydro,Dam,,MCKAY1,Scheduled,1,,26.67,,26.67,,In Service,,2057,,46091,46107.42453703703,26.67,26.67,26.67,26.67,26.67,26.67,26.67,26.67,26.67,26.67,26.67,26.67,26.67,26.67,26.67,26.67,26.67,26.67,26.67,26.67,26.67,26.67,26.67,26.67,26.67,26.67,26.67,26.67,26.67,26.67,,,,,,,,,,,,,,,,,,,,,,,,,,,,,,,,,,,,,,,,,,,,,,,,,,,,,,,,,,,,,,,,,,,,,,,,,,,,,,,,,,,,,,,,,,,,,,,,,,,,,,,,,,,,,
102307|1023|McKay 3|MCKAY1|Hydro|Dam,1023,Bogong / Mackay,,AGL Hydro Partnership,SOUTHHYD,VIC1,300,102307,McKay 3,Hydro,Dam,,MCKAY1,Scheduled,1,,26.67,,26.67,,In Service,,2057,,46091,46107.42453703703,26.67,26.67,26.67,26.67,26.67,26.67,26.67,26.67,26.67,26.67,26.67,26.67,26.67,26.67,26.67,26.67,26.67,26.67,26.67,26.67,26.67,26.67,26.67,26.67,26.67,26.67,26.67,26.67,26.67,26.67,,,,,,,,,,,,,,,,,,,,,,,,,,,,,,,,,,,,,,,,,,,,,,,,,,,,,,,,,,,,,,,,,,,,,,,,,,,,,,,,,,,,,,,,,,,,,,,,,,,,,,,,,,,,,
102308|1023|McKay 4|MCKAY1|Hydro|Dam,1023,Bogong / Mackay,,AGL Hydro Partnership,SOUTHHYD,VIC1,300,102308,McKay 4,Hydro,Dam,,MCKAY1,Scheduled,1,,26.67,,26.67,,In Service,,2057,,46091,46107.42453703703,26.67,26.67,26.67,26.67,26.67,26.67,26.67,26.67,26.67,26.67,26.67,26.67,26.67,26.67,26.67,26.67,26.67,26.67,26.67,26.67,26.67,26.67,26.67,26.67,26.67,26.67,26.67,26.67,26.67,26.67,,,,,,,,,,,,,,,,,,,,,,,,,,,,,,,,,,,,,,,,,,,,,,,,,,,,,,,,,,,,,,,,,,,,,,,,,,,,,,,,,,,,,,,,,,,,,,,,,,,,,,,,,,,,,
102309|1023|McKay 5|MCKAY1|Hydro|Dam,1023,Bogong / Mackay,,AGL Hydro Partnership,SOUTHHYD,VIC1,300,102309,McKay 5,Hydro,Dam,,MCKAY1,Scheduled,1,,26.67,,26.67,,In Service,,2057,,46091,46107.42453703703,26.67,26.67,26.67,26.67,26.67,26.67,26.67,26.67,26.67,26.67,26.67,26.67,26.67,26.67,26.67,26.67,26.67,26.67,26.67,26.67,26.67,26.67,26.67,26.67,26.67,26.67,26.67,26.67,26.67,26.67,,,,,,,,,,,,,,,,,,,,,,,,,,,,,,,,,,,,,,,,,,,,,,,,,,,,,,,,,,,,,,,,,,,,,,,,,,,,,,,,,,,,,,,,,,,,,,,,,,,,,,,,,,,,,
102310|1023|McKay 6|MCKAY1|Hydro|Dam,1023,Bogong / Mackay,,AGL Hydro Partnership,SOUTHHYD,VIC1,300,102310,McKay 6,Hydro,Dam,,MCKAY1,Scheduled,1,,26.67,,26.67,,In Service,,2057,,46091,46107.42453703703,26.67,26.67,26.67,26.67,26.67,26.67,26.67,26.67,26.67,26.67,26.67,26.67,26.67,26.67,26.67,26.67,26.67,26.67,26.67,26.67,26.67,26.67,26.67,26.67,26.67,26.67,26.67,26.67,26.67,26.67,,,,,,,,,,,,,,,,,,,,,,,,,,,,,,,,,,,,,,,,,,,,,,,,,,,,,,,,,,,,,,,,,,,,,,,,,,,,,,,,,,,,,,,,,,,,,,,,,,,,,,,,,,,,,
247601|2476|BDBS_GU1||Battery Storage|Lithium-ion,2476,Boiling Down BESS,N00111,Hanwha Energy Australia Pty Ltd,,NSW1,200,247601,BDBS_GU1,Battery Storage,Lithium-ion,,,Scheduled,65,,4,,260,,Publicly Announced,,,,46091,45035.96965277778,,,,,,,,,,,,,,,,,,,,,,,,,,,,,,,,,,,,,,,,,,,,,,,,,,,,,,,,,,,,,,,,,,,,,,,,,,,,,,,,,,,,,,,,,,,,,,,,,,,,,,,,,,,,,,,,,,,,,,,,,,,,,,,,,,,,,,,,,,,
155401|1554|Bomen Solar Farm: Units 1-44|BOMENSF1|Solar PV|Single Axis Tracking,1554,Bomen Solar Farm,,Spark Infrastructure Holdings No. 6 Pty Limited,BOMENSF,NSW1,100,155401,Bomen Solar Farm: Units 1-44,Solar PV,Single Axis Tracking,,BOMENSF1,Semi-scheduled,44,2.75,2.75,121,121,,In Service,,2050,,46091,46164.428715277776,99.88,99,97.68,99.88,99,97.68,99.88,99,97.68,99.88,99,97.68,99.88,99,97.68,99.88,99,97.68,99.88,99,97.68,99.88,99,97.68,99.88,99,97.68,99.88,99,97.68,,,,,,,,,,,,,,,,,,,,,,,,,,,,,,,,,,,,,,,,,,,,,,,,,,,,,,,,,,,,,,,,,,,,,,,,,,,,,,,,,,,,,,,,,,,,,,,,,,,,,,,,,,,,,
288801|2888|BBHBESS||Battery Storage|Lithium-ion,2888,Bonnie Brae Hybrid Plant,N00205,Barathrum Energy Pty Ltd,baraenergy_nr,NSW1,70,288801,BBHBESS,Battery Storage,Lithium-ion,,,Scheduled,1,,70,,70,260,Publicly Announced,,,,46091,45731.04126157407,,,,,,,,,,,,,,,,,,,,,,,,,,,,,,,,,,,,,,,,,,,,,,,,,,,,,,,,,,,,,,,,,,,,,,,,,,,,,,,,,,,,,,,,,,,,,,,,,,,,,,,,,,,,,,,,,,,,,,,,,,,,,,,,,,,,,,,,,,,
190603|1906|BONSHWSF||Solar PV|Single Axis Tracking,1906,Bonshaw Solar Farm,N00008,GAIA Australia Pty Ltd,gaiaau_NR,NSW1,200,190603,BONSHWSF,Solar PV,Single Axis Tracking,,,Semi-scheduled,1,,100,,100,,Publicly Announced,46538,2053,,46361,46170.92086805555,,,,,,,,,,,,,,,,,,,,,,,,,,,,,,,,,,,,,,,,,,,,,,,,,,,,,,,,,,,,,,,,,,,,,,,,,,,,,,,,,,,,,,,,,,,,,,,,,,,,,,,,,,,,,,,,,,,,,,,,,,,,,,,,,,,,,,,,,,,
261401|2614|BKSF_GU1||Solar PV|Fixed,2614,Bookaar Solar Farm,V00118,Bookaar Renewables Pty ltd ,infinergypacific_NR,VIC1,230,261401,BKSF_GU1,Solar PV,Fixed,,,Semi-scheduled,1,,230,,230,,Publicly Announced,,,,46361,45830.26597222222,,,,,,,,,,,,,,,,,,,,,,,,,,,,,,,,,,,,,,,,,,,,,,,,,,,,,,,,,,,,,,,,,,,,,,,,,,,,,,,,,,,,,,,,,,,,,,,,,,,,,,,,,,,,,,,,,,,,,,,,,,,,,,,,,,,,,,,,,,,
301901|3019|BHBS_GU1||Battery Storage|Lithium-ion,3019,Bookham WF and BESS,,Bookham Wind Farm Pty Ltd,squadronenergy_NR,NSW1,1160,301901,BHBS_GU1,Battery Storage,Lithium-ion,,,Scheduled,1,400,400,400,400,400,Publicly Announced,48030,2049,,46091,46119.064733796295,,,,,,,,,,,,,,,,,,,,,,,,,,,,,,,,,,,,,,,,,,,,,,,,,,,,,,,,,,,,,,,,,,,,,,,,,,,,,,,,,,,,,,,,,,,,,,,,,,,,,,,,,,,,,,,,,,,,,,,,,,,,,,,,,,,,,,,,,,,
301902|3019|BHWF_GU1||Wind|Onshore,3019,Bookham WF and BESS,,Bookham Wind Farm Pty Ltd,squadronenergy_NR,NSW1,1160,301902,BHWF_GU1,Wind,Onshore,,,Semi-scheduled,60,8,8,480,480,,Publicly Announced,48214,2060,,46091,46119.064733796295,,,,,,,,,,,,,,,,,,,,,,,,,,,,,,,,,,,,,,,,,,,,,,,,,,,,,,,,,,,,,,,,,,,,,,,,,,,,,,,,,,,,,,,,,,,,,,,,,,,,,,,,,,,,,,,,,,,,,,,,,,,,,,,,,,,,,,,,,,,
251901|2519|BMR||Wind|Onshore,2519,Boomber Green Energy Hub,,Boomer Green Energy Hub Pty Ltd (a subsidiary of the Ark Energy Group),arkenergy_nr,QLD1,1300,251901,BMR,Wind,Onshore,,,Semi-scheduled,152,,7.8,,1185.6,,Publicly Announced,,,,46091,45729.066770833335,,,,,,,,,,,,,,,,,,,,,,,,,,,,,,,,,,,,,,,,,,,,,,,,,,,,,,,,,,,,,,,,,,,,,,,,,,,,,,,,,,,,,,,,,,,,,,,,,,,,,,,,,,,,,,,,,,,,,,,,,,,,,,,,,,,,,,,,,,,
256701|2567|BGEP_GU1||Other|Other,2567,Boomer Green Energy Hub,Q00091,ARK Energy Corporation Pty Ltd,arkenergy_nr,QLD1,500,256701,BGEP_GU1,Other,Other,,,Semi-scheduled,1,,800,,800,,Publicly Announced,,,,46091,45729.072164351855,,,,,,,,,,,,,,,,,,,,,,,,,,,,,,,,,,,,,,,,,,,,,,,,,,,,,,,,,,,,,,,,,,,,,,,,,,,,,,,,,,,,,,,,,,,,,,,,,,,,,,,,,,,,,,,,,,,,,,,,,,,,,,,,,,,,,,,,,,,
303501|3035|BWF_GU1||Wind|Onshore,3035,Boort Wind Farm,,feraaustralia_nr,feraaustralia_nr,VIC1,1000,303501,BWF_GU1,Wind,Onshore,,,Semi-scheduled,125,,8,,1000,,Publicly Announced,48121,2065,,46091,46164.68662037037,,,,,,,,,,,,,,,,,,,,,,,,,,,,,,,,,,,,,,,,,,,,,,,,,,,,,,,,,,,,,,,,,,,,,,,,,,,,,,,,,,,,,,,,,,,,,,,,,,,,,,,,,,,,,,,,,,,,,,,,,,,,,,,,,,,,,,,,,,,
326601|3266|Borambola Hybrid Solar||Solar PV|Single Axis Tracking,3266,Borambola Hybrid - KCI,N00290,British Solar Renewables Pty Ltd,britishsolar_nr,NSW1,90,326601,Borambola Hybrid Solar,Solar PV,Single Axis Tracking,,,Semi-scheduled,20,6.5,5,130,100,,Publicly Announced,48061,2061,,46091,46171.55229166667,,,,,,,,,,,,,,,,,,,,,,,,,,,,,,,,,,,,,,,,,,,,,,,,,,,,,,,,,,,,,,,,,,,,,,,,,,,,,,,,,,,,,,,,,,,,,,,,,,,,,,,,,,,,,,,,,,,,,,,,,,,,,,,,,,,,,,,,,,,
326602|3266|Borambola Hybrid BESS||Battery Storage|Lithium-ion,3266,Borambola Hybrid - KCI,N00290,British Solar Renewables Pty Ltd,britishsolar_nr,NSW1,90,326602,Borambola Hybrid BESS,Battery Storage,Lithium-ion,,,Scheduled,24,6.7,5.15,160.8,123.6,494.4,Publicly Announced,48061,2051,,46091,46171.55229166667,,,,,,,,,,,,,,,,,,,,,,,,,,,,,,,,,,,,,,,,,,,,,,,,,,,,,,,,,,,,,,,,,,,,,,,,,,,,,,,,,,,,,,,,,,,,,,,,,,,,,,,,,,,,,,,,,,,,,,,,,,,,,,,,,,,,,,,,,,,
301601|3016|BSF_GU1||Solar PV|Single Axis Tracking,3016,Boree Solar Project,,Venn Energy Pty Ltd,vennenergy_nr,NSW1,150,301601,BSF_GU1,Solar PV,Single Axis Tracking,,,Semi-scheduled,41,4.5,4.4,184.5,180.4,,Publicly Announced,47477,2059,,46361,46149.41850694444,,,,,,,,,,,,,,,,,,,,,,,,,,,,,,,,,,,,,,,,,,,,,,,,,,,,,,,,,,,,,,,,,,,,,,,,,,,,,,,,,,,,,,,,,,,,,,,,,,,,,,,,,,,,,,,,,,,,,,,,,,,,,,,,,,,,,,,,,,,
327702|3277|Boro Solar Farm||Solar PV|Single Axis Tracking,3277,Boro Hybrid Solar Farm and BESS,,SAMSUNG C&amp;amp;T RENEWABLE ENERGY AUSTRALIA PTY LTD,samsung_NR,NSW1,300,327702,Boro Solar Farm,Solar PV,Single Axis Tracking,,,Semi-scheduled,46,4.2,4.2,193.2,193.2,,Publicly Announced,47422,2059,,,46161.57224537037,,,,,,,,,,,,,,,,,,,,,,,,,,,,,,,,,,,,,,,,,,,,,,,,,,,,,,,,,,,,,,,,,,,,,,,,,,,,,,,,,,,,,,,,,,,,,,,,,,,,,,,,,,,,,,,,,,,,,,,,,,,,,,,,,,,,,,,,,,,
327703|3277|Boro BESS||Battery Storage|Lithium-ion,3277,Boro Hybrid Solar Farm and BESS,,SAMSUNG C&amp;amp;T RENEWABLE ENERGY AUSTRALIA PTY LTD,samsung_NR,NSW1,300,327703,Boro BESS,Battery Storage,Lithium-ion,,,Scheduled,86,4.2,4.2,361.2,361.2,1032,Publicly Announced,47422,2059,,,46161.57224537037,,,,,,,,,,,,,,,,,,,,,,,,,,,,,,,,,,,,,,,,,,,,,,,,,,,,,,,,,,,,,,,,,,,,,,,,,,,,,,,,,,,,,,,,,,,,,,,,,,,,,,,,,,,,,,,,,,,,,,,,,,,,,,,,,,,,,,,,,,,
192102|1921|Borumba||Hydro|Pumped Hydro,1921,Borumba,,Queensland Hydro,qldhydro_NR,QLD1,2000,192102,Borumba,Hydro,Pumped Hydro,,,Scheduled,6,,333,,1998,48000,Anticipated,49521,2134,,46361,46160.386296296296,,,,,,,,,,,,,,,,,,,,,,,,,,,,,,,,,,,,,,,,,,,,,,,,,,,,,,,,,,,,,,,,,,,,,,,,,,,,,,,,,,,,,,,,,,,,,,,,,,,,,,,,,,,,,,,,,,,,,,,,,,,,,,,,,,,,,,,,,,,
200302|2003|BCWF_GU1||Wind|Onshore,2003,Boulder Creek Wind Farm,Q00013,Boulder Creek Wind Farm Pty Ltd as trustee for BCWF Unit Trust and BCWF 2 Pty Limited,CSENERGY,QLD1,228,200302,BCWF_GU1,Wind,Onshore,,,Semi-scheduled,38,,5.82,,221.16,,Committed,46752,2067,,46361,46154.46030092592,0,0,0,0,221.008,106.21,221.008,221.008,106.21,221.008,221.008,106.21,221.008,221.008,106.21,221.008,221.008,106.21,221.008,221.008,106.21,221.008,221.008,106.21,221.008,221.008,106.21,221.008,221.008,106.21,,,,,,,,,,,,,,,,,,,,,,,,,,,,,,,,,,,,,,,,,,,,,,,,,,,,,,,,,,,,,,,,,,,,,,,,,,,,,,,,,,,,,,,,,,,,,,,,,,,,,,,,,,,,,
187301|1873|BLDRCMB1|BBATTERY1|Battery Storage|Lithium-ion,1873,Bouldercombe Battery project,Q00004,Genex Power Limited,genexpower_NR,QLD1,50,187301,BLDRCMB1,Battery Storage,Lithium-ion,,BBATTERY1,Scheduled,40,1.25,1.25,50,50,100,In Service,,2042,,46091,46105.63818287037,50,50,50,50,50,50,50,50,50,50,50,50,50,50,50,46,46,46,46,46,46,46,46,46,46,46,46,46,46,46,100,100,100,100,100,100,100,100,100,100,92,92,92,92,92,92,92,92,92,92,,,,,,,,,,,,,,,,,,,,,,,,,,,,,,,,,,,,,,,,,,,,,,,,,,,,,,,,,,,,,,,,,,,,,,,,,,,,,,,,,,,,,,,,,
271201|2712|Bouldercombe Battery Project Stage 2||Battery Storage|Lithium-ion,2712,Bouldercombe Battery project - Stage 2 - KCI,Q00150,Genex Power Limited,genexpower_NR,QLD1,50,271201,Bouldercombe Battery Project Stage 2,Battery Storage,Lithium-ion,,,Scheduled,1,,50,,50,50,Publicly Announced,47483,,,46091,46128.39564814815,,,,,,,,,,,,,,,,,,,,,,,,,,,,,,,,,,,,,,,,,,,,,,,,,,,,,,,,,,,,,,,,,,,,,,,,,,,,,,,,,,,,,,,,,,,,,,,,,,,,,,,,,,,,,,,,,,,,,,,,,,,,,,,,,,,,,,,,,,,
265301|2653|BPBS_GU1||Battery Storage|Lithium-ion,2653,Boulka Park BESS,V00136,The Trustee for X-ELIO BOULKA PARK TRUST,x-elio_NR,VIC1,250,265301,BPBS_GU1,Battery Storage,Lithium-ion,,,Scheduled,1,,250,,250,500,Publicly Announced,,,,46091,45729.99188657408,,,,,,,,,,,,,,,,,,,,,,,,,,,,,,,,,,,,,,,,,,,,,,,,,,,,,,,,,,,,,,,,,,,,,,,,,,,,,,,,,,,,,,,,,,,,,,,,,,,,,,,,,,,,,,,,,,,,,,,,,,,,,,,,,,,,,,,,,,,
281601|2816|BPSF_GU1||Solar PV|Single Axis Tracking,2816,Boulka Park Solar Farm,V00136,The Trustee for X-ELIO BOULKA PARK TRUST,x-elio_NR,VIC1,100,281601,BPSF_GU1,Solar PV,Single Axis Tracking,,,Semi-scheduled,1,,100,,100,,Publicly Announced,,,,46091,45729.9928125,,,,,,,,,,,,,,,,,,,,,,,,,,,,,,,,,,,,,,,,,,,,,,,,,,,,,,,,,,,,,,,,,,,,,,,,,,,,,,,,,,,,,,,,,,,,,,,,,,,,,,,,,,,,,,,,,,,,,,,,,,,,,,,,,,,,,,,,,,,
286901|2869|BBSF_GU1||Solar PV|Fixed,2869,Bowen Basin Sun Farm - KCI,Q00066,Bowen Basin Sun Farm Pty Ltd,,QLD1,130,286901,BBSF_GU1,Solar PV,Fixed,,,Semi-scheduled,1,,130,,130,,Publicly Announced,,,,46091,45670.769733796296,,,,,,,,,,,,,,,,,,,,,,,,,,,,,,,,,,,,,,,,,,,,,,,,,,,,,,,,,,,,,,,,,,,,,,,,,,,,,,,,,,,,,,,,,,,,,,,,,,,,,,,,,,,,,,,,,,,,,,,,,,,,,,,,,,,,,,,,,,,
315301|3153|BCBS_GU1||Battery Storage|Lithium-ion,3153,Bowmans Creek BESS,,Ark Energy,arkenergy_nr,NSW1,250,315301,BCBS_GU1,Battery Storage,Lithium-ion,,,Scheduled,1,,250,,250,2000,Publicly Announced,,,,46361,46062.56932870371,,,,,,,,,,,,,,,,,,,,,,,,,,,,,,,,,,,,,,,,,,,,,,,,,,,,,,,,,,,,,,,,,,,,,,,,,,,,,,,,,,,,,,,,,,,,,,,,,,,,,,,,,,,,,,,,,,,,,,,,,,,,,,,,,,,,,,,,,,,
200501|2005|BC_GU1||Wind|Onshore,2005,Bowmans Creek Wind Farm,N00061,ARK Energy Corporation Pty Ltd,arkenergy_nr,NSW1,347,200501,BC_GU1,Wind,Onshore,,,Semi-scheduled,56,,6.19,,346.64,,Publicly Announced,,,,46091,45729.055601851855,,,,,,,,,,,,,,,,,,,,,,,,,,,,,,,,,,,,,,,,,,,,,,,,,,,,,,,,,,,,,,,,,,,,,,,,,,,,,,,,,,,,,,,,,,,,,,,,,,,,,,,,,,,,,,,,,,,,,,,,,,,,,,,,,,,,,,,,,,,
318301|3183|BOW_GU1||Solar PV|Fixed,3183,Bowning Hybrid Plant,"N00277, N00278",BSR EPC Pty Ltd,,NSW1,90,318301,BOW_GU1,Solar PV,Fixed,,,Semi-scheduled,1,,90,,90,,Publicly Announced,,,,46091,46044.69059027778,,,,,,,,,,,,,,,,,,,,,,,,,,,,,,,,,,,,,,,,,,,,,,,,,,,,,,,,,,,,,,,,,,,,,,,,,,,,,,,,,,,,,,,,,,,,,,,,,,,,,,,,,,,,,,,,,,,,,,,,,,,,,,,,,,,,,,,,,,,
318302|3183|BOW_GU2||Battery Storage|Lithium-ion,3183,Bowning Hybrid Plant,"N00277, N00278",BSR EPC Pty Ltd,,NSW1,90,318302,BOW_GU2,Battery Storage,Lithium-ion,,,Scheduled,20,,5,,100,,Publicly Announced,,,,46091,46044.69059027778,,,,,,,,,,,,,,,,,,,,,,,,,,,,,,,,,,,,,,,,,,,,,,,,,,,,,,,,,,,,,,,,,,,,,,,,,,,,,,,,,,,,,,,,,,,,,,,,,,,,,,,,,,,,,,,,,,,,,,,,,,,,,,,,,,,,,,,,,,,
102601|1026|Braemar:BRAEMAR1|BRAEMAR1|Gas Turbine|OCGT,1026,Braemar,,Braemar Power Project Pty Ltd,NEWGEN,QLD1,564,102601,Braemar:BRAEMAR1,Gas Turbine,OCGT,Natural Gas,BRAEMAR1,Scheduled,1,,188,,188,,In Service,,2046,,46091,46093.681493055556,181,173,167,181,173,167,181,173,167,181,173,167,181,173,167,181,173,167,181,173,167,181,173,167,181,173,167,181,173,167,,,,,,,,,,,,,,,,,,,,,,,,,,,,,,,,,,,,,,,,,,,,,,,,,,,,,,,,,,,,,,,,,,,,,,,,,,,,,,,,,,,,,,,,,,,,,,,,,,,,,,,,,,,,,
102602|1026|Braemar:BRAEMAR2|BRAEMAR2|Gas Turbine|OCGT,1026,Braemar,,Braemar Power Project Pty Ltd,NEWGEN,QLD1,564,102602,Braemar:BRAEMAR2,Gas Turbine,OCGT,Natural Gas,BRAEMAR2,Scheduled,1,,188,,188,,In Service,,2046,,46091,46093.681493055556,181,173,167,181,173,167,181,173,167,181,173,167,181,173,167,181,173,167,181,173,167,181,173,167,181,173,167,181,173,167,,,,,,,,,,,,,,,,,,,,,,,,,,,,,,,,,,,,,,,,,,,,,,,,,,,,,,,,,,,,,,,,,,,,,,,,,,,,,,,,,,,,,,,,,,,,,,,,,,,,,,,,,,,,,
102603|1026|Braemar:BRAEMAR3|BRAEMAR3|Gas Turbine|OCGT,1026,Braemar,,Braemar Power Project Pty Ltd,NEWGEN,QLD1,564,102603,Braemar:BRAEMAR3,Gas Turbine,OCGT,Natural Gas,BRAEMAR3,Scheduled,1,,188,,188,,In Service,,2046,,46091,46093.681493055556,181,173,167,181,173,167,181,173,167,181,173,167,181,173,167,181,173,167,181,173,167,181,173,167,181,173,167,181,173,167,,,,,,,,,,,,,,,,,,,,,,,,,,,,,,,,,,,,,,,,,,,,,,,,,,,,,,,,,,,,,,,,,,,,,,,,,,,,,,,,,,,,,,,,,,,,,,,,,,,,,,,,,,,,,
102701|1027|Braemar 2 Power Station:Braemar5|BRAEMAR5|Gas Turbine|OCGT,1027,Braemar 2 Power Station,,Arrow Braemar 2 Pty Ltd and Arrow Southern Generation Pty Ltd T/A NewGen Braemar 2 Partnership,B2PS,QLD1,519,102701,Braemar 2 Power Station:Braemar5,Gas Turbine,OCGT,Natural Gas,BRAEMAR5,Scheduled,1,,165,,165,,In Service,,2049,,46091,46097.44403935185,173,155,155,173,155,155,173,155,155,173,155,155,173,165,165,173,165,165,173,165,165,173,165,165,173,165,165,173,165,165,,,,,,,,,,,,,,,,,,,,,,,,,,,,,,,,,,,,,,,,,,,,,,,,,,,,,,,,,,,,,,,,,,,,,,,,,,,,,,,,,,,,,,,,,,,,,,,,,,,,,,,,,,,,,
102702|1027|Braemar 2 Power Station:Braemar6|BRAEMAR6|Gas Turbine|OCGT,1027,Braemar 2 Power Station,,Arrow Braemar 2 Pty Ltd and Arrow Southern Generation Pty Ltd T/A NewGen Braemar 2 Partnership,B2PS,QLD1,519,102702,Braemar 2 Power Station:Braemar6,Gas Turbine,OCGT,Natural Gas,BRAEMAR6,Scheduled,1,,165,,165,,In Service,,2049,,46091,46097.44403935185,173,155,155,173,155,155,173,155,155,173,155,155,173,165,165,173,165,165,173,165,165,173,165,165,173,165,165,173,165,165,,,,,,,,,,,,,,,,,,,,,,,,,,,,,,,,,,,,,,,,,,,,,,,,,,,,,,,,,,,,,,,,,,,,,,,,,,,,,,,,,,,,,,,,,,,,,,,,,,,,,,,,,,,,,
102703|1027|Braemar 2 Power Station:Braemar7|BRAEMAR7|Gas Turbine|OCGT,1027,Braemar 2 Power Station,,Arrow Braemar 2 Pty Ltd and Arrow Southern Generation Pty Ltd T/A NewGen Braemar 2 Partnership,B2PS,QLD1,519,102703,Braemar 2 Power Station:Braemar7,Gas Turbine,OCGT,Natural Gas,BRAEMAR7,Scheduled,1,,165,,165,,In Service,,2049,,46091,46097.44403935185,173,155,155,173,155,155,173,155,155,173,155,155,173,165,165,173,165,165,173,165,165,173,165,165,173,165,165,173,165,165,,,,,,,,,,,,,,,,,,,,,,,,,,,,,,,,,,,,,,,,,,,,,,,,,,,,,,,,,,,,,,,,,,,,,,,,,,,,,,,,,,,,,,,,,,,,,,,,,,,,,,,,,,,,,
307701|3077|BMBS_GU1||Battery Storage|Lithium-ion,3077,Braemar BESS,Q00210,Braemar Power Project Pty Ltd,alinta_nr,QLD1,500,307701,BMBS_GU1,Battery Storage,Lithium-ion,,,Scheduled,1,,500,,500,2000,Publicly Announced,47664,2050,,46091,46104.45622685185,,,,,,,,,,,,,,,,,,,,,,,,,,,,,,,,,,,,,,,,,,,,,,,,,,,,,,,,,,,,,,,,,,,,,,,,,,,,,,,,,,,,,,,,,,,,,,,,,,,,,,,,,,,,,,,,,,,,,,,,,,,,,,,,,,,,,,,,,,,
297801|2978|BMBS_GU1||Battery Storage|Lithium-ion,2978,Bremer Battery 1,Q00211,Libra Energy Pty Ltd,libraenergy_nr,QLD1,212,297801,BMBS_GU1,Battery Storage,Lithium-ion,,,Scheduled,1,,212,,212,,Publicly Announced,,,,45901,45749.70346064815,,,,,,,,,,,,,,,,,,,,,,,,,,,,,,,,,,,,,,,,,,,,,,,,,,,,,,,,,,,,,,,,,,,,,,,,,,,,,,,,,,,,,,,,,,,,,,,,,,,,,,,,,,,,,,,,,,,,,,,,,,,,,,,,,,,,,,,,,,,
297901|2979|BMBS_GU2||Battery Storage|Lithium-ion,2979,Bremer Battery 2,Q00212,Libra Energy Pty Ltd,libraenergy_nr,QLD1,212,297901,BMBS_GU2,Battery Storage,Lithium-ion,,,Scheduled,1,,212,,212,,Publicly Announced,,,,45901,45749.706828703704,,,,,,,,,,,,,,,,,,,,,,,,,,,,,,,,,,,,,,,,,,,,,,,,,,,,,,,,,,,,,,,,,,,,,,,,,,,,,,,,,,,,,,,,,,,,,,,,,,,,,,,,,,,,,,,,,,,,,,,,,,,,,,,,,,,,,,,,,,,
298001|2980|BMBS_GU3||Battery Storage|Lithium-ion,2980,Bremer Battery 3,Q00213,Libra Energy Pty Ltd,libraenergy_nr,QLD1,212,298001,BMBS_GU3,Battery Storage,Lithium-ion,,,Scheduled,1,,212,,212,,Publicly Announced,,,,45901,45749.718993055554,,,,,,,,,,,,,,,,,,,,,,,,,,,,,,,,,,,,,,,,,,,,,,,,,,,,,,,,,,,,,,,,,,,,,,,,,,,,,,,,,,,,,,,,,,,,,,,,,,,,,,,,,,,,,,,,,,,,,,,,,,,,,,,,,,,,,,,,,,,
298101|2981|BMBS_GU4||Battery Storage|Lithium-ion,2981,Bremer Battery 4,Q00214,Libra Energy Pty Ltd,libraenergy_nr,QLD1,212,298101,BMBS_GU4,Battery Storage,Lithium-ion,,,Scheduled,1,,212,,212,,Publicly Announced,,,,45901,45749.71658564815,,,,,,,,,,,,,,,,,,,,,,,,,,,,,,,,,,,,,,,,,,,,,,,,,,,,,,,,,,,,,,,,,,,,,,,,,,,,,,,,,,,,,,,,,,,,,,,,,,,,,,,,,,,,,,,,,,,,,,,,,,,,,,,,,,,,,,,,,,,
252601|2526|BDBS_GU1|BRNDBES1|Battery Storage|Lithium-ion,2526,Brendale BESS,Q00037,Brendale Battery ProjectCo Pty Lt,akayshaenergy_NR,QLD1,205,252601,BDBS_GU1,Battery Storage,Lithium-ion,,BRNDBES1,Scheduled,112,1.83,1.83,204.96,204.96,409.92,In Service,46037,2066,,46091,46167.40221064815,204.96,184.464,184.464,204.96,184.464,184.464,204.96,184.464,184.464,204.96,184.464,184.464,204.96,184.464,184.464,204.96,184.464,184.464,204.96,184.464,184.464,204.96,184.464,184.464,204.96,184.464,184.464,204.96,184.464,184.464,409.92,367.36,409.92,367.36,409.92,367.36,409.92,367.36,409.92,367.36,409.92,367.36,409.92,367.36,409.92,367.36,409.92,367.36,409.92,367.36,,,,,,,,,,,,,,,,,,,,,,,,,,,,,,,,,,,,,,,,,,,,,,,,,,,,,,,,,,,,,,,,,,,,,,,,,,,,,,,,,,,,,,,,,
159201|1592|BWSF_GU1||Solar PV|Other,1592,Brewongle Solar Farm,N00221,Edify Energy Pty Ltd,edifyenergy_NR,NSW1,100,159201,BWSF_GU1,Solar PV,Other,,,Semi-scheduled,1,,100,,100,,Publicly Announced,,,,46091,46007.734560185185,,,,,,,,,,,,,,,,,,,,,,,,,,,,,,,,,,,,,,,,,,,,,,,,,,,,,,,,,,,,,,,,,,,,,,,,,,,,,,,,,,,,,,,,,,,,,,,,,,,,,,,,,,,,,,,,,,,,,,,,,,,,,,,,,,,,,,,,,,,
256801|2568|KCGT_GU1||Gas Turbine|OCGT,2568,Brigalow GT (Kogan Creek GT),Q00083,CSE H2 Pty Ltd,CSENERGY,QLD1,400,256801,KCGT_GU1,Gas Turbine,OCGT,Natural Gas,,Scheduled,12,,33.3,,399.6,,Anticipated,47118,2059,,46361,46154.461388888885,0,0,0,0,0,0,0,400,400,400,400,400,400,400,400,400,400,400,400,400,400,400,400,400,400,400,400,400,400,400,,,,,,,,,,,,,,,,,,,,,,,,,,,,,,,,,,,,,,,,,,,,,,,,,,,,,,,,,,,,,,,,,,,,,,,,,,,,,,,,,,,,,,,,,,,,,,,,,,,,,,,,,,,,,
171801|1718|Broad SF|BRDDSF01|Solar PV|Single Axis Tracking,1718,Broadsound Solar Farm,Q00021,Broadsound Solar Farm Pty Ltd,iberdrola_NR,QLD1,296,171801,Broad SF,Solar PV,Single Axis Tracking,,BRDDSF01,Semi-scheduled,92,4,4,368,368,,In Commissioning,46265,2056,,46361,46161.41238425926,295.964,295.964,295.964,295.964,295.964,295.964,295.964,295.964,295.964,295.964,295.964,295.964,295.964,295.964,295.964,295.964,295.964,295.964,295.964,295.964,295.964,295.964,295.964,295.964,295.964,295.964,295.964,295.964,295.964,295.964,,,,,,,,,,,,,,,,,,,,,,,,,,,,,,,,,,,,,,,,,,,,,,,,,,,,,,,,,,,,,,,,,,,,,,,,,,,,,,,,,,,,,,,,,,,,,,,,,,,,,,,,,,,,,
289101|2891|BROADSOUND BESS|BRDDBES1|Battery Storage|Lithium-ion,2891,Broadsound_BESS,,Broadsound Solar Farm Pty Ltd,iberdrola_NR,QLD1,180,289101,BROADSOUND BESS,Battery Storage,Lithium-ion,,BRDDBES1,Scheduled,100,2.4,2.4,240,240,360,Committed,46223,2056,,46361,46161.40414351852,180,180,180,180,180,180,180,180,180,180,180,180,180,180,180,180,180,180,180,180,180,180,180,180,180,180,180,180,180,180,360,360,360,360,360,360,360,360,360,360,360,360,360,360,360,360,360,360,360,360,,,,,,,,,,,,,,,,,,,,,,,,,,,,,,,,,,,,,,,,,,,,,,,,,,,,,,,,,,,,,,,,,,,,,,,,,,,,,,,,,,,,,,,,,
143903|1439|BWR|BWTR1|Gas Turbine|Steam Turbine,1439,Broadwater,,Cape Byron Management PTY LTD,cbpower_NR,NSW1,38,143903,BWR,Gas Turbine,Steam Turbine,Biofuel/Biomass,BWTR1,Non-scheduled,1,,38,,38,,In Service,,2038,,46091,46108.5346412037,,,,,,,,,,,,,,,,,,,,,,,,,,,,,,,,,,,,,,,,,,,,,,,,,,,,,,,,,,,,,,,,,,,,,,,,,,,,,,,,,,,,,,,,,,,,,,,,,,,,,,,,,,,,,,,,,,,,,,,,,,,,,,,,,,,,,,,,,,,
217201|2172|BKBESS1|BHB1|Battery Storage|Lithium-ion,2172,Broken Hill BESS,N00067,MACQGEN,MACQGEN,NSW1,50,217201,BKBESS1,Battery Storage,Lithium-ion,,BHB1,Scheduled,44,1.37,1.37,60.28,60.28,60.28,In Service,,2043,,46091,46105.39771990741,50,50,50,50,50,50,50,50,50,50,50,50,50,50,50,50,50,50,50,50,50,50,50,50,50,50,50,50,50,50,50,50,50,50,50,50,50,50,50,50,50,50,50,50,50,50,50,50,50,50,,,,,,,,,,,,,,,,,,,,,,,,,,,,,,,,,,,,,,,,,,,,,,,,,,,,,,,,,,,,,,,,,,,,,,,,,,,,,,,,,,,,,,,,,
103001|1030|Broken Hill GT:1-2|GB01|Gas Turbine|OCGT,1030,Broken Hill GT,,Transgrid,TRANSGP,NSW1,50,103001,Broken Hill GT:1-2,Gas Turbine,OCGT,Diesel/ Fuel Oil,GB01,Non-scheduled,1,,50,,50,,In Service,,2027,,45992,46000.89592592593,,,,,,,,,,,,,,,,,,,,,,,,,,,,,,,,,,,,,,,,,,,,,,,,,,,,,,,,,,,,,,,,,,,,,,,,,,,,,,,,,,,,,,,,,,,,,,,,,,,,,,,,,,,,,,,,,,,,,,,,,,,,,,,,,,,,,,,,,,,
126601|1266|Broken Hill Solar Plant:Units 1-40|BROKENH1|Solar PV|Fixed,1266,Broken Hill Solar Plant,,PARF Company 6 Pty Limited,SNOWTOWN,NSW1,53,126601,Broken Hill Solar Plant:Units 1-40,Solar PV,Fixed,,BROKENH1,Semi-scheduled,40,,1.33,,53.2,,In Service,,2043,,46091,45736.97440972222,53,53,53,53,53,53,53,53,53,53,53,53,53,53,53,53,53,53,53,53,53,53,53,53,53,53,53,,,,,,,,,,,,,,,,,,,,,,,,,,,,,,,,,,,,,,,,,,,,,,,,,,,,,,,,,,,,,,,,,,,,,,,,,,,,,,,,,,,,,,,,,,,,,,,,,,,,,,,,,,,,,,,,
286001|2860|BLPS_GU1|BROOKLYN|Other|Other,2860,Brooklyn LFG U1-3,,EDL LFG Vic Pty Ltd,,VIC1,2.83,286001,BLPS_GU1,Other,Other,,BROOKLYN,Non-scheduled,1,,2.83,,2.83,,Withdrawn,,2050,46178,46091,45575.98994212963,,,,,,,,,,,,,,,,,,,,,,,,,,,,,,,,,,,,,,,,,,,,,,,,,,,,,,,,,,,,,,,,,,,,,,,,,,,,,,,,,,,,,,,,,,,,,,,,,,,,,,,,,,,,,,,,,,,,,,,,,,,,,,,,,,,,,,,,,,,
207601|2076|Brown Mo|BROWNMT|Hydro|Dam,2076,Brown Mountain Hydro Power Station,,Cochrane Dam Pty Ltd,,NSW1,5,207601,Brown Mo,Hydro,Dam,,BROWNMT,Non-scheduled,1,,5,,5,,In Service,,,,46091,44830.89371527778,,,,,,,,,,,,,,,,,,,,,,,,,,,,,,,,,,,,,,,,,,,,,,,,,,,,,,,,,,,,,,,,,,,,,,,,,,,,,,,,,,,,,,,,,,,,,,,,,,,,,,,,,,,,,,,,,,,,,,,,,,,,,,,,,,,,,,,,,,,
103101|1031|Browns Plains:1|BPLANDF1|Other|Other,1031,Browns Plains,,EDL LFG (Qld) Pty Ltd,EDLLFGQ,QLD1,2,103101,Browns Plains:1,Other,Other,,BPLANDF1,Non-scheduled,1,,1.03,,1.03,,In Service,,2040,,46091,46108.674108796295,,,,,,,,,,,,,,,,,,,,,,,,,,,,,,,,,,,,,,,,,,,,,,,,,,,,,,,,,,,,,,,,,,,,,,,,,,,,,,,,,,,,,,,,,,,,,,,,,,,,,,,,,,,,,,,,,,,,,,,,,,,,,,,,,,,,,,,,,,,
103102|1031|Browns Plains:2|BPLANDF1|Other|Other,1031,Browns Plains,,EDL LFG (Qld) Pty Ltd,EDLLFGQ,QLD1,2,103102,Browns Plains:2,Other,Other,,BPLANDF1,Non-scheduled,1,,1.15,,1.15,,In Service,,2050,,46091,46108.674108796295,,,,,,,,,,,,,,,,,,,,,,,,,,,,,,,,,,,,,,,,,,,,,,,,,,,,,,,,,,,,,,,,,,,,,,,,,,,,,,,,,,,,,,,,,,,,,,,,,,,,,,,,,,,,,,,,,,,,,,,,,,,,,,,,,,,,,,,,,,,
330001|3300|Brushy Creek - Solar||Solar PV|Fixed,3300,Brushy Creek Solar Farm and BESS - KCI,N00307,British Solar Renewables Pty Ltd,britishsolar_nr,NSW1,700,330001,Brushy Creek - Solar,Solar PV,Fixed,,,Semi-scheduled,1,,300,,300,,Publicly Announced,,,,,46203.47604166667,,,,,,,,,,,,,,,,,,,,,,,,,,,,,,,,,,,,,,,,,,,,,,,,,,,,,,,,,,,,,,,,,,,,,,,,,,,,,,,,,,,,,,,,,,,,,,,,,,,,,,,,,,,,,,,,,,,,,,,,,,,,,,,,,,,,,,,,,,,
330002|3300|Brushy Creek - BESS||Battery Storage|Lithium-ion,3300,Brushy Creek Solar Farm and BESS - KCI,N00307,British Solar Renewables Pty Ltd,britishsolar_nr,NSW1,700,330002,Brushy Creek - BESS,Battery Storage,Lithium-ion,,,Scheduled,1,,400,,400,,Publicly Announced,,,,,46203.47604166667,,,,,,,,,,,,,,,,,,,,,,,,,,,,,,,,,,,,,,,,,,,,,,,,,,,,,,,,,,,,,,,,,,,,,,,,,,,,,,,,,,,,,,,,,,,,,,,,,,,,,,,,,,,,,,,,,,,,,,,,,,,,,,,,,,,,,,,,,,,
302501|3025|BULABUL1||Battery Storage|Lithium-ion,3025,Bulabul BESS 1,N00055,WEBESS01 ProjectCo Pty Ltd as trustee for WEBESS01 Project Trust,ampyrenergy_nr,NSW1,300,302501,BULABUL1,Battery Storage,Lithium-ion,,,Scheduled,1,300,300,300,300,600,Committed,46489,2065,,46361,46170.42130787037,0,0,0,300,300,300,300,300,300,300,300,300,300,300,300,300,300,300,300,300,300,300,300,300,300,300,300,300,300,300,0,0,600,600,567,567,549.6,549.6,534.6,534.6,520.8,520.8,508.2,508.2,496.2,496.2,484.8,484.8,472,472,,,,,,,,,,,,,,,,,,,,,,,,,,,,,,,,,,,,,,,,,,,,,,,,,,,,,,,,,,,,,,,,,,,,,,,,,,,,,,,,,,,,,,,,,
269901|2699|BULABUL2||Battery Storage|Lithium-ion,2699,Bulabul BESS 2,N00166,WEBESS02 ProjectCo Pty Ltd as trustee for the WEBESS02 Project Trust,ampyrenergy_nr,NSW1,100,269901,BULABUL2,Battery Storage,Lithium-ion,,,Scheduled,1,100,100,100,100,400,Publicly Announced,46846,2065,,46361,46167.70837962963,,,,,,,,,,,,,,,,,,,,,,,,,,,,,,,,,,,,,,,,,,,,,,,,,,,,,,,,,,,,,,,,,,,,,,,,,,,,,,,,,,,,,,,,,,,,,,,,,,,,,,,,,,,,,,,,,,,,,,,,,,,,,,,,,,,,,,,,,,,
159001|1590|Bulgana Green Power Hub - BESS:1|BULBES1|Battery Storage|Lithium-ion,1590,Bulgana Green Power Hub - BESS,,Bulgana Wind Farm Pty Ltd,storenergy_nr,VIC1,20,159001,Bulgana Green Power Hub - BESS:1,Battery Storage,Lithium-ion,,BULBES1,Scheduled,40,0.5,0.5,20,20,34,In Service,,2049,,46091,46112.625185185185,20,20,20,20,20,20,20,20,20,20,20,20,20,20,20,20,20,20,20,20,20,20,20,20,20,20,20,20,20,20,34,34,34,34,34,34,34,34,34,34,34,34,34,34,34,34,34,34,34,34,,,,,,,,,,,,,,,,,,,,,,,,,,,,,,,,,,,,,,,,,,,,,,,,,,,,,,,,,,,,,,,,,,,,,,,,,,,,,,,,,,,,,,,,,
128901|1289|BULGANA1|BULGANA1|Wind|Onshore,1289,Bulgana Green Power Hub - Wind Farm,,Storenergy,storenergy_nr,VIC1,204.4,128901,BULGANA1,Wind,Onshore,,BULGANA1,Semi-scheduled,55,3.65,3.65,200.75,200.75,,In Service,,2049,,46091,46112.62704861111,204.4,204.4,204.4,204.4,204.4,204.4,204.4,204.4,204.4,204.4,204.4,204.4,204.4,204.4,204.4,204.4,204.4,204.4,204.4,204.4,204.4,204.4,204.4,204.4,204.4,204.4,204.4,204.4,204.4,204.4,,,,,,,,,,,,,,,,,,,,,,,,,,,,,,,,,,,,,,,,,,,,,,,,,,,,,,,,,,,,,,,,,,,,,,,,,,,,,,,,,,,,,,,,,,,,,,,,,,,,,,,,,,,,,
253201|2532|BWF_GU1||Wind|Onshore,2532,Bullawah Wind Farm – Stage 1,N00122,Bullawah Wind Farm Pty Ltd,baywa-re_NR,NSW1,312,253201,BWF_GU1,Wind,Onshore,,,Semi-scheduled,52,,6,,312,,Publicly Announced,47461,2057,,46361,46148.46244212963,,,,,,,,,,,,,,,,,,,,,,,,,,,,,,,,,,,,,,,,,,,,,,,,,,,,,,,,,,,,,,,,,,,,,,,,,,,,,,,,,,,,,,,,,,,,,,,,,,,,,,,,,,,,,,,,,,,,,,,,,,,,,,,,,,,,,,,,,,,
305301|3053|Bullawah Wind Farm Stage 2||Wind|Onshore,3053,Bullawah Wind Farm Stage 2,N00240,Bullawah Wind Farm Stage 2 Pty Ltd,baywa-re_NR,NSW1,262.3,305301,Bullawah Wind Farm Stage 2,Wind,Onshore,,,Semi-scheduled,46,,6,,276,,Publicly Announced,47162,2064,,46361,46148.460393518515,,,,,,,,,,,,,,,,,,,,,,,,,,,,,,,,,,,,,,,,,,,,,,,,,,,,,,,,,,,,,,,,,,,,,,,,,,,,,,,,,,,,,,,,,,,,,,,,,,,,,,,,,,,,,,,,,,,,,,,,,,,,,,,,,,,,,,,,,,,
241401|2414|Bulli Creek Battery||Battery Storage|Lithium-ion,2414,Bulli Creek Battery,Q00151,Genex Power Limited,genexpower_NR,QLD1,600,241401,Bulli Creek Battery,Battery Storage,Lithium-ion,,,Scheduled,1,,600,,600,2400,Publicly Announced,47118,2050,,46091,46105.64034722222,,,,,,,,,,,,,,,,,,,,,,,,,,,,,,,,,,,,,,,,,,,,,,,,,,,,,,,,,,,,,,,,,,,,,,,,,,,,,,,,,,,,,,,,,,,,,,,,,,,,,,,,,,,,,,,,,,,,,,,,,,,,,,,,,,,,,,,,,,,
266601|2666|BCBS_GU1||Battery Storage|Lithium-ion,2666,Bulli Creek BESS (Trina),Q00136,Bulli Creek Hybrid Nominee Pty Ltd on behalf of Bulli Creek Hybrid Trust,trinasolar_nr,QLD1,750,266601,BCBS_GU1,Battery Storage,Lithium-ion,,,Scheduled,160,,5,,800,,Publicly Announced,47088,2059,,46091,46125.57195601852,,,,,,,,,,,,,,,,,,,,,,,,,,,,,,,,,,,,,,,,,,,,,,,,,,,,,,,,,,,,,,,,,,,,,,,,,,,,,,,,,,,,,,,,,,,,,,,,,,,,,,,,,,,,,,,,,,,,,,,,,,,,,,,,,,,,,,,,,,,
141702|1417|Bulli Ck Solar Farm||Solar PV|Single Axis Tracking,1417,Bulli Creek Solar Farm,Q00077,Genex Power Limited,genexpower_NR,QLD1,775,141702,Bulli Ck Solar Farm,Solar PV,Single Axis Tracking,,,Semi-scheduled,232,4,3.34,928,774.88,,Publicly Announced,47848,2060,,46091,46105.647939814815,,,,,,,,,,,,,,,,,,,,,,,,,,,,,,,,,,,,,,,,,,,,,,,,,,,,,,,,,,,,,,,,,,,,,,,,,,,,,,,,,,,,,,,,,,,,,,,,,,,,,,,,,,,,,,,,,,,,,,,,,,,,,,,,,,,,,,,,,,,
266501|2665|BCSF_GU1||Solar PV|Single Axis Tracking,2665,Bulli Creek Solar Farm (Trina),Q00136,Bulli Creek Hybrid Nominee Pty Ltd on behalf of Bulli Creek Hybrid Trust,trinasolar_nr,QLD1,450,266501,BCSF_GU1,Solar PV,Single Axis Tracking,,,Semi-scheduled,110,,5,,550,,Publicly Announced,47088,2059,,46091,46114.4859375,,,,,,,,,,,,,,,,,,,,,,,,,,,,,,,,,,,,,,,,,,,,,,,,,,,,,,,,,,,,,,,,,,,,,,,,,,,,,,,,,,,,,,,,,,,,,,,,,,,,,,,,,,,,,,,,,,,,,,,,,,,,,,,,,,,,,,,,,,,
212501|2125|Bullyard||Solar PV|Single Axis Tracking,2125,Bullyard Solar Farm,,EE Solar 9 Pty Ltd as trustee for the EE Solar 9 Trust,europeanenergy_nr,QLD1,97,212501,Bullyard,Solar PV,Single Axis Tracking,,,Semi-scheduled,1,98.94,97,98.94,97,,Anticipated,46507,2057,,46361,46169.55630787037,0,0,0,90,97,97,90,97,97,90,97,97,90,97,97,90,97,97,90,97,97,90,97,97,90,97,97,90,97,97,,,,,,,,,,,,,,,,,,,,,,,,,,,,,,,,,,,,,,,,,,,,,,,,,,,,,,,,,,,,,,,,,,,,,,,,,,,,,,,,,,,,,,,,,,,,,,,,,,,,,,,,,,,,,
290901|2909|BRBS_GU1||Battery Storage|Lithium-ion,2909,Bundaberg Renewable Energy Park,Q00101,Bundaberg Renewable Energy Park,bundabergep_nr,QLD1,500,290901,BRBS_GU1,Battery Storage,Lithium-ion,,,Scheduled,1,,500,,500,,Publicly Announced,,,,45901,45667.0453125,,,,,,,,,,,,,,,,,,,,,,,,,,,,,,,,,,,,,,,,,,,,,,,,,,,,,,,,,,,,,,,,,,,,,,,,,,,,,,,,,,,,,,,,,,,,,,,,,,,,,,,,,,,,,,,,,,,,,,,,,,,,,,,,,,,,,,,,,,,
171101|1711|Bundaberg SF|BUSF1|Solar PV|Single Axis Tracking,1711,Bundaberg Solar Farm,,Bundaberg Development Pty Ltd,globalpower-generation_NR,QLD1,78,171101,Bundaberg SF,Solar PV,Single Axis Tracking,,BUSF1,Semi-scheduled,1,96.06,78,96.06,78,,In Commissioning,46199,2055,,46091,46181.60806712963,78,78,78,78,78,78,78,78,78,78,78,78,78,78,78,78,78,78,78,78,78,78,78,78,78,78,78,78,78,78,,,,,,,,,,,,,,,,,,,,,,,,,,,,,,,,,,,,,,,,,,,,,,,,,,,,,,,,,,,,,,,,,,,,,,,,,,,,,,,,,,,,,,,,,,,,,,,,,,,,,,,,,,,,,
330701|3307|Bungaban Solar Farm||Solar PV|Fixed,3307,Bungaban Solar Farm - KCI,Q00342,,,QLD1,500,330701,Bungaban Solar Farm,Solar PV,Fixed,,,Semi-scheduled,1,,500,,500,,Publicly Announced,,,,,46203.597974537035,,,,,,,,,,,,,,,,,,,,,,,,,,,,,,,,,,,,,,,,,,,,,,,,,,,,,,,,,,,,,,,,,,,,,,,,,,,,,,,,,,,,,,,,,,,,,,,,,,,,,,,,,,,,,,,,,,,,,,,,,,,,,,,,,,,,,,,,,,,
229301|2293|BUWF1||Wind|Onshore,2293,Bungaban Wind Farm,Q00049, Windlab Developments Pty Ltd,windlab_NR,QLD1,1150,229301,BUWF1,Wind,Onshore,,,Semi-scheduled,165,,7,,1155,,Anticipated,47572,2070,,46361,46171.4581712963,0,0,0,0,0,0,0,0,0,87.5,350,350,525,800,700,800,800,800,800,800,800,800,800,800,800,800,800,800,800,800,,,,,,,,,,,,,,,,,,,,,,,,,,,,,,,,,,,,,,,,,,,,,,,,,,,,,,,,,,,,,,,,,,,,,,,,,,,,,,,,,,,,,,,,,,,,,,,,,,,,,,,,,,,,,
229302|2293|BBBS_GU1||Battery Storage|Lithium-ion,2293,Bungaban Wind Farm,Q00049, Windlab Developments Pty Ltd,windlab_NR,QLD1,1150,229302,BBBS_GU1,Battery Storage,Lithium-ion,,,Scheduled,92,3.74,3.74,344.08,344.08,1375.4,Anticipated,47572,2060,,46361,46171.4581712963,0,0,0,0,0,0,0,0,0,0,0,0,350,350,350,350,350,350,350,350,350,350,350,350,350,350,350,350,350,350,0,0,0,0,0,0,0,0,1400,1400,1400,1400,1400,1400,1400,1400,1400,1400,1400,1400,,,,,,,,,,,,,,,,,,,,,,,,,,,,,,,,,,,,,,,,,,,,,,,,,,,,,,,,,,,,,,,,,,,,,,,,,,,,,,,,,,,,,,,,,
248301|2483|BHPH_GU1||Hydro|Pumped Hydro,2483,Bunkers Hill Pumped Hydro,Q00071,Pacific Hydro,pacificblue_nr,QLD1,296,248301,BHPH_GU1,Hydro,Pumped Hydro,,,Scheduled,1,,296,,296,3552,Publicly Announced,49321,2085,,46091,46160.525185185186,,,,,,,,,,,,,,,,,,,,,,,,,,,,,,,,,,,,,,,,,,,,,,,,,,,,,,,,,,,,,,,,,,,,,,,,,,,,,,,,,,,,,,,,,,,,,,,,,,,,,,,,,,,,,,,,,,,,,,,,,,,,,,,,,,,,,,,,,,,
248401|2484|BHWF_GU1||Wind|Onshore,2484,Bunkers Hill Wind Farm,Q00114,Pacific Hydro,pacificblue_nr,QLD1,500,248401,BHWF_GU1,Wind,Onshore,,,Semi-scheduled,64,7.6,7.8,486.4,499.2,,Publicly Announced,49644,2055,,46091,46160.565034722225,,,,,,,,,,,,,,,,,,,,,,,,,,,,,,,,,,,,,,,,,,,,,,,,,,,,,,,,,,,,,,,,,,,,,,,,,,,,,,,,,,,,,,,,,,,,,,,,,,,,,,,,,,,,,,,,,,,,,,,,,,,,,,,,,,,,,,,,,,,
310801|3108|BNBS_GU1||Battery Storage|Lithium-ion,3108,Bunyip North Battery Energy Storage System,,Bunyip North Project Co Pty Ltd as trustee for Bunyip North Project Trust,res-group_NR,VIC1,400,310801,BNBS_GU1,Battery Storage,Lithium-ion,,,Scheduled,111,3.6,3.6,399.6,399.6,2775,Publicly Announced,47210,2049,,46091,46167.766377314816,,,,,,,,,,,,,,,,,,,,,,,,,,,,,,,,,,,,,,,,,,,,,,,,,,,,,,,,,,,,,,,,,,,,,,,,,,,,,,,,,,,,,,,,,,,,,,,,,,,,,,,,,,,,,,,,,,,,,,,,,,,,,,,,,,,,,,,,,,,
266001|2660|BURDK_BESS||Battery Storage|Lithium-ion,2660,Burdekin BESS,Q00131,BURDEKIN SOLAR FARM PTY LTD ATF BURDEKIN GENESIS PROJECT TRUST,tagenergy_nr,QLD1,500,266001,BURDK_BESS,Battery Storage,Lithium-ion,,,Scheduled,139,4.5,3.6,625.5,500.4,2000.21,Publicly Announced,46997,2058,,46361,46160.67766203704,,,,,,,,,,,,,,,,,,,,,,,,,,,,,,,,,,,,,,,,,,,,,,,,,,,,,,,,,,,,,,,,,,,,,,,,,,,,,,,,,,,,,,,,,,,,,,,,,,,,,,,,,,,,,,,,,,,,,,,,,,,,,,,,,,,,,,,,,,,
229401|2294|BURK_SF||Solar PV|Single Axis Tracking,2294,Burdekin Solar Farm - KCI,Q00035,BURDEKIN SOLAR FARM PTY LTD ATF BURDEKIN GENESIS PROJECT TRUST,tagenergy_nr,QLD1,500,229401,BURK_SF,Solar PV,Single Axis Tracking,,,Semi-scheduled,139,4.4,3.6,611.6,500.4,,Publicly Announced,48210,2062,,46361,46160.706458333334,,,,,,,,,,,,,,,,,,,,,,,,,,,,,,,,,,,,,,,,,,,,,,,,,,,,,,,,,,,,,,,,,,,,,,,,,,,,,,,,,,,,,,,,,,,,,,,,,,,,,,,,,,,,,,,,,,,,,,,,,,,,,,,,,,,,,,,,,,,
292101|2921|BMBS_GU1||Battery Storage|Lithium-ion,2921,Burgmanns BESS,N00210,Burgmanns BESS Pty Ltd,trinasolar_nr,NSW1,200,292101,BMBS_GU1,Battery Storage,Lithium-ion,,,Scheduled,66,4.4,3.03,290.4,199.98,799.92,Publicly Announced,47483,2050,,46091,46140.45354166667,,,,,,,,,,,,,,,,,,,,,,,,,,,,,,,,,,,,,,,,,,,,,,,,,,,,,,,,,,,,,,,,,,,,,,,,,,,,,,,,,,,,,,,,,,,,,,,,,,,,,,,,,,,,,,,,,,,,,,,,,,,,,,,,,,,,,,,,,,,
237801|2378|BBS_GU1||Battery Storage|Lithium-ion,2378,Buronga BESS - Storage - KCI,N00105,BESS Clyde North Pty Ltd,,NSW1,300,237801,BBS_GU1,Battery Storage,Lithium-ion,,,Scheduled,1,,300,,300,,Publicly Announced,,,,46091,44931.97783564815,,,,,,,,,,,,,,,,,,,,,,,,,,,,,,,,,,,,,,,,,,,,,,,,,,,,,,,,,,,,,,,,,,,,,,,,,,,,,,,,,,,,,,,,,,,,,,,,,,,,,,,,,,,,,,,,,,,,,,,,,,,,,,,,,,,,,,,,,,,
298201|2982|BBWF_GU1||Wind|Onshore,2982,Burrenbring Wind Farm,Q00102,Iberdrola Australia Development Pty Limited,iberdrola_NR,QLD1,360,298201,BBWF_GU1,Wind,Onshore,,,Semi-scheduled,1,,360,,360,,Publicly Announced,,,,46091,46013.666921296295,,,,,,,,,,,,,,,,,,,,,,,,,,,,,,,,,,,,,,,,,,,,,,,,,,,,,,,,,,,,,,,,,,,,,,,,,,,,,,,,,,,,,,,,,,,,,,,,,,,,,,,,,,,,,,,,,,,,,,,,,,,,,,,,,,,,,,,,,,,
103201|1032|Burrendong:1-2|BDONGHYD|Hydro|Dam,1032,Burrendong,,AGL Hydro Partnership,SOUTHHYD,NSW1,19,103201,Burrendong:1-2,Hydro,Dam,,BDONGHYD,Non-scheduled,1,,19,,19,,In Service,,2036,,46091,46105.55616898148,,,,,,,,,,,,,,,,,,,,,,,,,,,,,,,,,,,,,,,,,,,,,,,,,,,,,,,,,,,,,,,,,,,,,,,,,,,,,,,,,,,,,,,,,,,,,,,,,,,,,,,,,,,,,,,,,,,,,,,,,,,,,,,,,,,,,,,,,,,
200601|2006|BWF_GU1||Wind|Onshore,2006,Burrendong Wind Farm,N00065,ARK Energy Corporation Pty Ltd,arkenergy_nr,NSW1,434,200601,BWF_GU1,Wind,Onshore,,,Semi-scheduled,70,,6.2,,434,,Publicly Announced,,,,46091,45729.06559027778,,,,,,,,,,,,,,,,,,,,,,,,,,,,,,,,,,,,,,,,,,,,,,,,,,,,,,,,,,,,,,,,,,,,,,,,,,,,,,,,,,,,,,,,,,,,,,,,,,,,,,,,,,,,,,,,,,,,,,,,,,,,,,,,,,,,,,,,,,,
103301|1033|Burrinjuck:3|BURRIN|Hydro|Dam,1033,Burrinjuck,,GSP Energy Pty Ltd,foresightgroupau_NR,NSW1,34,103301,Burrinjuck:3,Hydro,Dam,,BURRIN,Non-scheduled,1,,7,,7,,In Service,,2060,,46091,46114.54284722222,,,,,,,,,,,,,,,,,,,,,,,,,,,,,,,,,,,,,,,,,,,,,,,,,,,,,,,,,,,,,,,,,,,,,,,,,,,,,,,,,,,,,,,,,,,,,,,,,,,,,,,,,,,,,,,,,,,,,,,,,,,,,,,,,,,,,,,,,,,
103302|1033|Burrinjuck:4|BURRIN|Hydro|Dam,1033,Burrinjuck,,GSP Energy Pty Ltd,foresightgroupau_NR,NSW1,34,103302,Burrinjuck:4,Hydro,Dam,,BURRIN,Non-scheduled,1,,7,,7,,In Service,,2060,,46091,46114.54284722222,,,,,,,,,,,,,,,,,,,,,,,,,,,,,,,,,,,,,,,,,,,,,,,,,,,,,,,,,,,,,,,,,,,,,,,,,,,,,,,,,,,,,,,,,,,,,,,,,,,,,,,,,,,,,,,,,,,,,,,,,,,,,,,,,,,,,,,,,,,
103303|1033|Burrinjuck:5|BURRIN|Hydro|Dam,1033,Burrinjuck,,GSP Energy Pty Ltd,foresightgroupau_NR,NSW1,34,103303,Burrinjuck:5,Hydro,Dam,,BURRIN,Non-scheduled,1,,20,,20,,In Service,,2060,,46091,46114.54284722222,,,,,,,,,,,,,,,,,,,,,,,,,,,,,,,,,,,,,,,,,,,,,,,,,,,,,,,,,,,,,,,,,,,,,,,,,,,,,,,,,,,,,,,,,,,,,,,,,,,,,,,,,,,,,,,,,,,,,,,,,,,,,,,,,,,,,,,,,,,
302101|3021|BWBS_GU1||Battery Storage|Lithium-ion,3021,Burroway BESS,,Edify Energy Pty Ltd,edifyenergy_NR,NSW1,100,302101,BWBS_GU1,Battery Storage,Lithium-ion,,,Scheduled,1,,100,,100,400,Publicly Announced,,,,46091,46007.734872685185,,,,,,,,,,,,,,,,,,,,,,,,,,,,,,,,,,,,,,,,,,,,,,,,,,,,,,,,,,,,,,,,,,,,,,,,,,,,,,,,,,,,,,,,,,,,,,,,,,,,,,,,,,,,,,,,,,,,,,,,,,,,,,,,,,,,,,,,,,,
308801|3088|BURW_EH||Wind|Onshore,3088,Burroway Energy Hub,,TagEnergy Australia Pty Ltd,tagenergy_nr,NSW1,338,308801,BURW_EH,Wind,Onshore,,,Semi-scheduled,52,6.2,4.65,322.4,241.8,,Publicly Announced,47178,2059,,46361,46157.623715277776,,,,,,,,,,,,,,,,,,,,,,,,,,,,,,,,,,,,,,,,,,,,,,,,,,,,,,,,,,,,,,,,,,,,,,,,,,,,,,,,,,,,,,,,,,,,,,,,,,,,,,,,,,,,,,,,,,,,,,,,,,,,,,,,,,,,,,,,,,,
308802|3088|BURB_EH||Battery Storage|Lithium-ion,3088,Burroway Energy Hub,,TagEnergy Australia Pty Ltd,tagenergy_nr,NSW1,338,308802,BURB_EH,Battery Storage,Lithium-ion,,,Scheduled,28,4.5,3.6,126,100.8,402.92,Publicly Announced,47178,2059,,46361,46157.623715277776,,,,,,,,,,,,,,,,,,,,,,,,,,,,,,,,,,,,,,,,,,,,,,,,,,,,,,,,,,,,,,,,,,,,,,,,,,,,,,,,,,,,,,,,,,,,,,,,,,,,,,,,,,,,,,,,,,,,,,,,,,,,,,,,,,,,,,,,,,,
297501|2975|CBBS_01||Battery Storage|Lithium-ion,2975,Byellee BESS,,Eku Energy Projects (Australia) Pty Ltd as trustee for the Eku Energy Projects (Australia) Trust,ekuenergy_nr,QLD1,300,297501,CBBS_01,Battery Storage,Lithium-ion,,,Scheduled,100,4.39,4.39,439,439,1411,Publicly Announced,47299,2049,,46091,46111.644594907404,,,,,,,,,,,,,,,,,,,,,,,,,,,,,,,,,,,,,,,,,,,,,,,,,,,,,,,,,,,,,,,,,,,,,,,,,,,,,,,,,,,,,,,,,,,,,,,,,,,,,,,,,,,,,,,,,,,,,,,,,,,,,,,,,,,,,,,,,,,
264601|2646|CALBESA1||Battery Storage|Lithium-ion,2646,Calala BESS A1,N00150,Equis Energy (Australia) Projects (Ngumi 4) Pty Ltd as trustee for the Equis Energy (Australia) Ngumi 4 Holding Trust (ABN 14 157 167 633),equis_NR,NSW1,100,264601,CALBESA1,Battery Storage,Lithium-ion,,,Scheduled,56,0.62,1.93,34.72,108.08,199.92,Committed,46387,2052,,46361,46154.545648148145,0,100,100,100,100,100,100,100,100,100,100,100,100,100,100,100,100,100,100,100,100,100,100,100,100,100,100,100,100,100,0,200,200,200,200,200,200,200,200,200,200,200,200,200,200,200,200,200,200,200,,,,,,,,,,,,,,,,,,,,,,,,,,,,,,,,,,,,,,,,,,,,,,,,,,,,,,,,,,,,,,,,,,,,,,,,,,,,,,,,,,,,,,,,,
264701|2647|CALBESA2||Battery Storage|Lithium-ion,2647,Calala BESS A2,N00150,Equis Energy (Australia) Projects (Ngumi 4) Pty Ltd as trustee for the Equis Energy (Australia) Ngumi 4 Asset Trust ABN: 80 353 224 86,equis_NR,NSW1,150,264701,CALBESA2,Battery Storage,Lithium-ion,,,Scheduled,82,0.62,1.93,50.84,158.26,300.12,Committed,46387,2052,,46361,46154.54788194445,0,150,150,150,150,150,150,150,150,150,150,150,150,150,150,150,150,150,150,150,150,150,150,150,150,150,150,150,150,150,0,300,300,300,300,300,300,300,300,300,300,300,300,300,300,300,300,300,300,300,,,,,,,,,,,,,,,,,,,,,,,,,,,,,,,,,,,,,,,,,,,,,,,,,,,,,,,,,,,,,,,,,,,,,,,,,,,,,,,,,,,,,,,,,
103501|1035|Callide B:1|CALL_B_1|Coal|Black Coal,1035,Callide B,,CS Energy,CSENERGY,QLD1,703.8,103501,Callide B:1,Coal,Black Coal,,CALL_B_1,Scheduled,1,,350,,350,,In Service,,2031,,46091,46148.625659722224,350,350,325,350,350,325,350,350,325,350,350,325,350,350,325,350,0,0,0,0,0,0,0,0,0,0,0,0,0,0,,,,,,,,,,,,,,,,,,,,,,,,,,,,,,,,,,,,,,,,,,,,,,,,,,,,,,,,,,,,,,,,,,,,,,,,,,,,,,,,,,,,,,,,,,,,,,,,,,,,,,,,,,,,,
103502|1035|Callide B:2|CALL_B_2|Coal|Black Coal,1035,Callide B,,CS Energy,CSENERGY,QLD1,703.8,103502,Callide B:2,Coal,Black Coal,,CALL_B_2,Scheduled,1,,350,,350,,In Service,,2031,,46091,46148.625659722224,350,350,325,350,350,325,350,350,325,350,350,325,350,350,325,350,0,0,0,0,0,0,0,0,0,0,0,0,0,0,,,,,,,,,,,,,,,,,,,,,,,,,,,,,,,,,,,,,,,,,,,,,,,,,,,,,,,,,,,,,,,,,,,,,,,,,,,,,,,,,,,,,,,,,,,,,,,,,,,,,,,,,,,,,
103601|1036|Callide C:3|CPP_3|Coal|Black Coal,1036,Callide C,,Joint Venture; Callide Energy Pty Ltd and IG Power (Callide) Ltd.,CPT_NR,QLD1,932,103601,Callide C:3,Coal,Black Coal,,CPP_3,Scheduled,1,,424,,424,,In Service,,2200,,46091,46113.46959490741,466,466,424,466,466,424,0,466,424,466,466,424,466,466,424,466,466,424,466,466,424,466,466,424,466,466,424,466,466,424,,,,,,,,,,,,,,,,,,,,,,,,,,,,,,,,,,,,,,,,,,,,,,,,,,,,,,,,,,,,,,,,,,,,,,,,,,,,,,,,,,,,,,,,,,,,,,,,,,,,,,,,,,,,,
103604|1036|Callide C:4|CPP_4|Coal|Black Coal,1036,Callide C,,Joint Venture; Callide Energy Pty Ltd and IG Power (Callide) Ltd.,CPT_NR,QLD1,932,103604,Callide C:4,Coal,Black Coal,,CPP_4,Scheduled,1,,420,,420,,In Service,,2200,,46091,46113.46959490741,0,466,420,466,466,420,466,466,420,466,466,420,466,466,420,466,466,420,466,466,420,466,466,420,466,466,420,466,466,420,,,,,,,,,,,,,,,,,,,,,,,,,,,,,,,,,,,,,,,,,,,,,,,,,,,,,,,,,,,,,,,,,,,,,,,,,,,,,,,,,,,,,,,,,,,,,,,,,,,,,,,,,,,,,
287001|2870|CLBS_GU1||Battery Storage|Lithium-ion,2870,Callide Energy Hub - KCI,Q00158,CSE BESS P/L,,QLD1,200,287001,CLBS_GU1,Battery Storage,Lithium-ion,,,Scheduled,1,,200,,200,,Publicly Announced,,,,46091,45578.79293981481,,,,,,,,,,,,,,,,,,,,,,,,,,,,,,,,,,,,,,,,,,,,,,,,,,,,,,,,,,,,,,,,,,,,,,,,,,,,,,,,,,,,,,,,,,,,,,,,,,,,,,,,,,,,,,,,,,,,,,,,,,,,,,,,,,,,,,,,,,,
285201|2852|CGPS_GU1||Other|Other,2852,Callide Gas Peaker - KCI,Q00195,CSE H2 Pty Ltd,,QLD1,750,285201,CGPS_GU1,Other,Other,,,Scheduled,1,,750,,750,,Publicly Announced,,,,46091,45572.72913194444,,,,,,,,,,,,,,,,,,,,,,,,,,,,,,,,,,,,,,,,,,,,,,,,,,,,,,,,,,,,,,,,,,,,,,,,,,,,,,,,,,,,,,,,,,,,,,,,,,,,,,,,,,,,,,,,,,,,,,,,,,,,,,,,,,,,,,,,,,,
250101|2501|CSF_GU1||Solar PV|Fixed,2501,Callide Power Station Solar Farm,Q00092,Edify Energy Pty Ltd,edifyenergy_NR,QLD1,200,250101,CSF_GU1,Solar PV,Fixed,,,Semi-scheduled,1,,200,,200,,Publicly Announced,,,,46361,46164.70880787037,,,,,,,,,,,,,,,,,,,,,,,,,,,,,,,,,,,,,,,,,,,,,,,,,,,,,,,,,,,,,,,,,,,,,,,,,,,,,,,,,,,,,,,,,,,,,,,,,,,,,,,,,,,,,,,,,,,,,,,,,,,,,,,,,,,,,,,,,,,
266701|2667|CPBS_GU1||Battery Storage|Lithium-ion,2667,Callide Solar Power Station BESS,Q00137,Edify Energy Pty Ltd,edifyenergy_NR,QLD1,200,266701,CPBS_GU1,Battery Storage,Lithium-ion,,,Scheduled,1,,210,,210,200,Publicly Announced,,,,46091,46007.73642361111,,,,,,,,,,,,,,,,,,,,,,,,,,,,,,,,,,,,,,,,,,,,,,,,,,,,,,,,,,,,,,,,,,,,,,,,,,,,,,,,,,,,,,,,,,,,,,,,,,,,,,,,,,,,,,,,,,,,,,,,,,,,,,,,,,,,,,,,,,,
262801|2628|Callide||Wind|Onshore,2628,Callide Wind Farm,Q00016,DP Green Energy Pty Limited,dpenergy_nr,QLD1,421.6,262801,Callide,Wind,Onshore,,,Semi-scheduled,68,,6.2,,421.6,,Publicly Announced,47453,2060,,46361,46160.984189814815,,,,,,,,,,,,,,,,,,,,,,,,,,,,,,,,,,,,,,,,,,,,,,,,,,,,,,,,,,,,,,,,,,,,,,,,,,,,,,,,,,,,,,,,,,,,,,,,,,,,,,,,,,,,,,,,,,,,,,,,,,,,,,,,,,,,,,,,,,,
307801|3078|CVBS_GU1||Battery Storage|Lithium-ion,3078,Calvale LDES BESS,Q00215,Released Energy Pty Ltd,releasedenergy_nr,QLD1,450,307801,CVBS_GU1,Battery Storage,Lithium-ion,,,Scheduled,1,,450,,450,,Publicly Announced,,,,45901,45975.51399305555,,,,,,,,,,,,,,,,,,,,,,,,,,,,,,,,,,,,,,,,,,,,,,,,,,,,,,,,,,,,,,,,,,,,,,,,,,,,,,,,,,,,,,,,,,,,,,,,,,,,,,,,,,,,,,,,,,,,,,,,,,,,,,,,,,,,,,,,,,,
197202|1972|CFSF||Solar PV|Single Axis Tracking,1972,Campbells Forest Solar Farm,,Risen Energy Australia,risenenergy_NR,VIC1,205,197202,CFSF,Solar PV,Single Axis Tracking,,,Semi-scheduled,1,233,205,233,205,,Publicly Announced,47118,2058,,46361,46162.40099537037,,,,,,,,,,,,,,,,,,,,,,,,,,,,,,,,,,,,,,,,,,,,,,,,,,,,,,,,,,,,,,,,,,,,,,,,,,,,,,,,,,,,,,,,,,,,,,,,,,,,,,,,,,,,,,,,,,,,,,,,,,,,,,,,,,,,,,,,,,,
288001|2880|CDBS_GU1||Battery Storage|Lithium-ion,2880,Camperdown BESS,,Camperdown BESS Pty Ltd,ARES_NR,VIC1,60,288001,CDBS_GU1,Battery Storage,Lithium-ion,,,Scheduled,18,4.23,4.6,76.14,82.8,293.4,Publicly Announced,46934,2052,,46091,46112.466944444444,,,,,,,,,,,,,,,,,,,,,,,,,,,,,,,,,,,,,,,,,,,,,,,,,,,,,,,,,,,,,,,,,,,,,,,,,,,,,,,,,,,,,,,,,,,,,,,,,,,,,,,,,,,,,,,,,,,,,,,,,,,,,,,,,,,,,,,,,,,
258901|2589|CLBS_GU1||Battery Storage|Lithium-ion,2589,Canyonleigh BESS,N00141,X-Elio Australia Pty Ltd,x-elio_NR,NSW1,300,258901,CLBS_GU1,Battery Storage,Lithium-ion,,,Scheduled,1,,300,,300,1200,Publicly Announced,,,,46091,45736.02494212963,,,,,,,,,,,,,,,,,,,,,,,,,,,,,,,,,,,,,,,,,,,,,,,,,,,,,,,,,,,,,,,,,,,,,,,,,,,,,,,,,,,,,,,,,,,,,,,,,,,,,,,,,,,,,,,,,,,,,,,,,,,,,,,,,,,,,,,,,,,
127801|1278|Capital 2 Wind Farm:Units 1-33||Wind|Onshore,1278,Capital 2 Wind Farm,N00085,Capital Wind Farm 2 Pty Ltd,INFIGENH,NSW1,134.4,127801,Capital 2 Wind Farm:Units 1-33,Wind,Onshore,,,Semi-scheduled,32,,4.2,,134.4,,Publicly Announced,,,,46361,46161.40380787037,,,,,,,,,,,,,,,,,,,,,,,,,,,,,,,,,,,,,,,,,,,,,,,,,,,,,,,,,,,,,,,,,,,,,,,,,,,,,,,,,,,,,,,,,,,,,,,,,,,,,,,,,,,,,,,,,,,,,,,,,,,,,,,,,,,,,,,,,,,
189001|1890|CBESS|CAPBES1|Battery Storage|Lithium-ion,1890,Capital Battery,N00183,Capital Battery Pty Ltd,CAPBESS,NSW1,100,189001,CBESS,Battery Storage,Lithium-ion,,CAPBES1,Scheduled,33,3.03,3.03,99.99,99.99,199.98,In Service,,2048,,46091,46111.55354166667,99.99,99.99,95.7,99.99,99.99,95.7,99.99,99.99,95.7,99.99,99.99,95.7,99.99,99.99,95.7,99.99,99.99,95.7,99.99,99.99,95.7,99.99,99.99,95.7,99.99,99.99,95.7,99.99,99.99,95.7,200,200,200,200,200,200,200,200,200,200,200,200,200,200,200,200,200,200,200,200,,,,,,,,,,,,,,,,,,,,,,,,,,,,,,,,,,,,,,,,,,,,,,,,,,,,,,,,,,,,,,,,,,,,,,,,,,,,,,,,,,,,,,,,,
103901|1039|Capital East Solar Farm P1:Inverter 1|CESF1|Solar PV|Fixed,1039,Capital East Solar Farm P1,,IBERDROLA AUSTRALIA HOLDINGS PTY LIMITED,INFIGENH,NSW1,0.35,103901,Capital East Solar Farm P1:Inverter 1,Solar PV,Fixed,,CESF1,Non-scheduled,4,,0.5,,2,,In Service,,2043,,46091,46028.5021412037,,,,,,,,,,,,,,,,,,,,,,,,,,,,,,,,,,,,,,,,,,,,,,,,,,,,,,,,,,,,,,,,,,,,,,,,,,,,,,,,,,,,,,,,,,,,,,,,,,,,,,,,,,,,,,,,,,,,,,,,,,,,,,,,,,,,,,,,,,,
103801|1038|Capital Wind Farm:Turbines 1-67|CAPTL_WF|Wind|Onshore,1038,Capital Wind Farm,,Renewable Power Ventures Pty Ltd,BBPEM,NSW1,140.7,103801,Capital Wind Farm:Turbines 1-67,Wind,Onshore,,CAPTL_WF,Significant Non-scheduled,67,2.1,2.1,140.7,140.7,,In Service,,2040,,46361,46161.65515046296,140.7,140.7,140.7,140.7,140.7,140.7,140.7,140.7,140.7,140.7,140.7,140.7,140.7,140.7,140.7,140.7,140.7,140.7,140.7,140.7,140.7,140.7,140.7,140.7,140.7,140.7,140.7,140.7,140.7,140.7,,,,,,,,,,,,,,,,,,,,,,,,,,,,,,,,,,,,,,,,,,,,,,,,,,,,,,,,,,,,,,,,,,,,,,,,,,,,,,,,,,,,,,,,,,,,,,,,,,,,,,,,,,,,,
275101|2751|Capribes||Battery Storage|Lithium-ion,2751,Capricorn BESS,Q00159,Potentia Energy HoldCo Pty Ptd,enel_NR,QLD1,300,275101,Capribes,Battery Storage,Lithium-ion,,,Scheduled,98,3.8,3.8,372.4,372.4,1489.6,Publicly Announced,47238,2045,,46361,46167.651608796295,,,,,,,,,,,,,,,,,,,,,,,,,,,,,,,,,,,,,,,,,,,,,,,,,,,,,,,,,,,,,,,,,,,,,,,,,,,,,,,,,,,,,,,,,,,,,,,,,,,,,,,,,,,,,,,,,,,,,,,,,,,,,,,,,,,,,,,,,,,
259301|2593|CPHES_GU||Hydro|Pumped Hydro,2593,Capricornia Energy Hub (CEH) PHES,Q00120,CI QLD PHES PTY LTD,capricornia_NR,QLD1,750,259301,CPHES_GU,Hydro,Pumped Hydro,,,Scheduled,3,,250,,750,12000,Publicly Announced,,,,46091,45829.416666666664,,,,,,,,,,,,,,,,,,,,,,,,,,,,,,,,,,,,,,,,,,,,,,,,,,,,,,,,,,,,,,,,,,,,,,,,,,,,,,,,,,,,,,,,,,,,,,,,,,,,,,,,,,,,,,,,,,,,,,,,,,,,,,,,,,,,,,,,,,,
203701|2037|CPMT U1||Wind|Onshore,2037,Captains Mountain Wind Farm,Q00046,vestas_NR,vestas_NR,QLD1,217,203701,CPMT U1,Wind,Onshore,,,Semi-scheduled,35,,6.2,,217,,Publicly Announced,47483,2059,,46091,46107.600324074076,,,,,,,,,,,,,,,,,,,,,,,,,,,,,,,,,,,,,,,,,,,,,,,,,,,,,,,,,,,,,,,,,,,,,,,,,,,,,,,,,,,,,,,,,,,,,,,,,,,,,,,,,,,,,,,,,,,,,,,,,,,,,,,,,,,,,,,,,,,
191001|1910|Carag||Solar PV|Single Axis Tracking,1910,Carag Solar Farm,,Enerparc Australia Pty Ltd,enerparc_NR,NSW1,12,191001,Carag,Solar PV,Single Axis Tracking,,,Non-scheduled,4,3.25,4,13,16,,Committed,46752,2057,,46361,46107.47042824074,,,,,,,,,,,,,,,,,,,,,,,,,,,,,,,,,,,,,,,,,,,,,,,,,,,,,,,,,,,,,,,,,,,,,,,,,,,,,,,,,,,,,,,,,,,,,,,,,,,,,,,,,,,,,,,,,,,,,,,,,,,,,,,,,,,,,,,,,,,
194801|1948|CarwarBE||Battery Storage|Lithium-ion,1948,Carwarp Hybrid,V00121,Recurrent Energy (Australia) Pty Ltd,recurrentenergy_nr,VIC1,120,194801,CarwarBE,Battery Storage,Lithium-ion,,,Scheduled,36,4.39,4.39,158.04,158.04,316.08,Publicly Announced,46753,2055,,46091,46111.49322916667,,,,,,,,,,,,,,,,,,,,,,,,,,,,,,,,,,,,,,,,,,,,,,,,,,,,,,,,,,,,,,,,,,,,,,,,,,,,,,,,,,,,,,,,,,,,,,,,,,,,,,,,,,,,,,,,,,,,,,,,,,,,,,,,,,,,,,,,,,,
168701|1687|Carwarp Solar Farm|CRWARP1|Solar PV|Single Axis Tracking,1687,Carwarp Solar Farm (CWSF),,CS SubCo Pty Ltd as trustee for Carwarp SF SPV,recurrentenergy_nr,VIC1,150,168701,Carwarp Solar Farm,Solar PV,Single Axis Tracking,,CRWARP1,Semi-scheduled,49,3.8,3.8,186.2,186.2,,In Service,46142,2050,,46091,46115.912511574075,150,150,150,150,150,150,150,150,150,150,150,150,150,150,150,150,150,150,150,150,150,150,150,150,150,150,150,150,150,150,,,,,,,,,,,,,,,,,,,,,,,,,,,,,,,,,,,,,,,,,,,,,,,,,,,,,,,,,,,,,,,,,,,,,,,,,,,,,,,,,,,,,,,,,,,,,,,,,,,,,,,,,,,,,
275201|2752|CattleBe||Battery Storage|Lithium-ion,2752,Cattle Creek Wind Farm - KCI,Q00160,RWE Renewables Australia Pty Ltd,rwe_NR,QLD1,850,275201,CattleBe,Battery Storage,Lithium-ion,,,Scheduled,200,,1.5,,300,1200,Publicly Announced,47847,2050,,46361,46161.36849537037,,,,,,,,,,,,,,,,,,,,,,,,,,,,,,,,,,,,,,,,,,,,,,,,,,,,,,,,,,,,,,,,,,,,,,,,,,,,,,,,,,,,,,,,,,,,,,,,,,,,,,,,,,,,,,,,,,,,,,,,,,,,,,,,,,,,,,,,,,,
275202|2752|CattleCr_PoC1||Wind|Onshore,2752,Cattle Creek Wind Farm - KCI,Q00160,RWE Renewables Australia Pty Ltd,rwe_NR,QLD1,850,275202,CattleCr_PoC1,Wind,Onshore,,,Semi-scheduled,61,,6.8,,414.8,,Publicly Announced,47847,2065,,46361,46161.36849537037,,,,,,,,,,,,,,,,,,,,,,,,,,,,,,,,,,,,,,,,,,,,,,,,,,,,,,,,,,,,,,,,,,,,,,,,,,,,,,,,,,,,,,,,,,,,,,,,,,,,,,,,,,,,,,,,,,,,,,,,,,,,,,,,,,,,,,,,,,,
275203|2752|CattleCr_Poc2||Wind|Onshore,2752,Cattle Creek Wind Farm - KCI,Q00160,RWE Renewables Australia Pty Ltd,rwe_NR,QLD1,850,275203,CattleCr_Poc2,Wind,Onshore,,,Semi-scheduled,64,,6.8,,435.2,,Publicly Announced,47847,2065,,46361,46161.36849537037,,,,,,,,,,,,,,,,,,,,,,,,,,,,,,,,,,,,,,,,,,,,,,,,,,,,,,,,,,,,,,,,,,,,,,,,,,,,,,,,,,,,,,,,,,,,,,,,,,,,,,,,,,,,,,,,,,,,,,,,,,,,,,,,,,,,,,,,,,,
282101|2821|CPWF_GU1||Wind|Onshore,2821,Central Para Wind Farm (KCI),N00192,Macleay Ventures Pty Ltd.,macleayventures_nr,NSW1,400,282101,CPWF_GU1,Wind,Onshore,,,Semi-scheduled,57,,7,,399,,Publicly Announced,,,,45901,45568.95178240741,,,,,,,,,,,,,,,,,,,,,,,,,,,,,,,,,,,,,,,,,,,,,,,,,,,,,,,,,,,,,,,,,,,,,,,,,,,,,,,,,,,,,,,,,,,,,,,,,,,,,,,,,,,,,,,,,,,,,,,,,,,,,,,,,,,,,,,,,,,
309201|3092|HVBS_GU1||Battery Storage|Lithium-ion,3092,Central Queensland Energy Storage Project - Stage 1,,Highview Power Pty Ltd,highviewpower_nr,QLD1,780,309201,HVBS_GU1,Battery Storage,Lithium-ion,,,Scheduled,40,2.75,2.5,110,100,800,Publicly Announced,,2055,,46361,46188.569189814814,,,,,,,,,,,,,,,,,,,,,,,,,,,,,,,,,,,,,,,,,,,,,,,,,,,,,,,,,,,,,,,,,,,,,,,,,,,,,,,,,,,,,,,,,,,,,,,,,,,,,,,,,,,,,,,,,,,,,,,,,,,,,,,,,,,,,,,,,,,
309202|3092|CQESP OCGT1||Gas Turbine|OCGT,3092,Central Queensland Energy Storage Project - Stage 1,,Highview Power Pty Ltd,highviewpower_nr,QLD1,780,309202,CQESP OCGT1,Gas Turbine,OCGT,Natural Gas,,Scheduled,1,,198,,198,,Publicly Announced,47178,2075,,46361,46188.569189814814,,,,,,,,,,,,,,,,,,,,,,,,,,,,,,,,,,,,,,,,,,,,,,,,,,,,,,,,,,,,,,,,,,,,,,,,,,,,,,,,,,,,,,,,,,,,,,,,,,,,,,,,,,,,,,,,,,,,,,,,,,,,,,,,,,,,,,,,,,,
309204|3092|CQESP OCGT 2||Gas Turbine|OCGT,3092,Central Queensland Energy Storage Project - Stage 1,,Highview Power Pty Ltd,highviewpower_nr,QLD1,780,309204,CQESP OCGT 2,Gas Turbine,OCGT,Natural Gas,,Scheduled,1,,198,,198,,Publicly Announced,47301,2058,,46361,46188.569189814814,,,,,,,,,,,,,,,,,,,,,,,,,,,,,,,,,,,,,,,,,,,,,,,,,,,,,,,,,,,,,,,,,,,,,,,,,,,,,,,,,,,,,,,,,,,,,,,,,,,,,,,,,,,,,,,,,,,,,,,,,,,,,,,,,,,,,,,,,,,
309301|3093|HVBS_GU2||Battery Storage|Compressed Air,3093,Central Queensland Energy Storage Project - Stage 2,,Highview Power,highviewpower_nr,QLD1,200,309301,HVBS_GU2,Battery Storage,Compressed Air,,,Scheduled,1,200,200,200,200,2400,Publicly Announced,47514,2075,,46361,46188.57612268518,,,,,,,,,,,,,,,,,,,,,,,,,,,,,,,,,,,,,,,,,,,,,,,,,,,,,,,,,,,,,,,,,,,,,,,,,,,,,,,,,,,,,,,,,,,,,,,,,,,,,,,,,,,,,,,,,,,,,,,,,,,,,,,,,,,,,,,,,,,
104401|1044|Challicum Hills:1-35|CHALLHWF|Wind|Onshore,1044,Challicum Hills,,Pacific Hydro Challicum Hills Pty Ltd,CHALLHWF,VIC1,52.5,104401,Challicum Hills:1-35,Wind,Onshore,,CHALLHWF,Significant Non-scheduled,35,,1.5,,52.5,,In Service,,2030,,46091,46177.46413194444,52.5,52.5,52.5,52.5,52.5,52.5,52.5,52.5,52.5,52.5,52.5,52.5,52.5,52.5,52.5,0,0,0,0,0,0,0,0,0,0,0,0,0,0,0,0,0,0,0,0,0,0,0,0,0,0,0,0,0,0,0,0,0,0,0,,,,,,,,,,,,,,,,,,,,,,,,,,,,,,,,,,,,,,,,,,,,,,,,,,,,,,,,,,,,,,,,,,,,,,,,,,,,,,,,,,,,,,,,,
185601|1856|Chances Plain Solar Farm:1||Solar PV|Single Axis Tracking,1856,Chances Plain Solar Farm,,juwi Renewable Energy Pty Ltd,juwi_NR,QLD1,98,185601,Chances Plain Solar Farm:1,Solar PV,Single Axis Tracking,,,Semi-scheduled,30,,3.27,,98.1,,Publicly Announced,,,,45689,45335.77276620371,,,,,,,,,,,,,,,,,,,,,,,,,,,,,,,,,,,,,,,,,,,,,,,,,,,,,,,,,,,,,,,,,,,,,,,,,,,,,,,,,,,,,,,,,,,,,,,,,,,,,,,,,,,,,,,,,,,,,,,,,,,,,,,,,,,,,,,,,,,
126101|1261|Chepstowe Wind Farm:1-3|CHPSTWF1|Wind|Onshore,1261,Chepstowe Wind Farm - VIC,,Prime Renewables Pty Ltd,primerenewables_nr,VIC1,6.15,126101,Chepstowe Wind Farm:1-3,Wind,Onshore,,CHPSTWF1,Non-scheduled,3,,2.05,,6.15,,In Service,,2039,,46091,46111.67458333333,,,,,,,,,,,,,,,,,,,,,,,,,,,,,,,,,,,,,,,,,,,,,,,,,,,,,,,,,,,,,,,,,,,,,,,,,,,,,,,,,,,,,,,,,,,,,,,,,,,,,,,,,,,,,,,,,,,,,,,,,,,,,,,,,,,,,,,,,,,
126301|1263|Cherry Tree Wind Farm:Units 1-16|CHYTWF1|Wind|Onshore,1263,Cherry Tree Wind Farm,,Atmos Renewables,atmos_nr,VIC1,57.6,126301,Cherry Tree Wind Farm:Units 1-16,Wind,Onshore,,CHYTWF1,Semi-scheduled,16,,3.6,,57.6,,In Service,,2050,,46361,46164.476377314815,57.6,53.6,43.2,57.6,53.6,43.2,57.6,53.6,43.2,57.6,53.6,43.2,57.6,53.6,43.2,57.6,53.6,43.2,57.6,53.6,43.2,57.6,53.6,43.2,57.6,53.6,43.2,,,,,,,,,,,,,,,,,,,,,,,,,,,,,,,,,,,,,,,,,,,,,,,,,,,,,,,,,,,,,,,,,,,,,,,,,,,,,,,,,,,,,,,,,,,,,,,,,,,,,,,,,,,,,,,,
144102|1441|CSF1|CHILDSF1|Solar PV|Single Axis Tracking,1441,Childers Solar Farm,,Childers Solar Pty Ltd as trustee for the Childers Solar Trust,CSF1,QLD1,56,144102,CSF1,Solar PV,Single Axis Tracking,,CHILDSF1,Semi-scheduled,37,1.74,1.51,64.38,55.87,,In Service,,2049,,46091,46108.52486111111,55.87,55.87,55.87,55.87,55.87,55.87,55.87,55.87,55.87,55.87,55.87,55.87,55.87,55.87,55.87,55.87,55.87,55.87,55.87,55.87,55.87,55.87,55.87,55.87,55.87,55.87,55.87,55.87,55.87,55.87,,,,,,,,,,,,,,,,,,,,,,,,,,,,,,,,,,,,,,,,,,,,,,,,,,,,,,,,,,,,,,,,,,,,,,,,,,,,,,,,,,,,,,,,,,,,,,,,,,,,,,,,,,,,,
203101|2031|Chinch1|CHBESS1|Battery Storage|Lithium-ion,2031,Chinchilla BESS,Q00032,CSE BESS Pty Ltd,CSENERGY,QLD1,100,203101,Chinch1,Battery Storage,Lithium-ion,,CHBESS1,Scheduled,1,,100,,100,200,In Service,,2039,,46091,46148.592569444445,100,100,100,100,100,100,100,100,100,100,100,100,100,100,100,100,100,100,100,100,100,100,100,100,100,100,100,100,100,100,200,200,200,200,200,200,200,200,200,200,200,200,200,200,200,200,200,200,200,200,,,,,,,,,,,,,,,,,,,,,,,,,,,,,,,,,,,,,,,,,,,,,,,,,,,,,,,,,,,,,,,,,,,,,,,,,,,,,,,,,,,,,,,,,
141801|1418|Chinchilla Solar Farm - First Solar:Units 1-69||Solar PV|Single Axis Tracking,1418,Chinchilla Solar Farm,,First Solar Australia Pty Ltd,,QLD1,1,141801,Chinchilla Solar Farm - First Solar:Units 1-69,Solar PV,Single Axis Tracking,,,Semi-scheduled,69,,1.64,,113.16,,Publicly Announced,,,,46091,45180.869305555556,,,,,,,,,,,,,,,,,,,,,,,,,,,,,,,,,,,,,,,,,,,,,,,,,,,,,,,,,,,,,,,,,,,,,,,,,,,,,,,,,,,,,,,,,,,,,,,,,,,,,,,,,,,,,,,,,,,,,,,,,,,,,,,,,,,,,,,,,,,
138301|1383|Clare Solar Farm:Units 1-69|CLARESF1|Solar PV|Single Axis Tracking,1383,Clare Solar Farm,,Clare Asset Co Pty Ltd ATF Clare Asset Trust,res-group_NR,QLD1,100,138301,Clare Solar Farm:Units 1-69,Solar PV,Single Axis Tracking,,CLARESF1,Semi-scheduled,69,1.6,1.6,110.4,110.4,,In Service,,2047,,46091,46164.42623842593,99.981,96.6,95.22,99.981,96.6,95.22,99.981,96.6,95.22,99.981,96.6,95.22,99.981,96.6,95.22,99.981,96.6,95.22,99.981,96.6,95.22,99.981,96.6,95.22,99.981,96.6,95.22,99.981,96.6,95.22,,,,,,,,,,,,,,,,,,,,,,,,,,,,,,,,,,,,,,,,,,,,,,,,,,,,,,,,,,,,,,,,,,,,,,,,,,,,,,,,,,,,,,,,,,,,,,,,,,,,,,,,,,,,,
275301|2753|clarke2b||Battery Storage|Lithium-ion,2753,Clarke Creek 2 BESS - KCI,Q00161,Isaac Wind and Solar Energy Pty Ltd,,QLD1,400,275301,clarke2b,Battery Storage,Lithium-ion,,,Scheduled,1,,400,,400,400,Publicly Announced,,,,46091,45475.08528935185,,,,,,,,,,,,,,,,,,,,,,,,,,,,,,,,,,,,,,,,,,,,,,,,,,,,,,,,,,,,,,,,,,,,,,,,,,,,,,,,,,,,,,,,,,,,,,,,,,,,,,,,,,,,,,,,,,,,,,,,,,,,,,,,,,,,,,,,,,,
198801|1988|CLRKCWF1|CLRKCWF1|Wind|Onshore,1988,Clarke Creek Wind Farm,,Squadron Energy Services Pty Ltd,squadronenergy_NR,QLD1,439,198801,CLRKCWF1,Wind,Onshore,,CLRKCWF1,Semi-scheduled,77,,4.5,,346.5,,In Commissioning,46204,2049,,46091,46095.68210648148,338.03,338.03,338.03,338.03,338.03,338.03,338.03,338.03,338.03,338.03,338.03,338.03,338.03,338.03,338.03,338.03,338.03,338.03,338.03,338.03,338.03,338.03,338.03,338.03,338.03,338.03,338.03,338.03,338.03,338.03,,,,,,,,,,,,,,,,,,,,,,,,,,,,,,,,,,,,,,,,,,,,,,,,,,,,,,,,,,,,,,,,,,,,,,,,,,,,,,,,,,,,,,,,,,,,,,,,,,,,,,,,,,,,,
198802|1988|CLRKCWF2|CLRKCWF2|Wind|Onshore,1988,Clarke Creek Wind Farm,,Squadron Energy Services Pty Ltd,squadronenergy_NR,QLD1,439,198802,CLRKCWF2,Wind,Onshore,,CLRKCWF2,Semi-scheduled,23,,4.5,,103.5,,In Commissioning,46204,2049,,46091,46095.68210648148,100.97,100.97,100.97,100.97,100.97,100.97,100.97,100.97,100.97,100.97,100.97,100.97,100.97,100.97,100.97,100.97,100.97,100.97,100.97,100.97,100.97,100.97,100.97,100.97,100.97,100.97,100.97,100.97,100.97,100.97,,,,,,,,,,,,,,,,,,,,,,,,,,,,,,,,,,,,,,,,,,,,,,,,,,,,,,,,,,,,,,,,,,,,,,,,,,,,,,,,,,,,,,,,,,,,,,,,,,,,,,,,,,,,,
204301|2043|CC2_G1||Wind|Onshore,2043,Clarke Creek Wind Farm Stage 2,Q00043,Squadron Energy Services Pty Ltd,squadronenergy_NR,QLD1,696,204301,CC2_G1,Wind,Onshore,,,Semi-scheduled,87,,8,,696,,Publicly Announced,,,,46361,46176.66541666666,,,,,,,,,,,,,,,,,,,,,,,,,,,,,,,,,,,,,,,,,,,,,,,,,,,,,,,,,,,,,,,,,,,,,,,,,,,,,,,,,,,,,,,,,,,,,,,,,,,,,,,,,,,,,,,,,,,,,,,,,,,,,,,,,,,,,,,,,,,
104601|1046|Clayton: 1-11||Other|Other,1046,Clayton,,EDL LFG Vic Pty Ltd,EDLLFGV,VIC1,11,104601,Clayton: 1-11,Other,Other,,,Non-scheduled,11,,1.03,,11.33,,Publicly Announced,,2034,,46091,46108.669120370374,,,,,,,,,,,,,,,,,,,,,,,,,,,,,,,,,,,,,,,,,,,,,,,,,,,,,,,,,,,,,,,,,,,,,,,,,,,,,,,,,,,,,,,,,,,,,,,,,,,,,,,,,,,,,,,,,,,,,,,,,,,,,,,,,,,,,,,,,,,
156201|1562|Clermont Solar Farm|CLERMSF1|Solar PV|Single Axis Tracking,1562,Clermont Solar Farm,,Clermont Asset Co Pty Ltd as Trustee for Clerrmont Solar Unit Trust,CLERMSF,QLD1,75,156201,Clermont Solar Farm,Solar PV,Single Axis Tracking,,CLERMSF1,Semi-scheduled,37,2.41,2.5,89.17,92.5,,In Service,,2049,,46091,46140.74012731481,74.999,72.89,71.41,74.999,72.89,71.41,74.999,72.89,71.41,74.999,72.89,71.41,74.999,72.89,71.41,74.999,72.89,71.41,74.999,72.89,71.41,74.999,72.89,71.41,74.999,72.89,71.41,74.999,72.89,71.41,,,,,,,,,,,,,,,,,,,,,,,,,,,,,,,,,,,,,,,,,,,,,,,,,,,,,,,,,,,,,,,,,,,,,,,,,,,,,,,,,,,,,,,,,,,,,,,,,,,,,,,,,,,,,
104801|1048|Clover 1|CLOVER|Hydro|Dam,1048,Clover,,AGL Hydro Partnership,SOUTHHYD,VIC1,29,104801,Clover 1,Hydro,Dam,,CLOVER,Non-scheduled,1,,14.5,,14.5,,In Service,,2057,,46091,46105.40290509259,,,,,,,,,,,,,,,,,,,,,,,,,,,,,,,,,,,,,,,,,,,,,,,,,,,,,,,,,,,,,,,,,,,,,,,,,,,,,,,,,,,,,,,,,,,,,,,,,,,,,,,,,,,,,,,,,,,,,,,,,,,,,,,,,,,,,,,,,,,
104802|1048|Clover 2|CLOVER|Hydro|Dam,1048,Clover,,AGL Hydro Partnership,SOUTHHYD,VIC1,29,104802,Clover 2,Hydro,Dam,,CLOVER,Non-scheduled,1,,14.5,,14.5,,In Service,,2057,,46091,46105.40290509259,,,,,,,,,,,,,,,,,,,,,,,,,,,,,,,,,,,,,,,,,,,,,,,,,,,,,,,,,,,,,,,,,,,,,,,,,,,,,,,,,,,,,,,,,,,,,,,,,,,,,,,,,,,,,,,,,,,,,,,,,,,,,,,,,,,,,,,,,,,
268901|2689|GRBESS||Battery Storage|Lithium-ion,2689,Cloverlea BESS,N00179,goldwindaustralia_NR,goldwindaustralia_NR,NSW1,500,268901,GRBESS,Battery Storage,Lithium-ion,,,Scheduled,1,,500,,500,500,Publicly Announced,,,,46091,46163.54126157407,,,,,,,,,,,,,,,,,,,,,,,,,,,,,,,,,,,,,,,,,,,,,,,,,,,,,,,,,,,,,,,,,,,,,,,,,,,,,,,,,,,,,,,,,,,,,,,,,,,,,,,,,,,,,,,,,,,,,,,,,,,,,,,,,,,,,,,,,,,
279501|2795|CBESS||Battery Storage|Lithium-ion,2795,Cobbora BESS,,Pacific Partnerships,pacificp_NR,NSW1,400,279501,CBESS,Battery Storage,Lithium-ion,,,Scheduled,217,,2.4,,520.8,800.73,Publicly Announced,,,,46361,46010.5125,,,,,,,,,,,,,,,,,,,,,,,,,,,,,,,,,,,,,,,,,,,,,,,,,,,,,,,,,,,,,,,,,,,,,,,,,,,,,,,,,,,,,,,,,,,,,,,,,,,,,,,,,,,,,,,,,,,,,,,,,,,,,,,,,,,,,,,,,,,
280901|2809|CSF||Solar PV|Fixed,2809,Cobbora Solar Farm,,pacificp_NR,pacificp_NR,NSW1,700,280901,CSF,Solar PV,Fixed,,,Semi-scheduled,186,,4.4,,818.4,,Publicly Announced,,,,46361,46010.51186342593,,,,,,,,,,,,,,,,,,,,,,,,,,,,,,,,,,,,,,,,,,,,,,,,,,,,,,,,,,,,,,,,,,,,,,,,,,,,,,,,,,,,,,,,,,,,,,,,,,,,,,,,,,,,,,,,,,,,,,,,,,,,,,,,,,,,,,,,,,,
288102|2881|COBBS_GU1||Battery Storage|Lithium-ion,2881,Cobden BESS,,Cobden BESS Pty Ltd,ARES_NR,VIC1,75,288102,COBBS_GU1,Battery Storage,Lithium-ion,,,Scheduled,22,4.23,4.6,93.06,101.2,358.6,Publicly Announced,46934,2052,,46091,46111.7159375,,,,,,,,,,,,,,,,,,,,,,,,,,,,,,,,,,,,,,,,,,,,,,,,,,,,,,,,,,,,,,,,,,,,,,,,,,,,,,,,,,,,,,,,,,,,,,,,,,,,,,,,,,,,,,,,,,,,,,,,,,,,,,,,,,,,,,,,,,,
105101|1051|Codrington:1-14|CODRNGTON|Wind|Onshore,1051,Codrington Wind Farm,,Energy Pacific (Vic) Pty Ltd,pacificblue_nr,VIC1,18.2,105101,Codrington:1-14,Wind,Onshore,,CODRNGTON,Non-scheduled,14,,1.3,,18.2,,In Service,,2027,,46091,46164.278958333336,,,,,,,,,,,,,,,,,,,,,,,,,,,,,,,,,,,,,,,,,,,,,,,,,,,,,,,,,,,,,,,,,,,,,,,,,,,,,,,,,,,,,,,,,,,,,,,,,,,,,,,,,,,,,,,,,,,,,,,,,,,,,,,,,,,,,,,,,,,
169102|1691|CSF|COHUNSF1|Solar PV|Single Axis Tracking,1691,Cohuna Solar Farm,,Cohuna Solar Farm Pty Ltd as trustee for the Cohuna Solar Farm Trust,enel_NR,VIC1,27,169102,CSF,Solar PV,Single Axis Tracking,,COHUNSF1,Semi-scheduled,19,,1.64,,31.16,,In Service,,2045,,46091,46167.66625,27.17,27.17,24.51,27.17,27.17,24.51,27.17,27.17,24.51,27.17,27.17,24.51,27.17,27.17,24.51,27.17,27.17,24.51,27.17,27.17,24.51,27.17,27.17,24.51,27.17,27.17,24.51,27.17,27.17,24.51,,,,,,,,,,,,,,,,,,,,,,,,,,,,,,,,,,,,,,,,,,,,,,,,,,,,,,,,,,,,,,,,,,,,,,,,,,,,,,,,,,,,,,,,,,,,,,,,,,,,,,,,,,,,,
194001|1940|ColeBESS||Battery Storage|Lithium-ion,1940,Coleambally BESS,N00024,Coleambally BESS Trust,octopusinvestments_NR,NSW1,100,194001,ColeBESS,Battery Storage,Lithium-ion,,,Scheduled,40,3.06,4.2,122.4,168,400,Anticipated,47238,2064,,46091,46174.52260416667,0,0,0,0,0,0,0,0,0,100,100,100,100,100,100,100,100,100,100,100,100,100,100,100,100,100,100,100,100,100,0,0,0,0,0,0,400,400,400,400,400,400,400,400,400,400,400,400,400,400,,,,,,,,,,,,,,,,,,,,,,,,,,,,,,,,,,,,,,,,,,,,,,,,,,,,,,,,,,,,,,,,,,,,,,,,,,,,,,,,,,,,,,,,,
142001|1420|Coleambally Solar Farm:1-90|COLEASF1|Solar PV|Single Axis Tracking,1420,Coleambally Solar Farm,,Coleambally Solar Pty Ltd,COLEAMSF,NSW1,150,142001,Coleambally Solar Farm:1-90,Solar PV,Single Axis Tracking,,COLEASF1,Semi-scheduled,90,,1.67,,150.3,,In Service,,2043,,46091,46111.676030092596,150.03,150.03,150.03,150.03,150.03,150.03,150.03,150.03,150.03,150.03,150.03,150.03,150.03,150.03,150.03,150.03,150.03,150.03,150.03,150.03,150.03,150.03,150.03,150.03,150.03,150.03,150.03,150.03,150.03,150.03,,,,,,,,,,,,,,,,,,,,,,,,,,,,,,,,,,,,,,,,,,,,,,,,,,,,,,,,,,,,,,,,,,,,,,,,,,,,,,,,,,,,,,,,,,,,,,,,,,,,,,,,,,,,,
331201|3312|Coleraine Wind Farm||Wind|Onshore,3312,Coleraine Wind Farm - KCI,V00207,,,VIC1,1000,331201,Coleraine Wind Farm,Wind,Onshore,,,Semi-scheduled,1,,1000,,1000,,Publicly Announced,,,,,46205.42135416667,,,,,,,,,,,,,,,,,,,,,,,,,,,,,,,,,,,,,,,,,,,,,,,,,,,,,,,,,,,,,,,,,,,,,,,,,,,,,,,,,,,,,,,,,,,,,,,,,,,,,,,,,,,,,,,,,,,,,,,,,,,,,,,,,,,,,,,,,,,
105201|1052|Collector:Station|COLWF01|Wind|Onshore,1052,Collector,,Ratch Australia,TOORAWF,NSW1,219,105201,Collector:Station,Wind,Onshore,,COLWF01,Semi-scheduled,54,,4.2,,226.8,,In Service,,2046,,46091,46161.57496527778,218.7,210.6,124.2,218.7,210.6,124.2,218.7,210.6,124.2,218.7,210.6,124.2,218.7,210.6,124.2,218.7,210.6,124.2,218.7,210.6,124.2,218.7,210.6,124.2,218.7,210.6,124.2,218.7,210.6,124.2,,,,,,,,,,,,,,,,,,,,,,,,,,,,,,,,,,,,,,,,,,,,,,,,,,,,,,,,,,,,,,,,,,,,,,,,,,,,,,,,,,,,,,,,,,,,,,,,,,,,,,,,,,,,,
324601|3246|Collinsville_B||Battery Storage|Lithium-ion,3246,Collinsville BESS,,Ratch Australia,TOORAWF,QLD1,200,324601,Collinsville_B,Battery Storage,Lithium-ion,,,Scheduled,62,4.2,4.2,260.4,260.4,799.8,Publicly Announced,47482,2060,,46091,46161.56888888889,,,,,,,,,,,,,,,,,,,,,,,,,,,,,,,,,,,,,,,,,,,,,,,,,,,,,,,,,,,,,,,,,,,,,,,,,,,,,,,,,,,,,,,,,,,,,,,,,,,,,,,,,,,,,,,,,,,,,,,,,,,,,,,,,,,,,,,,,,,
319601|3196|CO_GU1||Battery Storage|Lithium-ion,3196,Collinsville BESS - KCI,Q00291,Ratch Energy SA,nexif_NR,QLD1,200,319601,CO_GU1,Battery Storage,Lithium-ion,,,Scheduled,1,,200,,200,200,Publicly Announced,,,,46091,46044.65950231482,,,,,,,,,,,,,,,,,,,,,,,,,,,,,,,,,,,,,,,,,,,,,,,,,,,,,,,,,,,,,,,,,,,,,,,,,,,,,,,,,,,,,,,,,,,,,,,,,,,,,,,,,,,,,,,,,,,,,,,,,,,,,,,,,,,,,,,,,,,
252001|2520|COL||Wind|Onshore,2520,Collinsville Green Energy Hub,Q00242,COLLINSVILLE GREEN ENERGY HUB PTY LTD ,arkenergy_nr,QLD1,3000,252001,COL,Wind,Onshore,,,Semi-scheduled,364,,7.8,,2839.2,,Publicly Announced,,,,46091,45923.09421296296,,,,,,,,,,,,,,,,,,,,,,,,,,,,,,,,,,,,,,,,,,,,,,,,,,,,,,,,,,,,,,,,,,,,,,,,,,,,,,,,,,,,,,,,,,,,,,,,,,,,,,,,,,,,,,,,,,,,,,,,,,,,,,,,,,,,,,,,,,,
173401|1734|CNBP||Battery Storage|Lithium-ion,1734,Collinsville North Battery Project,,TBSOL,TBSOL,QLD1,100,173401,CNBP,Battery Storage,Lithium-ion,,,Scheduled,1,,100,,100,100,Publicly Announced,46387,,,46091,45335.7603125,,,,,,,,,,,,,,,,,,,,,,,,,,,,,,,,,,,,,,,,,,,,,,,,,,,,,,,,,,,,,,,,,,,,,,,,,,,,,,,,,,,,,,,,,,,,,,,,,,,,,,,,,,,,,,,,,,,,,,,,,,,,,,,,,,,,,,,,,,,
134901|1349|Collinsville PV:All Units|CSPVPS1|Solar PV|Fixed,1349,Collinsville PV,,Ratch Australia,TOORAWF,QLD1,40.76,134901,Collinsville PV:All Units,Solar PV,Fixed,,CSPVPS1,Semi-scheduled,17,,2.5,,42.5,,In Service,,2044,,46091,46161.56990740741,42.5,41.31,39.95,42.5,41.31,39.95,42.5,41.31,39.95,42.5,41.31,39.95,42.5,41.31,39.95,42.5,41.31,39.95,42.5,41.31,39.95,42.5,41.31,39.95,42.5,41.31,39.95,42.5,41.31,39.95,,,,,,,,,,,,,,,,,,,,,,,,,,,,,,,,,,,,,,,,,,,,,,,,,,,,,,,,,,,,,,,,,,,,,,,,,,,,,,,,,,,,,,,,,,,,,,,,,,,,,,,,,,,,,
105301|1053|Colongra:1|CG1|Gas Turbine|OCGT,1053,Colongra,,Snowy Hydro Ltd,SNOWY,NSW1,724,105301,Colongra:1,Gas Turbine,OCGT,Natural Gas,CG1,Scheduled,1,,181,,181,,In Service,,2070,,46091,46105.361909722225,178,167,164,178,0,0,178,167,164,178,167,164,178,167,164,178,167,164,178,167,164,178,167,164,178,167,164,178,167,164,,,,,,,,,,,,,,,,,,,,,,,,,,,,,,,,,,,,,,,,,,,,,,,,,,,,,,,,,,,,,,,,,,,,,,,,,,,,,,,,,,,,,,,,,,,,,,,,,,,,,,,,,,,,,
105302|1053|Colongra:2|CG2|Gas Turbine|OCGT,1053,Colongra,,Snowy Hydro Ltd,SNOWY,NSW1,724,105302,Colongra:2,Gas Turbine,OCGT,Natural Gas,CG2,Scheduled,1,,181,,181,,In Service,,2070,,46091,46105.361909722225,178,167,164,178,167,164,178,167,164,178,167,164,178,167,164,178,167,164,178,167,164,178,167,164,178,167,164,178,167,164,,,,,,,,,,,,,,,,,,,,,,,,,,,,,,,,,,,,,,,,,,,,,,,,,,,,,,,,,,,,,,,,,,,,,,,,,,,,,,,,,,,,,,,,,,,,,,,,,,,,,,,,,,,,,
105303|1053|Colongra:3|CG3|Gas Turbine|OCGT,1053,Colongra,,Snowy Hydro Ltd,SNOWY,NSW1,724,105303,Colongra:3,Gas Turbine,OCGT,Natural Gas,CG3,Scheduled,1,,181,,181,,In Service,,2070,,46091,46105.361909722225,178,167,164,178,167,164,178,167,164,178,167,164,178,167,164,178,167,164,178,167,164,178,167,164,178,167,164,178,167,164,,,,,,,,,,,,,,,,,,,,,,,,,,,,,,,,,,,,,,,,,,,,,,,,,,,,,,,,,,,,,,,,,,,,,,,,,,,,,,,,,,,,,,,,,,,,,,,,,,,,,,,,,,,,,
105304|1053|Colongra:4|CG4|Gas Turbine|OCGT,1053,Colongra,,Snowy Hydro Ltd,SNOWY,NSW1,724,105304,Colongra:4,Gas Turbine,OCGT,Natural Gas,CG4,Scheduled,1,,181,,181,,In Service,,2070,,46091,46105.361909722225,178,167,164,178,167,164,178,167,164,178,167,164,178,167,164,178,167,164,178,167,164,178,167,164,178,167,164,178,167,164,,,,,,,,,,,,,,,,,,,,,,,,,,,,,,,,,,,,,,,,,,,,,,,,,,,,,,,,,,,,,,,,,,,,,,,,,,,,,,,,,,,,,,,,,,,,,,,,,,,,,,,,,,,,,
306201|3062|CSSF_GU1||Solar PV|Single Axis Tracking,3062,Colosseum Solar Farm and BESS,Q00226,Global Power Generation Australia Pty Ltd,globalpower-generation_NR,QLD1,400,306201,CSSF_GU1,Solar PV,Single Axis Tracking,,,Semi-scheduled,1,480,400,480,400,,Publicly Announced,46754,2059,,46361,46099.554143518515,,,,,,,,,,,,,,,,,,,,,,,,,,,,,,,,,,,,,,,,,,,,,,,,,,,,,,,,,,,,,,,,,,,,,,,,,,,,,,,,,,,,,,,,,,,,,,,,,,,,,,,,,,,,,,,,,,,,,,,,,,,,,,,,,,,,,,,,,,,
306203|3062|CSSF_GU2||Battery Storage|Lithium-ion,3062,Colosseum Solar Farm and BESS,Q00226,Global Power Generation Australia Pty Ltd,globalpower-generation_NR,QLD1,400,306203,CSSF_GU2,Battery Storage,Lithium-ion,,,Scheduled,1,480,400,480,400,1600,Publicly Announced,46935,2059,,46361,46099.554143518515,,,,,,,,,,,,,,,,,,,,,,,,,,,,,,,,,,,,,,,,,,,,,,,,,,,,,,,,,,,,,,,,,,,,,,,,,,,,,,,,,,,,,,,,,,,,,,,,,,,,,,,,,,,,,,,,,,,,,,,,,,,,,,,,,,,,,,,,,,,
255401|2554|CBS_GU1||Battery Storage|Lithium-ion,2554,Columboola BESS,Q00116,Columboola BESS Nominees Pty Ltd,,QLD1,700,255401,CBS_GU1,Battery Storage,Lithium-ion,,,Scheduled,1,,700,,700,,Publicly Announced,,,,46091,45112.11246527778,,,,,,,,,,,,,,,,,,,,,,,,,,,,,,,,,,,,,,,,,,,,,,,,,,,,,,,,,,,,,,,,,,,,,,,,,,,,,,,,,,,,,,,,,,,,,,,,,,,,,,,,,,,,,,,,,,,,,,,,,,,,,,,,,,,,,,,,,,,
145902|1459|Columboola:PV Panels|COLUMSF1|Solar PV|Single Axis Tracking,1459,Columboola Solar Farm,Q00121,Luminous Energy,COLUMSF,QLD1,162,145902,Columboola:PV Panels,Solar PV,Single Axis Tracking,,COLUMSF1,Semi-scheduled,79,2.75,2.75,217.25,217.25,,In Service,,2046,,46091,46164.42834490741,161.95,161.95,161.95,161.95,161.95,161.95,161.95,161.95,161.95,161.95,161.95,161.95,161.95,161.95,161.95,161.95,161.95,161.95,161.95,161.95,161.95,161.95,161.95,161.95,161.95,161.95,161.95,161.95,161.95,161.95,,,,,,,,,,,,,,,,,,,,,,,,,,,,,,,,,,,,,,,,,,,,,,,,,,,,,,,,,,,,,,,,,,,,,,,,,,,,,,,,,,,,,,,,,,,,,,,,,,,,,,,,,,,,,
274901|2749|cometbes||Battery Storage|Lithium-ion,2749,Comet Energy Park,Q00181,Comet Energy Pty Ltd,hadstone_NR,QLD1,120,274901,cometbes,Battery Storage,Lithium-ion,,,Scheduled,1,120,120,120,120,480,Publicly Announced,46568,2072,,46361,46167.277037037034,,,,,,,,,,,,,,,,,,,,,,,,,,,,,,,,,,,,,,,,,,,,,,,,,,,,,,,,,,,,,,,,,,,,,,,,,,,,,,,,,,,,,,,,,,,,,,,,,,,,,,,,,,,,,,,,,,,,,,,,,,,,,,,,,,,,,,,,,,,
275402|2754|CPBESS||Battery Storage|Lithium-ion,2754,Comet Park BESS - KCI,N00172,Samsung C&amp;amp;T Renewable Energy Australia Pty Ltd.,samsung_NR,NSW1,150,275402,CPBESS,Battery Storage,Lithium-ion,,,Scheduled,60,4.2,4.2,252,252,720,Publicly Announced,47056,2057,,46091,46101.481400462966,,,,,,,,,,,,,,,,,,,,,,,,,,,,,,,,,,,,,,,,,,,,,,,,,,,,,,,,,,,,,,,,,,,,,,,,,,,,,,,,,,,,,,,,,,,,,,,,,,,,,,,,,,,,,,,,,,,,,,,,,,,,,,,,,,,,,,,,,,,
326501|3265|Conargo Wind Farm||Wind|Onshore,3265,Conargo Wind Farm - KCI,N00291,Squadron Energy Pty Ltd,squadronenergy_NR,NSW1,130,326501,Conargo Wind Farm,Wind,Onshore,,,Semi-scheduled,1,,130,,130,,Publicly Announced,,,,46091,46120.404074074075,,,,,,,,,,,,,,,,,,,,,,,,,,,,,,,,,,,,,,,,,,,,,,,,,,,,,,,,,,,,,,,,,,,,,,,,,,,,,,,,,,,,,,,,,,,,,,,,,,,,,,,,,,,,,,,,,,,,,,,,,,,,,,,,,,,,,,,,,,,
105401|1054|1OCGT|CPSA|Gas Turbine|CCGT,1054,Condamine A,,QGC Sales QLD Pty Ltd,QGCSALE1,QLD1,144,105401,1OCGT,Gas Turbine,CCGT,Natural Gas,CPSA,Scheduled,1,,43.7,,43.7,,In Service,,2039,,46091,46107.466828703706,43.907,41.891,41.787,43.907,41.891,41.787,43.907,41.891,41.787,43.907,41.891,41.787,43.907,41.891,41.787,43.907,41.891,41.787,43.907,41.891,41.787,43.907,41.891,41.787,43.907,41.891,41.787,43.907,41.891,41.787,,,,,,,,,,,,,,,,,,,,,,,,,,,,,,,,,,,,,,,,,,,,,,,,,,,,,,,,,,,,,,,,,,,,,,,,,,,,,,,,,,,,,,,,,,,,,,,,,,,,,,,,,,,,,
105402|1054|2OCGT|CPSA|Gas Turbine|CCGT,1054,Condamine A,,QGC Sales QLD Pty Ltd,QGCSALE1,QLD1,144,105402,2OCGT,Gas Turbine,CCGT,Natural Gas,CPSA,Scheduled,1,,43.7,,43.7,,In Service,,2039,,46091,46107.466828703706,43.907,41.891,41.787,43.907,41.891,41.787,43.907,41.891,41.787,43.907,41.891,41.787,43.907,41.891,41.787,43.907,41.891,41.787,43.907,41.891,41.787,43.907,41.891,41.787,43.907,41.891,41.787,43.907,41.891,41.787,,,,,,,,,,,,,,,,,,,,,,,,,,,,,,,,,,,,,,,,,,,,,,,,,,,,,,,,,,,,,,,,,,,,,,,,,,,,,,,,,,,,,,,,,,,,,,,,,,,,,,,,,,,,,
105403|1054|3 ST|CPSA|Gas Turbine|Steam Turbine,1054,Condamine A,,QGC Sales QLD Pty Ltd,QGCSALE1,QLD1,144,105403,3 ST,Gas Turbine,Steam Turbine,Natural Gas,CPSA,Scheduled,1,,57,,57,,In Service,,2039,,46091,46107.466828703706,0,0,0,0,0,0,0,54.971,54.971,56.433,54.971,54.971,56.433,54.971,54.971,56.433,54.971,54.971,56.433,54.971,54.971,56.433,54.971,54.971,56.433,54.971,54.971,56.433,54.971,54.971,,,,,,,,,,,,,,,,,,,,,,,,,,,,,,,,,,,,,,,,,,,,,,,,,,,,,,,,,,,,,,,,,,,,,,,,,,,,,,,,,,,,,,,,,,,,,,,,,,,,,,,,,,,,,
105501|1055|CDG|CONDONG1|Gas Turbine|Steam Turbine,1055,Condong,,Cape Byron Management PTY LTD,cbpower_NR,NSW1,30,105501,CDG,Gas Turbine,Steam Turbine,Biofuel/Biomass,CONDONG1,Non-scheduled,1,,30,,30,,In Service,,2038,,46091,46108.53313657407,,,,,,,,,,,,,,,,,,,,,,,,,,,,,,,,,,,,,,,,,,,,,,,,,,,,,,,,,,,,,,,,,,,,,,,,,,,,,,,,,,,,,,,,,,,,,,,,,,,,,,,,,,,,,,,,,,,,,,,,,,,,,,,,,,,,,,,,,,,
284101|2841|CWBS_GU1||Battery Storage|Lithium-ion,2841,Connewarren BESS,V00161,Akaysha Energy Pty Ltd,akayshaenergy_NR,VIC1,1100,284101,CWBS_GU1,Battery Storage,Lithium-ion,,,Scheduled,704,1.56,1.56,1098.24,1098.24,4400,Publicly Announced,47455,2060,,46091,46167.54377314815,,,,,,,,,,,,,,,,,,,,,,,,,,,,,,,,,,,,,,,,,,,,,,,,,,,,,,,,,,,,,,,,,,,,,,,,,,,,,,,,,,,,,,,,,,,,,,,,,,,,,,,,,,,,,,,,,,,,,,,,,,,,,,,,,,,,,,,,,,,
275501|2755|conroywf||Wind|Onshore,2755,Conroys Gap WF - KCI,N00170,Waldren Construction Pty Ltd.,,NSW1,30,275501,conroywf,Wind,Onshore,,,Semi-scheduled,15,,2,,30,,Publicly Announced,,,,46091,45475.09642361111,,,,,,,,,,,,,,,,,,,,,,,,,,,,,,,,,,,,,,,,,,,,,,,,,,,,,,,,,,,,,,,,,,,,,,,,,,,,,,,,,,,,,,,,,,,,,,,,,,,,,,,,,,,,,,,,,,,,,,,,,,,,,,,,,,,,,,,,,,,
233101|2331|CSF_GU1||Solar PV|Single Axis Tracking,2331,Cooba Solar Farm - KCI,V00058, Venn Energy Pty Ltd / Cooba Solar Project Pty Ltd,vennenergy_nr,VIC1,270,233101,CSF_GU1,Solar PV,Single Axis Tracking,,,Semi-scheduled,76,4.3,4.2,326.8,319.2,,Publicly Announced,47056,2058,,46361,46149.41956018518,,,,,,,,,,,,,,,,,,,,,,,,,,,,,,,,,,,,,,,,,,,,,,,,,,,,,,,,,,,,,,,,,,,,,,,,,,,,,,,,,,,,,,,,,,,,,,,,,,,,,,,,,,,,,,,,,,,,,,,,,,,,,,,,,,,,,,,,,,,
233103|2331|CSF_GU2_BESS||Battery Storage|Lithium-ion,2331,Cooba Solar Farm - KCI,V00058, Venn Energy Pty Ltd / Cooba Solar Project Pty Ltd,vennenergy_nr,VIC1,270,233103,CSF_GU2_BESS,Battery Storage,Lithium-ion,,,Scheduled,76,4.3,4.2,326.8,319.2,912,Publicly Announced,47056,2058,,46361,46149.41956018518,,,,,,,,,,,,,,,,,,,,,,,,,,,,,,,,,,,,,,,,,,,,,,,,,,,,,,,,,,,,,,,,,,,,,,,,,,,,,,,,,,,,,,,,,,,,,,,,,,,,,,,,,,,,,,,,,,,,,,,,,,,,,,,,,,,,,,,,,,,
268101|2681|COBS_CG1||Solar PV|Single Axis Tracking,2681,Cooma Solar And BESS (ACEN),N00151,ACEN RENEWABLES,acenaustralia_NR,NSW1,180,268101,COBS_CG1,Solar PV,Single Axis Tracking,,,Semi-scheduled,1,105,80,105,80,,Publicly Announced,47185,2080,,46091,46161.634930555556,,,,,,,,,,,,,,,,,,,,,,,,,,,,,,,,,,,,,,,,,,,,,,,,,,,,,,,,,,,,,,,,,,,,,,,,,,,,,,,,,,,,,,,,,,,,,,,,,,,,,,,,,,,,,,,,,,,,,,,,,,,,,,,,,,,,,,,,,,,
268102|2681|COBS_GU1||Battery Storage|Lithium-ion,2681,Cooma Solar And BESS (ACEN),N00151,ACEN RENEWABLES,acenaustralia_NR,NSW1,180,268102,COBS_GU1,Battery Storage,Lithium-ion,,,Scheduled,1,180,180,180,180,360,Publicly Announced,47185,2080,,46091,46161.634930555556,,,,,,,,,,,,,,,,,,,,,,,,,,,,,,,,,,,,,,,,,,,,,,,,,,,,,,,,,,,,,,,,,,,,,,,,,,,,,,,,,,,,,,,,,,,,,,,,,,,,,,,,,,,,,,,,,,,,,,,,,,,,,,,,,,,,,,,,,,,
317301|3173|Coonerang WF||Wind|Onshore,3173,Coonerang Wind Farm,,Rock Flat Renewables Pty Ltd,someva_NR,NSW1,264,317301,Coonerang WF,Wind,Onshore,,,Semi-scheduled,33,8,8,264,264,,Publicly Announced,47818,2059,,46091,46113.48039351852,,,,,,,,,,,,,,,,,,,,,,,,,,,,,,,,,,,,,,,,,,,,,,,,,,,,,,,,,,,,,,,,,,,,,,,,,,,,,,,,,,,,,,,,,,,,,,,,,,,,,,,,,,,,,,,,,,,,,,,,,,,,,,,,,,,,,,,,,,,
317302|3173|Coonerang BESS||Battery Storage|Lithium-ion,3173,Coonerang Wind Farm,,Rock Flat Renewables Pty Ltd,someva_NR,NSW1,264,317302,Coonerang BESS,Battery Storage,Lithium-ion,,,Scheduled,40,3.78,3.78,151.2,151.2,604.8,Publicly Announced,47818,2050,,46091,46113.48039351852,,,,,,,,,,,,,,,,,,,,,,,,,,,,,,,,,,,,,,,,,,,,,,,,,,,,,,,,,,,,,,,,,,,,,,,,,,,,,,,,,,,,,,,,,,,,,,,,,,,,,,,,,,,,,,,,,,,,,,,,,,,,,,,,,,,,,,,,,,,
133301|1333|Coonooer Bridge Wind Farm:1-6|CBWF1|Wind|Onshore,1333,Coonooer Bridge Wind Farm,,Coonooer Bridge Wind Farm Pty Ltd,CBWF,VIC1,19.8,133301,Coonooer Bridge Wind Farm:1-6,Wind,Onshore,,CBWF1,Non-scheduled,6,3.3,3.3,19.8,19.8,,In Service,,2036,,46091,46164.43010416667,,,,,,,,,,,,,,,,,,,,,,,,,,,,,,,,,,,,,,,,,,,,,,,,,,,,,,,,,,,,,,,,,,,,,,,,,,,,,,,,,,,,,,,,,,,,,,,,,,,,,,,,,,,,,,,,,,,,,,,,,,,,,,,,,,,,,,,,,,,
105701|1057|Coopers Gap Wind Farm:1-91|COOPGWF1|Wind|Onshore,1057,Coopers Gap Wind Farm,,PARF Company 6 Pty Limited,SNOWTOWN,QLD1,453,105701,Coopers Gap Wind Farm:1-91,Wind,Onshore,,COOPGWF1,Semi-scheduled,91,,3.63,,330.33,,In Service,,2044,,46091,46112.401342592595,320.775,320.775,320.775,320.775,320.775,320.775,320.775,320.775,320.775,320.775,320.775,320.775,320.775,320.775,320.775,320.775,320.775,320.775,320.775,320.775,320.775,320.775,320.775,320.775,320.775,320.775,320.775,320.775,320.775,320.775,,,,,,,,,,,,,,,,,,,,,,,,,,,,,,,,,,,,,,,,,,,,,,,,,,,,,,,,,,,,,,,,,,,,,,,,,,,,,,,,,,,,,,,,,,,,,,,,,,,,,,,,,,,,,
105702|1057|Coopers Gap Wind Farm:92-123|COOPGWF1|Wind|Onshore,1057,Coopers Gap Wind Farm,,PARF Company 6 Pty Limited,SNOWTOWN,QLD1,453,105702,Coopers Gap Wind Farm:92-123,Wind,Onshore,,COOPGWF1,Semi-scheduled,32,,3.83,,122.56,,In Service,,2044,,46091,46112.401342592595,119.2,119.2,119.2,119.2,119.2,119.2,119.2,119.2,119.2,119.2,119.2,119.2,119.2,119.2,119.2,119.2,119.2,119.2,119.2,119.2,119.2,119.2,119.2,119.2,119.2,119.2,119.2,119.2,119.2,119.2,,,,,,,,,,,,,,,,,,,,,,,,,,,,,,,,,,,,,,,,,,,,,,,,,,,,,,,,,,,,,,,,,,,,,,,,,,,,,,,,,,,,,,,,,,,,,,,,,,,,,,,,,,,,,
263201|2632|CRBS_GU1||Battery Storage|Lithium-ion,2632,Cooroy BESS,,Enervest Operations Pty Ltd,enervest_NR,QLD1,100,263201,CRBS_GU1,Battery Storage,Lithium-ion,,,Scheduled,1,,100,,100,400,Publicly Announced,47208,2049,,46361,46112.66719907407,,,,,,,,,,,,,,,,,,,,,,,,,,,,,,,,,,,,,,,,,,,,,,,,,,,,,,,,,,,,,,,,,,,,,,,,,,,,,,,,,,,,,,,,,,,,,,,,,,,,,,,,,,,,,,,,,,,,,,,,,,,,,,,,,,,,,,,,,,,
105801|1058|Copeton:1|COPTNHYD|Hydro|Dam,1058,Copeton,,AGL,SOUTHHYD,NSW1,20,105801,Copeton:1,Hydro,Dam,,COPTNHYD,Non-scheduled,1,,20,,20,,In Service,,2036,,46091,46112.62229166667,,,,,,,,,,,,,,,,,,,,,,,,,,,,,,,,,,,,,,,,,,,,,,,,,,,,,,,,,,,,,,,,,,,,,,,,,,,,,,,,,,,,,,,,,,,,,,,,,,,,,,,,,,,,,,,,,,,,,,,,,,,,,,,,,,,,,,,,,,,
158101|1581|Coppabella Wind Farm:1||Wind|Onshore,1581,Coppabella Hybrid Generator,N00029,Coppabella Wind Farm Pty Ltd,goldwindaustralia_NR,NSW1,270,158101,Coppabella Wind Farm:1,Wind,Onshore,,,Semi-scheduled,69,4.2,4.2,289.8,289.8,,Anticipated,46593,2057,,46361,46154.423993055556,0,0,0,270.48,270.48,270.48,270.48,270.48,270.48,270.48,270.48,270.48,270.48,270.48,270.48,270.48,270.48,270.48,270.48,270.48,270.48,270.48,270.48,270.48,270.48,270.48,270.48,270.48,270.48,270.48,,,,,,,,,,,,,,,,,,,,,,,,,,,,,,,,,,,,,,,,,,,,,,,,,,,,,,,,,,,,,,,,,,,,,,,,,,,,,,,,,,,,,,,,,,,,,,,,,,,,,,,,,,,,,
261601|2616|CBS_GU1||Battery Storage|Lithium-ion,2616,Corop BESS,V00132,Leeson Solar Pty Ltd.,leeson_nr,VIC1,400,261601,CBS_GU1,Battery Storage,Lithium-ion,,,Scheduled,1,,400,,400,,Publicly Announced,,,,45901,45978.45385416667,,,,,,,,,,,,,,,,,,,,,,,,,,,,,,,,,,,,,,,,,,,,,,,,,,,,,,,,,,,,,,,,,,,,,,,,,,,,,,,,,,,,,,,,,,,,,,,,,,,,,,,,,,,,,,,,,,,,,,,,,,,,,,,,,,,,,,,,,,,
261501|2615|CSF_GU1||Solar PV|Fixed,2615,Corop Solar Farm,V00132,Leeson Solar Pty Ltd.,leeson_nr,VIC1,400,261501,CSF_GU1,Solar PV,Fixed,,,Semi-scheduled,1,,400,,400,,Publicly Announced,,,,45901,45216.73701388889,,,,,,,,,,,,,,,,,,,,,,,,,,,,,,,,,,,,,,,,,,,,,,,,,,,,,,,,,,,,,,,,,,,,,,,,,,,,,,,,,,,,,,,,,,,,,,,,,,,,,,,,,,,,,,,,,,,,,,,,,,,,,,,,,,,,,,,,,,,
152001|1520|CorowaSF|CRWASF1|Solar PV|Single Axis Tracking,1520,Corowa Solar Farm,,Corowa Operationsco Pty Ltd as trustee for Corowa Operations Trust,COROWASF,NSW1,30,152001,CorowaSF,Solar PV,Single Axis Tracking,,CRWASF1,Semi-scheduled,22,,1.64,,36.08,,In Service,,2051,,46091,45923.199895833335,30.008,30.008,30.008,30.008,30.008,30.008,30.008,30.008,30.008,30.008,30.008,30.008,30.008,30.008,30.008,30.008,30.008,30.008,30.008,30.008,30.008,30.008,30.008,30.008,30.008,30.008,30.008,,,,,,,,,,,,,,,,,,,,,,,,,,,,,,,,,,,,,,,,,,,,,,,,,,,,,,,,,,,,,,,,,,,,,,,,,,,,,,,,,,,,,,,,,,,,,,,,,,,,,,,,,,,,,,,,
233201|2332|CBS_GU1||Battery Storage|Lithium-ion,2332,Cranbourne BESS (Macquarie),V00035, Macquarie Corporate Holdings Pty Ltd,,VIC1,150,233201,CBS_GU1,Battery Storage,Lithium-ion,,,Scheduled,1,,150,,150,,Publicly Announced,,,,46091,45043.941666666666,,,,,,,,,,,,,,,,,,,,,,,,,,,,,,,,,,,,,,,,,,,,,,,,,,,,,,,,,,,,,,,,,,,,,,,,,,,,,,,,,,,,,,,,,,,,,,,,,,,,,,,,,,,,,,,,,,,,,,,,,,,,,,,,,,,,,,,,,,,
196801|1968|Cressbrook Pumped Hydro||Hydro|Pumped Hydro,1968,Cressbrook Pumped Hydro Project,Q00051,Cressbrook Project Co Pty Ltd as trustee,CressbrookProjectCo,QLD1,400,196801,Cressbrook Pumped Hydro,Hydro,Pumped Hydro,,,Scheduled,2,,200,,400,4000,Publicly Announced,49948,2066,,46361,46174.590104166666,,,,,,,,,,,,,,,,,,,,,,,,,,,,,,,,,,,,,,,,,,,,,,,,,,,,,,,,,,,,,,,,,,,,,,,,,,,,,,,,,,,,,,,,,,,,,,,,,,,,,,,,,,,,,,,,,,,,,,,,,,,,,,,,,,,,,,,,,,,
106101|1061|Crookwell 2 Wind Farm:Units 1-28|CROOKWF2|Wind|Onshore,1061,Crookwell 2 Wind Farm,,Crookwell Development Pty Ltd,CROOKWD,NSW1,91,106101,Crookwell 2 Wind Farm:Units 1-28,Wind,Onshore,,CROOKWF2,Semi-scheduled,28,,3.43,,96.04,,In Service,,2043,,46091,46098.55163194444,91,91,91,91,91,91,91,91,91,91,91,91,91,91,91,91,91,91,91,91,91,91,91,91,91,91,91,91,91,91,,,,,,,,,,,,,,,,,,,,,,,,,,,,,,,,,,,,,,,,,,,,,,,,,,,,,,,,,,,,,,,,,,,,,,,,,,,,,,,,,,,,,,,,,,,,,,,,,,,,,,,,,,,,,
106201|1062|CR3WF|CROOKWF3|Wind|Onshore,1062,Crookwell 3 Wind Farm,N00041,Crookwell 3 Development Pty Ltd,CROOKWD3,NSW1,56,106201,CR3WF,Wind,Onshore,,CROOKWF3,Semi-scheduled,16,,3.6,,57.6,,In Service,,2054,,46091,46098.558969907404,56,56,56,56,56,56,56,56,56,56,56,56,56,56,56,56,56,56,56,56,56,56,56,56,56,56,56,56,56,56,,,,,,,,,,,,,,,,,,,,,,,,,,,,,,,,,,,,,,,,,,,,,,,,,,,,,,,,,,,,,,,,,,,,,,,,,,,,,,,,,,,,,,,,,,,,,,,,,,,,,,,,,,,,,
156601|1566|Crowlands Wind Farm:Units 1-39|CROWLWF1|Wind|Onshore,1566,Crowlands Wind Farm,,Pacific Hydro Crowlands Pty Ltd,CROWLDWF,VIC1,79.95,156601,Crowlands Wind Farm:Units 1-39,Wind,Onshore,,CROWLWF1,Semi-scheduled,39,,2.05,,79.95,,In Service,,2049,,46091,46161.553923611114,79.95,79.95,79.95,79.95,79.95,79.95,79.95,79.95,79.95,79.95,79.95,79.95,79.95,79.95,79.95,79.95,79.95,79.95,79.95,79.95,79.95,79.95,79.95,79.95,79.95,79.95,79.95,79.95,79.95,79.95,,,,,,,,,,,,,,,,,,,,,,,,,,,,,,,,,,,,,,,,,,,,,,,,,,,,,,,,,,,,,,,,,,,,,,,,,,,,,,,,,,,,,,,,,,,,,,,,,,,,,,,,,,,,,
306401|3064|CDBS_GU1||Battery Storage|Lithium-ion,3064,Croydon Hybrid Facility - Solar And BESS,Q00229,ACEnergy Pty Ltd,acenergy_NR,QLD1,500,306401,CDBS_GU1,Battery Storage,Lithium-ion,,,Scheduled,1,650,500,650,500,1000,Publicly Announced,47088,2048,,46091,46111.708125,,,,,,,,,,,,,,,,,,,,,,,,,,,,,,,,,,,,,,,,,,,,,,,,,,,,,,,,,,,,,,,,,,,,,,,,,,,,,,,,,,,,,,,,,,,,,,,,,,,,,,,,,,,,,,,,,,,,,,,,,,,,,,,,,,,,,,,,,,,
306402|3064|CDSF_GU1||Solar PV|Fixed,3064,Croydon Hybrid Facility - Solar And BESS,Q00229,ACEnergy Pty Ltd,acenergy_NR,QLD1,500,306402,CDSF_GU1,Solar PV,Fixed,,,Semi-scheduled,1,650,500,650,500,,Publicly Announced,47088,2048,,46091,46111.708125,,,,,,,,,,,,,,,,,,,,,,,,,,,,,,,,,,,,,,,,,,,,,,,,,,,,,,,,,,,,,,,,,,,,,,,,,,,,,,,,,,,,,,,,,,,,,,,,,,,,,,,,,,,,,,,,,,,,,,,,,,,,,,,,,,,,,,,,,,,
128101|1281|Crudine Ridge Wind Farm:1-37|CRURWF1|Wind|Onshore,1281,Crudine Ridge Wind Farm,,CRWF Nominees Pty Ltd as trustee of the CRWF Trust,squadronenergy_NR,NSW1,138,128101,Crudine Ridge Wind Farm:1-37,Wind,Onshore,,CRURWF1,Semi-scheduled,37,,3.83,,141.71,,In Service,,2041,,46091,46100.932708333334,138.01,138.01,138.01,138.01,138.01,138.01,138.01,138.01,138.01,138.01,138.01,138.01,138.01,138.01,138.01,138.01,138.01,138.01,138.01,138.01,138.01,138.01,138.01,138.01,138.01,138.01,138.01,138.01,138.01,138.01,,,,,,,,,,,,,,,,,,,,,,,,,,,,,,,,,,,,,,,,,,,,,,,,,,,,,,,,,,,,,,,,,,,,,,,,,,,,,,,,,,,,,,,,,,,,,,,,,,,,,,,,,,,,,
315402|3154|CULCBES1||Battery Storage|Lithium-ion,3154,Culcairn BESS,,Neoen Australia Pty Ltd,neoen_NR,NSW1,200,315402,CULCBES1,Battery Storage,Lithium-ion,,,Scheduled,64,3.13,3.13,200.32,200.32,800,Committed*,46477,2053,,46361,46178.87935185185,0,0,0,100,200,200,200,200,200,200,200,200,200,200,200,200,200,200,200,200,200,200,200,200,200,200,200,200,200,200,0,0,400,800,800,800,800,800,800,800,800,800,800,800,800,800,800,800,800,800,,,,,,,,,,,,,,,,,,,,,,,,,,,,,,,,,,,,,,,,,,,,,,,,,,,,,,,,,,,,,,,,,,,,,,,,,,,,,,,,,,,,,,,,,
263001|2630|CSF_GU1|CUSF1|Solar PV|Single Axis Tracking,2630,Culcairn Solar Farm,,Culcairn Solar Farm Pty Ltd as trustee for Culcairn Solar Farm Trust,neoen_NR,NSW1,350,263001,CSF_GU1,Solar PV,Single Axis Tracking,,CUSF1,Semi-scheduled,111,,3.15,,349.65,,In Service,,2060,,46361,46169.376747685186,349.983,349.983,332.445,349.983,349.983,332.445,349.983,349.983,332.445,349.983,349.983,332.445,349.983,349.983,332.445,349.983,349.983,332.445,349.983,349.983,332.445,349.983,349.983,332.445,349.983,349.983,332.445,349.983,349.983,332.445,,,,,,,,,,,,,,,,,,,,,,,,,,,,,,,,,,,,,,,,,,,,,,,,,,,,,,,,,,,,,,,,,,,,,,,,,,,,,,,,,,,,,,,,,,,,,,,,,,,,,,,,,,,,,
106401|1064|Cullerin Range Wind Farm:1-15|CULLRGWF|Wind|Onshore,1064,Cullerin Range Wind Farm,,Cullerin Range Wind Farm Pty Ltd,CULLRGWF,NSW1,30,106401,Cullerin Range Wind Farm:1-15,Wind,Onshore,,CULLRGWF,Significant Non-scheduled,15,,2,,30,,In Service,,2038,,46091,46108.66798611111,30,30,30,30,30,30,30,30,30,30,30,30,30,30,30,30,30,30,30,30,30,30,30,30,30,30,30,30,30,30,,,,,,,,,,,,,,,,,,,,,,,,,,,,,,,,,,,,,,,,,,,,,,,,,,,,,,,,,,,,,,,,,,,,,,,,,,,,,,,,,,,,,,,,,,,,,,,,,,,,,,,,,,,,,
141201|1412|Dalby BESS||Battery Storage|Iron-air,1412,Dalby Solar Farm,,Dalby Asset Trust,frv_NR,QLD1,4.36,141201,Dalby BESS,Battery Storage,Iron-air,,,Non-scheduled,2,1.27,1.27,2.54,2.54,10,Publicly Announced,,2042,,46361,46154.6315625,,,,,,,,,,,,,,,,,,,,,,,,,,,,,,,,,,,,,,,,,,,,,,,,,,,,,,,,,,,,,,,,,,,,,,,,,,,,,,,,,,,,,,,,,,,,,,,,,,,,,,,,,,,,,,,,,,,,,,,,,,,,,,,,,,,,,,,,,,,
141202|1412|Dalby Solar||Solar PV|Fixed,1412,Dalby Solar Farm,,Dalby Asset Trust,frv_NR,QLD1,4.36,141202,Dalby Solar,Solar PV,Fixed,,,Non-scheduled,13,0.19,0.19,2.47,2.47,,Publicly Announced,,2042,,46361,46154.6315625,,,,,,,,,,,,,,,,,,,,,,,,,,,,,,,,,,,,,,,,,,,,,,,,,,,,,,,,,,,,,,,,,,,,,,,,,,,,,,,,,,,,,,,,,,,,,,,,,,,,,,,,,,,,,,,,,,,,,,,,,,,,,,,,,,,,,,,,,,,
193101|1931|DALVBESS||Battery Storage|Lithium-ion,1931,Dalvui BESS,V00022,Tilt Renewables Australia Pty Ltd,SNOWTOWN,VIC1,250,193101,DALVBESS,Battery Storage,Lithium-ion,,,Scheduled,1,,250,,250,500,Publicly Announced,47357,2054,,46361,46161.677511574075,,,,,,,,,,,,,,,,,,,,,,,,,,,,,,,,,,,,,,,,,,,,,,,,,,,,,,,,,,,,,,,,,,,,,,,,,,,,,,,,,,,,,,,,,,,,,,,,,,,,,,,,,,,,,,,,,,,,,,,,,,,,,,,,,,,,,,,,,,,
106601|1066|Darling Downs:1|DDPS1|Gas Turbine|CCGT,1066,Darling Downs,,Origin Energy Power Limited,BORAL,QLD1,644,106601,Darling Downs:1,Gas Turbine,CCGT,Natural Gas,DDPS1,Scheduled,1,,280,,280,,In Service,,2050,,46091,46111.451377314814,273,252,245,273,252,245,273,252,245,273,252,245,273,252,245,273,252,245,273,252,245,273,252,245,273,252,245,273,252,245,,,,,,,,,,,,,,,,,,,,,,,,,,,,,,,,,,,,,,,,,,,,,,,,,,,,,,,,,,,,,,,,,,,,,,,,,,,,,,,,,,,,,,,,,,,,,,,,,,,,,,,,,,,,,
106602|1066|Darling Downs:2|DDPS1|Gas Turbine|CCGT,1066,Darling Downs,,Origin Energy Power Limited,BORAL,QLD1,644,106602,Darling Downs:2,Gas Turbine,CCGT,Natural Gas,DDPS1,Scheduled,1,,121.5,,121.5,,In Service,,2050,,46091,46111.451377314814,119,109,106,119,109,106,119,109,106,119,109,106,119,109,106,119,109,106,119,109,106,119,109,106,119,109,106,119,109,106,,,,,,,,,,,,,,,,,,,,,,,,,,,,,,,,,,,,,,,,,,,,,,,,,,,,,,,,,,,,,,,,,,,,,,,,,,,,,,,,,,,,,,,,,,,,,,,,,,,,,,,,,,,,,
106603|1066|Darling Downs:3|DDPS1|Gas Turbine|CCGT,1066,Darling Downs,,Origin Energy Power Limited,BORAL,QLD1,644,106603,Darling Downs:3,Gas Turbine,CCGT,Natural Gas,DDPS1,Scheduled,1,,121.5,,121.5,,In Service,,2050,,46091,46111.451377314814,119,109,106,119,109,106,119,109,106,119,109,106,119,109,106,119,109,106,119,109,106,119,109,106,119,109,106,119,109,106,,,,,,,,,,,,,,,,,,,,,,,,,,,,,,,,,,,,,,,,,,,,,,,,,,,,,,,,,,,,,,,,,,,,,,,,,,,,,,,,,,,,,,,,,,,,,,,,,,,,,,,,,,,,,
106604|1066|Darling Downs:4|DDPS1|Gas Turbine|CCGT,1066,Darling Downs,,Origin Energy Power Limited,BORAL,QLD1,644,106604,Darling Downs:4,Gas Turbine,CCGT,Natural Gas,DDPS1,Scheduled,1,,121.5,,121.5,,In Service,,2050,,46091,46111.451377314814,119,109,106,119,109,106,119,109,106,119,109,106,119,109,106,119,109,106,119,109,106,119,109,106,119,109,106,119,109,106,,,,,,,,,,,,,,,,,,,,,,,,,,,,,,,,,,,,,,,,,,,,,,,,,,,,,,,,,,,,,,,,,,,,,,,,,,,,,,,,,,,,,,,,,,,,,,,,,,,,,,,,,,,,,
307301|3073|DDPS_GU1||Gas Turbine|OCGT,3073,Darling Downs Power Station 2,Q00234,Origin Energy,originenergy_NR,QLD1,500,307301,DDPS_GU1,Gas Turbine,OCGT,Other,,Scheduled,1,,500,,500,,Publicly Announced,,,,46091,46108.599328703705,,,,,,,,,,,,,,,,,,,,,,,,,,,,,,,,,,,,,,,,,,,,,,,,,,,,,,,,,,,,,,,,,,,,,,,,,,,,,,,,,,,,,,,,,,,,,,,,,,,,,,,,,,,,,,,,,,,,,,,,,,,,,,,,,,,,,,,,,,,
154501|1545|Darling Downs Solar Farm:DDSF1|DDSF1|Solar PV|Fixed,1545,Darling Downs Solar Farm,,Darling Downs Solar Farm Pty Ltd,DDSF,QLD1,110,154501,Darling Downs Solar Farm:DDSF1,Solar PV,Fixed,,DDSF1,Semi-scheduled,44,2.75,2.75,121,121,,In Service,,2045,,46091,46161.43530092593,108.504,108.504,108.504,108.504,108.504,108.504,108.504,108.504,108.504,108.504,108.504,108.504,108.504,108.504,108.504,108.504,108.504,108.504,108.504,108.504,108.504,108.504,108.504,108.504,108.504,108.504,108.504,108.504,108.504,108.504,,,,,,,,,,,,,,,,,,,,,,,,,,,,,,,,,,,,,,,,,,,,,,,,,,,,,,,,,,,,,,,,,,,,,,,,,,,,,,,,,,,,,,,,,,,,,,,,,,,,,,,,,,,,,
201901|2019|Darlington Pnt ESS1|DPNTB1|Battery Storage|Lithium-ion,2019,Darlington Point Energy Storage System,,DPESS Pty Ltd,EASTENGY,NSW1,25,201901,Darlington Pnt ESS1,Battery Storage,Lithium-ion,,DPNTB1,Scheduled,16,1.56,1.56,24.96,24.96,50.08,In Service,,2051,,46091,46154.42204861111,25,25,25,25,25,25,25,25,25,25,25,25,25,25,25,25,25,25,25,25,25,25,25,25,25,25,25,25,0,0,43.5,42.5,42.5,41.6,41.6,40.7,40.7,39.8,39.8,39,39,38.3,38.3,37.6,37.6,37,37,36.4,36.4,0,,,,,,,,,,,,,,,,,,,,,,,,,,,,,,,,,,,,,,,,,,,,,,,,,,,,,,,,,,,,,,,,,,,,,,,,,,,,,,,,,,,,,,,,,
151801|1518|Darlington Point Solar Farm:1-108|DARLSF1|Solar PV|Single Axis Tracking,1518,Darlington Point Solar Farm,,Darlington Point Solar Farm Pty Ltd,DARLSF,NSW1,275,151801,Darlington Point Solar Farm:1-108,Solar PV,Single Axis Tracking,,DARLSF1,Semi-scheduled,108,,2.55,,275.4,,In Service,,2055,,46091,46007.73898148148,274.968,266.004,263.304,274.968,266.004,263.304,274.968,266.004,263.304,274.968,266.004,263.304,274.968,266.004,263.304,274.968,266.004,263.304,274.968,266.004,263.304,274.968,266.004,263.304,274.968,266.004,263.304,,,,,,,,,,,,,,,,,,,,,,,,,,,,,,,,,,,,,,,,,,,,,,,,,,,,,,,,,,,,,,,,,,,,,,,,,,,,,,,,,,,,,,,,,,,,,,,,,,,,,,,,,,,,,,,,
246401|2464|DGWF||Wind|Onshore,2464,Darlington Wind Farm - GPG,,globalpower-generation_NR,globalpower-generation_NR,VIC1,324,246401,DGWF,Wind,Onshore,,,Semi-scheduled,45,,7.2,,324,,Publicly Announced,47484,2057,,46361,46099.597337962965,,,,,,,,,,,,,,,,,,,,,,,,,,,,,,,,,,,,,,,,,,,,,,,,,,,,,,,,,,,,,,,,,,,,,,,,,,,,,,,,,,,,,,,,,,,,,,,,,,,,,,,,,,,,,,,,,,,,,,,,,,,,,,,,,,,,,,,,,,,
302902|3029|DARBESS||Battery Storage|Lithium-ion,3029,Darnum BESS,,samsung_NR,samsung_NR,VIC1,200,302902,DARBESS,Battery Storage,Lithium-ion,,,Scheduled,196,1.15,1.15,225.4,225.4,784,Publicly Announced,47087,2057,,46091,46101.479409722226,,,,,,,,,,,,,,,,,,,,,,,,,,,,,,,,,,,,,,,,,,,,,,,,,,,,,,,,,,,,,,,,,,,,,,,,,,,,,,,,,,,,,,,,,,,,,,,,,,,,,,,,,,,,,,,,,,,,,,,,,,,,,,,,,,,,,,,,,,,
106801|1068|Dartmouth:1|DARTM1|Hydro|Dam,1068,Dartmouth,,AGL Hydro Partnership,SOUTHHYD,VIC1,185,106801,Dartmouth:1,Hydro,Dam,,DARTM1,Scheduled,1,,185,,185,,In Service,,2057,,46091,46107.42925925926,170,170,170,170,170,170,170,170,170,170,170,170,170,170,170,170,170,170,170,170,170,170,170,170,170,170,170,170,170,170,,,,,,,,,,,,,,,,,,,,,,,,,,,,,,,,,,,,,,,,,,,,,,,,,,,,,,,,,,,,,,,,,,,,,,,,,,,,,,,,,,,,,,,,,,,,,,,,,,,,,,,,,,,,,
298301|2983|DSWF_GU1||Wind|Onshore,2983,Dawson Wind Farm,Q00197,Highland Energy Australia Pty Ltd,highlandenergy_nr,QLD1,560,298301,DSWF_GU1,Wind,Onshore,,,Semi-scheduled,1,,560,,560,,Publicly Announced,,,,45901,45749.73266203704,,,,,,,,,,,,,,,,,,,,,,,,,,,,,,,,,,,,,,,,,,,,,,,,,,,,,,,,,,,,,,,,,,,,,,,,,,,,,,,,,,,,,,,,,,,,,,,,,,,,,,,,,,,,,,,,,,,,,,,,,,,,,,,,,,,,,,,,,,,
151601|1516|DSF:1-61|DAYDSF1|Solar PV|Single Axis Tracking,1516,Daydream Solar Farm,,The Daydream Solar Farm Trust,atmos_nr,QLD1,150,151601,DSF:1-61,Solar PV,Single Axis Tracking,,DAYDSF1,Semi-scheduled,61,2.75,2.46,167.75,150.06,,In Service,,2048,,46091,46108.52033564815,149.999,147.071,145.79,149.999,147.071,145.79,149.999,147.071,145.79,149.999,147.071,145.79,149.999,147.071,145.79,149.999,147.071,145.79,149.999,147.071,145.79,149.999,147.071,145.79,149.999,147.071,145.79,149.999,147.071,145.79,,,,,,,,,,,,,,,,,,,,,,,,,,,,,,,,,,,,,,,,,,,,,,,,,,,,,,,,,,,,,,,,,,,,,,,,,,,,,,,,,,,,,,,,,,,,,,,,,,,,,,,,,,,,,
254601|2546|DWWF_GU1||Wind|Offshore - fixed,2546,Deal 1 (West) Off Shore Wind Farm,V00107,BayWa r.e. Australia Offshore Wind Projects 1 Pty Ltd,baywa-re_NR,VIC1,2970,254601,DWWF_GU1,Wind,Offshore - fixed,,,Semi-scheduled,165,,18,,2970,,Publicly Announced,,2067,,46091,45336.280023148145,,,,,,,,,,,,,,,,,,,,,,,,,,,,,,,,,,,,,,,,,,,,,,,,,,,,,,,,,,,,,,,,,,,,,,,,,,,,,,,,,,,,,,,,,,,,,,,,,,,,,,,,,,,,,,,,,,,,,,,,,,,,,,,,,,,,,,,,,,,
254701|2547|DEWF_GU1||Wind|Offshore - fixed,2547,Deal 2 (East) Off Shore Wind Farm,V00108,BayWa r.e. Australia Offshore Wind Projects 2 Pty Ltd,baywa-re_NR,VIC1,2968,254701,DEWF_GU1,Wind,Offshore - fixed,,,Semi-scheduled,212,,14,,2968,,Publicly Announced,,2067,,46091,45336.2806712963,,,,,,,,,,,,,,,,,,,,,,,,,,,,,,,,,,,,,,,,,,,,,,,,,,,,,,,,,,,,,,,,,,,,,,,,,,,,,,,,,,,,,,,,,,,,,,,,,,,,,,,,,,,,,,,,,,,,,,,,,,,,,,,,,,,,,,,,,,,
301401|3014|BESS||Battery Storage|Lithium-ion,3014,Deargee Solar And BESS,,ACEN Renewables,acenaustralia_NR,NSW1,1020,301401,BESS,Battery Storage,Lithium-ion,,,Scheduled,1,,700,,700,700,Publicly Announced,,,,46091,46029.467523148145,,,,,,,,,,,,,,,,,,,,,,,,,,,,,,,,,,,,,,,,,,,,,,,,,,,,,,,,,,,,,,,,,,,,,,,,,,,,,,,,,,,,,,,,,,,,,,,,,,,,,,,,,,,,,,,,,,,,,,,,,,,,,,,,,,,,,,,,,,,
301402|3014|Deeargee||Solar PV|Single Axis Tracking,3014,Deargee Solar And BESS,,ACEN Renewables,acenaustralia_NR,NSW1,1020,301402,Deeargee,Solar PV,Single Axis Tracking,,,Semi-scheduled,1,,320,,320,,Publicly Announced,,,,46091,46029.467523148145,,,,,,,,,,,,,,,,,,,,,,,,,,,,,,,,,,,,,,,,,,,,,,,,,,,,,,,,,,,,,,,,,,,,,,,,,,,,,,,,,,,,,,,,,,,,,,,,,,,,,,,,,,,,,,,,,,,,,,,,,,,,,,,,,,,,,,,,,,,
262101|2621|DBES_GU1||Battery Storage|Lithium-ion,2621,Dederang BESS,V00143,Mint Renewables,mintrenewables_nr,VIC1,200,262101,DBES_GU1,Battery Storage,Lithium-ion,,,Scheduled,1,200,200,200,200,800,Publicly Announced,47300,2050,,46361,46167.603101851855,,,,,,,,,,,,,,,,,,,,,,,,,,,,,,,,,,,,,,,,,,,,,,,,,,,,,,,,,,,,,,,,,,,,,,,,,,,,,,,,,,,,,,,,,,,,,,,,,,,,,,,,,,,,,,,,,,,,,,,,,,,,,,,,,,,,,,,,,,,
293301|2933|DWBS_GU1||Battery Storage|Lithium-ion,2933,Deepwater Hybrid Facility,N00200,Ib vogt Development Australia Pty Ltd,ibvogt_NR,NSW1,120,293301,DWBS_GU1,Battery Storage,Lithium-ion,,,Scheduled,35,4,3.8,140,133,532,Publicly Announced,47484,2055,,46361,46167.72384259259,,,,,,,,,,,,,,,,,,,,,,,,,,,,,,,,,,,,,,,,,,,,,,,,,,,,,,,,,,,,,,,,,,,,,,,,,,,,,,,,,,,,,,,,,,,,,,,,,,,,,,,,,,,,,,,,,,,,,,,,,,,,,,,,,,,,,,,,,,,
293302|2933|DWSF_GU1||Solar PV|Single Axis Tracking,2933,Deepwater Hybrid Facility,N00200,Ib vogt Development Australia Pty Ltd,ibvogt_NR,NSW1,120,293302,DWSF_GU1,Solar PV,Single Axis Tracking,,,Semi-scheduled,35,4,3.8,140,133,,Publicly Announced,47484,2055,,46361,46167.72384259259,,,,,,,,,,,,,,,,,,,,,,,,,,,,,,,,,,,,,,,,,,,,,,,,,,,,,,,,,,,,,,,,,,,,,,,,,,,,,,,,,,,,,,,,,,,,,,,,,,,,,,,,,,,,,,,,,,,,,,,,,,,,,,,,,,,,,,,,,,,
310601|3106|DPBS_GU1||Battery Storage|Lithium-ion,3106,Deer Park BESS - Akaysha,,Akaysha Energy,akayshaenergy_NR,VIC1,275,310601,DPBS_GU1,Battery Storage,Lithium-ion,,,Scheduled,248,1.11,1.11,275.28,275.28,1101.12,Publicly Announced,47087,2065,,46091,46167.55743055556,,,,,,,,,,,,,,,,,,,,,,,,,,,,,,,,,,,,,,,,,,,,,,,,,,,,,,,,,,,,,,,,,,,,,,,,,,,,,,,,,,,,,,,,,,,,,,,,,,,,,,,,,,,,,,,,,,,,,,,,,,,,,,,,,,,,,,,,,,,
194901|1949|DelburnW||Wind|Onshore,1949,Delburn Wind Farm,V00131,Delburn Wind Farm Pty Ltd,res-group_NR,VIC1,204.6,194901,DelburnW,Wind,Onshore,,,Semi-scheduled,33,6.2,6.2,204.6,204.6,,Committed*,47049,2058,,46361,46174.653715277775,0,0,0,0,0,0,0,204.6,204.6,204.6,204.6,204.6,204.6,204.6,204.6,204.6,204.6,204.6,204.6,204.6,204.6,204.6,204.6,204.6,204.6,204.6,204.6,204.6,204.6,204.6,,,,,,,,,,,,,,,,,,,,,,,,,,,,,,,,,,,,,,,,,,,,,,,,,,,,,,,,,,,,,,,,,,,,,,,,,,,,,,,,,,,,,,,,,,,,,,,,,,,,,,,,,,,,,
305801|3058|DBESS||Battery Storage|Lithium-ion,3058,Denham BESS,V00181,Valent Energy Developments Pty Ltd,valent-energy_nr,VIC1,300,305801,DBESS,Battery Storage,Lithium-ion,,,Scheduled,1,4.2,300,4.2,300,1200,Publicly Announced,46962,2047,,46091,46108.71273148148,,,,,,,,,,,,,,,,,,,,,,,,,,,,,,,,,,,,,,,,,,,,,,,,,,,,,,,,,,,,,,,,,,,,,,,,,,,,,,,,,,,,,,,,,,,,,,,,,,,,,,,,,,,,,,,,,,,,,,,,,,,,,,,,,,,,,,,,,,,
237501|2375|DENE_GU1||Battery Storage|Lithium-ion,2375,Deniliquin East BESS,N00101,BESS Arctic Pty Ltd,gransolar_NR,NSW1,100,237501,DENE_GU1,Battery Storage,Lithium-ion,,,Scheduled,1,100,100,100,100,500,Publicly Announced,47107,2055,,46361,46162.40424768518,,,,,,,,,,,,,,,,,,,,,,,,,,,,,,,,,,,,,,,,,,,,,,,,,,,,,,,,,,,,,,,,,,,,,,,,,,,,,,,,,,,,,,,,,,,,,,,,,,,,,,,,,,,,,,,,,,,,,,,,,,,,,,,,,,,,,,,,,,,
272201|2722|DNBS_GU1||Battery Storage|Lithium-ion,2722,Denman BESS - KCI,N00161,M Renewables Australia Developments Pty Ltd,,NSW1,2400,272201,DNBS_GU1,Battery Storage,Lithium-ion,,,Scheduled,572,,4.2,,2402.4,,Publicly Announced,,,,46091,45384.91900462963,,,,,,,,,,,,,,,,,,,,,,,,,,,,,,,,,,,,,,,,,,,,,,,,,,,,,,,,,,,,,,,,,,,,,,,,,,,,,,,,,,,,,,,,,,,,,,,,,,,,,,,,,,,,,,,,,,,,,,,,,,,,,,,,,,,,,,,,,,,
251301|2513|DBBS_GU1||Battery Storage|Lithium-ion,2513,Derby Solar Farm and BESS,,DERBY SOLAR PROJECT PTY LTD ,sungrow-re_nr,VIC1,95,251301,DBBS_GU1,Battery Storage,Lithium-ion,,,Scheduled,1,,95,,95,110,Publicly Announced,46631,2057,,46361,46044.642847222225,,,,,,,,,,,,,,,,,,,,,,,,,,,,,,,,,,,,,,,,,,,,,,,,,,,,,,,,,,,,,,,,,,,,,,,,,,,,,,,,,,,,,,,,,,,,,,,,,,,,,,,,,,,,,,,,,,,,,,,,,,,,,,,,,,,,,,,,,,,
251302|2513|DSF_GU1||Solar PV|Single Axis Tracking,2513,Derby Solar Farm and BESS,,DERBY SOLAR PROJECT PTY LTD ,sungrow-re_nr,VIC1,95,251302,DSF_GU1,Solar PV,Single Axis Tracking,,,Semi-scheduled,30,4.17,3.17,125.1,95.1,,Anticipated,46844,2057,,46361,46044.642847222225,0,0,0,95.1,95.1,95.1,95.1,95.1,95.1,95.1,95.1,95.1,95.1,95.1,95.1,95.1,95.1,95.1,95.1,95.1,95.1,95.1,95.1,95.1,95.1,,,,,,,,,,,,,,,,,,,,,,,,,,,,,,,,,,,,,,,,,,,,,,,,,,,,,,,,,,,,,,,,,,,,,,,,,,,,,,,,,,,,,,,,,,,,,,,,,,,,,,,,,,,,,,,,,,
314801|3148|Derringullen Energy Storage System||Battery Storage|Lithium-ion,3148,Derringullen Energy Storage System,,Bid Energy Partners Pty Ltd,bid_nr,NSW1,400,314801,Derringullen Energy Storage System,Battery Storage,Lithium-ion,,,Scheduled,409,1,0.98,409,400.82,1636,Publicly Announced,47088,2050,,46361,46162.31212962963,,,,,,,,,,,,,,,,,,,,,,,,,,,,,,,,,,,,,,,,,,,,,,,,,,,,,,,,,,,,,,,,,,,,,,,,,,,,,,,,,,,,,,,,,,,,,,,,,,,,,,,,,,,,,,,,,,,,,,,,,,,,,,,,,,,,,,,,,,,
298501|2985|DBBS_GU1||Battery Storage|Lithium-ion,2985,Devlins Bridge Battery Storage,N00220,Devlins Bridge Wind Farm Holdco Pty Ltd ,devlinsbridge_nr,NSW1,660,298501,DBBS_GU1,Battery Storage,Lithium-ion,,,Scheduled,1,,600,,600,,Publicly Announced,,,,45901,45749.74443287037,,,,,,,,,,,,,,,,,,,,,,,,,,,,,,,,,,,,,,,,,,,,,,,,,,,,,,,,,,,,,,,,,,,,,,,,,,,,,,,,,,,,,,,,,,,,,,,,,,,,,,,,,,,,,,,,,,,,,,,,,,,,,,,,,,,,,,,,,,,
298401|2984|DBWF_GU1||Wind|Onshore,2984,Devlins Wind Farm,N00220,Devlins Bridge Wind Farm Holdco Pty Ltd ,devlinsbridge_nr,NSW1,663,298401,DBWF_GU1,Wind,Onshore,,,Semi-scheduled,94,,7.05,,662.7,,Publicly Announced,,,,45901,45749.73646990741,,,,,,,,,,,,,,,,,,,,,,,,,,,,,,,,,,,,,,,,,,,,,,,,,,,,,,,,,,,,,,,,,,,,,,,,,,,,,,,,,,,,,,,,,,,,,,,,,,,,,,,,,,,,,,,,,,,,,,,,,,,,,,,,,,,,,,,,,,,
149601|1496|DiapurWF|DIAPURWF1|Wind|Onshore,1496,Diapur Wind Farm,,Prime Renewables Pty Ltd,primerenewables_nr,VIC1,7.4,149601,DiapurWF,Wind,Onshore,,DIAPURWF1,Non-scheduled,2,,4,,8,,In Service,,2051,,46091,46111.67288194445,,,,,,,,,,,,,,,,,,,,,,,,,,,,,,,,,,,,,,,,,,,,,,,,,,,,,,,,,,,,,,,,,,,,,,,,,,,,,,,,,,,,,,,,,,,,,,,,,,,,,,,,,,,,,,,,,,,,,,,,,,,,,,,,,,,,,,,,,,,
192402|1924|DINB||Battery Storage|Lithium-ion,1924,Dinawan Energy Hub,N00155,Spark Renewables Pty Ltd,sparkrenewables_NR,NSW1,1007,192402,DINB,Battery Storage,Lithium-ion,,,Scheduled,120,2.58,2.58,309.6,309.6,1238.4,Publicly Announced,47391,2054,,46091,46112.45239583333,,,,,,,,,,,,,,,,,,,,,,,,,,,,,,,,,,,,,,,,,,,,,,,,,,,,,,,,,,,,,,,,,,,,,,,,,,,,,,,,,,,,,,,,,,,,,,,,,,,,,,,,,,,,,,,,,,,,,,,,,,,,,,,,,,,,,,,,,,,
192404|1924|DINS1||Solar PV|Single Axis Tracking,1924,Dinawan Energy Hub,N00155,Spark Renewables Pty Ltd,sparkrenewables_NR,NSW1,1007,192404,DINS1,Solar PV,Single Axis Tracking,,,Semi-scheduled,67,5.75,4.6,385.25,308.2,,Publicly Announced,47391,2064,,46091,46112.45239583333,,,,,,,,,,,,,,,,,,,,,,,,,,,,,,,,,,,,,,,,,,,,,,,,,,,,,,,,,,,,,,,,,,,,,,,,,,,,,,,,,,,,,,,,,,,,,,,,,,,,,,,,,,,,,,,,,,,,,,,,,,,,,,,,,,,,,,,,,,,
192407|1924|DINW1||Wind|Onshore,1924,Dinawan Energy Hub,N00155,Spark Renewables Pty Ltd,sparkrenewables_NR,NSW1,1007,192407,DINW1,Wind,Onshore,,,Semi-scheduled,53,7.2,7.2,381.6,381.6,,Publicly Announced,47391,2064,,46091,46112.45239583333,,,,,,,,,,,,,,,,,,,,,,,,,,,,,,,,,,,,,,,,,,,,,,,,,,,,,,,,,,,,,,,,,,,,,,,,,,,,,,,,,,,,,,,,,,,,,,,,,,,,,,,,,,,,,,,,,,,,,,,,,,,,,,,,,,,,,,,,,,,
192408|1924|DINW2||Wind|Onshore,1924,Dinawan Energy Hub,N00155,Spark Renewables Pty Ltd,sparkrenewables_NR,NSW1,1007,192408,DINW2,Wind,Onshore,,,Semi-scheduled,52,7.2,7.2,374.4,374.4,,Publicly Announced,48122,2066,,46091,46112.45239583333,,,,,,,,,,,,,,,,,,,,,,,,,,,,,,,,,,,,,,,,,,,,,,,,,,,,,,,,,,,,,,,,,,,,,,,,,,,,,,,,,,,,,,,,,,,,,,,,,,,,,,,,,,,,,,,,,,,,,,,,,,,,,,,,,,,,,,,,,,,
167101|1671|Dingo Solar Farm:1||Solar PV|Fixed,1671,Dingo Solar Farm,,ESCO Pacific,ox2_NR,QLD1,100,167101,Dingo Solar Farm:1,Solar PV,Fixed,,,Semi-scheduled,1,,85,,85,,Publicly Announced,,,,46091,45201.931493055556,,,,,,,,,,,,,,,,,,,,,,,,,,,,,,,,,,,,,,,,,,,,,,,,,,,,,,,,,,,,,,,,,,,,,,,,,,,,,,,,,,,,,,,,,,,,,,,,,,,,,,,,,,,,,,,,,,,,,,,,,,,,,,,,,,,,,,,,,,,
290001|2900|DRBS_GU1||Battery Storage|Lithium-ion,2900,Doreen BESS,V00173,BZ Renewables Holdings Pty Ltd,bzr_nr,VIC1,800,290001,DRBS_GU1,Battery Storage,Lithium-ion,,,Scheduled,1,,800,,800,,Publicly Announced,,,,45901,45666.94846064815,,,,,,,,,,,,,,,,,,,,,,,,,,,,,,,,,,,,,,,,,,,,,,,,,,,,,,,,,,,,,,,,,,,,,,,,,,,,,,,,,,,,,,,,,,,,,,,,,,,,,,,,,,,,,,,,,,,,,,,,,,,,,,,,,,,,,,,,,,,
257901|2579|G1-G42||Other|Other,2579,Dubbo Firming Power Station,,Squadron Energy Services Pty Ltd,squadronenergy_NR,NSW1,180,257901,G1-G42,Other,Other,Natural Gas,,Scheduled,42,,4.5,,189,,Anticipated,47300,2058,,46361,46178.67030092593,0,0,0,0,0,0,60,60,60,120,180,180,180,180,180,180,180,180,180,180,180,180,180,180,180,180,180,180,180,180,,,,,,,,,,,,,,,,,,,,,,,,,,,,,,,,,,,,,,,,,,,,,,,,,,,,,,,,,,,,,,,,,,,,,,,,,,,,,,,,,,,,,,,,,,,,,,,,,,,,,,,,,,,,,
301201|3012|DRWF||Wind|Onshore,3012,Dugald River Wind Faarm,,MMG,,QLD1,144,301201,DRWF,Wind,Onshore,,,Semi-scheduled,1,,144,,144,,Publicly Announced,,,,46091,45750.82517361111,,,,,,,,,,,,,,,,,,,,,,,,,,,,,,,,,,,,,,,,,,,,,,,,,,,,,,,,,,,,,,,,,,,,,,,,,,,,,,,,,,,,,,,,,,,,,,,,,,,,,,,,,,,,,,,,,,,,,,,,,,,,,,,,,,,,,,,,,,,
170601|1706|Dulacca|DULAWF1|Wind|Onshore,1706,Dulacca Wind Farm,,Dulacca Energy Project Co Pty Ltd,DULACCA,QLD1,172.99,170601,Dulacca,Wind,Onshore,,DULAWF1,Semi-scheduled,43,4.02,4.02,172.86,172.86,,In Service,,2053,,46091,46164.42916666667,172.989,164.002,160.003,172.989,164.002,160.003,172.989,164.002,160.003,172.989,164.002,160.003,172.989,164.002,160.003,172.989,164.002,160.003,172.989,164.002,160.003,172.989,164.002,160.003,172.989,164.002,160.003,172.989,164.002,160.003,,,,,,,,,,,,,,,,,,,,,,,,,,,,,,,,,,,,,,,,,,,,,,,,,,,,,,,,,,,,,,,,,,,,,,,,,,,,,,,,,,,,,,,,,,,,,,,,,,,,,,,,,,,,,
190702|1907|DUMRSQPV||Solar PV|Single Axis Tracking,1907,Dumaresq Solar Farm,N00005,Dumaresq Solar Farm Pty Limited,energySea_NR,NSW1,190,190702,DUMRSQPV,Solar PV,Single Axis Tracking,,,Semi-scheduled,1,,188,,188,,Publicly Announced,,,,46361,45142.881736111114,,,,,,,,,,,,,,,,,,,,,,,,,,,,,,,,,,,,,,,,,,,,,,,,,,,,,,,,,,,,,,,,,,,,,,,,,,,,,,,,,,,,,,,,,,,,,,,,,,,,,,,,,,,,,,,,,,,,,,,,,,,,,,,,,,,,,,,,,,,
130302|1303|DUNDWF1|DUNDWF1|Wind|Onshore,1303,Dundonnell Wind Farm,,Tilt Renewables,SNOWTOWN,VIC1,336,130302,DUNDWF1,Wind,Onshore,,DUNDWF1,Semi-scheduled,40,,4.2,,168,,In Service,,2045,,46091,45736.975335648145,168,152,108,168,152,108,168,152,108,168,152,108,168,152,108,168,152,108,168,152,108,168,152,108,168,152,108,,,,,,,,,,,,,,,,,,,,,,,,,,,,,,,,,,,,,,,,,,,,,,,,,,,,,,,,,,,,,,,,,,,,,,,,,,,,,,,,,,,,,,,,,,,,,,,,,,,,,,,,,,,,,,,,
130303|1303|DUNDWF2|DUNDWF2|Wind|Onshore,1303,Dundonnell Wind Farm,,Tilt Renewables,SNOWTOWN,VIC1,336,130303,DUNDWF2,Wind,Onshore,,DUNDWF2,Semi-scheduled,11,,4.2,,46.2,,In Service,,2045,,46091,45736.975335648145,46.2,41.8,29.7,46.2,41.8,29.7,46.2,41.8,29.7,46.2,41.8,29.7,46.2,41.8,29.7,46.2,41.8,29.7,46.2,41.8,29.7,46.2,41.8,29.7,46.2,41.8,29.7,,,,,,,,,,,,,,,,,,,,,,,,,,,,,,,,,,,,,,,,,,,,,,,,,,,,,,,,,,,,,,,,,,,,,,,,,,,,,,,,,,,,,,,,,,,,,,,,,,,,,,,,,,,,,,,,
130304|1303|DUNDWF3|DUNDWF3|Wind|Onshore,1303,Dundonnell Wind Farm,,Tilt Renewables,SNOWTOWN,VIC1,336,130304,DUNDWF3,Wind,Onshore,,DUNDWF3,Semi-scheduled,29,,4.2,,121.8,,In Service,,2045,,46091,45736.975335648145,121.8,110.2,78.3,121.8,110.2,78.3,121.8,110.2,78.3,121.8,110.2,78.3,121.8,110.2,78.3,121.8,110.2,78.3,121.8,110.2,78.3,121.8,110.2,78.3,121.8,110.2,78.3,,,,,,,,,,,,,,,,,,,,,,,,,,,,,,,,,,,,,,,,,,,,,,,,,,,,,,,,,,,,,,,,,,,,,,,,,,,,,,,,,,,,,,,,,,,,,,,,,,,,,,,,,,,,,,,,
163201|1632|Dunedoo Solar Farm:66||Solar PV|Single Axis Tracking,1632,Dunedoo Solar Farm,,Flow Power / Dunedoo Energy Project Pty Ltd,flowpower_NR,NSW1,55,163201,Dunedoo Solar Farm:66,Solar PV,Single Axis Tracking,,,Semi-scheduled,17,4,4.2,68,71.4,,Anticipated,46934,2063,,46361,46174.398831018516,0,0,0,0,0,0,0,55,55,55,55,55,55,55,55,55,55,55,55,55,55,55,55,55,55,55,55,55,55,55,0,0,0,0,0,0,0,0,0,0,0,0,0,0,0,0,0,0,0,0,,,,,,,,,,,,,,,,,,,,,,,,,,,,,,,,,,,,,,,,,,,,,,,,,,,,,,,,,,,,,,,,,,,,,,,,,,,,,,,,,,,,,,,,,
192601|1926|DGWN1PH1||Hydro|Pumped Hydro,1926,"Dungowan 3,000 MWH PHES",N00075,Dungowan Pumped Hydro Pty Ltd,edf-re_NR,NSW1,300,192601,DGWN1PH1,Hydro,Pumped Hydro,,,Scheduled,2,,150,,300,3000,Publicly Announced,48913,2133,,46361,46148.33957175926,,,,,,,,,,,,,,,,,,,,,,,,,,,,,,,,,,,,,,,,,,,,,,,,,,,,,,,,,,,,,,,,,,,,,,,,,,,,,,,,,,,,,,,,,,,,,,,,,,,,,,,,,,,,,,,,,,,,,,,,,,,,,,,,,,,,,,,,,,,
249801|2498|DBS_GU1||Battery Storage|Lithium-ion,2498,Dunmore BESS,Q00089,Octopus Investments Aust Pty Ltd,octo_NR,QLD1,150,249801,DBS_GU1,Battery Storage,Lithium-ion,,,Scheduled,63,3.6,3.6,226.8,226.8,315,Publicly Announced,47331,2059,,46091,46164.47375,,,,,,,,,,,,,,,,,,,,,,,,,,,,,,,,,,,,,,,,,,,,,,,,,,,,,,,,,,,,,,,,,,,,,,,,,,,,,,,,,,,,,,,,,,,,,,,,,,,,,,,,,,,,,,,,,,,,,,,,,,,,,,,,,,,,,,,,,,,
249701|2497|DSG_GU1||Solar PV|Single Axis Tracking,2497,Dunmore Solar Farm,Q00089,Octopus Investments Aust Pty Ltd,octo_NR,QLD1,300,249701,DSG_GU1,Solar PV,Single Axis Tracking,,,Semi-scheduled,95,3.8,3.8,361,361,,Publicly Announced,47331,2059,,46091,46164.474027777775,,,,,,,,,,,,,,,,,,,,,,,,,,,,,,,,,,,,,,,,,,,,,,,,,,,,,,,,,,,,,,,,,,,,,,,,,,,,,,,,,,,,,,,,,,,,,,,,,,,,,,,,,,,,,,,,,,,,,,,,,,,,,,,,,,,,,,,,,,,
307901|3079|EEBS_GU1||Battery Storage|Lithium-ion,3079,East End BESS,Q00216,TE H2 Australia Pty Ltd,,QLD1,500,307901,EEBS_GU1,Battery Storage,Lithium-ion,,,Scheduled,1,,500,,500,,Publicly Announced,,,,46091,45842.7478125,,,,,,,,,,,,,,,,,,,,,,,,,,,,,,,,,,,,,,,,,,,,,,,,,,,,,,,,,,,,,,,,,,,,,,,,,,,,,,,,,,,,,,,,,,,,,,,,,,,,,,,,,,,,,,,,,,,,,,,,,,,,,,,,,,,,,,,,,,,
322301|3223|ET_GU1||Battery Storage|Lithium-ion,3223,East Terang BESS - KCI,V00188,Terang ESS Pty Ltd as trustee for the TESS Project Trust,,VIC1,220,322301,ET_GU1,Battery Storage,Lithium-ion,,,Scheduled,1,,220,,220,220,Publicly Announced,,,,46091,46044.66069444444,,,,,,,,,,,,,,,,,,,,,,,,,,,,,,,,,,,,,,,,,,,,,,,,,,,,,,,,,,,,,,,,,,,,,,,,,,,,,,,,,,,,,,,,,,,,,,,,,,,,,,,,,,,,,,,,,,,,,,,,,,,,,,,,,,,,,,,,,,,
132801|1328|Eastern Creek:1-4|EASTCRK|Other|Other,1328,Eastern Creek,,EDL LFG NSW Pty Ltd,EDLLFGN,NSW1,5,132801,Eastern Creek:1-4,Other,Other,Landfill Gas,EASTCRK,Non-scheduled,4,,1.26,,5.04,,In Service,,2026,,46091,46108.666284722225,,,,,,,,,,,,,,,,,,,,,,,,,,,,,,,,,,,,,,,,,,,,,,,,,,,,,,,,,,,,,,,,,,,,,,,,,,,,,,,,,,,,,,,,,,,,,,,,,,,,,,,,,,,,,,,,,,,,,,,,,,,,,,,,,,,,,,,,,,,
107103|1071|GM1-4||Gas Turbine|Other,1071,Eastern Creek 2 Gas Utilisation Facility,,LMS Energy Pty Ltd,LMSENE,NSW1,4.4,107103,GM1-4,Gas Turbine,Other,Landfill Gas,,Non-scheduled,4,,1.12,,4.48,,In Service,,2044,,46091,46108.57787037037,,,,,,,,,,,,,,,,,,,,,,,,,,,,,,,,,,,,,,,,,,,,,,,,,,,,,,,,,,,,,,,,,,,,,,,,,,,,,,,,,,,,,,,,,,,,,,,,,,,,,,,,,,,,,,,,,,,,,,,,,,,,,,,,,,,,,,,,,,,
245901|2459|EROW_GU1||Wind|Offshore - fixed,2459,Eastern Rise Offshore Wind,N00119,Eastern Rise OWP Project Pty Ltd,bluefloat_NR,NSW1,1725,245901,EROW_GU1,Wind,Offshore - fixed,,,Semi-scheduled,115,,15,,1725,,Publicly Announced,,,,46091,45842.91792824074,,,,,,,,,,,,,,,,,,,,,,,,,,,,,,,,,,,,,,,,,,,,,,,,,,,,,,,,,,,,,,,,,,,,,,,,,,,,,,,,,,,,,,,,,,,,,,,,,,,,,,,,,,,,,,,,,,,,,,,,,,,,,,,,,,,,,,,,,,,
304901|3049|EBBS_GU1||Battery Storage|Lithium-ion,3049,Ebor BESS,N00236,Bridge Energy Pty Ltd,bridgeenergy_nr,NSW1,100,304901,EBBS_GU1,Battery Storage,Lithium-ion,,,Scheduled,1,,100,,100,,Publicly Announced,,,,45901,46062.56885416667,,,,,,,,,,,,,,,,,,,,,,,,,,,,,,,,,,,,,,,,,,,,,,,,,,,,,,,,,,,,,,,,,,,,,,,,,,,,,,,,,,,,,,,,,,,,,,,,,,,,,,,,,,,,,,,,,,,,,,,,,,,,,,,,,,,,,,,,,,,
264001|2640|EHSF_GU1||Solar PV|Fixed,2640,Edderton Hybrid Faciility - Solar,N00147,Voltere Pty Ltd.,,NSW1,350,264001,EHSF_GU1,Solar PV,Fixed,,,Semi-scheduled,84,,4.17,,350.28,,Publicly Announced,,,,46091,45304.27685185185,,,,,,,,,,,,,,,,,,,,,,,,,,,,,,,,,,,,,,,,,,,,,,,,,,,,,,,,,,,,,,,,,,,,,,,,,,,,,,,,,,,,,,,,,,,,,,,,,,,,,,,,,,,,,,,,,,,,,,,,,,,,,,,,,,,,,,,,,,,
264101|2641|EHBS_GU1||Battery Storage|Lithium-ion,2641,Edderton Hybrid Facility - BESS,N00147,Voltere Pty Ltd.,,NSW1,350,264101,EHBS_GU1,Battery Storage,Lithium-ion,,,Scheduled,1,,350,,350,,Publicly Announced,,,,46091,45304.28040509259,,,,,,,,,,,,,,,,,,,,,,,,,,,,,,,,,,,,,,,,,,,,,,,,,,,,,,,,,,,,,,,,,,,,,,,,,,,,,,,,,,,,,,,,,,,,,,,,,,,,,,,,,,,,,,,,,,,,,,,,,,,,,,,,,,,,,,,,,,,
202601|2026|Eden||Wind|Offshore - fixed,2026,Eden Offshore Wind Farm,,OceanEx Energy,oceanex_NR,NSW1,2000,202601,Eden,Wind,Offshore - fixed,,,Semi-scheduled,1,,2000,,2000,,Publicly Announced,48945,,,45901,44721.95428240741,,,,,,,,,,,,,,,,,,,,,,,,,,,,,,,,,,,,,,,,,,,,,,,,,,,,,,,,,,,,,,,,,,,,,,,,,,,,,,,,,,,,,,,,,,,,,,,,,,,,,,,,,,,,,,,,,,,,,,,,,,,,,,,,,,,,,,,,,,,
330601|3306|Edenvale||Battery Storage|Lithium-ion,3306,Edenvale Battery Energy Storage System - KCI,Q00300,,,QLD1,250,330601,Edenvale,Battery Storage,Lithium-ion,,,Scheduled,1,,250,,250,,Publicly Announced,,,,,46205.43010416667,,,,,,,,,,,,,,,,,,,,,,,,,,,,,,,,,,,,,,,,,,,,,,,,,,,,,,,,,,,,,,,,,,,,,,,,,,,,,,,,,,,,,,,,,,,,,,,,,,,,,,,,,,,,,,,,,,,,,,,,,,,,,,,,,,,,,,,,,,,
316901|3169|S1PV1|EDENVSF1|Solar PV|Single Axis Tracking,3169,Edenvale Solar Park.,,Edenvale Solar Park Pty Ltd,eneos_NR,QLD1,180,316901,S1PV1,Solar PV,Single Axis Tracking,,EDENVSF1,Semi-scheduled,72,2.5,2.5,180,180,,In Service,,2053,,46091,46140.643055555556,146,146,146,146,146,146,146,146,146,146,146,146,146,146,146,146,146,146,146,146,146,146,146,146,146,146,146,146,146,146,,,,,,,,,,,,,,,,,,,,,,,,,,,,,,,,,,,,,,,,,,,,,,,,,,,,,,,,,,,,,,,,,,,,,,,,,,,,,,,,,,,,,,,,,,,,,,,,,,,,,,,,,,,,,
308301|3083|EHBS_GU1||Battery Storage|Lithium-ion,3083,Egans Hills BESS,,Silo Energy pty ltd,siloenergy_nr,QLD1,150,308301,EHBS_GU1,Battery Storage,Lithium-ion,,,Scheduled,1,,150,,150,600,Publicly Announced,,,,46091,46008.58731481482,,,,,,,,,,,,,,,,,,,,,,,,,,,,,,,,,,,,,,,,,,,,,,,,,,,,,,,,,,,,,,,,,,,,,,,,,,,,,,,,,,,,,,,,,,,,,,,,,,,,,,,,,,,,,,,,,,,,,,,,,,,,,,,,,,,,,,,,,,,
107201|1072|Eildon:1|EILDON1|Hydro|Dam,1072,Eildon,,AGL Hydro Partnership,SOUTHHYD,VIC1,120,107201,Eildon:1,Hydro,Dam,,EILDON1,Scheduled,1,,60,,60,,In Service,,2057,,46091,46107.42054398148,60,60,60,60,60,60,60,60,60,60,60,60,60,60,60,60,60,60,60,60,60,60,60,60,60,60,60,60,60,60,,,,,,,,,,,,,,,,,,,,,,,,,,,,,,,,,,,,,,,,,,,,,,,,,,,,,,,,,,,,,,,,,,,,,,,,,,,,,,,,,,,,,,,,,,,,,,,,,,,,,,,,,,,,,
107202|1072|Eildon:1b|EILDON1|Hydro|Dam,1072,Eildon,,AGL Hydro Partnership,SOUTHHYD,VIC1,120,107202,Eildon:1b,Hydro,Dam,,EILDON1,Scheduled,1,,7.5,,7.5,,In Service,,2057,,46091,46107.42054398148,0,0,0,0,0,0,0,0,0,0,0,0,0,0,0,0,0,0,0,0,0,0,0,0,0,0,0,0,0,0,,,,,,,,,,,,,,,,,,,,,,,,,,,,,,,,,,,,,,,,,,,,,,,,,,,,,,,,,,,,,,,,,,,,,,,,,,,,,,,,,,,,,,,,,,,,,,,,,,,,,,,,,,,,,
107203|1072|Eildon:2|EILDON2|Hydro|Dam,1072,Eildon,,AGL Hydro Partnership,SOUTHHYD,VIC1,120,107203,Eildon:2,Hydro,Dam,,EILDON2,Scheduled,1,,60,,60,,In Service,,2057,,46091,46107.42054398148,60,60,60,60,60,60,60,60,60,60,60,60,60,60,60,60,60,60,60,60,60,60,60,60,60,60,60,60,60,60,,,,,,,,,,,,,,,,,,,,,,,,,,,,,,,,,,,,,,,,,,,,,,,,,,,,,,,,,,,,,,,,,,,,,,,,,,,,,,,,,,,,,,,,,,,,,,,,,,,,,,,,,,,,,
107204|1072|Eildon:2b|EILDON2|Hydro|Dam,1072,Eildon,,AGL Hydro Partnership,SOUTHHYD,VIC1,120,107204,Eildon:2b,Hydro,Dam,,EILDON2,Scheduled,1,,7.5,,7.5,,In Service,,2057,,46091,46107.42054398148,0,0,0,0,0,0,0,0,0,0,0,0,0,0,0,0,0,0,0,0,0,0,0,0,0,0,0,0,0,0,,,,,,,,,,,,,,,,,,,,,,,,,,,,,,,,,,,,,,,,,,,,,,,,,,,,,,,,,,,,,,,,,,,,,,,,,,,,,,,,,,,,,,,,,,,,,,,,,,,,,,,,,,,,,
107302|1073|EILDON3|EILDON3|Hydro|Run of River,1073,Eildon Pondage Power Station (EPPS),,Pacific Hydro Investments Pty Ltd,pacificblue_nr,VIC1,4.5,107302,EILDON3,Hydro,Run of River,,EILDON3,Non-scheduled,1,,4.5,,4.5,,In Service,,2055,,46091,46164.30265046296,,,,,,,,,,,,,,,,,,,,,,,,,,,,,,,,,,,,,,,,,,,,,,,,,,,,,,,,,,,,,,,,,,,,,,,,,,,,,,,,,,,,,,,,,,,,,,,,,,,,,,,,,,,,,,,,,,,,,,,,,,,,,,,,,,,,,,,,,,,
285401|2854|GGBS_GU1||Battery Storage|Lithium-ion,2854,EIWA Gin Gin Renewable Energy Park,Q00177,EIWA Gin Gin Renewable Energy Park Pty Ltd,eiwaqueensland_NR,QLD1,250,285401,GGBS_GU1,Battery Storage,Lithium-ion,,,Scheduled,1,,250,,250,1000,Publicly Announced,,,,46091,45830.74099537037,,,,,,,,,,,,,,,,,,,,,,,,,,,,,,,,,,,,,,,,,,,,,,,,,,,,,,,,,,,,,,,,,,,,,,,,,,,,,,,,,,,,,,,,,,,,,,,,,,,,,,,,,,,,,,,,,,,,,,,,,,,,,,,,,,,,,,,,,,,
285402|2854|GGSF_GU1||Solar PV|Single Axis Tracking,2854,EIWA Gin Gin Renewable Energy Park,Q00177,EIWA Gin Gin Renewable Energy Park Pty Ltd,eiwaqueensland_NR,QLD1,250,285402,GGSF_GU1,Solar PV,Single Axis Tracking,,,Semi-scheduled,54,,4.6,,248.4,,Publicly Announced,,,,46091,45830.74099537037,,,,,,,,,,,,,,,,,,,,,,,,,,,,,,,,,,,,,,,,,,,,,,,,,,,,,,,,,,,,,,,,,,,,,,,,,,,,,,,,,,,,,,,,,,,,,,,,,,,,,,,,,,,,,,,,,,,,,,,,,,,,,,,,,,,,,,,,,,,
298901|2989|GFBS_GU1||Battery Storage|Lithium-ion,2989,EIWA Golden Fleece Renewable Energy Park,Q00198,EIWA Golden Fleece Renewable Energy Park Pty Ltd,eiwaqueensland_NR,QLD1,300,298901,GFBS_GU1,Battery Storage,Lithium-ion,,,Scheduled,1,,300,,300,1200,Publicly Announced,,,,46091,45830.81003472222,,,,,,,,,,,,,,,,,,,,,,,,,,,,,,,,,,,,,,,,,,,,,,,,,,,,,,,,,,,,,,,,,,,,,,,,,,,,,,,,,,,,,,,,,,,,,,,,,,,,,,,,,,,,,,,,,,,,,,,,,,,,,,,,,,,,,,,,,,,
298902|2989|GFSF_GU1||Solar PV|Single Axis Tracking,2989,EIWA Golden Fleece Renewable Energy Park,Q00198,EIWA Golden Fleece Renewable Energy Park Pty Ltd,eiwaqueensland_NR,QLD1,300,298902,GFSF_GU1,Solar PV,Single Axis Tracking,,,Semi-scheduled,65,,4.6,,299,,Publicly Announced,,,,46091,45830.81003472222,,,,,,,,,,,,,,,,,,,,,,,,,,,,,,,,,,,,,,,,,,,,,,,,,,,,,,,,,,,,,,,,,,,,,,,,,,,,,,,,,,,,,,,,,,,,,,,,,,,,,,,,,,,,,,,,,,,,,,,,,,,,,,,,,,,,,,,,,,,
325401|3254|EIWA Horsham BESS||Battery Storage|Lithium-ion,3254,EIWA Horsham BESS - KCI,V00199,EIWA HORSHAM BESS Pty Ltd,,VIC1,260,325401,EIWA Horsham BESS,Battery Storage,Lithium-ion,,,Scheduled,1,,260,,260,,Publicly Announced,,,,46091,46127.52510416666,,,,,,,,,,,,,,,,,,,,,,,,,,,,,,,,,,,,,,,,,,,,,,,,,,,,,,,,,,,,,,,,,,,,,,,,,,,,,,,,,,,,,,,,,,,,,,,,,,,,,,,,,,,,,,,,,,,,,,,,,,,,,,,,,,,,,,,,,,,
293701|2937|RVBS_GU1||Battery Storage|Lithium-ion,2937,EIWA Richmond Valley BESS ,N00207,EIWA RICHMOND VALLEY BESS PTY LTD,eiwaqueensland_NR,NSW1,300,293701,RVBS_GU1,Battery Storage,Lithium-ion,,,Scheduled,1,,300,,300,1200,Publicly Announced,,,,46091,46027.67820601852,,,,,,,,,,,,,,,,,,,,,,,,,,,,,,,,,,,,,,,,,,,,,,,,,,,,,,,,,,,,,,,,,,,,,,,,,,,,,,,,,,,,,,,,,,,,,,,,,,,,,,,,,,,,,,,,,,,,,,,,,,,,,,,,,,,,,,,,,,,
324701|3247|El Arish_BESS||Battery Storage|Lithium-ion,3247,El Arish BESS,,Ratch Australia,TOORAWF,QLD1,200,324701,El Arish_BESS,Battery Storage,Lithium-ion,,,Scheduled,62,4.2,4.2,260.4,260.4,799.8,Publicly Announced,47482,2060,,46091,46161.40611111111,,,,,,,,,,,,,,,,,,,,,,,,,,,,,,,,,,,,,,,,,,,,,,,,,,,,,,,,,,,,,,,,,,,,,,,,,,,,,,,,,,,,,,,,,,,,,,,,,,,,,,,,,,,,,,,,,,,,,,,,,,,,,,,,,,,,,,,,,,,
274301|2743|EGBS_GU1||Battery Storage|Lithium-ion,2743,Elai Genesis Battery Storage System,,Elai Energy Pty Ltd,elaienergy_nr,QLD1,120,274301,EGBS_GU1,Battery Storage,Lithium-ion,,,Scheduled,1,,120,,120,,Publicly Announced,,,,46091,45541.978483796294,,,,,,,,,,,,,,,,,,,,,,,,,,,,,,,,,,,,,,,,,,,,,,,,,,,,,,,,,,,,,,,,,,,,,,,,,,,,,,,,,,,,,,,,,,,,,,,,,,,,,,,,,,,,,,,,,,,,,,,,,,,,,,,,,,,,,,,,,,,
252701|2527|ELBS_GU1||Battery Storage|Lithium-ion,2527,Elaine BESS,V00011,Elaine ProjectCo Pty Ltd,akayshaenergy_NR,VIC1,311,252701,ELBS_GU1,Battery Storage,Lithium-ion,,,Scheduled,344,0.9,0.9,309.6,309.6,1248.72,Committed,46678,2069,,46361,46167.41065972222,0,0,0,0,309.6,278.64,309.6,309.6,278.64,309.6,309.6,278.64,309.6,309.6,278.64,309.6,309.6,278.64,309.6,309.6,278.64,309.6,309.6,278.64,309.6,309.6,278.64,309.6,309.6,278.64,0,0,0,1119.51,1243.904,1119.51,1243.904,1119.51,1243.904,1119.51,1243.904,1119.51,1243.904,1119.51,1243.904,1119.51,1243.904,1119.51,1243.904,1119.51,,,,,,,,,,,,,,,,,,,,,,,,,,,,,,,,,,,,,,,,,,,,,,,,,,,,,,,,,,,,,,,,,,,,,,,,,,,,,,,,,,,,,,,,,
233601|2336|Elaibess||Battery Storage|Lithium-ion,2336,Elaine Solar Farm and BESS,V00080, Elgin Energy Pty Ltd,glas-service_nr,VIC1,125,233601,Elaibess,Battery Storage,Lithium-ion,,,Scheduled,1,,125,,125,250,Anticipated,46599,2068,,46361,46153.40537037037,0,0,0,125,125,125,125,125,125,125,125,125,125,125,125,125,125,125,125,125,125,125,125,125,125,125,125,125,125,125,0,0,250,250,250,250,250,250,250,250,250,250,250,250,250,250,250,250,250,250,,,,,,,,,,,,,,,,,,,,,,,,,,,,,,,,,,,,,,,,,,,,,,,,,,,,,,,,,,,,,,,,,,,,,,,,,,,,,,,,,,,,,,,,,
233602|2336|ESF_GU1||Solar PV|Single Axis Tracking,2336,Elaine Solar Farm and BESS,V00080, Elgin Energy Pty Ltd,glas-service_nr,VIC1,125,233602,ESF_GU1,Solar PV,Single Axis Tracking,,,Semi-scheduled,1,,125,,125,,Anticipated,46599,2068,,46361,46153.40537037037,0,0,0,125,125,125,125,125,125,125,125,125,125,125,125,125,125,125,125,125,125,125,125,125,125,125,125,125,125,125,,,,,,,,,,,,,,,,,,,,,,,,,,,,,,,,,,,,,,,,,,,,,,,,,,,,,,,,,,,,,,,,,,,,,,,,,,,,,,,,,,,,,,,,,,,,,,,,,,,,,,,,,,,,,
111301|1113|Lal Lal Wind Energy Facility - Elaine end:39-60|ELAINWF1|Wind|Onshore,1113,Elaine Wind Farm,,Northleaf /InfraRed/Macquarie Capital,LALLALWF,VIC1,82,111301,Lal Lal Wind Energy Facility - Elaine end:39-60,Wind,Onshore,,ELAINWF1,Semi-scheduled,22,3.8,3.8,83.6,83.6,,In Service,,2049,,46091,46164.419027777774,83.6,73.7,59.4,83.6,73.7,59.4,83.6,73.7,59.4,83.6,73.7,59.4,83.6,73.7,59.4,83.6,73.7,59.4,83.6,73.7,59.4,83.6,73.7,59.4,83.6,73.7,59.4,83.6,73.7,59.4,,,,,,,,,,,,,,,,,,,,,,,,,,,,,,,,,,,,,,,,,,,,,,,,,,,,,,,,,,,,,,,,,,,,,,,,,,,,,,,,,,,,,,,,,,,,,,,,,,,,,,,,,,,,,
320401|3204|EBCWF_GU1||Wind|Onshore,3204,Elderbury Creek Wind Farm,N00272,BayWa r.e. Projects Australia Pty. Ltd.,baywa-re_NR,NSW1,122,320401,EBCWF_GU1,Wind,Onshore,,,Semi-scheduled,18,,6.8,,122.4,,Publicly Announced,,,,46091,46105.442025462966,,,,,,,,,,,,,,,,,,,,,,,,,,,,,,,,,,,,,,,,,,,,,,,,,,,,,,,,,,,,,,,,,,,,,,,,,,,,,,,,,,,,,,,,,,,,,,,,,,,,,,,,,,,,,,,,,,,,,,,,,,,,,,,,,,,,,,,,,,,
144302|1443|EMERASF1|EMERASF1|Solar PV|Single Axis Tracking,1443,Emerald Solar Park,,Lighthouse Infrastructure Management Limited,TELSTRAE,QLD1,72,144302,EMERASF1,Solar PV,Single Axis Tracking,,EMERASF1,Semi-scheduled,32,2.8,2.25,89.6,72,,In Service,,2048,,46091,46100.66001157407,72,69.12,67.68,72,69.12,67.68,72,69.12,67.68,72,69.12,67.68,72,69.12,67.68,72,69.12,67.68,72,69.12,67.68,72,69.12,67.68,72,69.12,67.68,72,69.12,67.68,,,,,,,,,,,,,,,,,,,,,,,,,,,,,,,,,,,,,,,,,,,,,,,,,,,,,,,,,,,,,,,,,,,,,,,,,,,,,,,,,,,,,,,,,,,,,,,,,,,,,,,,,,,,,
292601|2926|EPSF_GU1||Solar PV|Single Axis Tracking,2926,Emu Park Solar Farm,N00204,M Renweables Australia,mrenewables_nr,NSW1,300,292601,EPSF_GU1,Solar PV,Single Axis Tracking,,,Semi-scheduled,85,,4.4,,374,,Publicly Announced,47088,2060,,46091,46105.658541666664,,,,,,,,,,,,,,,,,,,,,,,,,,,,,,,,,,,,,,,,,,,,,,,,,,,,,,,,,,,,,,,,,,,,,,,,,,,,,,,,,,,,,,,,,,,,,,,,,,,,,,,,,,,,,,,,,,,,,,,,,,,,,,,,,,,,,,,,,,,
292602|2926|Emu Park BESS||Battery Storage|Lithium-ion,2926,Emu Park Solar Farm,N00204,M Renweables Australia,mrenewables_nr,NSW1,300,292602,Emu Park BESS,Battery Storage,Lithium-ion,,,Scheduled,80,,4.6,,368,1600,Publicly Announced,47088,2060,,46091,46105.658541666664,,,,,,,,,,,,,,,,,,,,,,,,,,,,,,,,,,,,,,,,,,,,,,,,,,,,,,,,,,,,,,,,,,,,,,,,,,,,,,,,,,,,,,,,,,,,,,,,,,,,,,,,,,,,,,,,,,,,,,,,,,,,,,,,,,,,,,,,,,,
107401|1074|Eraring:1|ER01|Coal|Black Coal,1074,Eraring,,Origin Energy Eraring Pty Ltd,OERARING,NSW1,2880,107401,Eraring:1,Coal,Black Coal,,ER01,Scheduled,1,,720,,720,,Announced Withdrawal,,2029,47238,46361,46164.65928240741,720,672,660,720,672,660,720,672,660,0,0,0,0,0,0,0,0,0,0,0,0,0,0,0,0,0,0,0,0,0,,,,,,,,,,,,,,,,,,,,,,,,,,,,,,,,,,,,,,,,,,,,,,,,,,,,,,,,,,,,,,,,,,,,,,,,,,,,,,,,,,,,,,,,,,,,,,,,,,,,,,,,,,,,,
107402|1074|Eraring:2|ER02|Coal|Black Coal,1074,Eraring,,Origin Energy Eraring Pty Ltd,OERARING,NSW1,2880,107402,Eraring:2,Coal,Black Coal,,ER02,Scheduled,1,,720,,720,,Announced Withdrawal,,2029,47238,46361,46164.65928240741,720,672,660,720,672,660,720,672,660,0,0,0,0,0,0,0,0,0,0,0,0,0,0,0,0,0,0,0,0,0,,,,,,,,,,,,,,,,,,,,,,,,,,,,,,,,,,,,,,,,,,,,,,,,,,,,,,,,,,,,,,,,,,,,,,,,,,,,,,,,,,,,,,,,,,,,,,,,,,,,,,,,,,,,,
107403|1074|Eraring:3|ER03|Coal|Black Coal,1074,Eraring,,Origin Energy Eraring Pty Ltd,OERARING,NSW1,2880,107403,Eraring:3,Coal,Black Coal,,ER03,Scheduled,1,,720,,720,,Announced Withdrawal,,2029,47238,46361,46164.65928240741,720,672,660,720,672,660,720,672,660,0,0,0,0,0,0,0,0,0,0,0,0,0,0,0,0,0,0,0,0,0,,,,,,,,,,,,,,,,,,,,,,,,,,,,,,,,,,,,,,,,,,,,,,,,,,,,,,,,,,,,,,,,,,,,,,,,,,,,,,,,,,,,,,,,,,,,,,,,,,,,,,,,,,,,,
107404|1074|Eraring:4|ER04|Coal|Black Coal,1074,Eraring,,Origin Energy Eraring Pty Ltd,OERARING,NSW1,2880,107404,Eraring:4,Coal,Black Coal,,ER04,Scheduled,1,,720,,720,,Announced Withdrawal,,2029,47238,46361,46164.65928240741,720,672,660,720,672,660,720,672,660,0,0,0,0,0,0,0,0,0,0,0,0,0,0,0,0,0,0,0,0,0,,,,,,,,,,,,,,,,,,,,,,,,,,,,,,,,,,,,,,,,,,,,,,,,,,,,,,,,,,,,,,,,,,,,,,,,,,,,,,,,,,,,,,,,,,,,,,,,,,,,,,,,,,,,,
187002|1870|ERARNGB2|ERB01|Battery Storage|Lithium-ion,1870,Eraring Big Battery,N00140,Origin Energy Electricity Limited,BORAL,NSW1,700,187002,ERARNGB2,Battery Storage,Lithium-ion,,ERB01,Scheduled,1,240,240,240,240,1390,Committed,46477,2057,,46361,46164.382893518516,0,240,240,240,240,240,240,240,240,240,240,240,240,240,240,240,240,240,240,240,240,240,240,240,240,240,240,240,240,240,0,1390,1390,1390,1390,1390,1390,1390,1390,1390,1390,1390,1390,1390,1390,1390,1390,1390,1390,1390,,,,,,,,,,,,,,,,,,,,,,,,,,,,,,,,,,,,,,,,,,,,,,,,,,,,,,,,,,,,,,,,,,,,,,,,,,,,,,,,,,,,,,,,,
187003|1870|ERARNGB3|ERB01|Battery Storage|Lithium-ion,1870,Eraring Big Battery,N00140,Origin Energy Electricity Limited,BORAL,NSW1,700,187003,ERARNGB3,Battery Storage,Lithium-ion,,ERB01,Scheduled,1,,0,,0,700,In Service,,2057,,46361,46164.382893518516,0,0,0,0,0,0,0,0,0,0,0,0,0,0,0,0,0,0,0,0,0,0,0,0,0,0,0,0,0,0,700,700,700,700,700,700,700,700,700,700,700,700,700,700,700,700,700,700,700,700,,,,,,,,,,,,,,,,,,,,,,,,,,,,,,,,,,,,,,,,,,,,,,,,,,,,,,,,,,,,,,,,,,,,,,,,,,,,,,,,,,,,,,,,,
187004|1870|ERARNGB1|ERB01|Battery Storage|Lithium-ion,1870,Eraring Big Battery,N00140,Origin Energy Electricity Limited,BORAL,NSW1,700,187004,ERARNGB1,Battery Storage,Lithium-ion,,ERB01,Scheduled,1,460,460,460,460,1073,In Service,,2045,,46361,46164.382893518516,460,460,460,460,460,460,460,460,460,460,460,460,460,460,460,460,460,460,460,460,460,460,460,460,460,460,460,460,460,460,1070,1070,1070,1070,1070,1070,1070,1070,1070,1070,1070,1070,1070,1070,1070,1070,1070,1070,1070,1070,,,,,,,,,,,,,,,,,,,,,,,,,,,,,,,,,,,,,,,,,,,,,,,,,,,,,,,,,,,,,,,,,,,,,,,,,,,,,,,,,,,,,,,,,
107501|1075|Eraring GT:1|ERGT01|Gas Turbine|OCGT,1075,Eraring GT,,Origin Energy Eraring Pty Ltd,OERARING,NSW1,41,107501,Eraring GT:1,Gas Turbine,OCGT,Diesel/ Fuel Oil,ERGT01,Non-scheduled,1,,41.5,,41.5,,In Service,,2032,,46091,46111.45583333333,,,,,,,,,,,,,,,,,,,,,,,,,,,,,,,,,,,,,,,,,,,,,,,,,,,,,,,,,,,,,,,,,,,,,,,,,,,,,,,,,,,,,,,,,,,,,,,,,,,,,,,,,,,,,,,,,,,,,,,,,,,,,,,,,,,,,,,,,,,
321501|3215|ESF_GU1||Solar PV|Fixed,3215,Euleilah Solar Farm and BESS - KCI,Q00292,Euleilah Development Pty Ltd,,QLD1,350,321501,ESF_GU1,Solar PV,Fixed,,,Scheduled,1,,350,,350,,Publicly Announced,,,,46091,46045.59788194444,,,,,,,,,,,,,,,,,,,,,,,,,,,,,,,,,,,,,,,,,,,,,,,,,,,,,,,,,,,,,,,,,,,,,,,,,,,,,,,,,,,,,,,,,,,,,,,,,,,,,,,,,,,,,,,,,,,,,,,,,,,,,,,,,,,,,,,,,,,
245701|2457|EUR_B_01||Battery Storage|Lithium-ion,2457,Eurimbula Hybrid Facility - Battery Storage,Q00100,unitedgreen_NR,unitedgreen_NR,QLD1,666,245701,EUR_B_01,Battery Storage,Lithium-ion,,,Scheduled,1,471,666,471,666,666,Publicly Announced,47483,2067,,46361,46169.349027777775,,,,,,,,,,,,,,,,,,,,,,,,,,,,,,,,,,,,,,,,,,,,,,,,,,,,,,,,,,,,,,,,,,,,,,,,,,,,,,,,,,,,,,,,,,,,,,,,,,,,,,,,,,,,,,,,,,,,,,,,,,,,,,,,,,,,,,,,,,,
156103|1561|RODDSBAY||Solar PV|Single Axis Tracking,1561,Eurimbula Solar Farm,,Unitedgreen_NR,unitedgreen_NR,QLD1,560,156103,RODDSBAY,Solar PV,Single Axis Tracking,,,Semi-scheduled,134,5.2,4.2,696.8,562.8,,Publicly Announced,47483,2067,,46361,46169.348541666666,,,,,,,,,,,,,,,,,,,,,,,,,,,,,,,,,,,,,,,,,,,,,,,,,,,,,,,,,,,,,,,,,,,,,,,,,,,,,,,,,,,,,,,,,,,,,,,,,,,,,,,,,,,,,,,,,,,,,,,,,,,,,,,,,,,,,,,,,,,
237001|2370|EWF_GU1||Wind|Onshore,2370,Euston Wind Farm - KCI,N00098,Balranald Wind Farm Pty Ltd,,NSW1,330,237001,EWF_GU1,Wind,Onshore,,,Semi-scheduled,1,,330,,330,,Publicly Announced,,,,46091,44931.94216435185,,,,,,,,,,,,,,,,,,,,,,,,,,,,,,,,,,,,,,,,,,,,,,,,,,,,,,,,,,,,,,,,,,,,,,,,,,,,,,,,,,,,,,,,,,,,,,,,,,,,,,,,,,,,,,,,,,,,,,,,,,,,,,,,,,,,,,,,,,,
275601|2756|everbess||Battery Storage|Lithium-ion,2756,Everleigh Solar Farm and BESS - KCI,Q00162,Everleigh Solar Park Pty Ltd,,QLD1,200,275601,everbess,Battery Storage,Lithium-ion,,,Scheduled,1,,150,,150,,Publicly Announced,,,,46091,46044.69112268519,,,,,,,,,,,,,,,,,,,,,,,,,,,,,,,,,,,,,,,,,,,,,,,,,,,,,,,,,,,,,,,,,,,,,,,,,,,,,,,,,,,,,,,,,,,,,,,,,,,,,,,,,,,,,,,,,,,,,,,,,,,,,,,,,,,,,,,,,,,
275602|2756|eversf||Solar PV|Fixed,2756,Everleigh Solar Farm and BESS - KCI,Q00162,Everleigh Solar Park Pty Ltd,,QLD1,200,275602,eversf,Solar PV,Fixed,,,Semi-scheduled,1,,200,,200,,Publicly Announced,,,,46091,46044.69112268519,,,,,,,,,,,,,,,,,,,,,,,,,,,,,,,,,,,,,,,,,,,,,,,,,,,,,,,,,,,,,,,,,,,,,,,,,,,,,,,,,,,,,,,,,,,,,,,,,,,,,,,,,,,,,,,,,,,,,,,,,,,,,,,,,,,,,,,,,,,
255501|2555|MLBATGU1||Battery Storage|Lithium-ion,2555,Farmers Creek Energy Park,Q00115,TE H2 Australia,te-h2_nr,QLD1,500,255501,MLBATGU1,Battery Storage,Lithium-ion,,,Scheduled,58,3.51,3.44,203.58,199.52,798.08,Publicly Announced,48030,2061,,46091,46163.608622685184,,,,,,,,,,,,,,,,,,,,,,,,,,,,,,,,,,,,,,,,,,,,,,,,,,,,,,,,,,,,,,,,,,,,,,,,,,,,,,,,,,,,,,,,,,,,,,,,,,,,,,,,,,,,,,,,,,,,,,,,,,,,,,,,,,,,,,,,,,,
255502|2555|MLSF_GU1||Solar PV|Single Axis Tracking,2555,Farmers Creek Energy Park,Q00115,TE H2 Australia,te-h2_nr,QLD1,500,255502,MLSF_GU1,Solar PV,Single Axis Tracking,,,Semi-scheduled,144,3.54,3.47,509.76,499.68,,Publicly Announced,48030,2061,,46091,46163.608622685184,,,,,,,,,,,,,,,,,,,,,,,,,,,,,,,,,,,,,,,,,,,,,,,,,,,,,,,,,,,,,,,,,,,,,,,,,,,,,,,,,,,,,,,,,,,,,,,,,,,,,,,,,,,,,,,,,,,,,,,,,,,,,,,,,,,,,,,,,,,
164901|1649|FergusWF|FNWF1|Wind|Onshore,1649,Ferguson Wind Farm,,Prime Renewables Pty Ltd,primerenewables_nr,VIC1,10.8,164901,FergusWF,Wind,Onshore,,FNWF1,Non-scheduled,3,,4,,12,,In Service,,2051,,46091,46111.675405092596,,,,,,,,,,,,,,,,,,,,,,,,,,,,,,,,,,,,,,,,,,,,,,,,,,,,,,,,,,,,,,,,,,,,,,,,,,,,,,,,,,,,,,,,,,,,,,,,,,,,,,,,,,,,,,,,,,,,,,,,,,,,,,,,,,,,,,,,,,,
328301|3283|FINBESS-GU1||Battery Storage|Lithium-ion,3283,Finley BESS,,BESS PACIFIC PTY LTD,gransolar_NR,NSW1,100,328301,FINBESS-GU1,Battery Storage,Lithium-ion,,,Scheduled,1,,100,,100,500,Publicly Announced,47107,2055,,,46167.645833333336,,,,,,,,,,,,,,,,,,,,,,,,,,,,,,,,,,,,,,,,,,,,,,,,,,,,,,,,,,,,,,,,,,,,,,,,,,,,,,,,,,,,,,,,,,,,,,,,,,,,,,,,,,,,,,,,,,,,,,,,,,,,,,,,,,,,,,,,,,,
168002|1680|FINLEYSF|FINLYSF1|Solar PV|Single Axis Tracking,1680,Finley Solar Farm,,Finley Solar Farm Pty Ltd as The trustee for Finley Solar Trust,ox2_NR,NSW1,133,168002,FINLEYSF,Solar PV,Single Axis Tracking,,FINLYSF1,Semi-scheduled,99,2.13,1.64,210.87,162.36,,In Service,,2049,,46091,46104.73326388889,133,133,133,133,133,133,133,133,133,133,133,133,133,133,133,133,133,133,133,133,133,133,133,133,133,133,133,133,133,133,,,,,,,,,,,,,,,,,,,,,,,,,,,,,,,,,,,,,,,,,,,,,,,,,,,,,,,,,,,,,,,,,,,,,,,,,,,,,,,,,,,,,,,,,,,,,,,,,,,,,,,,,,,,,
325101|3251|Flat Rock BESS||Battery Storage|Lithium-ion,3251,Flat Rock BESS - KCI,N00288,Private Energy Partners Pty Ltd,pep_nr,NSW1,520,325101,Flat Rock BESS,Battery Storage,Lithium-ion,,,Scheduled,1,,520,,520,,Publicly Announced,,,,46091,46119.64021990741,,,,,,,,,,,,,,,,,,,,,,,,,,,,,,,,,,,,,,,,,,,,,,,,,,,,,,,,,,,,,,,,,,,,,,,,,,,,,,,,,,,,,,,,,,,,,,,,,,,,,,,,,,,,,,,,,,,,,,,,,,,,,,,,,,,,,,,,,,,
330301|3303|Flat Rock BESS||Battery Storage|Lithium-ion,3303,Flat Rock BESS B - KCI,N00310,Private Energy Partners Pty Ltd,pep_nr,NSW1,260,330301,Flat Rock BESS,Battery Storage,Lithium-ion,,,Scheduled,1,,260,,260,,Publicly Announced,,,,,46205.42965277778,,,,,,,,,,,,,,,,,,,,,,,,,,,,,,,,,,,,,,,,,,,,,,,,,,,,,,,,,,,,,,,,,,,,,,,,,,,,,,,,,,,,,,,,,,,,,,,,,,,,,,,,,,,,,,,,,,,,,,,,,,,,,,,,,,,,,,,,,,,
126801|1268|FCWF1-38|FLYCRKWF|Wind|Onshore,1268,Flyers Creek Wind Farm,,Flyers Creek Wind Farm Pty Ltd,BBPEM,NSW1,140,126801,FCWF1-38,Wind,Onshore,,FLYCRKWF,Semi-scheduled,38,3.83,3.83,145.54,145.54,,In Service,,2063,,46361,46161.402407407404,140.03,140.03,140.03,140.03,140.03,140.03,140.03,140.03,140.03,140.03,140.03,140.03,140.03,140.03,140.03,140.03,140.03,140.03,140.03,140.03,140.03,140.03,140.03,140.03,140.03,140.03,140.03,140.03,140.03,140.03,,,,,,,,,,,,,,,,,,,,,,,,,,,,,,,,,,,,,,,,,,,,,,,,,,,,,,,,,,,,,,,,,,,,,,,,,,,,,,,,,,,,,,,,,,,,,,,,,,,,,,,,,,,,,
219801|2198|FHP_BESS||Battery Storage|Lithium-ion,2198,Forbes Hybrid Project,N00060,Forbes Solar Farm Pty Ltd ATF Forbes Genesis Project Trust,tagenergy_nr,NSW1,120,219801,FHP_BESS,Battery Storage,Lithium-ion,,,Scheduled,46,3.8,2.6,174.8,119.6,661.94,Publicly Announced,47116,2059,,46361,46184.430497685185,,,,,,,,,,,,,,,,,,,,,,,,,,,,,,,,,,,,,,,,,,,,,,,,,,,,,,,,,,,,,,,,,,,,,,,,,,,,,,,,,,,,,,,,,,,,,,,,,,,,,,,,,,,,,,,,,,,,,,,,,,,,,,,,,,,,,,,,,,,
219802|2198|FHP_SF||Solar PV|Single Axis Tracking,2198,Forbes Hybrid Project,N00060,Forbes Solar Farm Pty Ltd ATF Forbes Genesis Project Trust,tagenergy_nr,NSW1,120,219802,FHP_SF,Solar PV,Single Axis Tracking,,,Semi-scheduled,39,4.4,3.44,171.6,134.16,,Publicly Announced,47116,2058,,46361,46184.430497685185,,,,,,,,,,,,,,,,,,,,,,,,,,,,,,,,,,,,,,,,,,,,,,,,,,,,,,,,,,,,,,,,,,,,,,,,,,,,,,,,,,,,,,,,,,,,,,,,,,,,,,,,,,,,,,,,,,,,,,,,,,,,,,,,,,,,,,,,,,,
309601|3096|FGBS_GU1||Battery Storage|Lithium-ion,3096,Forest Glen BESS,,X-Elio Australia Pty Ltd,x-elio_NR,NSW1,25,309601,FGBS_GU1,Battery Storage,Lithium-ion,,,Scheduled,1,,25,,25,25,Publicly Announced,,,,46091,45897.91616898148,,,,,,,,,,,,,,,,,,,,,,,,,,,,,,,,,,,,,,,,,,,,,,,,,,,,,,,,,,,,,,,,,,,,,,,,,,,,,,,,,,,,,,,,,,,,,,,,,,,,,,,,,,,,,,,,,,,,,,,,,,,,,,,,,,,,,,,,,,,
242601|2426|FGSF_GU1||Solar PV|Single Axis Tracking,2426,Forest Glen Solar Farm,,X-Elio Roma Hub Solar Farm Pty Ltd,x-elio_NR,NSW1,90,242601,FGSF_GU1,Solar PV,Single Axis Tracking,,,Semi-scheduled,1,,90,,90,,Publicly Announced,,,,46361,45842.918854166666,,,,,,,,,,,,,,,,,,,,,,,,,,,,,,,,,,,,,,,,,,,,,,,,,,,,,,,,,,,,,,,,,,,,,,,,,,,,,,,,,,,,,,,,,,,,,,,,,,,,,,,,,,,,,,,,,,,,,,,,,,,,,,,,,,,,,,,,,,,
248601|2486|FWF_GU1||Wind|Onshore,2486,Forest Wind,Q00074,Forest Wind Holdings Pty Ltd,cleansight_nr,QLD1,1200,248601,FWF_GU1,Wind,Onshore,,,Semi-scheduled,1,,1200,,1200,,Publicly Announced,,,,46091,46041.53865740741,,,,,,,,,,,,,,,,,,,,,,,,,,,,,,,,,,,,,,,,,,,,,,,,,,,,,,,,,,,,,,,,,,,,,,,,,,,,,,,,,,,,,,,,,,,,,,,,,,,,,,,,,,,,,,,,,,,,,,,,,,,,,,,,,,,,,,,,,,,
127901|1279|Forsayth Wind Farm:Units 1-30||Wind|Onshore,1279,Forsayth Wind Farm,,Forsayth Wind Farm Pty Ltd,INFIGENH,QLD1,150,127901,Forsayth Wind Farm:Units 1-30,Wind,Onshore,,,Semi-scheduled,30,,5.5,,165,,Publicly Announced,,,,46361,46161.41211805555,,,,,,,,,,,,,,,,,,,,,,,,,,,,,,,,,,,,,,,,,,,,,,,,,,,,,,,,,,,,,,,,,,,,,,,,,,,,,,,,,,,,,,,,,,,,,,,,,,,,,,,,,,,,,,,,,,,,,,,,,,,,,,,,,,,,,,,,,,,
224101|2241|FostvBT||Battery Storage|Lithium-ion,2241,Fosterville Solar Farm and Battery Energy Storage System,V00073,FRV Services Australia,frv_NR,VIC1,200,224101,FostvBT,Battery Storage,Lithium-ion,,,Scheduled,48,2.5,2.5,120,120,300,Anticipated,46996,2058,,46361,46161.4327662037,0,0,0,0,120,120,120,120,120,120,120,120,120,120,120,120,120,120,120,120,120,120,120,120,120,120,120,120,120,120,0,0,0,240,240,240,240,240,240,240,240,240,240,240,240,240,240,240,240,240,,,,,,,,,,,,,,,,,,,,,,,,,,,,,,,,,,,,,,,,,,,,,,,,,,,,,,,,,,,,,,,,,,,,,,,,,,,,,,,,,,,,,,,,,
224102|2241|FostvSF||Solar PV|Single Axis Tracking,2241,Fosterville Solar Farm and Battery Energy Storage System,V00073,FRV Services Australia,frv_NR,VIC1,200,224102,FostvSF,Solar PV,Single Axis Tracking,,,Semi-scheduled,26,3.72,3.08,96.72,80.08,,Anticipated,46996,2058,,46361,46161.4327662037,0,0,0,0,80,80,80,80,80,80,80,80,80,80,80,80,80,80,80,80,80,80,80,80,80,80,80,80,80,80,,,,,,,,,,,,,,,,,,,,,,,,,,,,,,,,,,,,,,,,,,,,,,,,,,,,,,,,,,,,,,,,,,,,,,,,,,,,,,,,,,,,,,,,,,,,,,,,,,,,,,,,,,,,,
141901|1419|FCHPPV||Solar PV|Single Axis Tracking,1419,Fraser Coast Hybrid Plant,Q00002,FRASER COAST SOLAR DEVELOPMENT PTY LTD,globalpower-generation_NR,QLD1,290,141901,FCHPPV,Solar PV,Single Axis Tracking,,,Semi-scheduled,74,,4.2,,310.8,,Anticipated,46721,2057,,46361,46177.50548611111,0,0,0,290,290,290,290,290,290,290,290,290,290,290,290,290,290,290,290,290,290,290,290,290,290,290,290,290,290,290,,,,,,,,,,,,,,,,,,,,,,,,,,,,,,,,,,,,,,,,,,,,,,,,,,,,,,,,,,,,,,,,,,,,,,,,,,,,,,,,,,,,,,,,,,,,,,,,,,,,,,,,,,,,,
141905|1419|FRHPBESS||Battery Storage|Lithium-ion,1419,Fraser Coast Hybrid Plant,Q00002,FRASER COAST SOLAR DEVELOPMENT PTY LTD,globalpower-generation_NR,QLD1,290,141905,FRHPBESS,Battery Storage,Lithium-ion,,,Scheduled,56,,3.78,,211.68,423.36,Anticipated,46721,2057,,46361,46177.50548611111,0,0,0,0,211.7,211.7,211.7,211.7,211.7,211.7,211.7,211.7,211.7,211.7,211.7,211.7,211.7,211.7,211.7,211.7,211.7,211.7,211.7,211.7,211.7,211.7,211.7,211.7,211.7,211.7,0,0,0,423.36,423.36,423.36,423.36,423.36,423.36,423.36,423.36,423.36,423.36,423.36,423.36,423.36,423.36,423.36,423.36,423.36,,,,,,,,,,,,,,,,,,,,,,,,,,,,,,,,,,,,,,,,,,,,,,,,,,,,,,,,,,,,,,,,,,,,,,,,,,,,,,,,,,,,,,,,,
197102|1971|FSF||Solar PV|Single Axis Tracking,1971,Frasers Solar Farm,,Frasers Lane Development Pty Ltd,southenergy_NR,VIC1,77,197102,FSF,Solar PV,Single Axis Tracking,,,Semi-scheduled,1,95,77,95,77,,Anticipated,46721,2054,,46361,46161.38217592592,0,0,0,0,77,77,77,77,77,77,77,77,77,77,77,77,77,77,77,77,77,77,77,77,77,77,77,77,77,77,,,,,,,,,,,,,,,,,,,,,,,,,,,,,,,,,,,,,,,,,,,,,,,,,,,,,,,,,,,,,,,,,,,,,,,,,,,,,,,,,,,,,,,,,,,,,,,,,,,,,,,,,,,,,
197701|1977|FSFBESS||Battery Storage|Lithium-ion,1977,Fulham Solar Farm And BESS,,Fulham Solar Farm Pty Ltd (ATF Fulham Solar Farm Trust),octopusinvestments_NR,VIC1,80,197701,FSFBESS,Battery Storage,Lithium-ion,,,Scheduled,24,3.25,2.67,78,64.08,127.92,Committed,46660,2063,,46361,46164.45575231482,0,0,0,0,64.08,61.44,64.08,64.08,61.44,64.08,64.08,61.44,64.08,64.08,61.44,64.08,64.08,61.44,64.08,64.08,61.44,64.08,64.08,61.44,64.08,64.08,61.44,64.08,64.08,61.44,0,0,0,128,128,128,128,128,128,128,128,128,128,128,128,128,128,128,128,128,,,,,,,,,,,,,,,,,,,,,,,,,,,,,,,,,,,,,,,,,,,,,,,,,,,,,,,,,,,,,,,,,,,,,,,,,,,,,,,,,,,,,,,,,
197702|1977|FulhamSF||Solar PV|Single Axis Tracking,1977,Fulham Solar Farm And BESS,,Fulham Solar Farm Pty Ltd (ATF Fulham Solar Farm Trust),octopusinvestments_NR,VIC1,80,197702,FulhamSF,Solar PV,Single Axis Tracking,,,Semi-scheduled,24,4,3.33,96,79.92,,Committed,46660,2063,,46361,46164.45575231482,0,0,0,0,79.92,76.8,79.92,79.92,76.8,79.92,79.92,76.8,79.92,79.92,76.8,79.92,79.92,76.8,79.92,79.92,76.8,79.92,79.92,76.8,79.92,79.92,76.8,79.92,79.92,76.8,,,,,,,,,,,,,,,,,,,,,,,,,,,,,,,,,,,,,,,,,,,,,,,,,,,,,,,,,,,,,,,,,,,,,,,,,,,,,,,,,,,,,,,,,,,,,,,,,,,,,,,,,,,,,
327401|3274|FUTCHER BESS||Battery Storage|Lithium-ion,3274,FUTCHER BESS,N00305,FUTBESS PROJECT HOLDING PTY LTD,,NSW1,400,327401,FUTCHER BESS,Battery Storage,Lithium-ion,,,Scheduled,1,,400,,400,,Publicly Announced,,,,46091,46127.52549768519,,,,,,,,,,,,,,,,,,,,,,,,,,,,,,,,,,,,,,,,,,,,,,,,,,,,,,,,,,,,,,,,,,,,,,,,,,,,,,,,,,,,,,,,,,,,,,,,,,,,,,,,,,,,,,,,,,,,,,,,,,,,,,,,,,,,,,,,,,,
153802|1538|GANGARR1|GANGARR1|Solar PV|Single Axis Tracking,1538,Gangarri Solar Farm,,Shell New Energies Australia Pty Ltd,SHELLNEW,QLD1,120,153802,GANGARR1,Solar PV,Single Axis Tracking,,GANGARR1,Semi-scheduled,54,,3,,162,,In Commissioning,46203,2051,,46091,46107.46659722222,120,120,120,120,120,120,120,120,120,120,120,120,120,120,120,120,120,120,120,120,120,120,120,120,120,120,120,120,120,120,,,,,,,,,,,,,,,,,,,,,,,,,,,,,,,,,,,,,,,,,,,,,,,,,,,,,,,,,,,,,,,,,,,,,,,,,,,,,,,,,,,,,,,,,,,,,,,,,,,,,,,,,,,,,
147001|1470|Gannawarra Energy Storage System:1|GANNB1|Battery Storage|Lithium-ion,1470,Gannawarra Energy Storage System,,GESS ProjectCo,EASTENGY,VIC1,25.28,147001,Gannawarra Energy Storage System:1,Battery Storage,Lithium-ion,,GANNB1,Scheduled,50,0.51,0.51,25.5,25.5,50,In Service,,2033,,46091,46105.71225694445,25.33,25.33,25.33,25.33,25.33,25.33,25.33,25.33,25.33,25.33,25.33,25.33,25.33,25.33,25.33,25.33,25.33,25.33,25.33,25.33,25.33,25.33,0,0,0,0,0,0,0,0,36.5,35,35,33.5,33.5,32.5,32.5,31,31,29.5,29.5,28,28,26.5,26.5,0,0,0,0,0,,,,,,,,,,,,,,,,,,,,,,,,,,,,,,,,,,,,,,,,,,,,,,,,,,,,,,,,,,,,,,,,,,,,,,,,,,,,,,,,,,,,,,,,,
139601|1396|Gannawarra Solar Farm:1-22|GANNSF1|Solar PV|Single Axis Tracking,1396,Gannawarra Solar Farm,,Gannawarra Solar Farm Pty Ltd,GANNSF,VIC1,50,139601,Gannawarra Solar Farm:1-22,Solar PV,Single Axis Tracking,,GANNSF1,Semi-scheduled,22,,2.5,,55,,In Service,,2048,,46091,46007.7403587963,50.006,49.016,47.762,50.006,49.016,47.762,50.006,49.016,47.762,50.006,49.016,47.762,50.006,49.016,47.762,50.006,49.016,47.762,50.006,49.016,47.762,50.006,49.016,47.762,50.006,49.016,47.762,,,,,,,,,,,,,,,,,,,,,,,,,,,,,,,,,,,,,,,,,,,,,,,,,,,,,,,,,,,,,,,,,,,,,,,,,,,,,,,,,,,,,,,,,,,,,,,,,,,,,,,,,,,,,,,,
289301|2893|Ganybess||Battery Storage|Lithium-ion,2893,Ganymirra Solar Power Station,,Edify Energy Pty Ltd,edifyenergy_NR,QLD1,150,289301,Ganybess,Battery Storage,Lithium-ion,,,Scheduled,1,180,150,180,150,600,Anticipated,47150,2059,,46361,46164.70638888889,0,0,0,0,0,0,0,150,150,150,150,150,150,150,150,150,150,150,150,150,150,150,150,150,150,150,150,150,150,150,0,0,0,0,0,600,600,600,600,600,600,600,600,600,600,600,600,600,600,600,,,,,,,,,,,,,,,,,,,,,,,,,,,,,,,,,,,,,,,,,,,,,,,,,,,,,,,,,,,,,,,,,,,,,,,,,,,,,,,,,,,,,,,,,
289302|2893|Ganysola||Solar PV|Single Axis Tracking,2893,Ganymirra Solar Power Station,,Edify Energy Pty Ltd,edifyenergy_NR,QLD1,150,289302,Ganysola,Solar PV,Single Axis Tracking,,,Semi-scheduled,1,180,150,180,150,,Anticipated,47150,2059,,46361,46164.70638888889,0,0,0,0,0,0,0,150,150,150,150,150,150,150,150,150,150,150,150,150,150,150,150,150,150,150,150,150,150,150,,,,,,,,,,,,,,,,,,,,,,,,,,,,,,,,,,,,,,,,,,,,,,,,,,,,,,,,,,,,,,,,,,,,,,,,,,,,,,,,,,,,,,,,,,,,,,,,,,,,,,,,,,,,,
264801|2648|ADBS_GU1||Battery Storage|Lithium-ion,2648,Gara BESS,N00152,ACEnergy Pty Ltd,acenergy_NR,NSW1,400,264801,ADBS_GU1,Battery Storage,Lithium-ion,,,Scheduled,144,3.62,3.62,521.28,521.28,1599.84,Publicly Announced,47117,2048,,46091,46111.70518518519,,,,,,,,,,,,,,,,,,,,,,,,,,,,,,,,,,,,,,,,,,,,,,,,,,,,,,,,,,,,,,,,,,,,,,,,,,,,,,,,,,,,,,,,,,,,,,,,,,,,,,,,,,,,,,,,,,,,,,,,,,,,,,,,,,,,,,,,,,,
293601|2936|GRBS_GU1||Battery Storage|Lithium-ion,2936,Garoo BESS,N00198,Greenpulse solar farm and BESS as trustee for Greenpulse Solar Farm & Bess Unit Trust,jinkopower_nr,NSW1,360,293601,GRBS_GU1,Battery Storage,Lithium-ion,,,Scheduled,142,,3.8,,539.6,719.94,Publicly Announced,,,,46091,45830.8040625,,,,,,,,,,,,,,,,,,,,,,,,,,,,,,,,,,,,,,,,,,,,,,,,,,,,,,,,,,,,,,,,,,,,,,,,,,,,,,,,,,,,,,,,,,,,,,,,,,,,,,,,,,,,,,,,,,,,,,,,,,,,,,,,,,,,,,,,,,,
293501|2935|GRSF_GU1||Solar PV|Fixed,2935,Garoo Solar Farm,N00198,Greenpulse solar farm and BESS as trustee for Greenpulse Solar Farm & Bess Unit Trust,jinkopower_nr,NSW1,134,293501,GRSF_GU1,Solar PV,Fixed,,,Semi-scheduled,38,,4.4,,167.2,,Publicly Announced,,,,46091,45830.80259259259,,,,,,,,,,,,,,,,,,,,,,,,,,,,,,,,,,,,,,,,,,,,,,,,,,,,,,,,,,,,,,,,,,,,,,,,,,,,,,,,,,,,,,,,,,,,,,,,,,,,,,,,,,,,,,,,,,,,,,,,,,,,,,,,,,,,,,,,,,,
230401|2304|GBBATT1||Battery Storage|Lithium-ion,2304,Gawara Baya Wind And BESS,Q00039,GAWARA BAYA WIND FARM PTY LTD,windlab_NR,QLD1,400,230401,GBBATT1,Battery Storage,Lithium-ion,,,Scheduled,4,26,26,104,104,208,Anticipated,47197,2055,,46361,46167.66982638889,0,0,0,0,0,0,26,52,52,104,104,104,104,104,104,104,104,104,104,104,104,104,104,104,104,104,104,104,104,104,0,0,0,0,52,104,208,208,208,208,208,208,208,208,208,208,208,208,208,208,,,,,,,,,,,,,,,,,,,,,,,,,,,,,,,,,,,,,,,,,,,,,,,,,,,,,,,,,,,,,,,,,,,,,,,,,,,,,,,,,,,,,,,,,
230402|2304|GBWF1||Wind|Onshore,2304,Gawara Baya Wind And BESS,Q00039,GAWARA BAYA WIND FARM PTY LTD,windlab_NR,QLD1,400,230402,GBWF1,Wind,Onshore,,,Semi-scheduled,68,6,6,408,408,,Anticipated,47627,2055,,46361,46167.66982638889,0,0,0,0,0,0,90,250,250,296,296,296,296,296,296,296,296,296,296,296,296,296,296,296,296,296,296,296,296,296,,,,,,,,,,,,,,,,,,,,,,,,,,,,,,,,,,,,,,,,,,,,,,,,,,,,,,,,,,,,,,,,,,,,,,,,,,,,,,,,,,,,,,,,,,,,,,,,,,,,,,,,,,,,,
298701|2987|GLBS_GU1||Battery Storage|Lithium-ion,2987,Geelong BESS,V00176,Elgin Energy Pty Ltd,glas-service_nr,VIC1,250,298701,GLBS_GU1,Battery Storage,Lithium-ion,,,Scheduled,1,,250,,250,1000,Publicly Announced,,,,46091,46035.688472222224,,,,,,,,,,,,,,,,,,,,,,,,,,,,,,,,,,,,,,,,,,,,,,,,,,,,,,,,,,,,,,,,,,,,,,,,,,,,,,,,,,,,,,,,,,,,,,,,,,,,,,,,,,,,,,,,,,,,,,,,,,,,,,,,,,,,,,,,,,,
309901|3099|GTBS_GU1||Battery Storage|Lithium-ion,3099,Gelston Energy Park,,Gelston Energy Park Pty Ltd (ACN 690796788) as trustee for Gelston Energy Park Trust,ascera_nr,NSW1,400,309901,GTBS_GU1,Battery Storage,Lithium-ion,,,Scheduled,1,400,400,400,400,1600,Publicly Announced,47392,2060,,46361,46157.478425925925,,,,,,,,,,,,,,,,,,,,,,,,,,,,,,,,,,,,,,,,,,,,,,,,,,,,,,,,,,,,,,,,,,,,,,,,,,,,,,,,,,,,,,,,,,,,,,,,,,,,,,,,,,,,,,,,,,,,,,,,,,,,,,,,,,,,,,,,,,,
311501|3115|GFSF_GU1||Solar PV|Fixed,3115,Gemfields Integrated Facility - Wind And Solar,,Energy Estate,energyestate_NR,QLD1,1450,311501,GFSF_GU1,Solar PV,Fixed,,,Semi-scheduled,1,,250,,250,,Publicly Announced,,,,46091,45939.73730324074,,,,,,,,,,,,,,,,,,,,,,,,,,,,,,,,,,,,,,,,,,,,,,,,,,,,,,,,,,,,,,,,,,,,,,,,,,,,,,,,,,,,,,,,,,,,,,,,,,,,,,,,,,,,,,,,,,,,,,,,,,,,,,,,,,,,,,,,,,,
311502|3115|GFWF_GU1||Wind|Onshore,3115,Gemfields Integrated Facility - Wind And Solar,,Energy Estate,energyestate_NR,QLD1,1450,311502,GFWF_GU1,Wind,Onshore,,,Semi-scheduled,1,,1200,,1200,,Publicly Announced,,,,46091,45939.73730324074,,,,,,,,,,,,,,,,,,,,,,,,,,,,,,,,,,,,,,,,,,,,,,,,,,,,,,,,,,,,,,,,,,,,,,,,,,,,,,,,,,,,,,,,,,,,,,,,,,,,,,,,,,,,,,,,,,,,,,,,,,,,,,,,,,,,,,,,,,,
132501|1325|German Creek:1-16|GERMCRK|Gas Turbine|Other,1325,German Creek,,EDL CSM Qld Pty Ltd,EDLCSMQ,QLD1,45,132501,German Creek:1-16,Gas Turbine,Other,Other,GERMCRK,Non-scheduled,16,,1.99,,31.84,,In Service,,2036,,46091,46108.66694444444,,,,,,,,,,,,,,,,,,,,,,,,,,,,,,,,,,,,,,,,,,,,,,,,,,,,,,,,,,,,,,,,,,,,,,,,,,,,,,,,,,,,,,,,,,,,,,,,,,,,,,,,,,,,,,,,,,,,,,,,,,,,,,,,,,,,,,,,,,,
132502|1325|German Creek:17-20|GERMCRK|Gas Turbine|Other,1325,German Creek,,EDL CSM Qld Pty Ltd,EDLCSMQ,QLD1,45,132502,German Creek:17-20,Gas Turbine,Other,Landfill Gas,GERMCRK,Non-scheduled,4,,3.3,,13.2,,In Service,,2036,,46091,46108.66694444444,,,,,,,,,,,,,,,,,,,,,,,,,,,,,,,,,,,,,,,,,,,,,,,,,,,,,,,,,,,,,,,,,,,,,,,,,,,,,,,,,,,,,,,,,,,,,,,,,,,,,,,,,,,,,,,,,,,,,,,,,,,,,,,,,,,,,,,,,,,
272001|2720|GG_SF||Solar PV|Single Axis Tracking,2720,Gerogery Solar Farm and BESS,N00160,Elgin Energy Pty Ltd,glas-service_nr,NSW1,125,272001,GG_SF,Solar PV,Single Axis Tracking,,,Semi-scheduled,1,,62.5,,62.5,,Publicly Announced,46661,2069,,46091,46113.71184027778,,,,,,,,,,,,,,,,,,,,,,,,,,,,,,,,,,,,,,,,,,,,,,,,,,,,,,,,,,,,,,,,,,,,,,,,,,,,,,,,,,,,,,,,,,,,,,,,,,,,,,,,,,,,,,,,,,,,,,,,,,,,,,,,,,,,,,,,,,,
272002|2720|GR_BESS||Battery Storage|Lithium-ion,2720,Gerogery Solar Farm and BESS,N00160,Elgin Energy Pty Ltd,glas-service_nr,NSW1,125,272002,GR_BESS,Battery Storage,Lithium-ion,,,Scheduled,1,,62.5,,62.5,250,Publicly Announced,46661,2069,,46091,46113.71184027778,,,,,,,,,,,,,,,,,,,,,,,,,,,,,,,,,,,,,,,,,,,,,,,,,,,,,,,,,,,,,,,,,,,,,,,,,,,,,,,,,,,,,,,,,,,,,,,,,,,,,,,,,,,,,,,,,,,,,,,,,,,,,,,,,,,,,,,,,,,
309001|3090|TEBS_GU1||Battery Storage|Lithium-ion,3090,GIDDI BESS (Trafalgar East BESS - Stage 1),,Ib vogt Development Australia Pty Ltd,ibvogt_NR,VIC1,360,309001,TEBS_GU1,Battery Storage,Lithium-ion,,,Scheduled,1,4.4,360,4.4,360,1440,Publicly Announced,47270,2049,,46091,46161.57885416667,,,,,,,,,,,,,,,,,,,,,,,,,,,,,,,,,,,,,,,,,,,,,,,,,,,,,,,,,,,,,,,,,,,,,,,,,,,,,,,,,,,,,,,,,,,,,,,,,,,,,,,,,,,,,,,,,,,,,,,,,,,,,,,,,,,,,,,,,,,
322501|3225|GBBESS_GU1||Battery Storage|Lithium-ion,3225,Gillenbah BESS - KCI,N00264,Gillenbah BESS Development Pty Ltd ,,NSW1,400,322501,GBBESS_GU1,Battery Storage,Lithium-ion,,,Scheduled,1,,400,,400,400,Publicly Announced,,,,46091,46044.663148148145,,,,,,,,,,,,,,,,,,,,,,,,,,,,,,,,,,,,,,,,,,,,,,,,,,,,,,,,,,,,,,,,,,,,,,,,,,,,,,,,,,,,,,,,,,,,,,,,,,,,,,,,,,,,,,,,,,,,,,,,,,,,,,,,,,,,,,,,,,,
260801|2608|GGBS_GU1||Battery Storage|Lithium-ion,2608,Gin Gin BESS,Q00122,Iberdrola Australia Development Pty Limited,iberdrola_NR,QLD1,265,260801,GGBS_GU1,Battery Storage,Lithium-ion,,,Scheduled,144,2.4,2.4,345.6,345.6,529.92,Publicly Announced,46752,2057,,46361,46161.39871527778,,,,,,,,,,,,,,,,,,,,,,,,,,,,,,,,,,,,,,,,,,,,,,,,,,,,,,,,,,,,,,,,,,,,,,,,,,,,,,,,,,,,,,,,,,,,,,,,,,,,,,,,,,,,,,,,,,,,,,,,,,,,,,,,,,,,,,,,,,,
331501|3315|Gippsland BESS||Battery Storage|Lithium-ion,3315,Gippsland BESS ( formerly Tramway BESS) - KCI,V00213,,,VIC1,600,331501,Gippsland BESS,Battery Storage,Lithium-ion,,,Scheduled,1,,600,,600,,Publicly Announced,,,,,46205.4284837963,,,,,,,,,,,,,,,,,,,,,,,,,,,,,,,,,,,,,,,,,,,,,,,,,,,,,,,,,,,,,,,,,,,,,,,,,,,,,,,,,,,,,,,,,,,,,,,,,,,,,,,,,,,,,,,,,,,,,,,,,,,,,,,,,,,,,,,,,,,
202701|2027|GGOW_GU1||Wind|Offshore - fixed,2027,Gippsland Dawn Offshore Wind Project,V00051,Gippsland Dawn OWP Project Pty Ltd,bluefloat_NR,VIC1,2100,202701,GGOW_GU1,Wind,Offshore - fixed,,,Semi-scheduled,140,,15,,2100,,Publicly Announced,48579,,,46361,45727.93916666666,,,,,,,,,,,,,,,,,,,,,,,,,,,,,,,,,,,,,,,,,,,,,,,,,,,,,,,,,,,,,,,,,,,,,,,,,,,,,,,,,,,,,,,,,,,,,,,,,,,,,,,,,,,,,,,,,,,,,,,,,,,,,,,,,,,,,,,,,,,
198201|1982|Girgarre|GIRGSF|Solar PV|Single Axis Tracking,1982,Girgarre Solar Farm,,Giragarre Solar Farm Pty Ltd as trustee for Giragarre Solar Farm Trust,enel_NR,VIC1,76,198201,Girgarre,Solar PV,Single Axis Tracking,,GIRGSF,Semi-scheduled,57,1.64,1.64,93.48,93.48,,In Service,,2054,,46091,46167.66688657407,75.81,75.81,69.54,75.81,75.81,69.54,75.81,75.81,69.54,75.81,75.81,69.54,75.81,75.81,69.54,75.81,75.81,69.54,75.81,75.81,69.54,75.81,75.81,69.54,75.81,75.81,69.54,75.81,75.81,69.54,,,,,,,,,,,,,,,,,,,,,,,,,,,,,,,,,,,,,,,,,,,,,,,,,,,,,,,,,,,,,,,,,,,,,,,,,,,,,,,,,,,,,,,,,,,,,,,,,,,,,,,,,,,,,
107701|1077|Gladstone:1|GSTONE1|Coal|Black Coal,1077,Gladstone,,Gladstone Power Station Participants,CSENERGY,QLD1,1680,107701,Gladstone:1,Coal,Black Coal,,GSTONE1,Scheduled,1,,280,,280,,Announced Withdrawal,,2029,47208,46361,46148.62619212963,280,280,280,280,280,280,280,280,280,0,0,0,0,0,0,0,0,0,0,0,0,0,0,0,0,0,0,,,,,,,,,,,,,,,,,,,,,,,,,,,,,,,,,,,,,,,,,,,,,,,,,,,,,,,,,,,,,,,,,,,,,,,,,,,,,,,,,,,,,,,,,,,,,,,,,,,,,,,,,,,,,,,,
107702|1077|Gladstone:2|GSTONE2|Coal|Black Coal,1077,Gladstone,,Gladstone Power Station Participants,CSENERGY,QLD1,1680,107702,Gladstone:2,Coal,Black Coal,,GSTONE2,Scheduled,1,,280,,280,,Announced Withdrawal,,2029,47208,46361,46148.62619212963,280,280,280,280,280,280,280,280,280,0,0,0,0,0,0,0,0,0,0,0,0,0,0,0,0,0,0,,,,,,,,,,,,,,,,,,,,,,,,,,,,,,,,,,,,,,,,,,,,,,,,,,,,,,,,,,,,,,,,,,,,,,,,,,,,,,,,,,,,,,,,,,,,,,,,,,,,,,,,,,,,,,,,
107703|1077|Gladstone:3|GSTONE3|Coal|Black Coal,1077,Gladstone,,Gladstone Power Station Participants,CSENERGY,QLD1,1680,107703,Gladstone:3,Coal,Black Coal,,GSTONE3,Scheduled,1,,280,,280,,Announced Withdrawal,,2029,47208,46361,46148.62619212963,280,280,280,280,280,280,280,280,280,0,0,0,0,0,0,0,0,0,0,0,0,0,0,0,0,0,0,,,,,,,,,,,,,,,,,,,,,,,,,,,,,,,,,,,,,,,,,,,,,,,,,,,,,,,,,,,,,,,,,,,,,,,,,,,,,,,,,,,,,,,,,,,,,,,,,,,,,,,,,,,,,,,,
107704|1077|Gladstone:4|GSTONE4|Coal|Black Coal,1077,Gladstone,,Gladstone Power Station Participants,CSENERGY,QLD1,1680,107704,Gladstone:4,Coal,Black Coal,,GSTONE4,Scheduled,1,,280,,280,,Announced Withdrawal,,2029,47208,46361,46148.62619212963,280,280,280,280,280,280,280,280,280,0,0,0,0,0,0,0,0,0,0,0,0,0,0,0,0,0,0,,,,,,,,,,,,,,,,,,,,,,,,,,,,,,,,,,,,,,,,,,,,,,,,,,,,,,,,,,,,,,,,,,,,,,,,,,,,,,,,,,,,,,,,,,,,,,,,,,,,,,,,,,,,,,,,
107705|1077|Gladstone:5|GSTONE5|Coal|Black Coal,1077,Gladstone,,Gladstone Power Station Participants,CSENERGY,QLD1,1680,107705,Gladstone:5,Coal,Black Coal,,GSTONE5,Scheduled,1,,280,,280,,Announced Withdrawal,,2029,47208,46361,46148.62619212963,280,280,280,280,280,280,280,280,280,0,0,0,0,0,0,0,0,0,0,0,0,0,0,0,0,0,0,,,,,,,,,,,,,,,,,,,,,,,,,,,,,,,,,,,,,,,,,,,,,,,,,,,,,,,,,,,,,,,,,,,,,,,,,,,,,,,,,,,,,,,,,,,,,,,,,,,,,,,,,,,,,,,,
107706|1077|Gladstone:6|GSTONE6|Coal|Black Coal,1077,Gladstone,,Gladstone Power Station Participants,CSENERGY,QLD1,1680,107706,Gladstone:6,Coal,Black Coal,,GSTONE6,Scheduled,1,,280,,280,,Announced Withdrawal,,2029,47208,46361,46148.62619212963,280,280,280,280,280,280,280,280,280,0,0,0,0,0,0,0,0,0,0,0,0,0,0,0,0,0,0,,,,,,,,,,,,,,,,,,,,,,,,,,,,,,,,,,,,,,,,,,,,,,,,,,,,,,,,,,,,,,,,,,,,,,,,,,,,,,,,,,,,,,,,,,,,,,,,,,,,,,,,,,,,,,,,
319001|3190|GLDEA_GU1||Battery Storage|Lithium-ion,3190,Gladstone SDA Energy Hub A - KCI,Q00262,Private Energy Partners Pty Ltd,pep_nr,QLD1,260,319001,GLDEA_GU1,Battery Storage,Lithium-ion,,,Scheduled,1,260,260,260,260,2080,Publicly Announced,46783,2054,,46091,46099.66814814815,,,,,,,,,,,,,,,,,,,,,,,,,,,,,,,,,,,,,,,,,,,,,,,,,,,,,,,,,,,,,,,,,,,,,,,,,,,,,,,,,,,,,,,,,,,,,,,,,,,,,,,,,,,,,,,,,,,,,,,,,,,,,,,,,,,,,,,,,,,
318901|3189|GLDE_GU1||Other|Other,3189,Gladstone SDA Energy Hub B - KCI,Q00261,Private Energy Partners Pty Ltd,pep_nr,QLD1,396,318901,GLDE_GU1,Other,Other,,,Scheduled,2,,198,,396,,Publicly Announced,47207,2054,,46091,46099.66710648148,,,,,,,,,,,,,,,,,,,,,,,,,,,,,,,,,,,,,,,,,,,,,,,,,,,,,,,,,,,,,,,,,,,,,,,,,,,,,,,,,,,,,,,,,,,,,,,,,,,,,,,,,,,,,,,,,,,,,,,,,,,,,,,,,,,,,,,,,,,
319401|3194|GWGP_GU1||Other|Other,3194,Gladstone West Gas Project - KCI,Q00283,AGL Energy Limited,agl_nr,QLD1,700,319401,GWGP_GU1,Other,Other,,,Scheduled,1,,700,,700,,Publicly Announced,,,,46091,46104.455972222226,,,,,,,,,,,,,,,,,,,,,,,,,,,,,,,,,,,,,,,,,,,,,,,,,,,,,,,,,,,,,,,,,,,,,,,,,,,,,,,,,,,,,,,,,,,,,,,,,,,,,,,,,,,,,,,,,,,,,,,,,,,,,,,,,,,,,,,,,,,
289401|2894|Glmrbess||Battery Storage|Lithium-ion,2894,Glanmire Solar Farm and BESS,,Elgin Energy Pty Ltd,glas-service_nr,NSW1,60,289401,Glmrbess,Battery Storage,Lithium-ion,,,Scheduled,1,,60,,60,120,Anticipated,46599,2067,,46361,46153.415983796294,0,0,0,0,60,60,60,60,60,60,60,60,60,60,60,60,60,60,60,60,60,60,60,60,60,60,60,60,60,60,0,0,0,120,120,120,120,120,120,120,120,120,120,120,120,120,120,120,120,120,,,,,,,,,,,,,,,,,,,,,,,,,,,,,,,,,,,,,,,,,,,,,,,,,,,,,,,,,,,,,,,,,,,,,,,,,,,,,,,,,,,,,,,,,
289402|2894|Glmrsola||Solar PV|Single Axis Tracking,2894,Glanmire Solar Farm and BESS,,Elgin Energy Pty Ltd,glas-service_nr,NSW1,60,289402,Glmrsola,Solar PV,Single Axis Tracking,,,Semi-scheduled,1,,60,,60,,Anticipated,46599,2067,,46361,46153.415983796294,0,0,0,0,60,60,60,60,60,60,60,60,60,60,60,60,60,60,60,60,60,60,60,60,60,60,60,60,60,60,,,,,,,,,,,,,,,,,,,,,,,,,,,,,,,,,,,,,,,,,,,,,,,,,,,,,,,,,,,,,,,,,,,,,,,,,,,,,,,,,,,,,,,,,,,,,,,,,,,,,,,,,,,,,
271401|2714|GIBS_GU1||Battery Storage|Lithium-ion,2714,Glen Inness BESS - KCI,N00154,FIrm Power P/L,agl_nr,NSW1,100,271401,GIBS_GU1,Battery Storage,Lithium-ion,,,Scheduled,52,1.93,1.93,100.36,100.36,200.2,Publicly Announced,47838,2050,,46091,46164.54244212963,,,,,,,,,,,,,,,,,,,,,,,,,,,,,,,,,,,,,,,,,,,,,,,,,,,,,,,,,,,,,,,,,,,,,,,,,,,,,,,,,,,,,,,,,,,,,,,,,,,,,,,,,,,,,,,,,,,,,,,,,,,,,,,,,,,,,,,,,,,
107801|1078|Glenbawn:1|GLBWNHYD|Hydro|Dam,1078,Glenbawn,,AGL,SOUTHHYD,NSW1,5,107801,Glenbawn:1,Hydro,Dam,,GLBWNHYD,Non-scheduled,1,,5,,5,,In Service,,2035,,46091,46112.62304398148,,,,,,,,,,,,,,,,,,,,,,,,,,,,,,,,,,,,,,,,,,,,,,,,,,,,,,,,,,,,,,,,,,,,,,,,,,,,,,,,,,,,,,,,,,,,,,,,,,,,,,,,,,,,,,,,,,,,,,,,,,,,,,,,,,,,,,,,,,,
294101|2941|GBPH_GU1||Hydro|Pumped Hydro,2941,Glenbawn Pumped Hydro Project,,Water NSW,agl_nr,NSW1,770,294101,GBPH_GU1,Hydro,Pumped Hydro,,,Scheduled,1,,770,,770,7700,Publicly Announced,,,,46091,46105.416354166664,,,,,,,,,,,,,,,,,,,,,,,,,,,,,,,,,,,,,,,,,,,,,,,,,,,,,,,,,,,,,,,,,,,,,,,,,,,,,,,,,,,,,,,,,,,,,,,,,,,,,,,,,,,,,,,,,,,,,,,,,,,,,,,,,,,,,,,,,,,
224401|2244|GLENB_BT||Battery Storage|Lithium-ion,2244,Glenbrae BESS,V00065,Acenergy,acenergy_NR,VIC1,250,224401,GLENB_BT,Battery Storage,Lithium-ion,,,Scheduled,1,,250,,250,250,Publicly Announced,,,,46091,45731.11393518518,,,,,,,,,,,,,,,,,,,,,,,,,,,,,,,,,,,,,,,,,,,,,,,,,,,,,,,,,,,,,,,,,,,,,,,,,,,,,,,,,,,,,,,,,,,,,,,,,,,,,,,,,,,,,,,,,,,,,,,,,,,,,,,,,,,,,,,,,,,
217801|2178|GESF_G1|GESF1|Solar PV|Fixed,2178,Glenellen Solar Farm,N00012,Glenellen Solar Farm Pty Ltd,globalpower-generation_NR,NSW1,200,217801,GESF_G1,Solar PV,Fixed,,GESF1,Semi-scheduled,1,264,200,264,200,,In Commissioning,46174,2055,,46091,46101.63228009259,200,200,200,200,200,200,200,200,200,200,200,200,200,200,200,200,200,200,200,200,200,200,200,200,200,200,200,200,200,200,,,,,,,,,,,,,,,,,,,,,,,,,,,,,,,,,,,,,,,,,,,,,,,,,,,,,,,,,,,,,,,,,,,,,,,,,,,,,,,,,,,,,,,,,,,,,,,,,,,,,,,,,,,,,
107901|1079|GLENMAG1|GLENMAG1|Hydro|Dam,1079,Glenmaggie Hydro,,Pacific Hydro Investments Pty Ltd,pacificblue_nr,VIC1,3.8,107901,GLENMAG1,Hydro,Dam,,GLENMAG1,Non-scheduled,1,,1.9,,1.9,,In Service,,2055,,46091,46163.58159722222,,,,,,,,,,,,,,,,,,,,,,,,,,,,,,,,,,,,,,,,,,,,,,,,,,,,,,,,,,,,,,,,,,,,,,,,,,,,,,,,,,,,,,,,,,,,,,,,,,,,,,,,,,,,,,,,,,,,,,,,,,,,,,,,,,,,,,,,,,,
294201|2942|GCPH_GU1||Hydro|Pumped Hydro,2942,Glennis Creek Pumped Hydro Project,,Water NSW,agl_nr,NSW1,642,294201,GCPH_GU1,Hydro,Pumped Hydro,,,Scheduled,1,,642,,642,6420,Publicly Announced,,,,46091,46164.58107638889,,,,,,,,,,,,,,,,,,,,,,,,,,,,,,,,,,,,,,,,,,,,,,,,,,,,,,,,,,,,,,,,,,,,,,,,,,,,,,,,,,,,,,,,,,,,,,,,,,,,,,,,,,,,,,,,,,,,,,,,,,,,,,,,,,,,,,,,,,,
284601|2846|GRBS_GU1||Battery Storage|Lithium-ion,2846,Glenrowan BESS,V00167,Akaysha Energy Pty Ltd,akayshaenergy_NR,VIC1,500,284601,GRBS_GU1,Battery Storage,Lithium-ion,,,Scheduled,312,1.14,1.14,355.68,355.68,1419.6,Publicly Announced,47455,2065,,46361,46167.4555787037,,,,,,,,,,,,,,,,,,,,,,,,,,,,,,,,,,,,,,,,,,,,,,,,,,,,,,,,,,,,,,,,,,,,,,,,,,,,,,,,,,,,,,,,,,,,,,,,,,,,,,,,,,,,,,,,,,,,,,,,,,,,,,,,,,,,,,,,,,,
239601|2396|GBS_GU1||Battery Storage|Lithium-ion,2396,Glenrowan BESS - Storage - KCI,V00154,Enervest Operations Pty Ltd,enervest_NR,VIC1,400,239601,GBS_GU1,Battery Storage,Lithium-ion,,,Scheduled,1,,400,,400,1600,Publicly Announced,47573,2050,,46361,46112.66486111111,,,,,,,,,,,,,,,,,,,,,,,,,,,,,,,,,,,,,,,,,,,,,,,,,,,,,,,,,,,,,,,,,,,,,,,,,,,,,,,,,,,,,,,,,,,,,,,,,,,,,,,,,,,,,,,,,,,,,,,,,,,,,,,,,,,,,,,,,,,
162301|1623|Glenrowan Solar Farm:140|GLENSF1|Solar PV|Single Axis Tracking,1623,Glenrowan Solar Farm,,Glenrowan Solar Farm Pty Ltd as trustee for Glenrowan Solar Farm Trust,ox2_NR,VIC1,102,162301,Glenrowan Solar Farm:140,Solar PV,Single Axis Tracking,,GLENSF1,Semi-scheduled,30,4.28,4.2,128.4,126,,In Service,,2053,,46361,46162.82986111111,102,102,102,102,102,102,102,102,102,102,102,102,102,102,102,102,102,102,102,102,102,102,102,102,102,102,102,102,102,102,,,,,,,,,,,,,,,,,,,,,,,,,,,,,,,,,,,,,,,,,,,,,,,,,,,,,,,,,,,,,,,,,,,,,,,,,,,,,,,,,,,,,,,,,,,,,,,,,,,,,,,,,,,,,
154101|1541|Glenrowan Sun Farm:Solar Panels|GLRWNSF1|Solar PV|Single Axis Tracking,1541,Glenrowan West Solar Farm,,Glenrowan Sun Farm Pty Ltd,GLENROSF,VIC1,110,154101,Glenrowan Sun Farm:Solar Panels,Solar PV,Single Axis Tracking,,GLRWNSF1,Semi-scheduled,48,3.1,2.75,148.8,132,,In Service,,2051,,46091,46140.73479166667,110.016,106.944,102.96,110.016,106.944,102.96,110.016,106.944,102.96,110.016,106.944,102.96,110.016,106.944,102.96,110.016,106.944,102.96,110.016,106.944,102.96,110.016,106.944,102.96,110.016,106.944,102.96,110.016,106.944,102.96,,,,,,,,,,,,,,,,,,,,,,,,,,,,,,,,,,,,,,,,,,,,,,,,,,,,,,,,,,,,,,,,,,,,,,,,,,,,,,,,,,,,,,,,,,,,,,,,,,,,,,,,,,,,,
307001|3070|GRBS_GU1||Battery Storage|Lithium-ion,3070,Glenroy Hybrid Facility - Solar And BESS,Q00240,M Renewables Australia Developments Pty Ltd,,QLD1,1000,307001,GRBS_GU1,Battery Storage,Lithium-ion,,,Scheduled,1,,1000,,1000,,Publicly Announced,,,,46091,45842.015648148146,,,,,,,,,,,,,,,,,,,,,,,,,,,,,,,,,,,,,,,,,,,,,,,,,,,,,,,,,,,,,,,,,,,,,,,,,,,,,,,,,,,,,,,,,,,,,,,,,,,,,,,,,,,,,,,,,,,,,,,,,,,,,,,,,,,,,,,,,,,
307002|3070|GRSF_GU1||Solar PV|Fixed,3070,Glenroy Hybrid Facility - Solar And BESS,Q00240,M Renewables Australia Developments Pty Ltd,,QLD1,1000,307002,GRSF_GU1,Solar PV,Fixed,,,Semi-scheduled,1,,1000,,1000,,Publicly Announced,,,,46091,45842.015648148146,,,,,,,,,,,,,,,,,,,,,,,,,,,,,,,,,,,,,,,,,,,,,,,,,,,,,,,,,,,,,,,,,,,,,,,,,,,,,,,,,,,,,,,,,,,,,,,,,,,,,,,,,,,,,,,,,,,,,,,,,,,,,,,,,,,,,,,,,,,
191201|1912|GNWRRBS1||Battery Storage|Lithium-ion,1912,Gnarwarre BESS Facility,V00033,Gnarwarre BESS Asset Co Pty Ltd (ACN 651 342 602) in its capacity as trustee for the Gnarwarre BESS Asset Trust (ABN 98 136 806 603),frv_NR,VIC1,250,191201,GNWRRBS1,Battery Storage,Lithium-ion,,,Scheduled,112,4.2,4.2,470.4,470.4,499.52,Committed,46721,2054,,46361,46106.68100694445,0,0,0,0,249.76,249.76,249.76,249.76,249.76,249.76,249.76,249.76,249.76,249.76,249.76,249.76,249.76,249.76,249.76,249.76,249.76,249.76,249.76,249.76,249.76,249.76,249.76,249.76,249.76,149.76,0,0,0,500,500,500,500,500,500,500,500,500,500,500,500,500,500,500,500,500,,,,,,,,,,,,,,,,,,,,,,,,,,,,,,,,,,,,,,,,,,,,,,,,,,,,,,,,,,,,,,,,,,,,,,,,,,,,,,,,,,,,,,,,,
298801|2988|GGWF_GU1||Wind|Onshore,2988,Gol Gol Wind Farm,,Squadron Energy Developments Pty Ltd,squadronenergy_NR,NSW1,500,298801,GGWF_GU1,Wind,Onshore,,,Semi-scheduled,83,,6.02,,499.66,,Publicly Announced,48396,2060,,46091,46098.12693287037,,,,,,,,,,,,,,,,,,,,,,,,,,,,,,,,,,,,,,,,,,,,,,,,,,,,,,,,,,,,,,,,,,,,,,,,,,,,,,,,,,,,,,,,,,,,,,,,,,,,,,,,,,,,,,,,,,,,,,,,,,,,,,,,,,,,,,,,,,,
254301|2543|GPBS_GU1||Battery Storage|Lithium-ion,2543,Golden Plains BESS,V00104,Tag Energy Australia P/L,tagenergy_nr,VIC1,150,254301,GPBS_GU1,Battery Storage,Lithium-ion,,,Scheduled,168,0.96,0.89,161.28,149.52,619.92,Committed,46569,2047,,46361,46154.89332175926,0,0,0,150,150,150,150,150,150,150,150,150,150,150,150,150,150,150,150,150,150,150,150,150,150,150,150,150,150,150,0,0,620,620,595,595,580,580,567,567,558,558,549,549,539,539,530,530,521,521,,,,,,,,,,,,,,,,,,,,,,,,,,,,,,,,,,,,,,,,,,,,,,,,,,,,,,,,,,,,,,,,,,,,,,,,,,,,,,,,,,,,,,,,,
319801|3198|GPBESSN_GU1||Battery Storage|Lithium-ion,3198,Golden Plains BESS North,V00190,TagEnergy Australia Pty Ltd,tagenergy_nr,VIC1,150,319801,GPBESSN_GU1,Battery Storage,Lithium-ion,,,Scheduled,1,150,150,150,150,150,Publicly Announced,47119,2053,,46091,46154.893912037034,,,,,,,,,,,,,,,,,,,,,,,,,,,,,,,,,,,,,,,,,,,,,,,,,,,,,,,,,,,,,,,,,,,,,,,,,,,,,,,,,,,,,,,,,,,,,,,,,,,,,,,,,,,,,,,,,,,,,,,,,,,,,,,,,,,,,,,,,,,
148703|1487|GPWFEST1|GPWFEST1|Wind|Onshore,1487,Golden Plains Wind Farm East,V00061,Golden Plains WF1 Pty Ltd as trustee for the Golden Plains WF1 Unit Trust,tagenergy_nr,VIC1,733,148703,GPWFEST1,Wind,Onshore,,GPWFEST1,Semi-scheduled,40,6.2,6.2,248,248,,In Service,,2055,,46091,46154.89275462963,240.4,240.4,160,240.4,240.4,160,240.4,240.4,160,240.4,240.4,160,240.4,240.4,160,240.4,240.4,160,240.4,240.4,160,240.4,240.4,160,240.4,240.4,160,240.4,240.4,160,,,,,,,,,,,,,,,,,,,,,,,,,,,,,,,,,,,,,,,,,,,,,,,,,,,,,,,,,,,,,,,,,,,,,,,,,,,,,,,,,,,,,,,,,,,,,,,,,,,,,,,,,,,,,
148704|1487|GPWFEST2|GPWFEST2|Wind|Onshore,1487,Golden Plains Wind Farm East,V00061,Golden Plains WF1 Pty Ltd as trustee for the Golden Plains WF1 Unit Trust,tagenergy_nr,VIC1,733,148704,GPWFEST2,Wind,Onshore,,GPWFEST2,Semi-scheduled,42,6.2,6.2,260.4,260.4,,In Service,,2055,,46091,46154.89275462963,252.42,252.42,168,252.42,252.42,168,252.42,252.42,168,252.42,252.42,168,252.42,252.42,168,252.42,252.42,168,252.42,252.42,168,252.42,252.42,168,252.42,252.42,168,252.42,252.42,168,,,,,,,,,,,,,,,,,,,,,,,,,,,,,,,,,,,,,,,,,,,,,,,,,,,,,,,,,,,,,,,,,,,,,,,,,,,,,,,,,,,,,,,,,,,,,,,,,,,,,,,,,,,,,
148705|1487|GPWFEST3|GPWFEST3|Wind|Onshore,1487,Golden Plains Wind Farm East,V00061,Golden Plains WF1 Pty Ltd as trustee for the Golden Plains WF1 Unit Trust,tagenergy_nr,VIC1,733,148705,GPWFEST3,Wind,Onshore,,GPWFEST3,Semi-scheduled,40,6.2,6.2,248,248,,In Service,,2055,,46091,46154.89275462963,240.4,240.4,160,240.4,240.4,160,240.4,240.4,160,240.4,240.4,160,240.4,240.4,160,240.4,240.4,160,240.4,240.4,160,240.4,240.4,160,240.4,240.4,160,240.4,240.4,160,,,,,,,,,,,,,,,,,,,,,,,,,,,,,,,,,,,,,,,,,,,,,,,,,,,,,,,,,,,,,,,,,,,,,,,,,,,,,,,,,,,,,,,,,,,,,,,,,,,,,,,,,,,,,
199001|1990|GPWF West 1|GPWFWST1|Wind|Onshore,1990,Golden Plains Wind Farm West,V00004,Golden Plains WF2 Unit Trust,tagenergy_nr,VIC1,557,199001,GPWF West 1,Wind,Onshore,,GPWFWST1,Semi-scheduled,43,6,6,258,258,,In Commissioning,46251,2057,,46361,46176.62840277778,129,258,172,258,258,172,258,258,172,258,258,172,258,258,172,258,258,172,258,258,172,258,258,172,258,258,172,258,258,172,,,,,,,,,,,,,,,,,,,,,,,,,,,,,,,,,,,,,,,,,,,,,,,,,,,,,,,,,,,,,,,,,,,,,,,,,,,,,,,,,,,,,,,,,,,,,,,,,,,,,,,,,,,,,
199002|1990|GPWF West 2|GPWFWST2|Wind|Onshore,1990,Golden Plains Wind Farm West,V00004,Golden Plains WF2 Unit Trust,tagenergy_nr,VIC1,557,199002,GPWF West 2,Wind,Onshore,,GPWFWST2,Semi-scheduled,50,5.98,5.98,299,299,,In Commissioning,46251,2058,,46361,46176.62840277778,150,299,200,299,299,200,299,299,200,299,299,200,299,299,200,299,299,200,299,299,200,299,299,200,299,299,200,299,299,200,,,,,,,,,,,,,,,,,,,,,,,,,,,,,,,,,,,,,,,,,,,,,,,,,,,,,,,,,,,,,,,,,,,,,,,,,,,,,,,,,,,,,,,,,,,,,,,,,,,,,,,,,,,,,
325001|3250|GNSF_GU1||Solar PV|Single Axis Tracking,3250,GoodNight Hybrid Facility- Solar And BESS,,Goodnight One Pty Ltd,Inno_NR,QLD1,200,325001,GNSF_GU1,Solar PV,Single Axis Tracking,,,Semi-scheduled,54,3.5,3,189,162,,Publicly Announced,47728,2061,,46361,46119.42545138889,,,,,,,,,,,,,,,,,,,,,,,,,,,,,,,,,,,,,,,,,,,,,,,,,,,,,,,,,,,,,,,,,,,,,,,,,,,,,,,,,,,,,,,,,,,,,,,,,,,,,,,,,,,,,,,,,,,,,,,,,,,,,,,,,,,,,,,,,,,
325002|3250|GNBS_GU1||Battery Storage|Lithium-ion,3250,GoodNight Hybrid Facility- Solar And BESS,,Goodnight One Pty Ltd,Inno_NR,QLD1,200,325002,GNBS_GU1,Battery Storage,Lithium-ion,,,Scheduled,66,3.5,3,231,198,792,Publicly Announced,47728,2061,,46361,46119.42545138889,,,,,,,,,,,,,,,,,,,,,,,,,,,,,,,,,,,,,,,,,,,,,,,,,,,,,,,,,,,,,,,,,,,,,,,,,,,,,,,,,,,,,,,,,,,,,,,,,,,,,,,,,,,,,,,,,,,,,,,,,,,,,,,,,,,,,,,,,,,
306301|3063|GRWF_GU1||Wind|Onshore,3063,Goombi Renewable Energy Hub,Q00227,Tag Energy Australia Pty Ltd,tagenergy_nr,QLD1,657,306301,GRWF_GU1,Wind,Onshore,,,Semi-scheduled,107,,6.2,,663.4,,Publicly Announced,,,,46361,46112.630428240744,,,,,,,,,,,,,,,,,,,,,,,,,,,,,,,,,,,,,,,,,,,,,,,,,,,,,,,,,,,,,,,,,,,,,,,,,,,,,,,,,,,,,,,,,,,,,,,,,,,,,,,,,,,,,,,,,,,,,,,,,,,,,,,,,,,,,,,,,,,
305401|3054|GOONBESS||Battery Storage|Lithium-ion,3054,Goonumbla BESS,N00243,FRV,frv_NR,NSW1,140,305401,GOONBESS,Battery Storage,Lithium-ion,,,Scheduled,44,4.6,4.6,202.4,202.4,1619.2,Publicly Announced,47938,2056,,,46191.66657407407,,,,,,,,,,,,,,,,,,,,,,,,,,,,,,,,,,,,,,,,,,,,,,,,,,,,,,,,,,,,,,,,,,,,,,,,,,,,,,,,,,,,,,,,,,,,,,,,,,,,,,,,,,,,,,,,,,,,,,,,,,,,,,,,,,,,,,,,,,,
140001|1400|Goonumbla Solar Farm:1-31|GOONSF1|Solar PV|Single Axis Tracking,1400,Goonumbla Solar Farm,,Goonumbla Asset Co Pty Ltd as trustee for the Goonumbla Asset Trust,GOON,NSW1,69.75,140001,Goonumbla Solar Farm:1-31,Solar PV,Single Axis Tracking,,GOONSF1,Semi-scheduled,31,2.25,2.25,69.75,69.75,,In Service,,2050,,46091,46101.75266203703,69.75,69.316,67.735,69.75,69.316,67.735,69.75,69.316,67.735,69.75,69.316,67.735,69.75,69.316,67.735,69.75,69.316,67.735,69.75,69.316,67.735,69.75,69.316,67.735,69.75,69.316,67.735,69.75,69.316,67.735,,,,,,,,,,,,,,,,,,,,,,,,,,,,,,,,,,,,,,,,,,,,,,,,,,,,,,,,,,,,,,,,,,,,,,,,,,,,,,,,,,,,,,,,,,,,,,,,,,,,,,,,,,,,,
257001|2570|GBBESS||Battery Storage|Lithium-ion,2570,Goorambat BESS (LightsourceBP),V00074,Lightsource Development Services Australia Pty Ltd,lightsourcebp_NR,VIC1,400,257001,GBBESS,Battery Storage,Lithium-ion,,,Scheduled,1,200,200,200,200,1600,Publicly Announced,48029,2056,,46091,46171.71265046296,,,,,,,,,,,,,,,,,,,,,,,,,,,,,,,,,,,,,,,,,,,,,,,,,,,,,,,,,,,,,,,,,,,,,,,,,,,,,,,,,,,,,,,,,,,,,,,,,,,,,,,,,,,,,,,,,,,,,,,,,,,,,,,,,,,,,,,,,,,
279301|2793|GOESF1|GOESF1|Solar PV|Single Axis Tracking,2793,Goorambat East Solar Farm (ENGIE),,Engie,engie_NR,VIC1,250,279301,GOESF1,Solar PV,Single Axis Tracking,,GOESF1,Semi-scheduled,1,319,250,319,250,,In Commissioning,46133,2061,,46091,46098.420625,250,250,250,250,250,250,250,250,250,250,250,250,250,250,250,250,250,250,250,250,250,250,250,250,250,250,250,250,250,250,,,,,,,,,,,,,,,,,,,,,,,,,,,,,,,,,,,,,,,,,,,,,,,,,,,,,,,,,,,,,,,,,,,,,,,,,,,,,,,,,,,,,,,,,,,,,,,,,,,,,,,,,,,,,
219101|2191|GRBESS||Battery Storage|Lithium-ion,2191,Goulburn River BESS,, Lightsource Development Services Australia Pty Ltd,lightsourcebp_NR,NSW1,450,219101,GRBESS,Battery Storage,Lithium-ion,,,Scheduled,1,784,450,784,450,1925,Anticipated,46966,2054,,46361,46171.67922453704,0,0,0,0,150,0,0,150,150,450,450,450,450,450,450,450,450,450,450,450,450,450,450,450,450,450,450,450,450,450,0,0,0,599,0,1786,1761,1722,1722,1704,1704,1676,1676,1649,1649,1622,1622,1596,1596,1570,,,,,,,,,,,,,,,,,,,,,,,,,,,,,,,,,,,,,,,,,,,,,,,,,,,,,,,,,,,,,,,,,,,,,,,,,,,,,,,,,,,,,,,,,
219002|2190|GRDCBESS||Battery Storage|Lithium-ion,2190,Goulburn River Solar Farm And BESS,N00051,Goulburn River Fund Pty Ltd,lightsourcebp_NR,NSW1,450,219002,GRDCBESS,Battery Storage,Lithium-ion,,,Scheduled,56,5,0.89,280,49.84,560,Committed,46477,2052,,46361,46176.41434027778,0,25,25,49.84,49.84,49.84,49.84,49.84,49.84,49.84,49.84,49.84,49.84,49.84,49.84,49.84,49.84,49.84,49.84,49.84,49.84,49.84,49.84,49.84,49.84,49.84,49.84,49.84,49.84,49.84,0,255,510,510,484,484,472,472,461,461,452,452,444,444,436,436,429,429,422,422,,,,,,,,,,,,,,,,,,,,,,,,,,,,,,,,,,,,,,,,,,,,,,,,,,,,,,,,,,,,,,,,,,,,,,,,,,,,,,,,,,,,,,,,,
219003|2190|GRSF||Solar PV|Single Axis Tracking,2190,Goulburn River Solar Farm And BESS,N00051,Goulburn River Fund Pty Ltd,lightsourcebp_NR,NSW1,450,219003,GRSF,Solar PV,Single Axis Tracking,,,Semi-scheduled,140,4.18,4.2,585.2,588,,Committed,46507,2067,,46361,46176.41434027778,0,225,225,449.96,449.96,449.96,449.96,449.96,449.96,449.96,449.96,449.96,449.96,449.96,449.96,449.96,449.96,449.96,449.96,449.96,449.96,449.96,449.96,449.96,449.96,449.96,449.96,449.96,449.96,449.96,,,,,,,,,,,,,,,,,,,,,,,,,,,,,,,,,,,,,,,,,,,,,,,,,,,,,,,,,,,,,,,,,,,,,,,,,,,,,,,,,,,,,,,,,,,,,,,,,,,,,,,,,,,,,
329601|3296|GRBESS||Battery Storage|Lithium-ion,3296,Grahams Battery,,AMPYR Energy,ampyrenergy_nr,QLD1,350,329601,GRBESS,Battery Storage,Lithium-ion,,,Scheduled,1,,350,,350,1428,Publicly Announced,,,,46198,46198.387141203704,,,,,,,,,,,,,,,,,,,,,,,,,,,,,,,,,,,,,,,,,,,,,,,,,,,,,,,,,,,,,,,,,,,,,,,,,,,,,,,,,,,,,,,,,,,,,,,,,,,,,,,,,,,,,,,,,,,,,,,,,,,,,,,,,,,,,,,,,,,
273801|2738|GVBS_GU1||Battery Storage|Lithium-ion,2738,Grahamvale BESS - KCI,V00148,AE BESS 3 Pty Ltd as Trustee for AE BESS 3 Unit Trust,,VIC1,100,273801,GVBS_GU1,Battery Storage,Lithium-ion,,,Scheduled,1,,100,,100,,Publicly Announced,,,,46091,45385.06060185185,,,,,,,,,,,,,,,,,,,,,,,,,,,,,,,,,,,,,,,,,,,,,,,,,,,,,,,,,,,,,,,,,,,,,,,,,,,,,,,,,,,,,,,,,,,,,,,,,,,,,,,,,,,,,,,,,,,,,,,,,,,,,,,,,,,,,,,,,,,
240301|2403|GEWF_GU1||Wind|Offshore - fixed,2403,Great Eastern Offshore Wind - KCI,V00100,GIG Australian Offshore Wind Energy Holdings Pty Ltd,,VIC1,2508,240301,GEWF_GU1,Wind,Offshore - fixed,,,Semi-scheduled,1,,2508,,2508,,Publicly Announced,,,,46091,44932.812743055554,,,,,,,,,,,,,,,,,,,,,,,,,,,,,,,,,,,,,,,,,,,,,,,,,,,,,,,,,,,,,,,,,,,,,,,,,,,,,,,,,,,,,,,,,,,,,,,,,,,,,,,,,,,,,,,,,,,,,,,,,,,,,,,,,,,,,,,,,,,
186901|1869|GWBESS||Battery Storage|Lithium-ion,1869,Great Western Battery,N00032,Neoen Australia Pty Ltd,neoen_NR,NSW1,500,186901,GWBESS,Battery Storage,Lithium-ion,,,Scheduled,1,500,500,500,500,4500,Anticipated,47452,2053,,46361,46178.885,0,0,0,0,0,0,0,0,0,330,330,330,330,330,330,330,330,330,330,330,330,330,330,330,330,330,330,330,330,330,0,0,0,0,0,0,2640,2640,2640,2640,2640,2640,2640,2640,2640,2640,2640,2640,2640,2640,,,,,,,,,,,,,,,,,,,,,,,,,,,,,,,,,,,,,,,,,,,,,,,,,,,,,,,,,,,,,,,,,,,,,,,,,,,,,,,,,,,,,,,,,
331301|3313|Greater Geelong Energy Hub||Solar PV|Single Axis Tracking,3313,Greater Geelong Energy Hub - KCI,V00208,,,VIC1,2000,331301,Greater Geelong Energy Hub,Solar PV,Single Axis Tracking,,,Semi-scheduled,1,,2000,,2000,,Publicly Announced,,,,,46205.424479166664,,,,,,,,,,,,,,,,,,,,,,,,,,,,,,,,,,,,,,,,,,,,,,,,,,,,,,,,,,,,,,,,,,,,,,,,,,,,,,,,,,,,,,,,,,,,,,,,,,,,,,,,,,,,,,,,,,,,,,,,,,,,,,,,,,,,,,,,,,,
233701|2337|GSWF_GU1||Wind|Offshore - fixed,2337,Greater Southern Offshore Wind - KCI,V00082, Greater Southern Offshore Wind Farm Project Co Pty Ltd,,VIC1,1500,233701,GSWF_GU1,Wind,Offshore - fixed,,,Semi-scheduled,1,,1500,,1500,,Publicly Announced,,,,46091,44945.0408912037,,,,,,,,,,,,,,,,,,,,,,,,,,,,,,,,,,,,,,,,,,,,,,,,,,,,,,,,,,,,,,,,,,,,,,,,,,,,,,,,,,,,,,,,,,,,,,,,,,,,,,,,,,,,,,,,,,,,,,,,,,,,,,,,,,,,,,,,,,,
283301|2833|GPBS_GuU||Battery Storage|Lithium-ion,2833,Green Poly BESS Project (KCI),Q00196,Solquartz Holdings Pty Ltd,solquartz_nr,QLD1,750,283301,GPBS_GuU,Battery Storage,Lithium-ion,,,Scheduled,1,,750,,750,,Publicly Announced,,,,45901,45569.04070601852,,,,,,,,,,,,,,,,,,,,,,,,,,,,,,,,,,,,,,,,,,,,,,,,,,,,,,,,,,,,,,,,,,,,,,,,,,,,,,,,,,,,,,,,,,,,,,,,,,,,,,,,,,,,,,,,,,,,,,,,,,,,,,,,,,,,,,,,,,,
217002|2170|GREENB1|GREENB1|Battery Storage|Lithium-ion,2170,Greenbank BESS,Q00045,CSE BESS Pty Ltd,CSENERGY,QLD1,200,217002,GREENB1,Battery Storage,Lithium-ion,,GREENB1,Scheduled,1,,200,,200,400,In Service,,2040,,46091,46148.59542824074,200,200,200,200,200,200,200,200,200,200,200,200,200,200,200,200,200,200,200,200,200,200,200,200,200,200,200,200,200,200,400,400,400,400,400,400,400,400,400,400,400,400,400,400,400,400,400,400,400,400,,,,,,,,,,,,,,,,,,,,,,,,,,,,,,,,,,,,,,,,,,,,,,,,,,,,,,,,,,,,,,,,,,,,,,,,,,,,,,,,,,,,,,,,,
154301|1543|Gregadoo Solar Farm:1||Solar PV|Fixed,1543,Gregadoo Solar Farm,N00028,Gregadoo Solar Farm Pty Ltd,hanwha_NR,NSW1,1,154301,Gregadoo Solar Farm:1,Solar PV,Fixed,,,Non-scheduled,1,,45,,45,,Publicly Announced,,,,45901,44939.03267361111,,,,,,,,,,,,,,,,,,,,,,,,,,,,,,,,,,,,,,,,,,,,,,,,,,,,,,,,,,,,,,,,,,,,,,,,,,,,,,,,,,,,,,,,,,,,,,,,,,,,,,,,,,,,,,,,,,,,,,,,,,,,,,,,,,,,,,,,,,,
275801|2758|GRBS||Battery Storage|Lithium-ion,2758,Griffith BESS,N00174,Griffith BESS Project Co Pty Ltd as trustee for the Griffith BESS Project Trust,ekuenergy_nr,NSW1,100,275801,GRBS,Battery Storage,Lithium-ion,,,Scheduled,37,7.2,4.39,266.4,162.43,1065.6,Anticipated,47117,2048,,46361,46167.47908564815,0,0,0,0,0,0,0,100,100,100,100,100,100,100,100,100,100,100,100,100,100,100,100,100,100,100,100,100,100,100,0,0,0,0,0,800,800,800,800,800,800,800,800,800,800,800,800,800,800,800,,,,,,,,,,,,,,,,,,,,,,,,,,,,,,,,,,,,,,,,,,,,,,,,,,,,,,,,,,,,,,,,,,,,,,,,,,,,,,,,,,,,,,,,,
140301|1403|Griffith Solar Farm:Solar PV Panels|GRIFSF1|Solar PV|Single Axis Tracking,1403,Griffith Solar Farm,,Griffith Solar Farm Pty Ltd,GRIFFITH,NSW1,27.2,140301,Griffith Solar Farm:Solar PV Panels,Solar PV,Single Axis Tracking,,GRIFSF1,Non-scheduled,12,,2.27,,27.24,,In Service,,2042,,46091,46111.68315972222,,,,,,,,,,,,,,,,,,,,,,,,,,,,,,,,,,,,,,,,,,,,,,,,,,,,,,,,,,,,,,,,,,,,,,,,,,,,,,,,,,,,,,,,,,,,,,,,,,,,,,,,,,,,,,,,,,,,,,,,,,,,,,,,,,,,,,,,,,,
142801|1428|Grosvenor 1:1-7||Other|Other,1428,Grosvenor 1,,EDL Projects Australia Pty Ltd,MBAHNTH,QLD1,21,142801,Grosvenor 1:1-7,Other,Other,Landfill Gas,,Non-scheduled,7,,3.04,,21.28,,In Service,,2038,,46091,46108.68232638889,,,,,,,,,,,,,,,,,,,,,,,,,,,,,,,,,,,,,,,,,,,,,,,,,,,,,,,,,,,,,,,,,,,,,,,,,,,,,,,,,,,,,,,,,,,,,,,,,,,,,,,,,,,,,,,,,,,,,,,,,,,,,,,,,,,,,,,,,,,
158201|1582|Grosvenor 2 Waste Coal Mine Gas Power Station:1-5||Other|Other,1582,Grosvenor 2 Waste Coal Mine Gas Power Station,,EDL Projects Australia Pty Ltd,MBAHNTH,QLD1,15,158201,Grosvenor 2 Waste Coal Mine Gas Power Station:1-5,Other,Other,Natural Gas,,Non-scheduled,5,,3.04,,15.2,,Publicly Announced,,2038,,46091,46108.68053240741,,,,,,,,,,,,,,,,,,,,,,,,,,,,,,,,,,,,,,,,,,,,,,,,,,,,,,,,,,,,,,,,,,,,,,,,,,,,,,,,,,,,,,,,,,,,,,,,,,,,,,,,,,,,,,,,,,,,,,,,,,,,,,,,,,,,,,,,,,,
318801|3188|GUGAA_GU1||Battery Storage|Lithium-ion,3188,Gugaa BESS,N00274,Silo Energy Ltd,siloenergy_nr,NSW1,1024,318801,GUGAA_GU1,Battery Storage,Lithium-ion,,,Scheduled,256,,4,,1024,,Publicly Announced,,,,46091,46056.655486111114,,,,,,,,,,,,,,,,,,,,,,,,,,,,,,,,,,,,,,,,,,,,,,,,,,,,,,,,,,,,,,,,,,,,,,,,,,,,,,,,,,,,,,,,,,,,,,,,,,,,,,,,,,,,,,,,,,,,,,,,,,,,,,,,,,,,,,,,,,,
319901|3199|GGPG_GU1||Gas Turbine|OCGT,3199,Gullen Gas Power Generator,N00252,APA Power Holdings Pty Ltd,apapower_NR,NSW1,700,319901,GGPG_GU1,Gas Turbine,OCGT,,,Semi-scheduled,2,,350,,700,,Publicly Announced,,,,45992,46043.611712962964,,,,,,,,,,,,,,,,,,,,,,,,,,,,,,,,,,,,,,,,,,,,,,,,,,,,,,,,,,,,,,,,,,,,,,,,,,,,,,,,,,,,,,,,,,,,,,,,,,,,,,,,,,,,,,,,,,,,,,,,,,,,,,,,,,,,,,,,,,,
143201|1432|Gullen Range Solar Farm:GRWFSO 1-4|GULLRSF1|Solar PV|Fixed,1432,Gullen Range Solar Farm,,New Gullen Range Wind Farm Pty Ltd,bjceaustralia_NR,NSW1,10,143201,Gullen Range Solar Farm:GRWFSO 1-4,Solar PV,Fixed,,GULLRSF1,Semi-scheduled,4,2.5,2.5,10,10,,In Service,,2050,,46091,46097.673842592594,10,10,10,10,10,10,10,10,10,10,10,10,10,10,10,10,10,10,10,10,10,10,10,10,10,10,10,10,10,10,,,,,,,,,,,,,,,,,,,,,,,,,,,,,,,,,,,,,,,,,,,,,,,,,,,,,,,,,,,,,,,,,,,,,,,,,,,,,,,,,,,,,,,,,,,,,,,,,,,,,,,,,,,,,
142201|1422|Gullen Range Wind Farm:17|GULLRWF1|Wind|Onshore,1422,Gullen Range Wind Farm,,New Gullen Range Wind Farm Pty Ltd,bjceaustralia_NR,NSW1,165.5,142201,Gullen Range Wind Farm:17,Wind,Onshore,,GULLRWF1,Semi-scheduled,17,1.5,1.5,25.5,25.5,,In Service,,2050,,46091,46097.66385416667,25.5,25.5,25.5,25.5,25.5,25.5,25.5,25.5,25.5,25.5,25.5,25.5,25.5,25.5,25.5,25.5,25.5,25.5,25.5,25.5,25.5,25.5,25.5,25.5,25.5,25.5,25.5,25.5,25.5,25.5,,,,,,,,,,,,,,,,,,,,,,,,,,,,,,,,,,,,,,,,,,,,,,,,,,,,,,,,,,,,,,,,,,,,,,,,,,,,,,,,,,,,,,,,,,,,,,,,,,,,,,,,,,,,,
142202|1422|Gullen Range Wind Farm:56|GULLRWF1|Wind|Onshore,1422,Gullen Range Wind Farm,,New Gullen Range Wind Farm Pty Ltd,bjceaustralia_NR,NSW1,165.5,142202,Gullen Range Wind Farm:56,Wind,Onshore,,GULLRWF1,Semi-scheduled,56,2.5,2.5,140,140,,In Service,,2050,,46091,46097.66385416667,140,140,140,140,140,140,140,140,140,140,140,140,140,140,140,140,140,140,140,140,140,140,140,140,140,140,140,140,140,140,,,,,,,,,,,,,,,,,,,,,,,,,,,,,,,,,,,,,,,,,,,,,,,,,,,,,,,,,,,,,,,,,,,,,,,,,,,,,,,,,,,,,,,,,,,,,,,,,,,,,,,,,,,,,
158802|1588|Biala Wind Farm: 1-31|GULLRWF2|Wind|Onshore,1588,Gullen Range Wind Farm 2,,BEIJING JINGNENG CLEAN ENERGY (AUSTRALIA) HOLDING PTY LTD,bjceaustralia_NR,NSW1,110.67,158802,Biala Wind Farm: 1-31,Wind,Onshore,,GULLRWF2,Semi-scheduled,31,3.57,3.57,110.67,110.67,,In Service,44861,2055,,46091,46097.673055555555,110.67,110.67,110.67,110.67,110.67,110.67,110.67,110.67,110.67,110.67,110.67,110.67,110.67,110.67,110.67,110.67,110.67,110.67,110.67,110.67,110.67,110.67,110.67,110.67,110.67,110.67,110.67,110.67,110.67,110.67,,,,,,,,,,,,,,,,,,,,,,,,,,,,,,,,,,,,,,,,,,,,,,,,,,,,,,,,,,,,,,,,,,,,,,,,,,,,,,,,,,,,,,,,,,,,,,,,,,,,,,,,,,,,,
221201|2212|GDCBESS||Battery Storage|Lithium-ion,2212,Gundary Solar Farm and BESS,N00081, Lightsource Development Services Australia Pty Ltd,lightsourcebp_NR,NSW1,300,221201,GDCBESS,Battery Storage,Lithium-ion,,,Scheduled,1,320,320,320,320,1600,Publicly Announced,47270,2054,,46091,46171.70993055555,,,,,,,,,,,,,,,,,,,,,,,,,,,,,,,,,,,,,,,,,,,,,,,,,,,,,,,,,,,,,,,,,,,,,,,,,,,,,,,,,,,,,,,,,,,,,,,,,,,,,,,,,,,,,,,,,,,,,,,,,,,,,,,,,,,,,,,,,,,
221202|2212|GSF||Solar PV|Single Axis Tracking,2212,Gundary Solar Farm and BESS,N00081, Lightsource Development Services Australia Pty Ltd,lightsourcebp_NR,NSW1,300,221202,GSF,Solar PV,Single Axis Tracking,,,Scheduled,1,352,320,352,320,,Publicly Announced,47270,2069,,46091,46171.70993055555,,,,,,,,,,,,,,,,,,,,,,,,,,,,,,,,,,,,,,,,,,,,,,,,,,,,,,,,,,,,,,,,,,,,,,,,,,,,,,,,,,,,,,,,,,,,,,,,,,,,,,,,,,,,,,,,,,,,,,,,,,,,,,,,,,,,,,,,,,,
320001|3200|GBESS_GU1||Battery Storage|Lithium-ion,3200,Gundary standalone BESS - KCI,N00253,Lightsource Asset Management Australia Pty Ltd,lightsourcebp_NR,NSW1,400,320001,GBESS_GU1,Battery Storage,Lithium-ion,,,Scheduled,165,,3.58,,590.7,590.7,Publicly Announced,,,,46091,46044.664664351854,,,,,,,,,,,,,,,,,,,,,,,,,,,,,,,,,,,,,,,,,,,,,,,,,,,,,,,,,,,,,,,,,,,,,,,,,,,,,,,,,,,,,,,,,,,,,,,,,,,,,,,,,,,,,,,,,,,,,,,,,,,,,,,,,,,,,,,,,,,
221701|2217|GBESS_G1||Battery Storage|Lithium-ion,2217,Gunnedah BESS,N00088, Gunnedah Battery Subco Pty Ltd,recurrentenergy_nr,NSW1,70,221701,GBESS_G1,Battery Storage,Lithium-ion,,,Scheduled,1,70,70,70,70,140,Publicly Announced,46753,2055,,46091,46120.433229166665,,,,,,,,,,,,,,,,,,,,,,,,,,,,,,,,,,,,,,,,,,,,,,,,,,,,,,,,,,,,,,,,,,,,,,,,,,,,,,,,,,,,,,,,,,,,,,,,,,,,,,,,,,,,,,,,,,,,,,,,,,,,,,,,,,,,,,,,,,,
271301|2713|GEBS_GU1||Battery Storage|Lithium-ion,2713,Gunnedah East BESS (Green Leap) - KCI,N00153,Green Leap P/L,,NSW1,100,271301,GEBS_GU1,Battery Storage,Lithium-ion,,,Scheduled,25,,4,,100,,Publicly Announced,,,,46091,45384.89377314815,,,,,,,,,,,,,,,,,,,,,,,,,,,,,,,,,,,,,,,,,,,,,,,,,,,,,,,,,,,,,,,,,,,,,,,,,,,,,,,,,,,,,,,,,,,,,,,,,,,,,,,,,,,,,,,,,,,,,,,,,,,,,,,,,,,,,,,,,,,
158501|1585|Gunnedah Solar Farm|GNNDHSF1|Solar PV|Single Axis Tracking,1585,Gunnedah Solar Farm,,Gunnedah SF Pty Ltd atf Gunnedah Asset Trust,calenergy_nr,NSW1,110,158501,Gunnedah Solar Farm,Solar PV,Single Axis Tracking,,GNNDHSF1,Semi-scheduled,90,1.63,1.44,146.7,129.6,,In Service,,2056,,46091,46111.65655092592,110,110,110,110,110,110,110,110,110,110,110,110,110,110,110,110,110,110,110,110,110,110,110,110,110,110,110,110,110,110,,,,,,,,,,,,,,,,,,,,,,,,,,,,,,,,,,,,,,,,,,,,,,,,,,,,,,,,,,,,,,,,,,,,,,,,,,,,,,,,,,,,,,,,,,,,,,,,,,,,,,,,,,,,,
218601|2186|GSF_GU1||Solar PV|Fixed,2186,Gunning Hybrid,N00045,Gunning Subco Pty Ltd as trustee for the Gunning Unit Trust,grupocobra_nr,NSW1,239,218601,GSF_GU1,Solar PV,Fixed,,,Semi-scheduled,70,6.88,4.2,481.6,294,,Anticipated,46905,2053,,,46190.545069444444,0,0,0,0,0,0,239,239,239,239,239,239,239,239,239,239,239,239,239,239,239,239,239,239,239,239,239,239,239,239,,,,,,,,,,,,,,,,,,,,,,,,,,,,,,,,,,,,,,,,,,,,,,,,,,,,,,,,,,,,,,,,,,,,,,,,,,,,,,,,,,,,,,,,,,,,,,,,,,,,,,,,,,,,,
218602|2186|GSF_GU2||Battery Storage|Lithium-ion,2186,Gunning Hybrid,N00045,Gunning Subco Pty Ltd as trustee for the Gunning Unit Trust,grupocobra_nr,NSW1,239,218602,GSF_GU2,Battery Storage,Lithium-ion,,,Scheduled,36,6.88,4.39,247.68,158.04,316.08,Anticipated,46905,2053,,,46190.545069444444,0,0,0,0,0,0,120,120,120,120,120,120,120,120,120,120,120,120,120,120,120,120,120,120,120,120,120,120,120,120,0,0,0,0,240,240,240,240,240,240,240,240,240,240,240,240,240,240,240,240,,,,,,,,,,,,,,,,,,,,,,,,,,,,,,,,,,,,,,,,,,,,,,,,,,,,,,,,,,,,,,,,,,,,,,,,,,,,,,,,,,,,,,,,,
108201|1082|Gunning Wind Farm|GUNNING1|Wind|Onshore,1082,Gunning Wind Farm,,Gunning Wind Energy Developments,GUNNING,NSW1,46.5,108201,Gunning Wind Farm,Wind,Onshore,,GUNNING1,Semi-scheduled,11,1.5,1.5,16.5,16.5,,In Service,,2036,,46091,46093.627534722225,16.5,16.5,0,16.5,16.5,0,16.5,16.5,0,16.5,16.5,0,16.5,16.5,0,16.5,16.5,0,16.5,16.5,0,16.5,16.5,0,16.5,16.5,0,16.5,16.5,0,,,,,,,,,,,,,,,,,,,,,,,,,,,,,,,,,,,,,,,,,,,,,,,,,,,,,,,,,,,,,,,,,,,,,,,,,,,,,,,,,,,,,,,,,,,,,,,,,,,,,,,,,,,,,
108202|1082|Gunning Wind Farm:12-31|GUNNING1|Wind|Onshore,1082,Gunning Wind Farm,,Gunning Wind Energy Developments,GUNNING,NSW1,46.5,108202,Gunning Wind Farm:12-31,Wind,Onshore,,GUNNING1,Semi-scheduled,20,1.5,1.5,30,30,,In Service,,2036,,46091,46093.627534722225,30,30,0,30,30,0,30,30,0,30,30,0,30,30,0,30,30,0,30,30,0,30,30,0,30,30,0,30,30,0,,,,,,,,,,,,,,,,,,,,,,,,,,,,,,,,,,,,,,,,,,,,,,,,,,,,,,,,,,,,,,,,,,,,,,,,,,,,,,,,,,,,,,,,,,,,,,,,,,,,,,,,,,,,,
308001|3080|GSBS_GU1||Battery Storage|Lithium-ion,3080,Gunsynd BESS,,Gunsynd BESS Pty Ltd,metisenergy_nr,QLD1,100,308001,GSBS_GU1,Battery Storage,Lithium-ion,,,Scheduled,1,,100,,100,400,Publicly Announced,,,,46091,46161.37814814815,,,,,,,,,,,,,,,,,,,,,,,,,,,,,,,,,,,,,,,,,,,,,,,,,,,,,,,,,,,,,,,,,,,,,,,,,,,,,,,,,,,,,,,,,,,,,,,,,,,,,,,,,,,,,,,,,,,,,,,,,,,,,,,,,,,,,,,,,,,
242201|2422|Gunsynd Solar Farm|GUSF1|Solar PV|Single Axis Tracking,2422,Gunsynd Solar Farm,,Progressive Renewable Developments Goondiwindi Pty Ltd (ACN 629 560 621) as trustee for the Gunsynd Solar Farm Project Trust,metisenergy_nr,QLD1,94,242201,Gunsynd Solar Farm,Solar PV,Single Axis Tracking,,GUSF1,Semi-scheduled,75,2.13,1.64,159.75,123,,In Commissioning,46107,2061,,46091,46104.69965277778,94,94,94,94,94,94,94,94,94,94,94,94,94,94,94,94,94,94,94,94,94,94,94,94,94,94,94,94,94,94,,,,,,,,,,,,,,,,,,,,,,,,,,,,,,,,,,,,,,,,,,,,,,,,,,,,,,,,,,,,,,,,,,,,,,,,,,,,,,,,,,,,,,,,,,,,,,,,,,,,,,,,,,,,,
256501|2565|GEP_GU||Other|Other,2565,Gurambilbarra Energy Hub,Q00102,365 Future Energy,,QLD1,1186,256501,GEP_GU,Other,Other,,,Scheduled,1,,1186,,1186,,Publicly Announced,,,,46091,45112.13166666667,,,,,,,,,,,,,,,,,,,,,,,,,,,,,,,,,,,,,,,,,,,,,,,,,,,,,,,,,,,,,,,,,,,,,,,,,,,,,,,,,,,,,,,,,,,,,,,,,,,,,,,,,,,,,,,,,,,,,,,,,,,,,,,,,,,,,,,,,,,
108301|1083|Guthega:1|GUTHEGA|Hydro|Dam,1083,Guthega,,Snowy Hydro Ltd,SNOWY,NSW1,80,108301,Guthega:1,Hydro,Dam,,GUTHEGA,Scheduled,1,,30,,30,,In Service,,2070,,46091,46110.52422453704,34,34,34,34,34,34,34,34,34,34,34,34,34,34,34,34,34,34,34,34,34,34,34,34,34,34,34,34,34,34,,,,,,,,,,,,,,,,,,,,,,,,,,,,,,,,,,,,,,,,,,,,,,,,,,,,,,,,,,,,,,,,,,,,,,,,,,,,,,,,,,,,,,,,,,,,,,,,,,,,,,,,,,,,,
108302|1083|Guthega:2|GUTHEGA|Hydro|Dam,1083,Guthega,,Snowy Hydro Ltd,SNOWY,NSW1,80,108302,Guthega:2,Hydro,Dam,,GUTHEGA,Scheduled,1,,30,,30,,In Service,,2070,,46091,46110.52422453704,34,34,34,34,34,34,34,34,34,34,34,34,34,34,34,34,34,34,34,34,34,34,34,34,34,34,34,34,34,34,,,,,,,,,,,,,,,,,,,,,,,,,,,,,,,,,,,,,,,,,,,,,,,,,,,,,,,,,,,,,,,,,,,,,,,,,,,,,,,,,,,,,,,,,,,,,,,,,,,,,,,,,,,,,
306801|3068|GGBS_GU1||Battery Storage|Lithium-ion,3068,Guthrie’s Gap Solar Power Station,Q00246,Edify Energy Pty Ltd,edifyenergy_NR,QLD1,300,306801,GGBS_GU1,Battery Storage,Lithium-ion,,,Scheduled,1,360,300,360,300,1200,Committed*,47088,2059,,46361,46164.696018518516,0,0,0,0,0,0,0,0,0,300,300,300,300,300,300,300,300,300,300,300,300,300,300,300,300,300,300,300,300,300,0,0,0,0,0,0,1200,1200,1200,1200,1200,1200,1200,1200,1200,1200,1200,1200,1200,1200,,,,,,,,,,,,,,,,,,,,,,,,,,,,,,,,,,,,,,,,,,,,,,,,,,,,,,,,,,,,,,,,,,,,,,,,,,,,,,,,,,,,,,,,,
306802|3068|GGSF_GU1||Solar PV|Single Axis Tracking,3068,Guthrie’s Gap Solar Power Station,Q00246,Edify Energy Pty Ltd,edifyenergy_NR,QLD1,300,306802,GGSF_GU1,Solar PV,Single Axis Tracking,,,Semi-scheduled,1,360,300,360,300,,Committed*,47239,2059,,46361,46164.696018518516,0,0,0,0,0,0,0,0,0,300,300,300,300,300,300,300,300,300,300,300,300,300,300,300,300,300,300,300,300,300,,,,,,,,,,,,,,,,,,,,,,,,,,,,,,,,,,,,,,,,,,,,,,,,,,,,,,,,,,,,,,,,,,,,,,,,,,,,,,,,,,,,,,,,,,,,,,,,,,,,,,,,,,,,,
108401|1084|GM1-8|HALAMRD1|Gas Turbine|Other,1084,Hallam Road,,LMS Energy Pty Ltd,LMSENE,VIC1,8.8,108401,GM1-8,Gas Turbine,Other,Landfill Gas,HALAMRD1,Non-scheduled,8,,1.12,,8.96,,In Service,,2060,,46091,46108.573275462964,,,,,,,,,,,,,,,,,,,,,,,,,,,,,,,,,,,,,,,,,,,,,,,,,,,,,,,,,,,,,,,,,,,,,,,,,,,,,,,,,,,,,,,,,,,,,,,,,,,,,,,,,,,,,,,,,,,,,,,,,,,,,,,,,,,,,,,,,,,
276001|2760|HalysBes||Battery Storage|Lithium-ion,2760,Halys BESS - Iberdrola,Q00164,IBERDROLA AUSTRALIA DEVELOPMENT PTY LIMITED,iberdrola_NR,QLD1,500,276001,HalysBes,Battery Storage,Lithium-ion,,,Scheduled,1,,500,,500,2000,Publicly Announced,,,,46361,46161.41186342593,,,,,,,,,,,,,,,,,,,,,,,,,,,,,,,,,,,,,,,,,,,,,,,,,,,,,,,,,,,,,,,,,,,,,,,,,,,,,,,,,,,,,,,,,,,,,,,,,,,,,,,,,,,,,,,,,,,,,,,,,,,,,,,,,,,,,,,,,,,
266101|2661|HABS_GU1||Battery Storage|Lithium-ion,2661,Halys BESS (X-Elio),Q00132,X-Elio Australia Pty Ltd,x-elio_NR,QLD1,300,266101,HABS_GU1,Battery Storage,Lithium-ion,,,Scheduled,1,,300,,300,600,Publicly Announced,,,,46091,46112.61806712963,,,,,,,,,,,,,,,,,,,,,,,,,,,,,,,,,,,,,,,,,,,,,,,,,,,,,,,,,,,,,,,,,,,,,,,,,,,,,,,,,,,,,,,,,,,,,,,,,,,,,,,,,,,,,,,,,,,,,,,,,,,,,,,,,,,,,,,,,,,
316701|3167|HABS_GU2||Battery Storage|Lithium-ion,3167,Halys BESS 2 (Akaysha),,Halys BESS ProjectCo Pty Ltd,akayshaenergy_NR,QLD1,560,316701,HABS_GU2,Battery Storage,Lithium-ion,,,Scheduled,336,1.67,1.67,561.12,561.12,2241.12,Publicly Announced,47301,2060,,46361,46167.45284722222,,,,,,,,,,,,,,,,,,,,,,,,,,,,,,,,,,,,,,,,,,,,,,,,,,,,,,,,,,,,,,,,,,,,,,,,,,,,,,,,,,,,,,,,,,,,,,,,,,,,,,,,,,,,,,,,,,,,,,,,,,,,,,,,,,,,,,,,,,,
227901|2279|HCB_GU1||Battery Storage|Lithium-ion,2279,Halys to Chinchilla DCA Battery - KCI,Q00019, UGL Pty Ltd,,QLD1,150,227901,HCB_GU1,Battery Storage,Lithium-ion,,,Scheduled,1,,150,,150,,Publicly Announced,,,,46091,44945.04377314815,,,,,,,,,,,,,,,,,,,,,,,,,,,,,,,,,,,,,,,,,,,,,,,,,,,,,,,,,,,,,,,,,,,,,,,,,,,,,,,,,,,,,,,,,,,,,,,,,,,,,,,,,,,,,,,,,,,,,,,,,,,,,,,,,,,,,,,,,,,
140801|1408|Hamilton Solar Farm:1-23|HAMISF1|Solar PV|Single Axis Tracking,1408,Hamilton Solar Farm,,Hamilton Solar Farm Pty Ltd,HAMISF,QLD1,56,140801,Hamilton Solar Farm:1-23,Solar PV,Single Axis Tracking,,HAMISF1,Semi-scheduled,23,,2.5,,57.5,,In Service,,2048,,46091,46007.73930555556,56.005,54.901,54.119,56.005,54.901,54.119,56.005,54.901,54.119,56.005,54.901,54.119,56.005,54.901,54.119,56.005,54.901,54.119,56.005,54.901,54.119,56.005,54.901,54.119,56.005,54.901,54.119,,,,,,,,,,,,,,,,,,,,,,,,,,,,,,,,,,,,,,,,,,,,,,,,,,,,,,,,,,,,,,,,,,,,,,,,,,,,,,,,,,,,,,,,,,,,,,,,,,,,,,,,,,,,,,,,
316501|3165|Hampton Park Solar Component||Solar PV|Single Axis Tracking,3165,Hampton Park SESS,,Hampton Solar Park Pty Ltd,ARES_NR,NSW1,172,316501,Hampton Park Solar Component,Solar PV,Single Axis Tracking,,,Scheduled,30,2.21,3.58,66.3,107.4,,Publicly Announced,47032,2063,,46091,46111.716840277775,,,,,,,,,,,,,,,,,,,,,,,,,,,,,,,,,,,,,,,,,,,,,,,,,,,,,,,,,,,,,,,,,,,,,,,,,,,,,,,,,,,,,,,,,,,,,,,,,,,,,,,,,,,,,,,,,,,,,,,,,,,,,,,,,,,,,,,,,,,
316503|3165|Hampton Park BESS component||Battery Storage|Lithium-ion,3165,Hampton Park SESS,,Hampton Solar Park Pty Ltd,ARES_NR,NSW1,172,316503,Hampton Park BESS component,Battery Storage,Lithium-ion,,,Scheduled,30,4.69,3.58,140.7,107.4,562.5,Publicly Announced,47032,2063,,46091,46111.716840277775,,,,,,,,,,,,,,,,,,,,,,,,,,,,,,,,,,,,,,,,,,,,,,,,,,,,,,,,,,,,,,,,,,,,,,,,,,,,,,,,,,,,,,,,,,,,,,,,,,,,,,,,,,,,,,,,,,,,,,,,,,,,,,,,,,,,,,,,,,,
329801|3298|Hanworth BESS||Battery Storage|Lithium-ion,3298,Hanworth BESS - KCI,N00294,,,NSW1,1200,329801,Hanworth BESS,Battery Storage,Lithium-ion,,,Scheduled,1,,1200,,1200,,Publicly Announced,,,,,46203.462916666664,,,,,,,,,,,,,,,,,,,,,,,,,,,,,,,,,,,,,,,,,,,,,,,,,,,,,,,,,,,,,,,,,,,,,,,,,,,,,,,,,,,,,,,,,,,,,,,,,,,,,,,,,,,,,,,,,,,,,,,,,,,,,,,,,,,,,,,,,,,
311301|3113|HGBS_GU1||Battery Storage|Lithium-ion,3113,Hargaves BESS,,Tilt Renewables Australia Pty Ltd,SNOWTOWN,NSW1,300,311301,HGBS_GU1,Battery Storage,Lithium-ion,,,Scheduled,1,,300,,300,600,Publicly Announced,,,,46091,46013.63847222222,,,,,,,,,,,,,,,,,,,,,,,,,,,,,,,,,,,,,,,,,,,,,,,,,,,,,,,,,,,,,,,,,,,,,,,,,,,,,,,,,,,,,,,,,,,,,,,,,,,,,,,,,,,,,,,,,,,,,,,,,,,,,,,,,,,,,,,,,,,
311201|3112|HGWF_GU1||Wind|Onshore,3112,Hargaves Wind Farm,,Tilt Renewables Australia Pty Ltd,SNOWTOWN,NSW1,400,311201,HGWF_GU1,Wind,Onshore,,,Semi-scheduled,1,,400,,400,,Publicly Announced,,,,46091,46007.72069444445,,,,,,,,,,,,,,,,,,,,,,,,,,,,,,,,,,,,,,,,,,,,,,,,,,,,,,,,,,,,,,,,,,,,,,,,,,,,,,,,,,,,,,,,,,,,,,,,,,,,,,,,,,,,,,,,,,,,,,,,,,,,,,,,,,,,,,,,,,,
305101|3051|HFBS_GU1||Battery Storage|Lithium-ion,3051,Hargraves BESS,N00237,Tilt Renewables DevCo Pty Ltd as the trustee for Development Hold Trust,tiltrenewables_NR,NSW1,710,305101,HFBS_GU1,Battery Storage,Lithium-ion,,,Scheduled,1,,300,,300,,Publicly Announced,48579,2050,,46091,46106.650821759256,,,,,,,,,,,,,,,,,,,,,,,,,,,,,,,,,,,,,,,,,,,,,,,,,,,,,,,,,,,,,,,,,,,,,,,,,,,,,,,,,,,,,,,,,,,,,,,,,,,,,,,,,,,,,,,,,,,,,,,,,,,,,,,,,,,,,,,,,,,
305102|3051|HGWF_GU1||Wind|Onshore,3051,Hargraves BESS,N00237,Tilt Renewables DevCo Pty Ltd as the trustee for Development Hold Trust,tiltrenewables_NR,NSW1,710,305102,HGWF_GU1,Wind,Onshore,,,Semi-scheduled,57,,7.14,,406.98,,Publicly Announced,48579,2050,,46091,46106.650821759256,,,,,,,,,,,,,,,,,,,,,,,,,,,,,,,,,,,,,,,,,,,,,,,,,,,,,,,,,,,,,,,,,,,,,,,,,,,,,,,,,,,,,,,,,,,,,,,,,,,,,,,,,,,,,,,,,,,,,,,,,,,,,,,,,,,,,,,,,,,
311801|3118|HGBS_GU1||Battery Storage|Lithium-ion,3118,Hargraves Energy Project - Wind Solar And BESS,,Energy Estate,energyestate_NR,NSW1,900,311801,HGBS_GU1,Battery Storage,Lithium-ion,,,Scheduled,1,,200,,200,800,Publicly Announced,,,,46091,45939.74883101852,,,,,,,,,,,,,,,,,,,,,,,,,,,,,,,,,,,,,,,,,,,,,,,,,,,,,,,,,,,,,,,,,,,,,,,,,,,,,,,,,,,,,,,,,,,,,,,,,,,,,,,,,,,,,,,,,,,,,,,,,,,,,,,,,,,,,,,,,,,
311802|3118|HGSF_GU1||Solar PV|Fixed,3118,Hargraves Energy Project - Wind Solar And BESS,,Energy Estate,energyestate_NR,NSW1,900,311802,HGSF_GU1,Solar PV,Fixed,,,Semi-scheduled,1,,300,,300,,Publicly Announced,,,,46091,45939.74883101852,,,,,,,,,,,,,,,,,,,,,,,,,,,,,,,,,,,,,,,,,,,,,,,,,,,,,,,,,,,,,,,,,,,,,,,,,,,,,,,,,,,,,,,,,,,,,,,,,,,,,,,,,,,,,,,,,,,,,,,,,,,,,,,,,,,,,,,,,,,
311803|3118|HGWF_GU1||Wind|Onshore,3118,Hargraves Energy Project - Wind Solar And BESS,,Energy Estate,energyestate_NR,NSW1,900,311803,HGWF_GU1,Wind,Onshore,,,Semi-scheduled,1,,600,,600,,Publicly Announced,,,,46091,45939.74883101852,,,,,,,,,,,,,,,,,,,,,,,,,,,,,,,,,,,,,,,,,,,,,,,,,,,,,,,,,,,,,,,,,,,,,,,,,,,,,,,,,,,,,,,,,,,,,,,,,,,,,,,,,,,,,,,,,,,,,,,,,,,,,,,,,,,,,,,,,,,
192202|1922|HarlinSF||Solar PV|Single Axis Tracking,1922,Harlin Solar Farm,Q00026,Harlin Solar Pty Ltd,keppelgroup_NR,QLD1,800,192202,HarlinSF,Solar PV,Single Axis Tracking,,,Semi-scheduled,1,,400,,400,,Publicly Announced,,,,46361,45112.13092592593,,,,,,,,,,,,,,,,,,,,,,,,,,,,,,,,,,,,,,,,,,,,,,,,,,,,,,,,,,,,,,,,,,,,,,,,,,,,,,,,,,,,,,,,,,,,,,,,,,,,,,,,,,,,,,,,,,,,,,,,,,,,,,,,,,,,,,,,,,,
192203|1922|HSF_BS1||Battery Storage|Lithium-ion,1922,Harlin Solar Farm,Q00026,Harlin Solar Pty Ltd,keppelgroup_NR,QLD1,800,192203,HSF_BS1,Battery Storage,Lithium-ion,,,Scheduled,1,,240,,240,,Publicly Announced,,,,46361,45112.13092592593,,,,,,,,,,,,,,,,,,,,,,,,,,,,,,,,,,,,,,,,,,,,,,,,,,,,,,,,,,,,,,,,,,,,,,,,,,,,,,,,,,,,,,,,,,,,,,,,,,,,,,,,,,,,,,,,,,,,,,,,,,,,,,,,,,,,,,,,,,,
249301|2493|HWF_GU1||Wind|Onshore,2493,Harrami Wind Farm,Q00096,Mainstream,mainstream_NR,QLD1,800,249301,HWF_GU1,Wind,Onshore,,,Semi-scheduled,111,,7.2,,799.2,,Publicly Announced,,,,46091,45741.12980324074,,,,,,,,,,,,,,,,,,,,,,,,,,,,,,,,,,,,,,,,,,,,,,,,,,,,,,,,,,,,,,,,,,,,,,,,,,,,,,,,,,,,,,,,,,,,,,,,,,,,,,,,,,,,,,,,,,,,,,,,,,,,,,,,,,,,,,,,,,,
198105|1981|Unit #3||Gas Turbine|OCGT,1981,Hastings Generation Site,,Esso Australia Resources,exxonmobil_NR,VIC1,43,198105,Unit #3,Gas Turbine,OCGT,Other,,Non-scheduled,1,,14.33,,14.33,,In Service,,2034,,46091,46030.59756944444,,,,,,,,,,,,,,,,,,,,,,,,,,,,,,,,,,,,,,,,,,,,,,,,,,,,,,,,,,,,,,,,,,,,,,,,,,,,,,,,,,,,,,,,,,,,,,,,,,,,,,,,,,,,,,,,,,,,,,,,,,,,,,,,,,,,,,,,,,,
198106|1981|Unit 1||Gas Turbine|OCGT,1981,Hastings Generation Site,,Esso Australia Resources,exxonmobil_NR,VIC1,43,198106,Unit 1,Gas Turbine,OCGT,Other,,Non-scheduled,1,,14.33,,14.33,,In Service,,2034,,46091,46030.59756944444,,,,,,,,,,,,,,,,,,,,,,,,,,,,,,,,,,,,,,,,,,,,,,,,,,,,,,,,,,,,,,,,,,,,,,,,,,,,,,,,,,,,,,,,,,,,,,,,,,,,,,,,,,,,,,,,,,,,,,,,,,,,,,,,,,,,,,,,,,,
198107|1981|Unit 2||Gas Turbine|OCGT,1981,Hastings Generation Site,,Esso Australia Resources,exxonmobil_NR,VIC1,43,198107,Unit 2,Gas Turbine,OCGT,Other,,Non-scheduled,1,,14.33,,14.33,,In Service,,2034,,46091,46030.59756944444,,,,,,,,,,,,,,,,,,,,,,,,,,,,,,,,,,,,,,,,,,,,,,,,,,,,,,,,,,,,,,,,,,,,,,,,,,,,,,,,,,,,,,,,,,,,,,,,,,,,,,,,,,,,,,,,,,,,,,,,,,,,,,,,,,,,,,,,,,,
199201|1992|HauBESS||Battery Storage|Lithium-ion,1992,Haughton BESS,Q00127,Pacific Hydro Haughton Solar Farm Pty Ltd,pacificblue_nr,QLD1,200,199201,HauBESS,Battery Storage,Lithium-ion,,,Scheduled,72,4.45,4.4,320.4,316.8,1172.88,Publicly Announced,47125,2049,,46361,46160.56314814815,,,,,,,,,,,,,,,,,,,,,,,,,,,,,,,,,,,,,,,,,,,,,,,,,,,,,,,,,,,,,,,,,,,,,,,,,,,,,,,,,,,,,,,,,,,,,,,,,,,,,,,,,,,,,,,,,,,,,,,,,,,,,,,,,,,,,,,,,,,
156401|1564|HAUGHT11|HAUGHT11|Solar PV|Single Axis Tracking,1564,Haughton Solar Farm Stage 1,,Pacific Hydro Haughton Solar Farm Pty Ltd,HAUGHTSF,QLD1,100,156401,HAUGHT11,Solar PV,Single Axis Tracking,,HAUGHT11,Semi-scheduled,81,2.8,1.64,226.8,132.84,,In Service,,2049,,46091,46161.55583333333,100.035,100.035,100.035,100.035,100.035,100.035,100.035,100.035,100.035,100.035,100.035,100.035,100.035,100.035,100.035,100.035,100.035,100.035,100.035,100.035,100.035,100.035,100.035,100.035,100.035,100.035,100.035,100.035,100.035,100.035,,,,,,,,,,,,,,,,,,,,,,,,,,,,,,,,,,,,,,,,,,,,,,,,,,,,,,,,,,,,,,,,,,,,,,,,,,,,,,,,,,,,,,,,,,,,,,,,,,,,,,,,,,,,,
193301|1933|HaugSt2||Solar PV|Single Axis Tracking,1933,Haughton Solar Farm Stage 2,Q00030,Pacific Hydro Australia Pty Ltd,pacificblue_nr,QLD1,300,193301,HaugSt2,Solar PV,Single Axis Tracking,,,Semi-scheduled,92,3.41,3.36,313.72,309.12,,Anticipated,47119,2049,,46361,46160.51409722222,0,0,0,0,0,0,0,0,0,300,300,300,300,300,300,300,300,300,300,300,300,300,300,300,300,300,300,300,300,300,,,,,,,,,,,,,,,,,,,,,,,,,,,,,,,,,,,,,,,,,,,,,,,,,,,,,,,,,,,,,,,,,,,,,,,,,,,,,,,,,,,,,,,,,,,,,,,,,,,,,,,,,,,,,
108901|1089|Hawkesdale Wind Farm|HD1WF1|Wind|Onshore,1089,Hawkesdale Wind Farm,V00031,Hawkesdale Asset Pty Ltd as trustee for Hawkesdale Asset Trust,HAWKES,VIC1,89.5,108901,Hawkesdale Wind Farm,Wind,Onshore,,HD1WF1,Semi-scheduled,23,,4.2,,96.6,,In Service,,2054,,46091,46098.571851851855,89.493,89.493,89.493,89.493,89.493,89.493,89.493,89.493,89.493,89.493,89.493,89.493,89.493,89.493,89.493,89.493,89.493,89.493,89.493,89.493,89.493,89.493,89.493,89.493,89.493,89.493,89.493,89.493,89.493,89.493,,,,,,,,,,,,,,,,,,,,,,,,,,,,,,,,,,,,,,,,,,,,,,,,,,,,,,,,,,,,,,,,,,,,,,,,,,,,,,,,,,,,,,,,,,,,,,,,,,,,,,,,,,,,,
145101|1451|Hay Sun Farm||Solar PV|Single Axis Tracking,1451,Hay Sun Farm,,Hay Solar Farm Pty Ltd as Trustee of the Hay Solar Farm Trust,mrenewables_nr,NSW1,140.8,145101,Hay Sun Farm,Solar PV,Single Axis Tracking,,,Semi-scheduled,32,4.47,4.4,143.04,140.8,,Anticipated,46813,2068,,46361,46170.644733796296,0,0,0,0,110,100,110,110,100,110,110,100,110,110,100,110,110,100,110,110,100,110,110,100,110,110,100,110,110,100,,,,,,,,,,,,,,,,,,,,,,,,,,,,,,,,,,,,,,,,,,,,,,,,,,,,,,,,,,,,,,,,,,,,,,,,,,,,,,,,,,,,,,,,,,,,,,,,,,,,,,,,,,,,,
151701|1517|Hay:1-21|HAYMSF1|Solar PV|Single Axis Tracking,1517,Hayman Solar Farm,,Hayman Solar Farm Pty Ltd as trustee for Hayman Solar Farm Trust,atmos_nr,QLD1,50,151701,Hay:1-21,Solar PV,Single Axis Tracking,,HAYMSF1,Semi-scheduled,21,2.75,2.38,57.75,49.98,,In Service,,2048,,46091,46108.47424768518,50.001,48.006,47.838,50.001,48.006,47.838,50.001,48.006,47.838,50.001,48.006,47.838,50.001,48.006,47.838,50.001,48.006,47.838,50.001,48.006,47.838,50.001,48.006,47.838,50.001,48.006,47.838,50.001,48.006,47.838,,,,,,,,,,,,,,,,,,,,,,,,,,,,,,,,,,,,,,,,,,,,,,,,,,,,,,,,,,,,,,,,,,,,,,,,,,,,,,,,,,,,,,,,,,,,,,,,,,,,,,,,,,,,,
199101|1991|HBESS1|HBESS1|Battery Storage|Lithium-ion,1991,Hazelwood Battery Energy Storage System (HBESS),V00007,Hazelwood BESS Project Co Pty Ltd as trustee for the HBESS Asset Trust,HBESS,VIC1,150,199101,HBESS1,Battery Storage,Lithium-ion,,HBESS1,Scheduled,1,,200.07,,200.07,162,In Service,,2043,,46091,46114.55789351852,150,150,150,150,150,150,150,150,150,150,150,150,150,150,150,150,150,150,150,150,150,150,150,150,150,150,150,150,150,150,150,150,150,150,150,150,150,150,150,150,150,150,150,150,150,150,150,150,150,150,,,,,,,,,,,,,,,,,,,,,,,,,,,,,,,,,,,,,,,,,,,,,,,,,,,,,,,,,,,,,,,,,,,,,,,,,,,,,,,,,,,,,,,,,
284701|2847|HBESS2||Battery Storage|Lithium-ion,2847,Hazelwood BESS - KCI,V00168,International Power (Australia) Pty Ltd,engie_NR,VIC1,150,284701,HBESS2,Battery Storage,Lithium-ion,,,Scheduled,1,200,150,200,150,200,Publicly Announced,,2048,,46091,46097.36418981481,,,,,,,,,,,,,,,,,,,,,,,,,,,,,,,,,,,,,,,,,,,,,,,,,,,,,,,,,,,,,,,,,,,,,,,,,,,,,,,,,,,,,,,,,,,,,,,,,,,,,,,,,,,,,,,,,,,,,,,,,,,,,,,,,,,,,,,,,,,
322201|3222|HZBESS_GU1||Battery Storage|Lithium-ion,3222,Hazelwood East BESS - KCI,V00187,Hazelwood East BESS,,VIC1,500,322201,HZBESS_GU1,Battery Storage,Lithium-ion,,,Scheduled,1,,500,,500,500,Publicly Announced,,,,46091,46044.665185185186,,,,,,,,,,,,,,,,,,,,,,,,,,,,,,,,,,,,,,,,,,,,,,,,,,,,,,,,,,,,,,,,,,,,,,,,,,,,,,,,,,,,,,,,,,,,,,,,,,,,,,,,,,,,,,,,,,,,,,,,,,,,,,,,,,,,,,,,,,,
239901|2399|HNSF_GU1||Solar PV|Fixed,2399,Hazelwood North Solar Farm - KCI,V00095,Manthos Investments Pty Ltd,,VIC1,480,239901,HNSF_GU1,Solar PV,Fixed,,,Semi-scheduled,1,,480,,480,,Publicly Announced,,,,46091,44932.79712962963,,,,,,,,,,,,,,,,,,,,,,,,,,,,,,,,,,,,,,,,,,,,,,,,,,,,,,,,,,,,,,,,,,,,,,,,,,,,,,,,,,,,,,,,,,,,,,,,,,,,,,,,,,,,,,,,,,,,,,,,,,,,,,,,,,,,,,,,,,,
316402|3164|HBS_GU1||Battery Storage|Lithium-ion,3164,Heatherton BESS,,Heatherton BESS Pty Ltd,onyx_NR,VIC1,71.4,316402,HBS_GU1,Battery Storage,Lithium-ion,,,Scheduled,17,4.2,4.2,71.4,71.4,153,Publicly Announced,46721,2050,,46091,46106.65869212963,,,,,,,,,,,,,,,,,,,,,,,,,,,,,,,,,,,,,,,,,,,,,,,,,,,,,,,,,,,,,,,,,,,,,,,,,,,,,,,,,,,,,,,,,,,,,,,,,,,,,,,,,,,,,,,,,,,,,,,,,,,,,,,,,,,,,,,,,,,
226401|2264|Herries Range WF 1||Wind|Onshore,2264,Herries Range Wind Farm,Q00163,Acciona Energy Global Australia,acciona_NR,QLD1,752.4,226401,Herries Range WF 1,Wind,Onshore,,,Semi-scheduled,132,,6.8,,897.6,,Publicly Announced,47848,2055,,46361,46168.47078703704,,,,,,,,,,,,,,,,,,,,,,,,,,,,,,,,,,,,,,,,,,,,,,,,,,,,,,,,,,,,,,,,,,,,,,,,,,,,,,,,,,,,,,,,,,,,,,,,,,,,,,,,,,,,,,,,,,,,,,,,,,,,,,,,,,,,,,,,,,,
128702|1287|Hexham Wind Farm BESS||Battery Storage|Lithium-ion,1287,Hexham,,Wind Prospect WA Pty Ltd,windprospect_NR,VIC1,921.12,128702,Hexham Wind Farm BESS,Battery Storage,Lithium-ion,,,Scheduled,64,3.13,3.13,200.32,200.32,800,Publicly Announced,47788,2065,,46091,46107.35878472222,,,,,,,,,,,,,,,,,,,,,,,,,,,,,,,,,,,,,,,,,,,,,,,,,,,,,,,,,,,,,,,,,,,,,,,,,,,,,,,,,,,,,,,,,,,,,,,,,,,,,,,,,,,,,,,,,,,,,,,,,,,,,,,,,,,,,,,,,,,
128703|1287|Hexham Wind Farm||Wind|Onshore,1287,Hexham,,Wind Prospect WA Pty Ltd,windprospect_NR,VIC1,921.12,128703,Hexham Wind Farm,Wind,Onshore,,,Semi-scheduled,106,6.8,6.8,720.8,720.8,,Publicly Announced,47788,2065,,46091,46107.35878472222,,,,,,,,,,,,,,,,,,,,,,,,,,,,,,,,,,,,,,,,,,,,,,,,,,,,,,,,,,,,,,,,,,,,,,,,,,,,,,,,,,,,,,,,,,,,,,,,,,,,,,,,,,,,,,,,,,,,,,,,,,,,,,,,,,,,,,,,,,,
315502|3155|Heywood BESS||Battery Storage|Lithium-ion,3155,Heywood BESS,,Atmos Renewables,atmos_nr,VIC1,285,315502,Heywood BESS,Battery Storage,Lithium-ion,,,Scheduled,92,14.1,4.6,1297.2,423.2,1140.8,Publicly Announced,47088,2053,,46361,46167.7134375,,,,,,,,,,,,,,,,,,,,,,,,,,,,,,,,,,,,,,,,,,,,,,,,,,,,,,,,,,,,,,,,,,,,,,,,,,,,,,,,,,,,,,,,,,,,,,,,,,,,,,,,,,,,,,,,,,,,,,,,,,,,,,,,,,,,,,,,,,,
330101|3301|Hidden Hill BESS||Battery Storage|Lithium-ion,3301,Hidden Hill BESS - KCI,N00308,Private Energy Partners Pty Ltd,pep_nr,NSW1,520,330101,Hidden Hill BESS,Battery Storage,Lithium-ion,,,Scheduled,1,,520,,520,,Publicly Announced,,,,,46203.477002314816,,,,,,,,,,,,,,,,,,,,,,,,,,,,,,,,,,,,,,,,,,,,,,,,,,,,,,,,,,,,,,,,,,,,,,,,,,,,,,,,,,,,,,,,,,,,,,,,,,,,,,,,,,,,,,,,,,,,,,,,,,,,,,,,,,,,,,,,,,,
310901|3109|HSWF_GU1||Wind|Offshore - fixed,3109,High Sea Wind Farm,,High Sea Wind Pty Ltd,highsea_nr,VIC1,1281,310901,HSWF_GU1,Wind,Offshore - fixed,,,Semi-scheduled,61,,21,,1281,,Publicly Announced,49515,2068,,46091,46091.804930555554,,,,,,,,,,,,,,,,,,,,,,,,,,,,,,,,,,,,,,,,,,,,,,,,,,,,,,,,,,,,,,,,,,,,,,,,,,,,,,,,,,,,,,,,,,,,,,,,,,,,,,,,,,,,,,,,,,,,,,,,,,,,,,,,,,,,,,,,,,,
204001|2040|Hills of Gold WF||Wind|Onshore,2040,Hills of Gold Wind Farm,N00194,Someva Renewables,someva_NR,NSW1,420,204001,Hills of Gold WF,Wind,Onshore,,,Semi-scheduled,70,6,6,420,420,,Publicly Announced,47453,2058,,46091,46113.480833333335,,,,,,,,,,,,,,,,,,,,,,,,,,,,,,,,,,,,,,,,,,,,,,,,,,,,,,,,,,,,,,,,,,,,,,,,,,,,,,,,,,,,,,,,,,,,,,,,,,,,,,,,,,,,,,,,,,,,,,,,,,,,,,,,,,,,,,,,,,,
145201|1452|Hillston Sun Farm:Solar Panels|HILLSTN1|Solar PV|Single Axis Tracking,1452,Hillston Sun Farm,,Hillston Sun Farm Operations Pty Ltd ATF Hillston,reveraenergy_nr,NSW1,85,145201,Hillston Sun Farm:Solar Panels,Solar PV,Single Axis Tracking,,HILLSTN1,Semi-scheduled,40,2.98,2.75,119.2,110,,In Service,,2046,,46091,46112.409363425926,85,85,76.52,85,85,76.52,85,85,76.52,85,85,76.52,85,85,76.52,85,85,76.52,85,85,76.52,85,85,76.52,85,85,76.52,85,85,76.52,,,,,,,,,,,,,,,,,,,,,,,,,,,,,,,,,,,,,,,,,,,,,,,,,,,,,,,,,,,,,,,,,,,,,,,,,,,,,,,,,,,,,,,,,,,,,,,,,,,,,,,,,,,,,
264501|2645|Holloway Bushranger||Battery Storage|Lithium-ion,2645,Holloway - Battery,N00149,SynCo Global,sycoglobal_nr,NSW1,250,264501,Holloway Bushranger,Battery Storage,Lithium-ion,,,Scheduled,84,4.39,4.39,368.76,368.76,999.6,Publicly Announced,47207,2060,,46091,46176.74564814815,,,,,,,,,,,,,,,,,,,,,,,,,,,,,,,,,,,,,,,,,,,,,,,,,,,,,,,,,,,,,,,,,,,,,,,,,,,,,,,,,,,,,,,,,,,,,,,,,,,,,,,,,,,,,,,,,,,,,,,,,,,,,,,,,,,,,,,,,,,
275901|2759|holloway||Battery Storage|Lithium-ion,2759,Holloway BESS - KCI,N00173,Bushranger Project Pty Ltd.,,NSW1,400,275901,holloway,Battery Storage,Lithium-ion,,,Scheduled,156,,3.6,,561.6,,Publicly Announced,,,,46091,45475.126296296294,,,,,,,,,,,,,,,,,,,,,,,,,,,,,,,,,,,,,,,,,,,,,,,,,,,,,,,,,,,,,,,,,,,,,,,,,,,,,,,,,,,,,,,,,,,,,,,,,,,,,,,,,,,,,,,,,,,,,,,,,,,,,,,,,,,,,,,,,,,
287401|2874|LW_GU1||Battery Storage|Lithium-ion,2874,Hookey Creek Hybrid - Solar And BESs - KCI,Q00183,Zebre Pty Ltd,zenenergy_NR,QLD1,200,287401,LW_GU1,Battery Storage,Lithium-ion,,,Scheduled,1,278,200,278,200,800,Publicly Announced,47207,2054,,46361,46162.65959490741,,,,,,,,,,,,,,,,,,,,,,,,,,,,,,,,,,,,,,,,,,,,,,,,,,,,,,,,,,,,,,,,,,,,,,,,,,,,,,,,,,,,,,,,,,,,,,,,,,,,,,,,,,,,,,,,,,,,,,,,,,,,,,,,,,,,,,,,,,,
287402|2874|LWSF_GU1||Solar PV|Single Axis Tracking,2874,Hookey Creek Hybrid - Solar And BESs - KCI,Q00183,Zebre Pty Ltd,zenenergy_NR,QLD1,200,287402,LWSF_GU1,Solar PV,Single Axis Tracking,,,Semi-scheduled,1,154,100,154,100,,Publicly Announced,47207,2059,,46361,46162.65959490741,,,,,,,,,,,,,,,,,,,,,,,,,,,,,,,,,,,,,,,,,,,,,,,,,,,,,,,,,,,,,,,,,,,,,,,,,,,,,,,,,,,,,,,,,,,,,,,,,,,,,,,,,,,,,,,,,,,,,,,,,,,,,,,,,,,,,,,,,,,
261801|2618|HBESS||Battery Storage|Lithium-ion,2618,Hopeland BESS,Q00123,Pacific Partnerships,pacificp_NR,QLD1,175,261801,HBESS,Battery Storage,Lithium-ion,,,Scheduled,96,2.4,2.4,230.4,230.4,350.4,Publicly Announced,47093,2029,,46361,46010.513240740744,,,,,,,,,,,,,,,,,,,,,,,,,,,,,,,,,,,,,,,,,,,,,,,,,,,,,,,,,,,,,,,,,,,,,,,,,,,,,,,,,,,,,,,,,,,,,,,,,,,,,,,,,,,,,,,,,,,,,,,,,,,,,,,,,,,,,,,,,,,
256201|2562|HSF_GU1||Solar PV|Fixed,2562,Hopeland Solar Farm,Q00108,Hopeland Solar Farm Pty Ltd as trustee for the Hopeland Solar Farm Trust,pacificp_NR,QLD1,250,256201,HSF_GU1,Solar PV,Fixed,,,Semi-scheduled,78,,4.2,,327.6,,Publicly Announced,,,,46361,46111.76665509259,,,,,,,,,,,,,,,,,,,,,,,,,,,,,,,,,,,,,,,,,,,,,,,,,,,,,,,,,,,,,,,,,,,,,,,,,,,,,,,,,,,,,,,,,,,,,,,,,,,,,,,,,,,,,,,,,,,,,,,,,,,,,,,,,,,,,,,,,,,
257701|2577|HBS_GU1||Battery Storage|Lithium-ion,2577,Horsham BESS,,ESCO Solar Farm 7 Trust,ox2_NR,VIC1,100,257701,HBS_GU1,Battery Storage,Lithium-ion,,,Scheduled,41,7.13,3.8,292.33,155.8,311.6,Committed,46568,2066,,46361,46168.6069212963,0,0,0,100,100,100,100,100,100,100,100,100,100,100,100,100,100,100,100,100,100,100,100,100,100,100,100,100,100,100,0,,200,200,200,200,200,200,200,200,200,200,200,200,200,200,200,200,200,200,,,,,,,,,,,,,,,,,,,,,,,,,,,,,,,,,,,,,,,,,,,,,,,,,,,,,,,,,,,,,,,,,,,,,,,,,,,,,,,,,,,,,,,,,
195401|1954|HorSolar||Solar PV|Single Axis Tracking,1954,Horsham Solar Farm,V00027,ESCO SOLAR FARM 7 PTY LTD,ox2_NR,VIC1,118.8,195401,HorSolar,Solar PV,Single Axis Tracking,,,Semi-scheduled,36,7.13,4.2,256.68,151.2,,Committed,46387,2066,,46361,46168.6190625,0,118.8,118.8,118.8,118.8,118.8,118.8,118.8,118.8,118.8,118.8,118.8,118.8,118.8,118.8,118.8,118.8,118.8,118.8,118.8,118.8,118.8,118.8,118.8,118.8,118.8,118.8,118.8,118.8,118.8,,,,,,,,,,,,,,,,,,,,,,,,,,,,,,,,,,,,,,,,,,,,,,,,,,,,,,,,,,,,,,,,,,,,,,,,,,,,,,,,,,,,,,,,,,,,,,,,,,,,,,,,,,,,,
138801|1388|Hughenden Sun Farm:Units 1-18|HUGSF1|Solar PV|Single Axis Tracking,1388,Hughenden Sun Farm,,Hughenden Solar Pty Ltd as Trustee for Hughenden Solar Trust,baywa-re_NR,QLD1,18,138801,Hughenden Sun Farm:Units 1-18,Solar PV,Single Axis Tracking,,HUGSF1,Significant Non-scheduled,18,,1.17,,21.06,,In Service,,2048,,46361,46161.40893518519,,,,,,,,,,,,,,,,,,,,,,,,,,,,,,,,,,,,,,,,,,,,,,,,,,,,,,,,,,,,,,,,,,,,,,,,,,,,,,,,,,,,,,,,,,,,,,,,,,,,,,,,,,,,,,,,,,,,,,,,,,,,,,,,,,,,,,,,,,,
279601|2796|HRBS_GU1||Battery Storage|Lithium-ion,2796,Hughes Road BESS,,BayWA r.e Projects Australia Pty Ltd,baywa-re_NR,QLD1,200,279601,HRBS_GU1,Battery Storage,Lithium-ion,,,Scheduled,1,,200,,200,800,Publicly Announced,46787,,,46091,45830.31335648148,,,,,,,,,,,,,,,,,,,,,,,,,,,,,,,,,,,,,,,,,,,,,,,,,,,,,,,,,,,,,,,,,,,,,,,,,,,,,,,,,,,,,,,,,,,,,,,,,,,,,,,,,,,,,,,,,,,,,,,,,,,,,,,,,,,,,,,,,,,
256901|2569|HBBS_GU1||Battery Storage|Lithium-ion,2569,Hume Bess (ARIF),N00128,The Trustee for the ARIF Hume BESS Holdings Trust,foresightgroupau_NR,NSW1,75,256901,HBBS_GU1,Battery Storage,Lithium-ion,,,Scheduled,1,79.8,75,79.8,75,148,Publicly Announced,46934,2037,,46091,46114.5984375,,,,,,,,,,,,,,,,,,,,,,,,,,,,,,,,,,,,,,,,,,,,,,,,,,,,,,,,,,,,,,,,,,,,,,,,,,,,,,,,,,,,,,,,,,,,,,,,,,,,,,,,,,,,,,,,,,,,,,,,,,,,,,,,,,,,,,,,,,,
173201|1732|HUMENSW|HUMENSW|Hydro|Dam,1732,Hume Dam NSW,,GSPOWER,GSPOWER,NSW1,29,173201,HUMENSW,Hydro,Dam,,HUMENSW,Scheduled,1,,29,,29,,In Service,,2057,,46091,46114.569652777776,0,29,29,0,29,29,0,29,29,0,29,29,0,29,29,0,29,29,0,29,29,0,29,29,0,29,29,0,29,29,,,,,,,,,,,,,,,,,,,,,,,,,,,,,,,,,,,,,,,,,,,,,,,,,,,,,,,,,,,,,,,,,,,,,,,,,,,,,,,,,,,,,,,,,,,,,,,,,,,,,,,,,,,,,
173601|1736|HUMEV|HUMEV|Hydro|Dam,1736,Hume Dam VIC,,GSP Energy Pty Ltd,GSPOWER,VIC1,29,173601,HUMEV,Hydro,Dam,,HUMEV,Scheduled,1,,29,,29,,In Service,,2057,,46091,46114.57084490741,0,29,29,0,29,29,0,29,29,0,29,29,0,29,29,0,29,29,0,29,29,0,29,29,0,29,29,0,29,29,,,,,,,,,,,,,,,,,,,,,,,,,,,,,,,,,,,,,,,,,,,,,,,,,,,,,,,,,,,,,,,,,,,,,,,,,,,,,,,,,,,,,,,,,,,,,,,,,,,,,,,,,,,,,
304001|3040|HNBS_GU1||Battery Storage|Lithium-ion,3040,Hume North Battery Energy Storage System,N00229,Infrastructure Capital Services Pty Ltd as trustee for the ARIF Hume BESS Holdings Trust,,NSW1,75,304001,HNBS_GU1,Battery Storage,Lithium-ion,,,Scheduled,1,,75,,75,,Publicly Announced,,,,46091,45839.09158564815,,,,,,,,,,,,,,,,,,,,,,,,,,,,,,,,,,,,,,,,,,,,,,,,,,,,,,,,,,,,,,,,,,,,,,,,,,,,,,,,,,,,,,,,,,,,,,,,,,,,,,,,,,,,,,,,,,,,,,,,,,,,,,,,,,,,,,,,,,,
202901|2029|HC1||Wind|Offshore - fixed,2029,Hunter Central Coast Offshore Energy (Wind),N00079,Energy Estate,energyestate_NR,NSW1,1400,202901,HC1,Wind,Offshore - fixed,,,Semi-scheduled,1,,1400,,1400,,Publicly Announced,,,,46091,45195.86976851852,,,,,,,,,,,,,,,,,,,,,,,,,,,,,,,,,,,,,,,,,,,,,,,,,,,,,,,,,,,,,,,,,,,,,,,,,,,,,,,,,,,,,,,,,,,,,,,,,,,,,,,,,,,,,,,,,,,,,,,,,,,,,,,,,,,,,,,,,,,
160101|1601|Hunter EconomicZone:1-16|HEZ1|Gas Turbine|OCGT,1601,Hunter EconomicZone,,Snowy Hydro Ltd,SNOWY,NSW1,28,160101,Hunter EconomicZone:1-16,Gas Turbine,OCGT,Diesel/ Fuel Oil,HEZ1,Scheduled,16,,1.29,,20.64,,In Service,,2036,,46091,46105.361446759256,20.64,20.64,20.64,20.64,20.64,20.64,20.64,20.64,20.64,20.64,20.64,20.64,20.64,20.64,20.64,20.64,20.64,20.64,20.64,20.64,20.64,20.64,20.64,20.64,20.64,20.64,20.64,20.64,20.64,20.64,,,,,,,,,,,,,,,,,,,,,,,,,,,,,,,,,,,,,,,,,,,,,,,,,,,,,,,,,,,,,,,,,,,,,,,,,,,,,,,,,,,,,,,,,,,,,,,,,,,,,,,,,,,,,
241301|2413|1||Solar PV|Single Axis Tracking,2413,Ilford Green Energy Hub,N00115,brightnightpower_NR,Yanara_NR,NSW1,500,241301,1,Solar PV,Single Axis Tracking,,,Semi-scheduled,40,4.57,4.39,182.8,175.6,,Publicly Announced,47788,2070,,46091,46108.6268287037,,,,,,,,,,,,,,,,,,,,,,,,,,,,,,,,,,,,,,,,,,,,,,,,,,,,,,,,,,,,,,,,,,,,,,,,,,,,,,,,,,,,,,,,,,,,,,,,,,,,,,,,,,,,,,,,,,,,,,,,,,,,,,,,,,,,,,,,,,,
241302|2413|2||Battery Storage|Lithium-ion,2413,Ilford Green Energy Hub,N00115,brightnightpower_NR,Yanara_NR,NSW1,500,241302,2,Battery Storage,Lithium-ion,,,Scheduled,136,4.39,4.39,597.04,597.04,455.6,Publicly Announced,47423,2069,,46091,46108.6268287037,,,,,,,,,,,,,,,,,,,,,,,,,,,,,,,,,,,,,,,,,,,,,,,,,,,,,,,,,,,,,,,,,,,,,,,,,,,,,,,,,,,,,,,,,,,,,,,,,,,,,,,,,,,,,,,,,,,,,,,,,,,,,,,,,,,,,,,,,,,
241303|2413|3||Wind|Onshore,2413,Ilford Green Energy Hub,N00115,brightnightpower_NR,Yanara_NR,NSW1,500,241303,3,Wind,Onshore,,,Semi-scheduled,46,7,7,322,322,,Publicly Announced,48458,2072,,46091,46108.6268287037,,,,,,,,,,,,,,,,,,,,,,,,,,,,,,,,,,,,,,,,,,,,,,,,,,,,,,,,,,,,,,,,,,,,,,,,,,,,,,,,,,,,,,,,,,,,,,,,,,,,,,,,,,,,,,,,,,,,,,,,,,,,,,,,,,,,,,,,,,,
202401|2024|Illawarr||Wind|Offshore - fixed,2024,Illawarra Offshore Wind Farm,,OceanEx Energy,oceanex_NR,NSW1,2000,202401,Illawarr,Wind,Offshore - fixed,,,Semi-scheduled,1,,2000,,2000,,Publicly Announced,47849,,,45901,44721.77752314815,,,,,,,,,,,,,,,,,,,,,,,,,,,,,,,,,,,,,,,,,,,,,,,,,,,,,,,,,,,,,,,,,,,,,,,,,,,,,,,,,,,,,,,,,,,,,,,,,,,,,,,,,,,,,,,,,,,,,,,,,,,,,,,,,,,,,,,,,,,
327801|3278|Inghams BESS||Battery Storage|Lithium-ion,3278,Inghams  475 Badgerys Creek,,CleanPeak Energy,cleanpeakenergy_NR,NSW1,39.2,327801,Inghams BESS,Battery Storage,Lithium-ion,,,Non-scheduled,24,,0,,0,120.48,Publicly Announced,,2058,,,46164.69712962963,,,,,,,,,,,,,,,,,,,,,,,,,,,,,,,,,,,,,,,,,,,,,,,,,,,,,,,,,,,,,,,,,,,,,,,,,,,,,,,,,,,,,,,,,,,,,,,,,,,,,,,,,,,,,,,,,,,,,,,,,,,,,,,,,,,,,,,,,,,
299101|2991|IRBS_GU1||Battery Storage|Lithium-ion,2991,Inverell Battery Energy Storage System,N00228,Inverell BESS Development Pty Ltd,southenergy_NR,NSW1,150,299101,IRBS_GU1,Battery Storage,Lithium-ion,,,Scheduled,42,4.6,4.6,193.2,193.2,1411.2,Publicly Announced,47119,2049,,46361,46161.38134259259,,,,,,,,,,,,,,,,,,,,,,,,,,,,,,,,,,,,,,,,,,,,,,,,,,,,,,,,,,,,,,,,,,,,,,,,,,,,,,,,,,,,,,,,,,,,,,,,,,,,,,,,,,,,,,,,,,,,,,,,,,,,,,,,,,,,,,,,,,,
205701|2057|Inverlei||Solar PV|Fixed,2057,Inverleigh Solar Farm,,TBA,,VIC1,22,205701,Inverlei,Solar PV,Fixed,,,Semi-scheduled,1,,22,,22,,Publicly Announced,,,,46091,44825.08085648148,,,,,,,,,,,,,,,,,,,,,,,,,,,,,,,,,,,,,,,,,,,,,,,,,,,,,,,,,,,,,,,,,,,,,,,,,,,,,,,,,,,,,,,,,,,,,,,,,,,,,,,,,,,,,,,,,,,,,,,,,,,,,,,,,,,,,,,,,,,
163102|1631|Inverleigh Wind Farm:||Wind|Onshore,1631,Inverleigh Wind Farm,,Inverleigh Wind Farm Pty Ltd,IWF_NR,VIC1,91.5,163102,Inverleigh Wind Farm:,Wind,Onshore,,,Semi-scheduled,15,6.1,6.1,91.5,91.5,,Anticipated,46934,2057,,46361,46164.5925462963,0,0,0,0,0,0,89,89,0,89,89,0,89,89,0,89,89,0,89,89,0,89,89,0,89,89,0,89,89,0,,,,,,,,,,,,,,,,,,,,,,,,,,,,,,,,,,,,,,,,,,,,,,,,,,,,,,,,,,,,,,,,,,,,,,,,,,,,,,,,,,,,,,,,,,,,,,,,,,,,,,,,,,,,,
109501|1095|Invicta Mill:Unit 1||Other|Biomass,1095,Invicta Mill,,Haughton Sugar Company Pty Limited,STANCEA,QLD1,50.3,109501,Invicta Mill:Unit 1,Other,Biomass,Biofuel/Biomass,,Non-scheduled,1,,9,,9,,In Service,,2040,,46091,46099.5356712963,,,,,,,,,,,,,,,,,,,,,,,,,,,,,,,,,,,,,,,,,,,,,,,,,,,,,,,,,,,,,,,,,,,,,,,,,,,,,,,,,,,,,,,,,,,,,,,,,,,,,,,,,,,,,,,,,,,,,,,,,,,,,,,,,,,,,,,,,,,
109502|1095|Invicta Mill:Unit 2||Other|Biomass,1095,Invicta Mill,,Haughton Sugar Company Pty Limited,STANCEA,QLD1,50.3,109502,Invicta Mill:Unit 2,Other,Biomass,Biofuel/Biomass,,Non-scheduled,1,,2.5,,2.5,,In Service,,2040,,46091,46099.5356712963,,,,,,,,,,,,,,,,,,,,,,,,,,,,,,,,,,,,,,,,,,,,,,,,,,,,,,,,,,,,,,,,,,,,,,,,,,,,,,,,,,,,,,,,,,,,,,,,,,,,,,,,,,,,,,,,,,,,,,,,,,,,,,,,,,,,,,,,,,,
109503|1095|Invicta Mill:Unit 3||Other|Biomass,1095,Invicta Mill,,Haughton Sugar Company Pty Limited,STANCEA,QLD1,50.3,109503,Invicta Mill:Unit 3,Other,Biomass,Biofuel/Biomass,,Non-scheduled,1,,38.8,,38.8,,In Service,,2040,,46091,46099.5356712963,,,,,,,,,,,,,,,,,,,,,,,,,,,,,,,,,,,,,,,,,,,,,,,,,,,,,,,,,,,,,,,,,,,,,,,,,,,,,,,,,,,,,,,,,,,,,,,,,,,,,,,,,,,,,,,,,,,,,,,,,,,,,,,,,,,,,,,,,,,
306101|3061|IBPS_GU1||Other|Other,3061,Ironbark Power Station 20MW Expansion,Q00207,Carbon Logica Pty Ltd,,QLD1,20,306101,IBPS_GU1,Other,Other,,,Semi-scheduled,1,,20,,20,,Publicly Announced,,,,46091,45840.74068287037,,,,,,,,,,,,,,,,,,,,,,,,,,,,,,,,,,,,,,,,,,,,,,,,,,,,,,,,,,,,,,,,,,,,,,,,,,,,,,,,,,,,,,,,,,,,,,,,,,,,,,,,,,,,,,,,,,,,,,,,,,,,,,,,,,,,,,,,,,,
321301|3213|IPS_GU1||Other|Other,3213,Isaac Power Station - KCI,Q00285,Isaac Power Station Pty Ltd,,QLD1,120,321301,IPS_GU1,Other,Other,,,Scheduled,1,,120,,120,120,Publicly Announced,,,,46091,46044.66556712963,,,,,,,,,,,,,,,,,,,,,,,,,,,,,,,,,,,,,,,,,,,,,,,,,,,,,,,,,,,,,,,,,,,,,,,,,,,,,,,,,,,,,,,,,,,,,,,,,,,,,,,,,,,,,,,,,,,,,,,,,,,,,,,,,,,,,,,,,,,
124901|1249|ISIS Central Sugar Mill Co-generation Plant:1|ICSM|Gas Turbine|Steam Turbine,1249,ISIS Central Sugar Mill Co-generation Plant,,SUSTAINABLE ENERGY INFRASTRUCTURE,sustainable_NR,QLD1,25,124901,ISIS Central Sugar Mill Co-generation Plant:1,Gas Turbine,Steam Turbine,Other,ICSM,Non-scheduled,1,,25,,25,,In Service,,,,46091,46126.470405092594,,,,,,,,,,,,,,,,,,,,,,,,,,,,,,,,,,,,,,,,,,,,,,,,,,,,,,,,,,,,,,,,,,,,,,,,,,,,,,,,,,,,,,,,,,,,,,,,,,,,,,,,,,,,,,,,,,,,,,,,,,,,,,,,,,,,,,,,,,,
299201|2992|IHBS_GU1||Battery Storage|Lithium-ion,2992,Ivanhoe BESS,N00226,Ivanhoe Coal Pty Ltd,ivanhoe_coal_nr,NSW1,700,299201,IHBS_GU1,Battery Storage,Lithium-ion,,,Scheduled,900,,0.78,,702,,Publicly Announced,,,,45901,45749.80237268518,,,,,,,,,,,,,,,,,,,,,,,,,,,,,,,,,,,,,,,,,,,,,,,,,,,,,,,,,,,,,,,,,,,,,,,,,,,,,,,,,,,,,,,,,,,,,,,,,,,,,,,,,,,,,,,,,,,,,,,,,,,,,,,,,,,,,,,,,,,
287901|2879|BCBS_GU1||Battery Storage|Lithium-ion,2879,J Pierce Road BESS,Q00209,J Pierce Road BESS Pty Ltd,ARES_NR,QLD1,400,287901,BCBS_GU1,Battery Storage,Lithium-ion,,,Scheduled,118,4.23,4.6,499.14,542.8,1923.4,Publicly Announced,46477,2053,,46091,46112.46634259259,,,,,,,,,,,,,,,,,,,,,,,,,,,,,,,,,,,,,,,,,,,,,,,,,,,,,,,,,,,,,,,,,,,,,,,,,,,,,,,,,,,,,,,,,,,,,,,,,,,,,,,,,,,,,,,,,,,,,,,,,,,,,,,,,,,,,,,,,,,
290801|2908|JNBESS||Battery Storage|Lithium-ion,2908,Jackson North BESS,Q00107,Equis Energy (Australia) Projects (Ngumi 6) Pty Ltd as trustee for the Equis Energy(Australia) Ngumi 6 Asset Trust,equis_NR,QLD1,200,290801,JNBESS,Battery Storage,Lithium-ion,,,Scheduled,112,0.62,1.93,69.44,216.16,399.84,Publicly Announced,47665,2050,,46091,46097.42563657407,,,,,,,,,,,,,,,,,,,,,,,,,,,,,,,,,,,,,,,,,,,,,,,,,,,,,,,,,,,,,,,,,,,,,,,,,,,,,,,,,,,,,,,,,,,,,,,,,,,,,,,,,,,,,,,,,,,,,,,,,,,,,,,,,,,,,,,,,,,
316601|3166|JNWF||Wind|Onshore,3166,Jackson North Wind Farm,,Equis Australia,equis_NR,QLD1,600,316601,JNWF,Wind,Onshore,,,Semi-scheduled,99,4,6.2,396,613.8,,Publicly Announced,47484,2060,,46091,46097.400416666664,,,,,,,,,,,,,,,,,,,,,,,,,,,,,,,,,,,,,,,,,,,,,,,,,,,,,,,,,,,,,,,,,,,,,,,,,,,,,,,,,,,,,,,,,,,,,,,,,,,,,,,,,,,,,,,,,,,,,,,,,,,,,,,,,,,,,,,,,,,
311601|3116|JSBS_GU1||Battery Storage|Lithium-ion,3116,Jackson Solar Farm and BESS,,Energy Estate,energyestate_NR,QLD1,400,311601,JSBS_GU1,Battery Storage,Lithium-ion,,,Scheduled,1,,400,,400,1600,Publicly Announced,,,,46091,45939.737175925926,,,,,,,,,,,,,,,,,,,,,,,,,,,,,,,,,,,,,,,,,,,,,,,,,,,,,,,,,,,,,,,,,,,,,,,,,,,,,,,,,,,,,,,,,,,,,,,,,,,,,,,,,,,,,,,,,,,,,,,,,,,,,,,,,,,,,,,,,,,
311602|3116|JSSF_GU1||Solar PV|Fixed,3116,Jackson Solar Farm and BESS,,Energy Estate,energyestate_NR,QLD1,400,311602,JSSF_GU1,Solar PV,Fixed,,,Semi-scheduled,1,,400,,400,,Publicly Announced,,,,46091,45939.737175925926,,,,,,,,,,,,,,,,,,,,,,,,,,,,,,,,,,,,,,,,,,,,,,,,,,,,,,,,,,,,,,,,,,,,,,,,,,,,,,,,,,,,,,,,,,,,,,,,,,,,,,,,,,,,,,,,,,,,,,,,,,,,,,,,,,,,,,,,,,,
137301|1373|Jeeralang A Unit 1|JLA01|Gas Turbine|OCGT,1373,Jeeralang A,,EnergyAustralia Ecogen Py Ltd,EASTENGY,VIC1,260,137301,Jeeralang A Unit 1,Gas Turbine,OCGT,Natural Gas,JLA01,Scheduled,1,,53,,53,,In Service,,2039,,46091,46105.815034722225,56,50,46.6,56,50,46.6,56,50,46.6,56,50,46.6,56,50,46.6,56,50,46.6,56,50,46.6,56,50,46.6,56,50,46.6,56,50,46.6,,,,,,,,,,,,,,,,,,,,,,,,,,,,,,,,,,,,,,,,,,,,,,,,,,,,,,,,,,,,,,,,,,,,,,,,,,,,,,,,,,,,,,,,,,,,,,,,,,,,,,,,,,,,,
137302|1373|Jeeralang A Unit 2|JLA02|Gas Turbine|OCGT,1373,Jeeralang A,,EnergyAustralia Ecogen Py Ltd,EASTENGY,VIC1,260,137302,Jeeralang A Unit 2,Gas Turbine,OCGT,Natural Gas,JLA02,Scheduled,1,,53,,53,,In Service,,2039,,46091,46105.815034722225,56,50,46.6,56,50,46.6,56,50,46.6,56,50,46.6,56,50,46.6,56,50,46.6,56,50,46.6,56,50,46.6,56,50,46.6,56,50,46.6,,,,,,,,,,,,,,,,,,,,,,,,,,,,,,,,,,,,,,,,,,,,,,,,,,,,,,,,,,,,,,,,,,,,,,,,,,,,,,,,,,,,,,,,,,,,,,,,,,,,,,,,,,,,,
137303|1373|Jeeralang A Unit 3|JLA03|Gas Turbine|OCGT,1373,Jeeralang A,,EnergyAustralia Ecogen Py Ltd,EASTENGY,VIC1,260,137303,Jeeralang A Unit 3,Gas Turbine,OCGT,Natural Gas,JLA03,Scheduled,1,,53,,53,,In Service,,2039,,46091,46105.815034722225,56,50,46.6,56,50,46.6,56,50,46.6,56,50,46.6,56,50,46.6,56,50,46.6,56,50,46.6,56,50,46.6,56,50,46.6,56,50,46.6,,,,,,,,,,,,,,,,,,,,,,,,,,,,,,,,,,,,,,,,,,,,,,,,,,,,,,,,,,,,,,,,,,,,,,,,,,,,,,,,,,,,,,,,,,,,,,,,,,,,,,,,,,,,,
137304|1373|Jeeralang A Unit 4|JLA04|Gas Turbine|OCGT,1373,Jeeralang A,,EnergyAustralia Ecogen Py Ltd,EASTENGY,VIC1,260,137304,Jeeralang A Unit 4,Gas Turbine,OCGT,Natural Gas,JLA04,Scheduled,1,,53,,53,,In Service,,2039,,46091,46105.815034722225,56,50,46.6,56,50,46.6,56,50,46.6,56,50,46.6,56,50,46.6,56,50,46.6,56,50,46.6,56,50,46.6,56,50,46.6,56,50,46.6,,,,,,,,,,,,,,,,,,,,,,,,,,,,,,,,,,,,,,,,,,,,,,,,,,,,,,,,,,,,,,,,,,,,,,,,,,,,,,,,,,,,,,,,,,,,,,,,,,,,,,,,,,,,,
137401|1374|Jeeralang B Unit 1|JLB01|Gas Turbine|OCGT,1374,Jeeralang B Power Station,,EnergyAustralia Ecogen Pty Ltd,EASTENGY,VIC1,300,137401,Jeeralang B Unit 1,Gas Turbine,OCGT,Natural Gas,JLB01,Scheduled,1,,76,,76,,In Service,,2039,,46091,46105.68917824074,85,76,70.3,85,76,70.3,85,76,70.3,85,76,70.3,85,76,70.3,85,76,70.3,85,76,70.3,85,76,70.3,85,76,70.3,85,76,70.3,,,,,,,,,,,,,,,,,,,,,,,,,,,,,,,,,,,,,,,,,,,,,,,,,,,,,,,,,,,,,,,,,,,,,,,,,,,,,,,,,,,,,,,,,,,,,,,,,,,,,,,,,,,,,
137402|1374|Jeeralang B Unit 2|JLB02|Gas Turbine|OCGT,1374,Jeeralang B Power Station,,EnergyAustralia Ecogen Pty Ltd,EASTENGY,VIC1,300,137402,Jeeralang B Unit 2,Gas Turbine,OCGT,Natural Gas,JLB02,Scheduled,1,,76,,76,,In Service,,2039,,46091,46105.68917824074,83,74,68.3,83,74,68.3,83,74,68.3,83,74,68.3,83,74,68.3,83,74,68.3,83,74,68.3,83,74,68.3,83,74,68.3,83,74,68.3,,,,,,,,,,,,,,,,,,,,,,,,,,,,,,,,,,,,,,,,,,,,,,,,,,,,,,,,,,,,,,,,,,,,,,,,,,,,,,,,,,,,,,,,,,,,,,,,,,,,,,,,,,,,,
137403|1374|Jeeralang B Unit 3|JLB03|Gas Turbine|OCGT,1374,Jeeralang B Power Station,,EnergyAustralia Ecogen Pty Ltd,EASTENGY,VIC1,300,137403,Jeeralang B Unit 3,Gas Turbine,OCGT,Natural Gas,JLB03,Scheduled,1,,76,,76,,In Service,,2039,,46091,46105.68917824074,87,78,72.3,87,78,72.3,87,78,72.3,87,78,72.3,87,78,72.3,87,78,72.3,87,78,72.3,87,78,72.3,87,78,72.3,87,78,72.3,,,,,,,,,,,,,,,,,,,,,,,,,,,,,,,,,,,,,,,,,,,,,,,,,,,,,,,,,,,,,,,,,,,,,,,,,,,,,,,,,,,,,,,,,,,,,,,,,,,,,,,,,,,,,
152101|1521|Jemalong Solar:1|JEMALNG1|Solar PV|Single Axis Tracking,1521,Jemalong Solar,,Genex Power,genexpower_NR,NSW1,50,152101,Jemalong Solar:1,Solar PV,Single Axis Tracking,,JEMALNG1,Semi-scheduled,20,3.3,2.75,66,55,,In Service,,2050,,46091,46105.64111111111,50,50,50,50,50,50,50,50,50,50,50,50,50,50,50,50,50,50,50,50,50,50,50,50,50,50,50,50,50,50,,,,,,,,,,,,,,,,,,,,,,,,,,,,,,,,,,,,,,,,,,,,,,,,,,,,,,,,,,,,,,,,,,,,,,,,,,,,,,,,,,,,,,,,,,,,,,,,,,,,,,,,,,,,,
220301|2203|JWF_G1||Wind|Onshore,2203,Jeremiah Wind Farm,N00068,Squadron Energy Services Pty Ltd,squadronenergy_NR,NSW1,288,220301,JWF_G1,Wind,Onshore,,,Semi-scheduled,48,6,6,288,288,,Publicly Announced,47849,2060,,46091,46098.11231481482,,,,,,,,,,,,,,,,,,,,,,,,,,,,,,,,,,,,,,,,,,,,,,,,,,,,,,,,,,,,,,,,,,,,,,,,,,,,,,,,,,,,,,,,,,,,,,,,,,,,,,,,,,,,,,,,,,,,,,,,,,,,,,,,,,,,,,,,,,,
109601|1096|Jindabyne:1|JNDABNE1|Hydro|Dam,1096,Jindabyne,,Snowy Hydro Ltd,SNOWY,NSW1,1,109601,Jindabyne:1,Hydro,Dam,,JNDABNE1,Non-scheduled,1,,1.1,,1.1,,In Service,,2070,,46091,46110.578148148146,,,,,,,,,,,,,,,,,,,,,,,,,,,,,,,,,,,,,,,,,,,,,,,,,,,,,,,,,,,,,,,,,,,,,,,,,,,,,,,,,,,,,,,,,,,,,,,,,,,,,,,,,,,,,,,,,,,,,,,,,,,,,,,,,,,,,,,,,,,
328401|3284|JINBESS-GU1||Battery Storage|Lithium-ion,3284,Jindera BESS,,BESS ATLANTIC PTY LTD,gransolar_NR,NSW1,250,328401,JINBESS-GU1,Battery Storage,Lithium-ion,,,Scheduled,1,,250,,250,500,Publicly Announced,47197,2050,,,46162.423125,,,,,,,,,,,,,,,,,,,,,,,,,,,,,,,,,,,,,,,,,,,,,,,,,,,,,,,,,,,,,,,,,,,,,,,,,,,,,,,,,,,,,,,,,,,,,,,,,,,,,,,,,,,,,,,,,,,,,,,,,,,,,,,,,,,,,,,,,,,
237901|2379|JBS_GU1||Battery Storage|Lithium-ion,2379,Jindera BESS - Storage - KCI,N00106,BESS Atlantic,,NSW1,250,237901,JBS_GU1,Battery Storage,Lithium-ion,,,Scheduled,1,,250,,250,,Publicly Announced,,,,46091,44931.981886574074,,,,,,,,,,,,,,,,,,,,,,,,,,,,,,,,,,,,,,,,,,,,,,,,,,,,,,,,,,,,,,,,,,,,,,,,,,,,,,,,,,,,,,,,,,,,,,,,,,,,,,,,,,,,,,,,,,,,,,,,,,,,,,,,,,,,,,,,,,,
253901|2539|JSF_GU1||Solar PV|Fixed,2539,Jindera Solar Farm,N00132,Jindera Solar Farm Pty Ltd,,NSW1,120,253901,JSF_GU1,Solar PV,Fixed,,,Semi-scheduled,38,,3.16,,120.08,,Publicly Announced,,,,46091,45111.81079861111,,,,,,,,,,,,,,,,,,,,,,,,,,,,,,,,,,,,,,,,,,,,,,,,,,,,,,,,,,,,,,,,,,,,,,,,,,,,,,,,,,,,,,,,,,,,,,,,,,,,,,,,,,,,,,,,,,,,,,,,,,,,,,,,,,,,,,,,,,,
224601|2246|JOELBT||Battery Storage|Lithium-ion,2246,Joel Joel BESS,V00076,ACEnergy Pty Ltd,acenergy_NR,VIC1,250,224601,JOELBT,Battery Storage,Lithium-ion,,,Scheduled,88,3.62,3.62,318.56,318.56,999.68,Anticipated,47028,2048,,46361,46169.42524305556,0,0,0,0,0,0,250,250,212,250,250,212,250,250,212,250,250,212,250,250,212,250,250,212,250,250,212,250,250,212,0,0,0,0,1000,848,1000,848,1000,848,1000,848,1000,848,1000,848,1000,848,1000,848,,,,,,,,,,,,,,,,,,,,,,,,,,,,,,,,,,,,,,,,,,,,,,,,,,,,,,,,,,,,,,,,,,,,,,,,,,,,,,,,,,,,,,,,,
331401|3314|Joel Joel BESS 2||Battery Storage|Lithium-ion,3314,Joel Joel BESS 2 - KCI,V00209,ACEnergy Pty Ltd,acenergy_NR,VIC1,500,331401,Joel Joel BESS 2,Battery Storage,Lithium-ion,,,Scheduled,1,,500,,500,,Publicly Announced,,,,,46205.425983796296,,,,,,,,,,,,,,,,,,,,,,,,,,,,,,,,,,,,,,,,,,,,,,,,,,,,,,,,,,,,,,,,,,,,,,,,,,,,,,,,,,,,,,,,,,,,,,,,,,,,,,,,,,,,,,,,,,,,,,,,,,,,,,,,,,,,,,,,,,,
109801|1098|Jounama:1|JOUNAMA1|Hydro|Dam,1098,Jounama,,Snowy Hydro Ltd,SNOWY,NSW1,14,109801,Jounama:1,Hydro,Dam,,JOUNAMA1,Non-scheduled,1,,14.4,,14.4,,In Service,,2070,,46091,46105.36162037037,,,,,,,,,,,,,,,,,,,,,,,,,,,,,,,,,,,,,,,,,,,,,,,,,,,,,,,,,,,,,,,,,,,,,,,,,,,,,,,,,,,,,,,,,,,,,,,,,,,,,,,,,,,,,,,,,,,,,,,,,,,,,,,,,,,,,,,,,,,
253602|2536|JRBATT1||Battery Storage|Lithium-ion,2536,Junction Rivers Wind And BESS,N00129,Junction Rivers Pty Ltd,windlab_NR,NSW1,585,253602,JRBATT1,Battery Storage,Lithium-ion,,,Scheduled,66,3.6,3.6,237.6,237.6,799.92,Publicly Announced,48334,2060,,46361,46167.67375,,,,,,,,,,,,,,,,,,,,,,,,,,,,,,,,,,,,,,,,,,,,,,,,,,,,,,,,,,,,,,,,,,,,,,,,,,,,,,,,,,,,,,,,,,,,,,,,,,,,,,,,,,,,,,,,,,,,,,,,,,,,,,,,,,,,,,,,,,,
253603|2536|JRWF1||Wind|Onshore,2536,Junction Rivers Wind And BESS,N00129,Junction Rivers Pty Ltd,windlab_NR,NSW1,585,253603,JRWF1,Wind,Onshore,,,Semi-scheduled,96,6.2,6.2,595.2,595.2,,Publicly Announced,48334,2060,,46361,46167.67375,,,,,,,,,,,,,,,,,,,,,,,,,,,,,,,,,,,,,,,,,,,,,,,,,,,,,,,,,,,,,,,,,,,,,,,,,,,,,,,,,,,,,,,,,,,,,,,,,,,,,,,,,,,,,,,,,,,,,,,,,,,,,,,,,,,,,,,,,,,
152601|1526|Junee SF|JUNEESF1|Solar PV|Single Axis Tracking,1526,Junee Solar Farm,,Junee Operationsco Pty Ltd as trustee for Junee Operations Trust,JUNEESF,NSW1,30,152601,Junee SF,Solar PV,Single Axis Tracking,,JUNEESF1,Semi-scheduled,22,,1.64,,36.08,,In Service,,2050,,46091,45923.199108796296,30.008,30.008,30.008,30.008,30.008,30.008,30.008,30.008,30.008,30.008,30.008,30.008,30.008,30.008,30.008,30.008,30.008,30.008,30.008,30.008,30.008,30.008,30.008,30.008,30.008,30.008,30.008,,,,,,,,,,,,,,,,,,,,,,,,,,,,,,,,,,,,,,,,,,,,,,,,,,,,,,,,,,,,,,,,,,,,,,,,,,,,,,,,,,,,,,,,,,,,,,,,,,,,,,,,,,,,,,,,
202001|2020|KABANWF1|KABANWF1|Wind|Onshore,2020,Kaban Wind Farm,,Kaban Wind Farm Trust,KABANWF,QLD1,152,202001,KABANWF1,Wind,Onshore,,KABANWF1,Semi-scheduled,28,,5.6,,156.8,,In Service,,2048,,46091,46111.635775462964,151.984,151.984,151.984,151.984,151.984,151.984,151.984,151.984,151.984,151.984,151.984,151.984,151.984,151.984,151.984,151.984,151.984,151.984,151.984,151.984,151.984,151.984,151.984,151.984,151.984,151.984,151.984,151.984,151.984,151.984,,,,,,,,,,,,,,,,,,,,,,,,,,,,,,,,,,,,,,,,,,,,,,,,,,,,,,,,,,,,,,,,,,,,,,,,,,,,,,,,,,,,,,,,,,,,,,,,,,,,,,,,,,,,,
260701|2607|KMBS_GU1||Battery Storage|Lithium-ion,2607,Kaloya Moa Standalone BESS,Q00124,Samsung C&amp;amp;T Renewable Energy Australia Pty Ltd,samsung_NR,QLD1,100,260701,KMBS_GU1,Battery Storage,Lithium-ion,,,Scheduled,33,4.2,4.2,138.6,138.6,462,Publicly Announced,47695,2060,,46091,46105.751064814816,,,,,,,,,,,,,,,,,,,,,,,,,,,,,,,,,,,,,,,,,,,,,,,,,,,,,,,,,,,,,,,,,,,,,,,,,,,,,,,,,,,,,,,,,,,,,,,,,,,,,,,,,,,,,,,,,,,,,,,,,,,,,,,,,,,,,,,,,,,
291701|2917|KVBS_GU1||Battery Storage|Lithium-ion,2917,Kangaroo Valley BESS,N00213,FIrm Power P/L,agl_nr,NSW1,400,291701,KVBS_GU1,Battery Storage,Lithium-ion,,,Scheduled,210,1.93,1.93,405.3,405.3,1617,Publicly Announced,46966,2052,,46091,46164.56778935185,,,,,,,,,,,,,,,,,,,,,,,,,,,,,,,,,,,,,,,,,,,,,,,,,,,,,,,,,,,,,,,,,,,,,,,,,,,,,,,,,,,,,,,,,,,,,,,,,,,,,,,,,,,,,,,,,,,,,,,,,,,,,,,,,,,,,,,,,,,
142402|1424|KARSF1|KARSF1|Solar PV|Single Axis Tracking,1424,Karadoc Solar Farm,,Iraak Sun Farm Pty Ltd,KARSF,VIC1,90,142402,KARSF1,Solar PV,Single Axis Tracking,,KARSF1,Semi-scheduled,38,2.75,2.37,104.5,90.06,,In Service,,2048,,46091,46108.518645833334,90.022,90.022,90.022,90.022,90.022,90.022,90.022,90.022,90.022,90.022,90.022,90.022,90.022,90.022,90.022,90.022,90.022,90.022,90.022,90.022,90.022,90.022,90.022,90.022,90.022,90.022,90.022,90.022,90.022,90.022,,,,,,,,,,,,,,,,,,,,,,,,,,,,,,,,,,,,,,,,,,,,,,,,,,,,,,,,,,,,,,,,,,,,,,,,,,,,,,,,,,,,,,,,,,,,,,,,,,,,,,,,,,,,,
320501|3205|KAR_GU1||Battery Storage|Lithium-ion,3205,Karangi BESS,N00276,AE BESS 12 Pty Ltd as trustee of AE BESS 12 Unit Trust,,NSW1,240,320501,KAR_GU1,Battery Storage,Lithium-ion,,,Scheduled,84,,3.8,,319.2,,Publicly Announced,,,,46091,46041.69641203704,,,,,,,,,,,,,,,,,,,,,,,,,,,,,,,,,,,,,,,,,,,,,,,,,,,,,,,,,,,,,,,,,,,,,,,,,,,,,,,,,,,,,,,,,,,,,,,,,,,,,,,,,,,,,,,,,,,,,,,,,,,,,,,,,,,,,,,,,,,
276101|2761|Karara BESS||Battery Storage|Lithium-ion,2761,Karara BESS - KCI,Q00166,ACCIONA Energy,acciona_NR,QLD1,400,276101,Karara BESS,Battery Storage,Lithium-ion,,,Scheduled,1,,400,,400,1600,Publicly Announced,46934,2054,,46091,46174.57795138889,,,,,,,,,,,,,,,,,,,,,,,,,,,,,,,,,,,,,,,,,,,,,,,,,,,,,,,,,,,,,,,,,,,,,,,,,,,,,,,,,,,,,,,,,,,,,,,,,,,,,,,,,,,,,,,,,,,,,,,,,,,,,,,,,,,,,,,,,,,
110001|1100|Kareeya:1|KAREEYA1|Hydro|Run of River,1100,Kareeya,,CleanCo Queensland Limited,CLEANCO,QLD1,86.4,110001,Kareeya:1,Hydro,Run of River,,KAREEYA1,Scheduled,1,,21.6,,21.6,,In Service,,2057,,46091,46108.464155092595,21.6,21.6,21.6,21.6,21.6,21.6,21.6,21.6,21.6,21.6,21.6,21.6,21.6,21.6,21.6,21.6,21.6,21.6,21.6,21.6,21.6,21.6,21.6,21.6,21.6,21.6,21.6,21.6,21.6,21.6,,,,,,,,,,,,,,,,,,,,,,,,,,,,,,,,,,,,,,,,,,,,,,,,,,,,,,,,,,,,,,,,,,,,,,,,,,,,,,,,,,,,,,,,,,,,,,,,,,,,,,,,,,,,,
110002|1100|Kareeya:2|KAREEYA2|Hydro|Run of River,1100,Kareeya,,CleanCo Queensland Limited,CLEANCO,QLD1,86.4,110002,Kareeya:2,Hydro,Run of River,,KAREEYA2,Scheduled,1,,21.6,,21.6,,In Service,,2057,,46091,46108.464155092595,21.6,21.6,21.6,21.6,21.6,21.6,21.6,21.6,21.6,21.6,21.6,21.6,21.6,21.6,21.6,21.6,21.6,21.6,21.6,21.6,21.6,21.6,21.6,21.6,21.6,21.6,21.6,21.6,21.6,21.6,,,,,,,,,,,,,,,,,,,,,,,,,,,,,,,,,,,,,,,,,,,,,,,,,,,,,,,,,,,,,,,,,,,,,,,,,,,,,,,,,,,,,,,,,,,,,,,,,,,,,,,,,,,,,
110003|1100|Kareeya:3|KAREEYA3|Hydro|Run of River,1100,Kareeya,,CleanCo Queensland Limited,CLEANCO,QLD1,86.4,110003,Kareeya:3,Hydro,Run of River,,KAREEYA3,Scheduled,1,,21.6,,21.6,,In Service,,2057,,46091,46108.464155092595,21.6,21.6,21.6,21.6,21.6,21.6,21.6,21.6,21.6,21.6,21.6,21.6,21.6,21.6,21.6,21.6,21.6,21.6,21.6,21.6,21.6,21.6,21.6,21.6,21.6,21.6,21.6,21.6,21.6,21.6,,,,,,,,,,,,,,,,,,,,,,,,,,,,,,,,,,,,,,,,,,,,,,,,,,,,,,,,,,,,,,,,,,,,,,,,,,,,,,,,,,,,,,,,,,,,,,,,,,,,,,,,,,,,,
110004|1100|Kareeya:4|KAREEYA4|Hydro|Run of River,1100,Kareeya,,CleanCo Queensland Limited,CLEANCO,QLD1,86.4,110004,Kareeya:4,Hydro,Run of River,,KAREEYA4,Scheduled,1,,21.6,,21.6,,In Service,,2057,,46091,46108.464155092595,21.6,21.6,21.6,21.6,21.6,21.6,21.6,21.6,21.6,21.6,21.6,21.6,21.6,21.6,21.6,21.6,21.6,21.6,21.6,21.6,21.6,21.6,21.6,21.6,21.6,21.6,21.6,21.6,21.6,21.6,,,,,,,,,,,,,,,,,,,,,,,,,,,,,,,,,,,,,,,,,,,,,,,,,,,,,,,,,,,,,,,,,,,,,,,,,,,,,,,,,,,,,,,,,,,,,,,,,,,,,,,,,,,,,
110101|1101|Kareeya 5:1|KAREEYA5|Hydro|Dam,1101,Kareeya 5,,CleanCo Queensland Limited,CLEANCO,QLD1,7,110101,Kareeya 5:1,Hydro,Dam,,KAREEYA5,Non-scheduled,1,,7,,7,,In Service,,2057,,46091,46108.456192129626,,,,,,,,,,,,,,,,,,,,,,,,,,,,,,,,,,,,,,,,,,,,,,,,,,,,,,,,,,,,,,,,,,,,,,,,,,,,,,,,,,,,,,,,,,,,,,,,,,,,,,,,,,,,,,,,,,,,,,,,,,,,,,,,,,,,,,,,,,,
229701|2297|KWF_GU1||Wind|Onshore,2297,Kariboe Wind Farm,Q00047,Kariboe Wind Farm Pty Ltd,baywa-re_NR,QLD1,1000,229701,KWF_GU1,Wind,Onshore,,,Semi-scheduled,170,,6,,1020,,Publicly Announced,,,,46091,45336.055451388886,,,,,,,,,,,,,,,,,,,,,,,,,,,,,,,,,,,,,,,,,,,,,,,,,,,,,,,,,,,,,,,,,,,,,,,,,,,,,,,,,,,,,,,,,,,,,,,,,,,,,,,,,,,,,,,,,,,,,,,,,,,,,,,,,,,,,,,,,,,
276201|2762|karmawf||Wind|Onshore,2762,Karma Wind Farm - KCI,Q00167,CI Karma Pty Ltd as trustee for the CI Karma Trust,,QLD1,966,276201,karmawf,Wind,Onshore,,,Semi-scheduled,1,,966,,966,,Publicly Announced,,,,46091,45475.854363425926,,,,,,,,,,,,,,,,,,,,,,,,,,,,,,,,,,,,,,,,,,,,,,,,,,,,,,,,,,,,,,,,,,,,,,,,,,,,,,,,,,,,,,,,,,,,,,,,,,,,,,,,,,,,,,,,,,,,,,,,,,,,,,,,,,,,,,,,,,,
328901|3289|Kayuga Solar||Solar PV|Lithium-ion,3289,Kayuga Solar Farm and BESS,,European Energy,europeanenergy_nr,NSW1,85,328901,Kayuga Solar,Solar PV,Lithium-ion,,,Semi-scheduled,1,,85,,85,,Publicly Announced,,,,,46169.68517361111,,,,,,,,,,,,,,,,,,,,,,,,,,,,,,,,,,,,,,,,,,,,,,,,,,,,,,,,,,,,,,,,,,,,,,,,,,,,,,,,,,,,,,,,,,,,,,,,,,,,,,,,,,,,,,,,,,,,,,,,,,,,,,,,,,,,,,,,,,,
328902|3289|Kayuga BESS||Battery Storage|Lithium-ion,3289,Kayuga Solar Farm and BESS,,European Energy,europeanenergy_nr,NSW1,85,328902,Kayuga BESS,Battery Storage,Lithium-ion,,,Scheduled,1,,50,,50,100,Publicly Announced,,,,,46169.68517361111,,,,,,,,,,,,,,,,,,,,,,,,,,,,,,,,,,,,,,,,,,,,,,,,,,,,,,,,,,,,,,,,,,,,,,,,,,,,,,,,,,,,,,,,,,,,,,,,,,,,,,,,,,,,,,,,,,,,,,,,,,,,,,,,,,,,,,,,,,,
110201|1102|Keepit:1|KEEPIT|Hydro|Dam,1102,Keepit,,GSP Energy Pty Ltd,foresightgroupau_NR,NSW1,7.2,110201,Keepit:1,Hydro,Dam,,KEEPIT,Non-scheduled,1,,7.2,,7.2,,In Service,,2050,,46091,46141.77998842593,,,,,,,,,,,,,,,,,,,,,,,,,,,,,,,,,,,,,,,,,,,,,,,,,,,,,,,,,,,,,,,,,,,,,,,,,,,,,,,,,,,,,,,,,,,,,,,,,,,,,,,,,,,,,,,,,,,,,,,,,,,,,,,,,,,,,,,,,,,
163501|1635|Kelsey Creek Solar Farm:1||Solar PV|Fixed,1635,Kelsey Creek Solar Farm,,BayWa r.e. Solar Project Pty Ltd,baywa-re_NR,QLD1,50,163501,Kelsey Creek Solar Farm:1,Solar PV,Fixed,,,Semi-scheduled,1,,50,,50,,Publicly Announced,,,,46091,45335.74212962963,,,,,,,,,,,,,,,,,,,,,,,,,,,,,,,,,,,,,,,,,,,,,,,,,,,,,,,,,,,,,,,,,,,,,,,,,,,,,,,,,,,,,,,,,,,,,,,,,,,,,,,,,,,,,,,,,,,,,,,,,,,,,,,,,,,,,,,,,,,
320201|3202|KMP_GU1||Battery Storage|Lithium-ion,3202,Kemps Creek BESS,N00270,BG Admin Pty Ltd,,NSW1,1000,320201,KMP_GU1,Battery Storage,Lithium-ion,,,Scheduled,100,,10,,1000,,Publicly Announced,,2089,,46091,46133.45576388889,,,,,,,,,,,,,,,,,,,,,,,,,,,,,,,,,,,,,,,,,,,,,,,,,,,,,,,,,,,,,,,,,,,,,,,,,,,,,,,,,,,,,,,,,,,,,,,,,,,,,,,,,,,,,,,,,,,,,,,,,,,,,,,,,,,,,,,,,,,
146501|1465|Kennedy Energy Park - Phase 1 - Wind:12|KEPWF1|Wind|Onshore,1465,Kennedy Energy Park,,Windlab/Eurus,res-group_NR,QLD1,60.3,146501,Kennedy Energy Park - Phase 1 - Wind:12,Wind,Onshore,,KEPWF1,Semi-scheduled,12,3.6,3.6,43.2,43.2,,In Service,,2046,,,46167.7803587963,43.2,43.2,36,43.2,43.2,36,43.2,43.2,36,43.2,43.2,36,43.2,43.2,36,43.2,43.2,36,43.2,43.2,36,43.2,43.2,36,43.2,43.2,36,43.2,43.2,36,,,,,,,,,,,,,,,,,,,,,,,,,,,,,,,,,,,,,,,,,,,,,,,,,,,,,,,,,,,,,,,,,,,,,,,,,,,,,,,,,,,,,,,,,,,,,,,,,,,,,,,,,,,,,
146502|1465|KEPSF1|KEPSF1|Solar PV|Single Axis Tracking,1465,Kennedy Energy Park,,Windlab/Eurus,res-group_NR,QLD1,60.3,146502,KEPSF1,Solar PV,Single Axis Tracking,,KEPSF1,Semi-scheduled,6,2.5,2.5,15,15,,In Service,,2046,,46091,46167.7803587963,15,14.58,14.28,15,14.58,14.28,15,14.58,14.28,15,14.58,14.28,15,14.58,14.28,15,14.58,14.28,15,14.58,14.28,15,14.58,14.28,15,14.58,14.28,15,14.58,14.28,,,,,,,,,,,,,,,,,,,,,,,,,,,,,,,,,,,,,,,,,,,,,,,,,,,,,,,,,,,,,,,,,,,,,,,,,,,,,,,,,,,,,,,,,,,,,,,,,,,,,,,,,,,,,
146503|1465|KEPBG1|KEPBG1|Battery Storage|Lithium-ion,1465,Kennedy Energy Park,,Windlab/Eurus,res-group_NR,QLD1,60.3,146503,KEPBG1,Battery Storage,Lithium-ion,,KEPBG1,Non-scheduled,4,0.5,0.5,2,2,4,In Service,,2046,,,46167.7803587963,,,,,,,,,,,,,,,,,,,,,,,,,,,,,,,,,,,,,,,,,,,,,,,,,,,,,,,,,,,,,,,,,,,,,,,,,,,,,,,,,,,,,,,,,,,,,,,,,,,,,,,,,,,,,,,,,,,,,,,,,,,,,,,,,,,,,,,,,,,
188801|1888|Kentbru||Wind|Onshore,1888,Kentbruck Green Power Hub,,Kentbruck Wind Farm Pty Ltd atf Kentbruck Wind Farm Trust,storenergy_nr,VIC1,600,188801,Kentbru,Wind,Onshore,,,Semi-scheduled,100,6,6,600,600,,Publicly Announced,47664,2057,,46361,46119.39,,,,,,,,,,,,,,,,,,,,,,,,,,,,,,,,,,,,,,,,,,,,,,,,,,,,,,,,,,,,,,,,,,,,,,,,,,,,,,,,,,,,,,,,,,,,,,,,,,,,,,,,,,,,,,,,,,,,,,,,,,,,,,,,,,,,,,,,,,,
191602|1916|Kerang Battery Plant||Battery Storage|Lithium-ion,1916,Kerang Battery Plant,,BSR EPC P/L,britishsolar_nr,VIC1,230,191602,Kerang Battery Plant,Battery Storage,Lithium-ion,,,Scheduled,204,1.57,1.2,320.28,244.8,979.2,Publicly Announced,47493,2051,,46361,46170.61048611111,,,,,,,,,,,,,,,,,,,,,,,,,,,,,,,,,,,,,,,,,,,,,,,,,,,,,,,,,,,,,,,,,,,,,,,,,,,,,,,,,,,,,,,,,,,,,,,,,,,,,,,,,,,,,,,,,,,,,,,,,,,,,,,,,,,,,,,,,,,
246101|2461|KBB_1||Battery Storage|Lithium-ion,2461,Kerang BESS,V00135,Kerang Bess Pty Ltd,banpu_nr,VIC1,103,246101,KBB_1,Battery Storage,Lithium-ion,,,Scheduled,56,1.84,1.84,103.04,103.04,206.08,Publicly Announced,46843,2067,,46361,46174.430555555555,,,,,,,,,,,,,,,,,,,,,,,,,,,,,,,,,,,,,,,,,,,,,,,,,,,,,,,,,,,,,,,,,,,,,,,,,,,,,,,,,,,,,,,,,,,,,,,,,,,,,,,,,,,,,,,,,,,,,,,,,,,,,,,,,,,,,,,,,,,
198002|1980|KE_SF||Solar PV|Single Axis Tracking,1980,Kerang Hybrid,V00134,Tag Energy Australia Pty Ltd,tagenergy_nr,VIC1,171,198002,KE_SF,Solar PV,Single Axis Tracking,,,Semi-scheduled,35,4.4,3.32,154,116.2,,Publicly Announced,46935,2059,,46361,46161.578668981485,,,,,,,,,,,,,,,,,,,,,,,,,,,,,,,,,,,,,,,,,,,,,,,,,,,,,,,,,,,,,,,,,,,,,,,,,,,,,,,,,,,,,,,,,,,,,,,,,,,,,,,,,,,,,,,,,,,,,,,,,,,,,,,,,,,,,,,,,,,
198003|1980|KE_BE||Battery Storage|Lithium-ion,1980,Kerang Hybrid,V00134,Tag Energy Australia Pty Ltd,tagenergy_nr,VIC1,171,198003,KE_BE,Battery Storage,Lithium-ion,,,Scheduled,28,2.4,1.93,67.2,54.04,99.96,Anticipated,46935,2058,,46361,46161.578668981485,0,0,0,0,0,0,54,54,54,54,54,54,54,54,54,54,54,54,54,54,54,54,54,54,54,54,54,54,54,54,0,0,0,0,100,100,100,100,100,100,100,100,100,100,100,100,100,100,100,100,,,,,,,,,,,,,,,,,,,,,,,,,,,,,,,,,,,,,,,,,,,,,,,,,,,,,,,,,,,,,,,,,,,,,,,,,,,,,,,,,,,,,,,,,
309101|3091|KSSF_GU1|KERNGSP1|Solar PV|Fixed,3091,Kerang Solar Plant,,Kerang Solar Plant Pty Ltd,britishsolar_nr,VIC1,30,309101,KSSF_GU1,Solar PV,Fixed,,KERNGSP1,Semi-scheduled,9,5.04,4.2,45.36,37.8,,In Service,,2050,,46091,46099.74012731481,29.997,29.997,29.997,29.997,29.997,29.997,29.997,29.997,29.997,29.997,29.997,29.997,29.997,29.997,29.997,29.997,29.997,29.997,29.997,29.997,29.997,29.997,29.997,29.997,29.997,29.997,29.997,29.997,29.997,29.997,,,,,,,,,,,,,,,,,,,,,,,,,,,,,,,,,,,,,,,,,,,,,,,,,,,,,,,,,,,,,,,,,,,,,,,,,,,,,,,,,,,,,,,,,,,,,,,,,,,,,,,,,,,,,
292901|2929|KWPS_GU1||Gas Turbine|OCGT,2929,Kerrawary Power Station,N00201,Origin Energy,originenergy_NR,NSW1,770,292901,KWPS_GU1,Gas Turbine,OCGT,Natural Gas,,Scheduled,1,,385,,385,,Publicly Announced,48579,2072,,46091,46164.63648148148,,,,,,,,,,,,,,,,,,,,,,,,,,,,,,,,,,,,,,,,,,,,,,,,,,,,,,,,,,,,,,,,,,,,,,,,,,,,,,,,,,,,,,,,,,,,,,,,,,,,,,,,,,,,,,,,,,,,,,,,,,,,,,,,,,,,,,,,,,,
292902|2929|KWPS_GU2||Gas Turbine|OCGT,2929,Kerrawary Power Station,N00201,Origin Energy,originenergy_NR,NSW1,770,292902,KWPS_GU2,Gas Turbine,OCGT,Natural Gas,,Scheduled,1,,385,,385,,Publicly Announced,47483,2072,,46091,46164.63648148148,,,,,,,,,,,,,,,,,,,,,,,,,,,,,,,,,,,,,,,,,,,,,,,,,,,,,,,,,,,,,,,,,,,,,,,,,,,,,,,,,,,,,,,,,,,,,,,,,,,,,,,,,,,,,,,,,,,,,,,,,,,,,,,,,,,,,,,,,,,
218801|2188|KCWF_G1||Wind|Onshore,2188,Kerrs Creek Wind Farm,N00049,KERRS CREEK WF PROJECT CO PTY LTD,res-group_NR,NSW1,396,218801,KCWF_G1,Wind,Onshore,,,Semi-scheduled,55,7.2,7.2,396,396,,Anticipated,47757,2060,,46091,46167.728993055556,0,0,0,0,0,0,0,0,0,0,0,0,396,396,396,396,396,396,396,396,396,396,396,396,396,396,396,396,396,396,,,,,,,,,,,,,,,,,,,,,,,,,,,,,,,,,,,,,,,,,,,,,,,,,,,,,,,,,,,,,,,,,,,,,,,,,,,,,,,,,,,,,,,,,,,,,,,,,,,,,,,,,,,,,
289001|2890|KIAMBESS||Battery Storage|Lithium-ion,2890,Kiamal BESS,V00174,TotalEnergies Renewables Australia,totalenergies_nr,VIC1,220,289001,KIAMBESS,Battery Storage,Lithium-ion,,,Scheduled,64,3.51,3.44,224.64,220.16,880,Publicly Announced,46996,2057,,46361,46163.61137731482,,,,,,,,,,,,,,,,,,,,,,,,,,,,,,,,,,,,,,,,,,,,,,,,,,,,,,,,,,,,,,,,,,,,,,,,,,,,,,,,,,,,,,,,,,,,,,,,,,,,,,,,,,,,,,,,,,,,,,,,,,,,,,,,,,,,,,,,,,,
160202|1602|KIAMSF1|KIAMSF1|Solar PV|Single Axis Tracking,1602,Kiamal Solar Farm - Stage 1,,KSF Project Nominees Pty Ltd ATF KSF Project Trust,totalenergies_nr,VIC1,200,160202,KIAMSF1,Solar PV,Single Axis Tracking,,KIAMSF1,Semi-scheduled,150,1.36,1.33,204,199.5,,In Service,,2049,,46361,46163.610289351855,199.95,198,189,199.95,198,189,199.95,198,189,199.95,198,189,199.95,198,189,199.95,198,189,199.95,198,189,199.95,198,189,199.95,198,189,199.95,198,189,,,,,,,,,,,,,,,,,,,,,,,,,,,,,,,,,,,,,,,,,,,,,,,,,,,,,,,,,,,,,,,,,,,,,,,,,,,,,,,,,,,,,,,,,,,,,,,,,,,,,,,,,,,,,
314902|3149|Kiar Energy Storage System||Battery Storage|Lithium-ion,3149,Kiar BESS,,Bid Energy Partners Pty Ltd,bid_nr,NSW1,1000,314902,Kiar Energy Storage System,Battery Storage,Lithium-ion,,,Scheduled,1022,1,0.98,1022,1001.56,4088,Publicly Announced,47088,2050,,46361,46162.31359953704,,,,,,,,,,,,,,,,,,,,,,,,,,,,,,,,,,,,,,,,,,,,,,,,,,,,,,,,,,,,,,,,,,,,,,,,,,,,,,,,,,,,,,,,,,,,,,,,,,,,,,,,,,,,,,,,,,,,,,,,,,,,,,,,,,,,,,,,,,,
138201|1382|Kiata Wind Farm:1-9|KiataWF1|Wind|Onshore,1382,Kiata Wind Farm,,Kiata ProjectCo Pty Ltd atf Kiata Project Trust,KIATAPRJ,VIC1,31,138201,Kiata Wind Farm:1-9,Wind,Onshore,,KiataWF1,Semi-scheduled,9,3.45,3.45,31.05,31.05,,In Service,,2042,,46091,46110.840104166666,31.05,29.7,27,31.05,29.7,27,31.05,29.7,27,31.05,29.7,27,31.05,29.7,27,31.05,29.7,27,31.05,29.7,27,31.05,29.7,27,31.05,29.7,27,31.05,29.7,27,,,,,,,,,,,,,,,,,,,,,,,,,,,,,,,,,,,,,,,,,,,,,,,,,,,,,,,,,,,,,,,,,,,,,,,,,,,,,,,,,,,,,,,,,,,,,,,,,,,,,,,,,,,,,
315601|3156|Kidston BESS||Battery Storage|Lithium-ion,3156,Kidston BESS,,Genex Power Ltd,genexpower_NR,QLD1,200,315601,Kidston BESS,Battery Storage,Lithium-ion,,,Scheduled,1,200,200,200,200,600,Publicly Announced,47848,2050,,46091,46105.64649305555,,,,,,,,,,,,,,,,,,,,,,,,,,,,,,,,,,,,,,,,,,,,,,,,,,,,,,,,,,,,,,,,,,,,,,,,,,,,,,,,,,,,,,,,,,,,,,,,,,,,,,,,,,,,,,,,,,,,,,,,,,,,,,,,,,,,,,,,,,,
135202|1352|Kidston PH Gen1|KIDSPHG1|Hydro|Pumped Hydro,1352,Kidston Pumped Storage Hydro Project 250MW,,Genex Power Ltd,EASTENGY,QLD1,250,135202,Kidston PH Gen1,Hydro,Pumped Hydro,,KIDSPHG1,Scheduled,1,,125,,125,900,Committed,46569,2065,,46361,46153.64333333333,0,0,0,125,125,125,125,125,125,125,125,125,125,125,125,125,125,125,125,125,125,125,125,125,125,125,125,125,125,125,0,0,900,900,900,900,900,900,900,900,900,900,900,900,900,900,900,900,900,900,,,,,,,,,,,,,,,,,,,,,,,,,,,,,,,,,,,,,,,,,,,,,,,,,,,,,,,,,,,,,,,,,,,,,,,,,,,,,,,,,,,,,,,,,
135203|1352|Kidston PH Gen2||Hydro|Pumped Hydro,1352,Kidston Pumped Storage Hydro Project 250MW,,Genex Power Ltd,EASTENGY,QLD1,250,135203,Kidston PH Gen2,Hydro,Pumped Hydro,,,Scheduled,1,,125,,125,900,Committed,46569,2065,,46361,46153.64333333333,0,0,0,125,125,125,125,125,125,125,125,125,125,125,125,125,125,125,125,125,125,125,125,125,125,125,125,125,125,125,0,0,900,900,900,900,900,900,900,900,900,900,900,900,900,900,900,900,900,900,,,,,,,,,,,,,,,,,,,,,,,,,,,,,,,,,,,,,,,,,,,,,,,,,,,,,,,,,,,,,,,,,,,,,,,,,,,,,,,,,,,,,,,,,
137801|1378|Kidston Solar Project Phase One 50MW:1 UNIT|KSP1|Solar PV|Fixed,1378,Kidston Solar Project Phase One,,Genex Power Limited,genexpower_NR,QLD1,50,137801,Kidston Solar Project Phase One 50MW:1 UNIT,Solar PV,Fixed,,KSP1,Semi-scheduled,20,3,2.5,60,50,,In Service,,2037,,46091,46101.785775462966,47.7,48.5,47.7,47.7,47.7,47.7,47.7,47.7,47.7,47.7,47.7,47.7,47.7,47.7,47.7,47.7,47.7,47.7,47.7,47.7,47.7,47.7,47.7,47.7,47.7,47.7,47.7,47.7,47.7,47.7,,,,,,,,,,,,,,,,,,,,,,,,,,,,,,,,,,,,,,,,,,,,,,,,,,,,,,,,,,,,,,,,,,,,,,,,,,,,,,,,,,,,,,,,,,,,,,,,,,,,,,,,,,,,,
140601|1406|Kidston Solar Project Phase Two||Solar PV|Fixed,1406,Kidston Solar Project Phase Two,,Genex Power Limited,genexpower_NR,QLD1,270,140601,Kidston Solar Project Phase Two,Solar PV,Fixed,,,Semi-scheduled,1,270,270,270,270,,Publicly Announced,49310,2050,,46091,46112.42590277778,,,,,,,,,,,,,,,,,,,,,,,,,,,,,,,,,,,,,,,,,,,,,,,,,,,,,,,,,,,,,,,,,,,,,,,,,,,,,,,,,,,,,,,,,,,,,,,,,,,,,,,,,,,,,,,,,,,,,,,,,,,,,,,,,,,,,,,,,,,
265901|2659|DTBS_GU1||Battery Storage|Lithium-ion,2659,KIEWA VALLEY BESS,V00144,KIEWA VALLEY BESS NOMINEES PTY LTD on behalf of KIEWA VALLEY BESS Trust        ,trinasolar_nr,VIC1,500,265901,DTBS_GU1,Battery Storage,Lithium-ion,,,Scheduled,192,,4.4,,844.8,,Publicly Announced,46905,2048,,46091,46125.572650462964,,,,,,,,,,,,,,,,,,,,,,,,,,,,,,,,,,,,,,,,,,,,,,,,,,,,,,,,,,,,,,,,,,,,,,,,,,,,,,,,,,,,,,,,,,,,,,,,,,,,,,,,,,,,,,,,,,,,,,,,,,,,,,,,,,,,,,,,,,,
152802|1528|Kingaroy Solar Farm:Units 1-9|KINGASF1|Solar PV|Single Axis Tracking,1528,Kingaroy Solar Farm,,Kingaroy PropertyCo Pty Ltd as trustee for Kingaroy Property Trust,quintasenergy_NR,QLD1,40,152802,Kingaroy Solar Farm:Units 1-9,Solar PV,Single Axis Tracking,,KINGASF1,Semi-scheduled,9,,4.44,,39.96,,In Service,,2050,,46091,46170.58678240741,39.996,39.996,39.996,39.996,39.996,39.996,39.996,39.996,39.996,39.996,39.996,39.996,39.996,39.996,39.996,39.996,39.996,39.996,39.996,39.996,39.996,39.996,39.996,39.996,39.996,39.996,39.996,39.996,39.996,39.996,,,,,,,,,,,,,,,,,,,,,,,,,,,,,,,,,,,,,,,,,,,,,,,,,,,,,,,,,,,,,,,,,,,,,,,,,,,,,,,,,,,,,,,,,,,,,,,,,,,,,,,,,,,,,
263701|2637|KPWF_GU1||Wind|Onshore,2637,Kings Plain Wind Farm,N00145,Enerfin Energy Services Pty Ltd.,,NSW1,400,263701,KPWF_GU1,Wind,Onshore,,,Semi-scheduled,89,,4.49,,399.61,,Publicly Announced,,,,46091,45303.859444444446,,,,,,,,,,,,,,,,,,,,,,,,,,,,,,,,,,,,,,,,,,,,,,,,,,,,,,,,,,,,,,,,,,,,,,,,,,,,,,,,,,,,,,,,,,,,,,,,,,,,,,,,,,,,,,,,,,,,,,,,,,,,,,,,,,,,,,,,,,,
258501|2585|KWBS_GU1||Battery Storage|Lithium-ion,2585,Kingswood BESS,N00134,Iberdrola Australia Development Pty Ltd.,iberdrola_NR,NSW1,250,258501,KWBS_GU1,Battery Storage,Lithium-ion,,,Scheduled,1,250,250,250,250,500,Publicly Announced,46722,2060,,46361,46161.65724537037,,,,,,,,,,,,,,,,,,,,,,,,,,,,,,,,,,,,,,,,,,,,,,,,,,,,,,,,,,,,,,,,,,,,,,,,,,,,,,,,,,,,,,,,,,,,,,,,,,,,,,,,,,,,,,,,,,,,,,,,,,,,,,,,,,,,,,,,,,,
144601|1446|Koberinga Solar Farm:Solar Panels||Solar PV|Fixed,1446,Koberinga Solar Farm,,ESCO Pacific,ox2_NR,QLD1,100,144601,Koberinga Solar Farm:Solar Panels,Solar PV,Fixed,,,Semi-scheduled,1,,55,,55,,Publicly Announced,,,,46091,45201.932175925926,,,,,,,,,,,,,,,,,,,,,,,,,,,,,,,,,,,,,,,,,,,,,,,,,,,,,,,,,,,,,,,,,,,,,,,,,,,,,,,,,,,,,,,,,,,,,,,,,,,,,,,,,,,,,,,,,,,,,,,,,,,,,,,,,,,,,,,,,,,
110401|1104|Kogan Creek:1|KPP_1|Coal|Black Coal,1104,Kogan Creek,,Kogan Creek Power Station Pty Ltd,CSENERGY,QLD1,781,110401,Kogan Creek:1,Coal,Black Coal,,KPP_1,Scheduled,1,,744,,744,,In Service,,2042,,46091,46148.625925925924,760,730,715,760,730,715,760,730,715,760,730,715,760,730,715,760,730,715,760,730,715,760,730,715,760,730,715,760,730,715,,,,,,,,,,,,,,,,,,,,,,,,,,,,,,,,,,,,,,,,,,,,,,,,,,,,,,,,,,,,,,,,,,,,,,,,,,,,,,,,,,,,,,,,,,,,,,,,,,,,,,,,,,,,,
299301|2993|Koorakee||Wind|Onshore,2993,Koorakee Wind Farm,N00225,Squadron Energy Services Pty Ltd,squadronenergy_NR,NSW1,300,299301,Koorakee,Wind,Onshore,,,Semi-scheduled,50,6,6,300,300,,Publicly Announced,47665,2069,,46091,46108.66643518519,,,,,,,,,,,,,,,,,,,,,,,,,,,,,,,,,,,,,,,,,,,,,,,,,,,,,,,,,,,,,,,,,,,,,,,,,,,,,,,,,,,,,,,,,,,,,,,,,,,,,,,,,,,,,,,,,,,,,,,,,,,,,,,,,,,,,,,,,,,
307201|3072|KRBS_GU1||Battery Storage|Lithium-ion,3072,Koorangie BESS Stage 2,V00179,Edify Energy Pty Ltd,edifyenergy_NR,VIC1,150,307201,KRBS_GU1,Battery Storage,Lithium-ion,,,Scheduled,1,,150,,150,,Publicly Announced,,,,46091,46007.73699074074,,,,,,,,,,,,,,,,,,,,,,,,,,,,,,,,,,,,,,,,,,,,,,,,,,,,,,,,,,,,,,,,,,,,,,,,,,,,,,,,,,,,,,,,,,,,,,,,,,,,,,,,,,,,,,,,,,,,,,,,,,,,,,,,,,,,,,,,,,,
217301|2173|Koorangi|KESSB1|Battery Storage|Lithium-ion,2173,Koorangie Energy Storage System,V00079,Shell Energy,SHELLNEW,VIC1,185,217301,Koorangi,Battery Storage,Lithium-ion,,KESSB1,Scheduled,100,1.93,1.93,193,193,385,In Service,,2055,,46091,46111.482719907406,185,185,185,185,185,185,185,185,185,185,185,185,185,185,185,185,185,185,185,185,185,185,185,185,185,185,185,185,185,185,370,370,370,370,370,370,370,370,370,370,370,370,370,370,370,370,370,370,370,370,,,,,,,,,,,,,,,,,,,,,,,,,,,,,,,,,,,,,,,,,,,,,,,,,,,,,,,,,,,,,,,,,,,,,,,,,,,,,,,,,,,,,,,,,
273901|2739|KNWF_GU1||Wind|Onshore,2739,Koyuga Nanneella Wind Farm,V00149,FERA Australia Pty Ltd,feraaustralia_nr,VIC1,230,273901,KNWF_GU1,Wind,Onshore,,,Semi-scheduled,30,,7.8,,234,,Publicly Announced,48214,2061,,46091,46164.6875,,,,,,,,,,,,,,,,,,,,,,,,,,,,,,,,,,,,,,,,,,,,,,,,,,,,,,,,,,,,,,,,,,,,,,,,,,,,,,,,,,,,,,,,,,,,,,,,,,,,,,,,,,,,,,,,,,,,,,,,,,,,,,,,,,,,,,,,,,,
241501|2415|KKBS_GU1||Battery Storage|Lithium-ion,2415,Kurri Kurri Battery,,CEP Energy,,NSW1,1200,241501,KKBS_GU1,Battery Storage,Lithium-ion,,,Scheduled,1,,1200,,1200,,Publicly Announced,,,,46091,44987.00318287037,,,,,,,,,,,,,,,,,,,,,,,,,,,,,,,,,,,,,,,,,,,,,,,,,,,,,,,,,,,,,,,,,,,,,,,,,,,,,,,,,,,,,,,,,,,,,,,,,,,,,,,,,,,,,,,,,,,,,,,,,,,,,,,,,,,,,,,,,,,
187101|1871|HUNTER1|HUNTER1|Gas Turbine|OCGT,1871,Kurri Kurri Power Station,,Snowy Hydro Limited,SNOWY,NSW1,660,187101,HUNTER1,Gas Turbine,OCGT,Natural Gas,HUNTER1,Scheduled,1,,375,,375,,In Commissioning,46266,2064,,46091,46184.485868055555,330,330,330,330,330,330,330,330,330,330,330,330,330,330,330,330,330,330,330,330,330,330,330,330,330,330,330,330,330,330,,,,,,,,,,,,,,,,,,,,,,,,,,,,,,,,,,,,,,,,,,,,,,,,,,,,,,,,,,,,,,,,,,,,,,,,,,,,,,,,,,,,,,,,,,,,,,,,,,,,,,,,,,,,,
187102|1871|HUNTER2|HUNTER2|Gas Turbine|OCGT,1871,Kurri Kurri Power Station,,Snowy Hydro Limited,SNOWY,NSW1,660,187102,HUNTER2,Gas Turbine,OCGT,Natural Gas,HUNTER2,Scheduled,1,,375,,375,,In Commissioning,46266,2064,,46091,46184.485868055555,330,330,330,330,330,330,330,330,330,330,330,330,330,330,330,330,330,330,330,330,330,330,330,330,330,330,330,330,330,330,,,,,,,,,,,,,,,,,,,,,,,,,,,,,,,,,,,,,,,,,,,,,,,,,,,,,,,,,,,,,,,,,,,,,,,,,,,,,,,,,,,,,,,,,,,,,,,,,,,,,,,,,,,,,
203302|2033|Lake Lyell PH Gen1||Hydro|Pumped Hydro,2033,Lake Lyell Pumped Hydro,N00092,EnergyAustralia NSW Pty Ltd,EASTENGY,NSW1,430,203302,Lake Lyell PH Gen1,Hydro,Pumped Hydro,,,Scheduled,1,,215.5,,215.5,1540,Publicly Announced,48477,2131,,46361,46156.440462962964,,,,,,,,,,,,,,,,,,,,,,,,,,,,,,,,,,,,,,,,,,,,,,,,,,,,,,,,,,,,,,,,,,,,,,,,,,,,,,,,,,,,,,,,,,,,,,,,,,,,,,,,,,,,,,,,,,,,,,,,,,,,,,,,,,,,,,,,,,,
203303|2033|Lake Lyell PH Gen2||Hydro|Pumped Hydro,2033,Lake Lyell Pumped Hydro,N00092,EnergyAustralia NSW Pty Ltd,EASTENGY,NSW1,430,203303,Lake Lyell PH Gen2,Hydro,Pumped Hydro,,,Scheduled,1,,215.5,,215.5,1540,Publicly Announced,48477,2131,,46361,46156.440462962964,,,,,,,,,,,,,,,,,,,,,,,,,,,,,,,,,,,,,,,,,,,,,,,,,,,,,,,,,,,,,,,,,,,,,,,,,,,,,,,,,,,,,,,,,,,,,,,,,,,,,,,,,,,,,,,,,,,,,,,,,,,,,,,,,,,,,,,,,,,
327001|3270|Lake Road Battery Tuggerah||Battery Storage|Lithium-ion,3270,Lake Road Battery Tuggerah - KCI,N00296,Lake Road Battery Pty Ltd,,NSW1,250,327001,Lake Road Battery Tuggerah,Battery Storage,Lithium-ion,,,Scheduled,1,,250,,250,,Publicly Announced,,,,46091,,,,,,,,,,,,,,,,,,,,,,,,,,,,,,,,,,,,,,,,,,,,,,,,,,,,,,,,,,,,,,,,,,,,,,,,,,,,,,,,,,,,,,,,,,,,,,,,,,,,,,,,,,,,,,,,,,,,,,,,,,,,,,,,,,,,,,,,,,,,
276401|2764|LVBESS||Battery Storage|Lithium-ion,2764,Lake Victoria Energy Park - KCI,N00175,Lake Victoria Wind Farm Pty Ltd atf Lake Victoria Wind Farm unit trust,,NSW1,1200,276401,LVBESS,Battery Storage,Lithium-ion,,,Scheduled,1,,300,,300,,Publicly Announced,,,,46091,45475.88116898148,,,,,,,,,,,,,,,,,,,,,,,,,,,,,,,,,,,,,,,,,,,,,,,,,,,,,,,,,,,,,,,,,,,,,,,,,,,,,,,,,,,,,,,,,,,,,,,,,,,,,,,,,,,,,,,,,,,,,,,,,,,,,,,,,,,,,,,,,,,
276402|2764|LVWind||Wind|Onshore,2764,Lake Victoria Energy Park - KCI,N00175,Lake Victoria Wind Farm Pty Ltd atf Lake Victoria Wind Farm unit trust,,NSW1,1200,276402,LVWind,Wind,Onshore,,,Semi-scheduled,145,,7.5,,1087.5,,Publicly Announced,,,,46091,45475.88116898148,,,,,,,,,,,,,,,,,,,,,,,,,,,,,,,,,,,,,,,,,,,,,,,,,,,,,,,,,,,,,,,,,,,,,,,,,,,,,,,,,,,,,,,,,,,,,,,,,,,,,,,,,,,,,,,,,,,,,,,,,,,,,,,,,,,,,,,,,,,
162601|1626|Lakeland Wind Farm:1||Wind|Onshore,1626,Lakeland Wind Farm,,Lakeland Wind Farm Pty Ltd,windlab_NR,QLD1,72,162601,Lakeland Wind Farm:1,Wind,Onshore,,,Semi-scheduled,17,4.3,4.3,73.1,73.1,,Publicly Announced,47484,2060,,46361,46167.67302083333,,,,,,,,,,,,,,,,,,,,,,,,,,,,,,,,,,,,,,,,,,,,,,,,,,,,,,,,,,,,,,,,,,,,,,,,,,,,,,,,,,,,,,,,,,,,,,,,,,,,,,,,,,,,,,,,,,,,,,,,,,,,,,,,,,,,,,,,,,,
220501|2205|ASF_G1||Solar PV|Single Axis Tracking,2205,Lambruk Solar Project,N00165, Venn Energy Pty Ltd / Acacia Solar Project Pty Ltd.,vennenergy_nr,NSW1,300,220501,ASF_G1,Solar PV,Single Axis Tracking,,,Semi-scheduled,82,4.5,4.4,369,360.8,,Publicly Announced,47452,2059,,46361,46149.41924768518,,,,,,,,,,,,,,,,,,,,,,,,,,,,,,,,,,,,,,,,,,,,,,,,,,,,,,,,,,,,,,,,,,,,,,,,,,,,,,,,,,,,,,,,,,,,,,,,,,,,,,,,,,,,,,,,,,,,,,,,,,,,,,,,,,,,,,,,,,,
268401|2684|Lancaster Solar Farm|LANCSF1|Solar PV|Single Axis Tracking,2684,Lancaster Solar Farm,,Lancaster Solar Farm Pty Ltd as trustee for the Lancaster Solar Farm Trust,europeanenergy_nr,VIC1,80,268401,Lancaster Solar Farm,Solar PV,Single Axis Tracking,,LANCSF1,Semi-scheduled,58,1.9,1.64,110.2,95.12,,In Commissioning,46295,2056,,46361,46148.54052083333,64,80.04,80.04,80.04,80.04,80.04,80.04,80.04,80.04,80.04,80.04,80.04,80.04,80.04,80.04,80.04,80.04,80.04,80.04,80.04,80.04,80.04,80.04,80.04,80.04,80.04,80.04,80.04,80.04,80.04,,,,,,,,,,,,,,,,,,,,,,,,,,,,,,,,,,,,,,,,,,,,,,,,,,,,,,,,,,,,,,,,,,,,,,,,,,,,,,,,,,,,,,,,,,,,,,,,,,,,,,,,,,,,,
268301|2683|WRBS_GU1||Battery Storage|Lithium-ion,2683,Lansdown Solar North,Q00130,Private Energy Partners,pep_nr,QLD1,650,268301,WRBS_GU1,Battery Storage,Lithium-ion,,,Scheduled,1,,250,,250,2000,Publicly Announced,47571,2055,,46091,46099.66038194444,,,,,,,,,,,,,,,,,,,,,,,,,,,,,,,,,,,,,,,,,,,,,,,,,,,,,,,,,,,,,,,,,,,,,,,,,,,,,,,,,,,,,,,,,,,,,,,,,,,,,,,,,,,,,,,,,,,,,,,,,,,,,,,,,,,,,,,,,,,
268302|2683|WRSF_GU1||Solar PV|Single Axis Tracking,2683,Lansdown Solar North,Q00130,Private Energy Partners,pep_nr,QLD1,650,268302,WRSF_GU1,Solar PV,Single Axis Tracking,,,Semi-scheduled,1,,400,,400,,Publicly Announced,47571,2055,,46091,46099.66038194444,,,,,,,,,,,,,,,,,,,,,,,,,,,,,,,,,,,,,,,,,,,,,,,,,,,,,,,,,,,,,,,,,,,,,,,,,,,,,,,,,,,,,,,,,,,,,,,,,,,,,,,,,,,,,,,,,,,,,,,,,,,,,,,,,,,,,,,,,,,
193202|1932|LaTroBES|LVES1|Battery Storage|Lithium-ion,1932,LaTrobe Valley BESS,V00040,Tilt Renewables Australia Pty Ltd,SNOWTOWN,VIC1,200,193202,LaTroBES,Battery Storage,Lithium-ion,,LVES1,Scheduled,110,,0.89,,97.9,195.8,In Service,,2045,,46361,46184.46166666667,100,100,100,100,100,100,98,98,98,98,98,98,96,96,96,96,96,96,96,96,96,94,94,94,92,92,92,92,92,92,200,200,200,200,196,196,196,196,192,192,192,192,192,192,188,188,184,184,184,184,,,,,,,,,,,,,,,,,,,,,,,,,,,,,,,,,,,,,,,,,,,,,,,,,,,,,,,,,,,,,,,,,,,,,,,,,,,,,,,,,,,,,,,,,
111501|1115|Laverton North:1|LNGS1|Gas Turbine|OCGT,1115,Laverton North,,Snowy Hydro Ltd,SNOWY,VIC1,344,111501,Laverton North:1,Gas Turbine,OCGT,Natural Gas,LNGS1,Scheduled,1,,156,,156,,In Service,,2070,,46091,46110.563472222224,172,172,172,172,172,172,172,172,172,172,172,172,172,172,172,172,172,172,172,172,172,172,172,172,172,172,172,172,172,172,,,,,,,,,,,,,,,,,,,,,,,,,,,,,,,,,,,,,,,,,,,,,,,,,,,,,,,,,,,,,,,,,,,,,,,,,,,,,,,,,,,,,,,,,,,,,,,,,,,,,,,,,,,,,
111502|1115|Laverton North:2|LNGS2|Gas Turbine|OCGT,1115,Laverton North,,Snowy Hydro Ltd,SNOWY,VIC1,344,111502,Laverton North:2,Gas Turbine,OCGT,Natural Gas,LNGS2,Scheduled,1,,156,,156,,In Service,,2070,,46091,46110.563472222224,172,172,172,172,172,172,172,172,172,172,172,172,172,172,172,172,172,172,172,172,172,172,172,172,172,172,172,172,172,172,,,,,,,,,,,,,,,,,,,,,,,,,,,,,,,,,,,,,,,,,,,,,,,,,,,,,,,,,,,,,,,,,,,,,,,,,,,,,,,,,,,,,,,,,,,,,,,,,,,,,,,,,,,,,
262401|2624|LMBS_GU1||Battery Storage|Lithium-ion,2624,Learmonth BESS,V00139,The Trustee for Learmonth BESS Holdings Unit Trust,torchlightenergy_nr,VIC1,268,262401,LMBS_GU1,Battery Storage,Lithium-ion,,,Scheduled,1,,268,,268,1072,Publicly Announced,,,,46361,46169.72920138889,,,,,,,,,,,,,,,,,,,,,,,,,,,,,,,,,,,,,,,,,,,,,,,,,,,,,,,,,,,,,,,,,,,,,,,,,,,,,,,,,,,,,,,,,,,,,,,,,,,,,,,,,,,,,,,,,,,,,,,,,,,,,,,,,,,,,,,,,,,
111701|1117|Leonards Hill:WT1 Gale|HEPWIND1|Wind|Onshore,1117,Leonards Hill,,Hepburn Community Wind Park Co-operative Limited,hepburnwind_NR,VIC1,4.1,111701,Leonards Hill:WT1 Gale,Wind,Onshore,,HEPWIND1,Non-scheduled,1,,2.05,,2.05,,In Service,,2050,,46091,45586.79800925926,,,,,,,,,,,,,,,,,,,,,,,,,,,,,,,,,,,,,,,,,,,,,,,,,,,,,,,,,,,,,,,,,,,,,,,,,,,,,,,,,,,,,,,,,,,,,,,,,,,,,,,,,,,,,,,,,,,,,,,,,,,,,,,,,,,,,,,,,,,
111702|1117|Leonards Hill:WT2 Gusto|HEPWIND1|Wind|Onshore,1117,Leonards Hill,,Hepburn Community Wind Park Co-operative Limited,hepburnwind_NR,VIC1,4.1,111702,Leonards Hill:WT2 Gusto,Wind,Onshore,,HEPWIND1,Non-scheduled,1,,2.05,,2.05,,In Service,,2050,,46091,45586.79800925926,,,,,,,,,,,,,,,,,,,,,,,,,,,,,,,,,,,,,,,,,,,,,,,,,,,,,,,,,,,,,,,,,,,,,,,,,,,,,,,,,,,,,,,,,,,,,,,,,,,,,,,,,,,,,,,,,,,,,,,,,,,,,,,,,,,,,,,,,,,
293101|2931|LRD_SF||Solar PV|Single Axis Tracking,2931,Lerida Solar Farm and BESS,N00203,Elgin Energy Pty Ltd,glas-service_nr,NSW1,250,293101,LRD_SF,Solar PV,Single Axis Tracking,,,Semi-scheduled,1,,250,,250,,Publicly Announced,47893,2070,,46091,46162.39365740741,,,,,,,,,,,,,,,,,,,,,,,,,,,,,,,,,,,,,,,,,,,,,,,,,,,,,,,,,,,,,,,,,,,,,,,,,,,,,,,,,,,,,,,,,,,,,,,,,,,,,,,,,,,,,,,,,,,,,,,,,,,,,,,,,,,,,,,,,,,
293102|2931|LRD_BESS||Battery Storage|Lithium-ion,2931,Lerida Solar Farm and BESS,N00203,Elgin Energy Pty Ltd,glas-service_nr,NSW1,250,293102,LRD_BESS,Battery Storage,Lithium-ion,,,Scheduled,1,,250,,250,1000,Publicly Announced,47893,2070,,46091,46162.39365740741,,,,,,,,,,,,,,,,,,,,,,,,,,,,,,,,,,,,,,,,,,,,,,,,,,,,,,,,,,,,,,,,,,,,,,,,,,,,,,,,,,,,,,,,,,,,,,,,,,,,,,,,,,,,,,,,,,,,,,,,,,,,,,,,,,,,,,,,,,,
217101|2171|LDBESS1|LDBESS1|Battery Storage|Lithium-ion,2171,Liddell BESS,,MACQGEN,MACQGEN,NSW1,500,217101,LDBESS1,Battery Storage,Lithium-ion,,LDBESS1,Scheduled,1,500,500,500,500,1000,In Commissioning,46174,2046,,46091,46105.401354166665,500,500,500,500,500,500,500,500,500,500,500,500,500,500,500,500,500,500,500,500,500,500,500,500,500,500,500,500,500,500,1000,1000,1000,1000,1000,1000,1000,1000,1000,1000,1000,1000,1000,1000,1000,1000,1000,1000,1000,1000,,,,,,,,,,,,,,,,,,,,,,,,,,,,,,,,,,,,,,,,,,,,,,,,,,,,,,,,,,,,,,,,,,,,,,,,,,,,,,,,,,,,,,,,,
270301|2703|lilyvale||Battery Storage|Lithium-ion,2703,Lilyvale BESS - KCI,Q00152,ACEN Australia,acenaustralia_NR,QLD1,440,270301,lilyvale,Battery Storage,Lithium-ion,,,Scheduled,1,440,440,440,440,1760,Publicly Announced,47088,2080,,46361,46155.57690972222,,,,,,,,,,,,,,,,,,,,,,,,,,,,,,,,,,,,,,,,,,,,,,,,,,,,,,,,,,,,,,,,,,,,,,,,,,,,,,,,,,,,,,,,,,,,,,,,,,,,,,,,,,,,,,,,,,,,,,,,,,,,,,,,,,,,,,,,,,,
138401|1384|Lilyvale Solar Farm:1-69|LILYSF1|Solar PV|Single Axis Tracking,1384,Lilyvale Solar Farm,,Lilyvale Asset Co Pty Ltd ATF Lilyvale Asset Trust,EEQLILY,QLD1,100,138401,Lilyvale Solar Farm:1-69,Solar PV,Single Axis Tracking,,LILYSF1,Semi-scheduled,74,1.6,1.6,118.4,118.4,,In Service,,2048,,46091,46101.75115740741,99.974,98.79,97.532,99.974,98.79,97.532,99.974,98.79,97.532,99.974,98.79,97.532,99.974,98.79,97.532,99.974,98.79,97.532,99.974,98.79,97.532,99.974,98.79,97.532,99.974,98.79,97.532,99.974,98.79,97.532,,,,,,,,,,,,,,,,,,,,,,,,,,,,,,,,,,,,,,,,,,,,,,,,,,,,,,,,,,,,,,,,,,,,,,,,,,,,,,,,,,,,,,,,,,,,,,,,,,,,,,,,,,,,,
222301|2223|LIMBESS1|LIMBESS1|Battery Storage|Lithium-ion,2223,Limondale BESS,N00094,LIMONDALE BATTERY PTY. LTD,rwe_NR,NSW1,50,222301,LIMBESS1,Battery Storage,Lithium-ion,,LIMBESS1,Scheduled,1,,50,,50,400,In Service,,2046,,46361,46157.42747685185,50,50,50,50,50,50,50,50,50,50,50,50,50,50,50,50,50,50,50,50,50,50,50,50,50,50,50,50,50,50,400,400,400,400,400,400,400,400,400,400,400,400,400,400,400,400,400,400,400,400,,,,,,,,,,,,,,,,,,,,,,,,,,,,,,,,,,,,,,,,,,,,,,,,,,,,,,,,,,,,,,,,,,,,,,,,,,,,,,,,,,,,,,,,,
145302|1453|LIMOSF11|LIMOSF11|Solar PV|Single Axis Tracking,1453,Limondale Solar Farm 1,,Limondale Sun Farm Pty Ltd,rwe_NR,NSW1,306,145302,LIMOSF11,Solar PV,Single Axis Tracking,,LIMOSF11,Semi-scheduled,100,,2.3,,230,,In Service,,2050,,46091,46101.58996527778,220,220,207.1,220,220,207.1,220,220,207.1,220,220,207.1,220,220,207.1,220,220,207.1,220,220,207.1,220,220,207.1,220,220,207.1,220,220,207.1,,,,,,,,,,,,,,,,,,,,,,,,,,,,,,,,,,,,,,,,,,,,,,,,,,,,,,,,,,,,,,,,,,,,,,,,,,,,,,,,,,,,,,,,,,,,,,,,,,,,,,,,,,,,,
167502|1675|LIMOSF21|LIMOSF21|Solar PV|Single Axis Tracking,1675,Limondale Solar Farm 2,,Limondale Sun Farm Pty Ltd,rwe_NR,NSW1,42.8,167502,LIMOSF21,Solar PV,Single Axis Tracking,,LIMOSF21,Semi-scheduled,14,,2.07,,28.98,,In Service,,2050,,46091,46101.597337962965,28.994,28.994,28.994,28.994,28.994,28.994,28.994,28.994,28.994,28.994,28.994,28.994,28.994,28.994,28.994,28.994,28.994,28.994,28.994,28.994,28.994,28.994,28.994,28.994,28.994,28.994,28.994,28.994,28.994,28.994,,,,,,,,,,,,,,,,,,,,,,,,,,,,,,,,,,,,,,,,,,,,,,,,,,,,,,,,,,,,,,,,,,,,,,,,,,,,,,,,,,,,,,,,,,,,,,,,,,,,,,,,,,,,,
292201|2922|LGBS_GU1||Battery Storage|Lithium-ion,2922,Lindsay Gap BESS,N00209,Acciona Energy Australia Global,acciona_NR,NSW1,450,292201,LGBS_GU1,Battery Storage,Lithium-ion,,,Scheduled,1,,450,,450,450,Publicly Announced,47467,2049,,46091,46101.40557870371,,,,,,,,,,,,,,,,,,,,,,,,,,,,,,,,,,,,,,,,,,,,,,,,,,,,,,,,,,,,,,,,,,,,,,,,,,,,,,,,,,,,,,,,,,,,,,,,,,,,,,,,,,,,,,,,,,,,,,,,,,,,,,,,,,,,,,,,,,,
224701|2247|LTLRIVBT||Battery Storage|Lithium-ion,2247,Little River BESS,V00075,ACEnergy Pty Ltd,acenergy_NR,VIC1,350,224701,LTLRIVBT,Battery Storage,Lithium-ion,,,Scheduled,124,3.62,3.62,448.88,448.88,1795.52,Anticipated,47086,2048,,46361,46169.427199074074,0,0,0,0,0,0,0,350,294,350,350,294,350,350,294,350,350,294,350,350,294,350,350,294,350,350,294,350,350,294,0,0,0,0,0,1400,1400,1400,1400,1400,1400,1400,1400,1400,1400,1400,1400,1400,1400,1400,,,,,,,,,,,,,,,,,,,,,,,,,,,,,,,,,,,,,,,,,,,,,,,,,,,,,,,,,,,,,,,,,,,,,,,,,,,,,,,,,,,,,,,,,
234101|2341|LRSF_GU1||Solar PV|Fixed,2341,Little River Solar Farm - KCI,V00008, Clean Technology Partners,,VIC1,279,234101,LRSF_GU1,Solar PV,Fixed,,,Semi-scheduled,1,,279,,279,,Publicly Announced,,,,46091,44945.05190972222,,,,,,,,,,,,,,,,,,,,,,,,,,,,,,,,,,,,,,,,,,,,,,,,,,,,,,,,,,,,,,,,,,,,,,,,,,,,,,,,,,,,,,,,,,,,,,,,,,,,,,,,,,,,,,,,,,,,,,,,,,,,,,,,,,,,,,,,,,,
112001|1120|Liverpool Range Wind Farm:Units 1-267||Wind|Onshore,1120,Liverpool Range Wind Farm,,Liverpool Range Wind Farm Pty Ltd,SNOWTOWN,NSW1,1338,112001,Liverpool Range Wind Farm:Units 1-267,Wind,Onshore,,,Semi-scheduled,185,,7.2,,1332,,Publicly Announced,47968,2055,,46361,46161.68585648148,,,,,,,,,,,,,,,,,,,,,,,,,,,,,,,,,,,,,,,,,,,,,,,,,,,,,,,,,,,,,,,,,,,,,,,,,,,,,,,,,,,,,,,,,,,,,,,,,,,,,,,,,,,,,,,,,,,,,,,,,,,,,,,,,,,,,,,,,,,
262601|2626|LCKH_SF||Solar PV|Single Axis Tracking,2626,Lockhart Solar and BESS,,Glas Service Co Pty Ltd,glas-service_nr,NSW1,20,262601,LCKH_SF,Solar PV,Single Axis Tracking,,,Semi-scheduled,1,,10,,10,,Anticipated,46787,2060,,46361,46161.620983796296,0,0,0,0,10,10,10,10,10,10,10,10,10,10,10,10,10,10,10,10,10,10,10,10,10,10,10,10,10,10,,,,,,,,,,,,,,,,,,,,,,,,,,,,,,,,,,,,,,,,,,,,,,,,,,,,,,,,,,,,,,,,,,,,,,,,,,,,,,,,,,,,,,,,,,,,,,,,,,,,,,,,,,,,,
262602|2626|LCKH_BESS||Battery Storage|Lithium-ion,2626,Lockhart Solar and BESS,,Glas Service Co Pty Ltd,glas-service_nr,NSW1,20,262602,LCKH_BESS,Battery Storage,Lithium-ion,,,Scheduled,1,,10,,10,20,Anticipated,46787,2060,,46361,46161.620983796296,0,0,0,0,10,10,10,10,10,10,10,10,10,10,10,10,10,10,10,10,10,10,10,10,10,10,10,10,10,10,0,0,0,20,20,20,20,20,20,20,20,20,20,20,20,20,20,20,20,20,,,,,,,,,,,,,,,,,,,,,,,,,,,,,,,,,,,,,,,,,,,,,,,,,,,,,,,,,,,,,,,,,,,,,,,,,,,,,,,,,,,,,,,,,
161403|1614|Lockyer Energy Project BESS - Stage 1||Battery Storage|Lithium-ion,1614,Lockyer Valley Energy Project,,Stanwell Lockyer Project Co Pty Ltd,STANWELL,QLD1,1000,161403,Lockyer Energy Project BESS - Stage 1,Battery Storage,Lithium-ion,,,Scheduled,1,400,400,400,400,800,Publicly Announced,51318,2070,,46361,46174.59947916667,,,,,,,,,,,,,,,,,,,,,,,,,,,,,,,,,,,,,,,,,,,,,,,,,,,,,,,,,,,,,,,,,,,,,,,,,,,,,,,,,,,,,,,,,,,,,,,,,,,,,,,,,,,,,,,,,,,,,,,,,,,,,,,,,,,,,,,,,,,
161404|1614|Lockyer Energy Project BESS - Stage 2||Battery Storage|Lithium-ion,1614,Lockyer Valley Energy Project,,Stanwell Lockyer Project Co Pty Ltd,STANWELL,QLD1,1000,161404,Lockyer Energy Project BESS - Stage 2,Battery Storage,Lithium-ion,,,Scheduled,1,400,400,400,400,800,Publicly Announced,51318,2070,,46361,46174.59947916667,,,,,,,,,,,,,,,,,,,,,,,,,,,,,,,,,,,,,,,,,,,,,,,,,,,,,,,,,,,,,,,,,,,,,,,,,,,,,,,,,,,,,,,,,,,,,,,,,,,,,,,,,,,,,,,,,,,,,,,,,,,,,,,,,,,,,,,,,,,
161409|1614|LVEPA||Gas Turbine|OCGT,1614,Lockyer Valley Energy Project,,Stanwell Lockyer Project Co Pty Ltd,STANWELL,QLD1,1000,161409,LVEPA,Gas Turbine,OCGT,Natural Gas,,Scheduled,1,,58.5,,58.5,,Anticipated,47756,2068,,46361,46174.59947916667,0,0,0,0,0,0,0,0,0,0,0,0,58,58,58,58,58,58,58,58,58,58,58,58,58,58,58,58,58,58,,,,,,,,,,,,,,,,,,,,,,,,,,,,,,,,,,,,,,,,,,,,,,,,,,,,,,,,,,,,,,,,,,,,,,,,,,,,,,,,,,,,,,,,,,,,,,,,,,,,,,,,,,,,,
161410|1614|LVEPB||Gas Turbine|OCGT,1614,Lockyer Valley Energy Project,,Stanwell Lockyer Project Co Pty Ltd,STANWELL,QLD1,1000,161410,LVEPB,Gas Turbine,OCGT,Natural Gas,,Scheduled,1,,58.5,,58.5,,Anticipated,47756,2060,,46361,46174.59947916667,0,0,0,0,0,0,0,0,0,0,0,0,58,58,58,58,58,58,58,58,58,58,58,58,58,58,58,58,58,58,,,,,,,,,,,,,,,,,,,,,,,,,,,,,,,,,,,,,,,,,,,,,,,,,,,,,,,,,,,,,,,,,,,,,,,,,,,,,,,,,,,,,,,,,,,,,,,,,,,,,,,,,,,,,
311901|3119|LPBS_GU1||Battery Storage|Lithium-ion,3119,Long Plains Solar Farm And BESS,,Energy Estate,energyestate_NR,NSW1,150,311901,LPBS_GU1,Battery Storage,Lithium-ion,,,Scheduled,1,,150,,150,600,Publicly Announced,,,,46091,45939.75337962963,,,,,,,,,,,,,,,,,,,,,,,,,,,,,,,,,,,,,,,,,,,,,,,,,,,,,,,,,,,,,,,,,,,,,,,,,,,,,,,,,,,,,,,,,,,,,,,,,,,,,,,,,,,,,,,,,,,,,,,,,,,,,,,,,,,,,,,,,,,
311902|3119|LPSF_GU1||Solar PV|Fixed,3119,Long Plains Solar Farm And BESS,,Energy Estate,energyestate_NR,NSW1,150,311902,LPSF_GU1,Solar PV,Fixed,,,Semi-scheduled,1,,150,,150,,Publicly Announced,,,,46091,45939.75337962963,,,,,,,,,,,,,,,,,,,,,,,,,,,,,,,,,,,,,,,,,,,,,,,,,,,,,,,,,,,,,,,,,,,,,,,,,,,,,,,,,,,,,,,,,,,,,,,,,,,,,,,,,,,,,,,,,,,,,,,,,,,,,,,,,,,,,,,,,,,
166701|1667|Longreach Solar Farm:1-7|LRSF1|Solar PV|Single Axis Tracking,1667,Longreach Solar Farm,,Longreach Asset Company,foresightgroupau_NR,QLD1,15,166701,Longreach Solar Farm:1-7,Solar PV,Single Axis Tracking,,LRSF1,Significant Non-scheduled,7,2.49,2.14,17.43,14.98,,In Service,,2043,,46091,46141.548159722224,15,14.7,14.3,15,14.7,14.3,15,14.7,14.3,15,14.7,14.3,15,14.7,14.3,15,14.7,14.3,15,14.7,14.3,15,14.7,14.3,15,14.7,14.3,15,14.7,14.3,,,,,,,,,,,,,,,,,,,,,,,,,,,,,,,,,,,,,,,,,,,,,,,,,,,,,,,,,,,,,,,,,,,,,,,,,,,,,,,,,,,,,,,,,,,,,,,,,,,,,,,,,,,,,
200201|2002|LC_GU1||Wind|Onshore,2002,Lotus Creek Wind Farm,Q00079,CS ENERGY,CSENERGY,QLD1,285,200201,LC_GU1,Wind,Onshore,,,Semi-scheduled,46,,6.2,,285.2,,Committed,46728,2067,,46361,46148.62641203704,0,0,0,0,285.2,285.2,285.2,285.2,285.2,285.2,285.2,285.2,285.2,285.2,285.2,285.2,285.2,285.2,285.2,285.2,285.2,285.2,285.2,285.2,285.2,285.2,285.2,285.2,285.2,285.2,,,,,,,,,,,,,,,,,,,,,,,,,,,,,,,,,,,,,,,,,,,,,,,,,,,,,,,,,,,,,,,,,,,,,,,,,,,,,,,,,,,,,,,,,,,,,,,,,,,,,,,,,,,,,
234201|2342|LBBS_GU1||Battery Storage|Lithium-ion,2342,Lovely Banks Renewable Energy Hub - KCI,V00002, Syncline Energy Pty Ltd,synclineenergy_NR,VIC1,400,234201,LBBS_GU1,Battery Storage,Lithium-ion,,,Scheduled,1,,400,,400,,Publicly Announced,,,,45901,45744.74421296296,,,,,,,,,,,,,,,,,,,,,,,,,,,,,,,,,,,,,,,,,,,,,,,,,,,,,,,,,,,,,,,,,,,,,,,,,,,,,,,,,,,,,,,,,,,,,,,,,,,,,,,,,,,,,,,,,,,,,,,,,,,,,,,,,,,,,,,,,,,
241201|2412|LWBESS||Battery Storage|Lithium-ion,2412,Lower Wonga BESS,Q00146,Equis Energy (Australia) Projects (Ngumi 7) Pty Ltd as trustee for the Equis Energy(Australia) Ngumi 7 Asset Trust,equis_NR,QLD1,200,241201,LWBESS,Battery Storage,Lithium-ion,,,Scheduled,220,0.62,0.98,136.4,215.6,798.6,Publicly Announced,46753,2050,,46361,46154.54865740741,,,,,,,,,,,,,,,,,,,,,,,,,,,,,,,,,,,,,,,,,,,,,,,,,,,,,,,,,,,,,,,,,,,,,,,,,,,,,,,,,,,,,,,,,,,,,,,,,,,,,,,,,,,,,,,,,,,,,,,,,,,,,,,,,,,,,,,,,,,
230001|2300|LWDCBESS||Battery Storage|Lithium-ion,2300,Lower Wonga Solar Farm and BESS,Q00052,Lower Wonga Solar Farm Pty Ltd,lightsourcebp_NR,QLD1,281,230001,LWDCBESS,Battery Storage,Lithium-ion,,,Scheduled,1,421.5,281,421.5,281,843,Committed,46966,2053,,46361,46176.41608796296,0,0,0,0,92,5,281,281,281,281,281,281,281,281,281,281,281,281,281,281,281,281,281,281,281,281,281,281,281,281,0,0,0,260,778,739,739,720,720,704,704,690,690,678,678,666,666,655,655,644,,,,,,,,,,,,,,,,,,,,,,,,,,,,,,,,,,,,,,,,,,,,,,,,,,,,,,,,,,,,,,,,,,,,,,,,,,,,,,,,,,,,,,,,,
230002|2300|LWSF||Solar PV|Single Axis Tracking,2300,Lower Wonga Solar Farm and BESS,Q00052,Lower Wonga Solar Farm Pty Ltd,lightsourcebp_NR,QLD1,281,230002,LWSF,Solar PV,Single Axis Tracking,,,Scheduled,1,380,281,380,281,,Committed,46966,2068,,46361,46176.41608796296,0,0,0,0,92,92,281,281,281,281,281,281,281,281,281,281,281,281,281,281,281,281,281,281,281,281,281,281,281,281,,,,,,,,,,,,,,,,,,,,,,,,,,,,,,,,,,,,,,,,,,,,,,,,,,,,,,,,,,,,,,,,,,,,,,,,,,,,,,,,,,,,,,,,,,,,,,,,,,,,,,,,,,,,,
112401|1124|Loy Yang A:1|LYA1|Coal|Brown Coal,1124,Loy Yang A Power Station,,AGL Loy Yang Marketing Pty Ltd,LOYYANGA,VIC1,2225,112401,Loy Yang A:1,Coal,Brown Coal,,LYA1,Scheduled,1,,560,,560,,In Service,,2035,,46091,46105.56384259259,560,560,540,560,560,540,560,560,540,560,560,540,560,560,540,560,560,540,560,560,540,560,560,540,560,560,540,560,560,540,,,,,,,,,,,,,,,,,,,,,,,,,,,,,,,,,,,,,,,,,,,,,,,,,,,,,,,,,,,,,,,,,,,,,,,,,,,,,,,,,,,,,,,,,,,,,,,,,,,,,,,,,,,,,
112402|1124|Loy Yang A:2|LYA2|Coal|Brown Coal,1124,Loy Yang A Power Station,,AGL Loy Yang Marketing Pty Ltd,LOYYANGA,VIC1,2225,112402,Loy Yang A:2,Coal,Brown Coal,,LYA2,Scheduled,1,,530,,530,,In Service,,2035,,46091,46105.56384259259,530,530,500,530,530,500,530,530,500,530,530,500,530,530,500,530,530,500,530,530,500,530,530,500,530,530,500,530,530,500,,,,,,,,,,,,,,,,,,,,,,,,,,,,,,,,,,,,,,,,,,,,,,,,,,,,,,,,,,,,,,,,,,,,,,,,,,,,,,,,,,,,,,,,,,,,,,,,,,,,,,,,,,,,,
112403|1124|Loy Yang A:3|LYA3|Coal|Brown Coal,1124,Loy Yang A Power Station,,AGL Loy Yang Marketing Pty Ltd,LOYYANGA,VIC1,2225,112403,Loy Yang A:3,Coal,Brown Coal,,LYA3,Scheduled,1,,560,,560,,In Service,,2035,,46091,46105.56384259259,560,560,510,560,560,510,560,560,510,560,560,510,560,560,510,560,560,510,560,560,510,560,560,510,560,560,510,560,560,510,,,,,,,,,,,,,,,,,,,,,,,,,,,,,,,,,,,,,,,,,,,,,,,,,,,,,,,,,,,,,,,,,,,,,,,,,,,,,,,,,,,,,,,,,,,,,,,,,,,,,,,,,,,,,
112404|1124|Loy Yang A:4|LYA4|Coal|Brown Coal,1124,Loy Yang A Power Station,,AGL Loy Yang Marketing Pty Ltd,LOYYANGA,VIC1,2225,112404,Loy Yang A:4,Coal,Brown Coal,,LYA4,Scheduled,1,,560,,560,,In Service,,2035,,46091,46105.56384259259,560,540,530,560,540,530,560,540,530,560,540,530,560,540,530,560,540,530,560,540,530,560,540,530,560,540,530,560,540,530,,,,,,,,,,,,,,,,,,,,,,,,,,,,,,,,,,,,,,,,,,,,,,,,,,,,,,,,,,,,,,,,,,,,,,,,,,,,,,,,,,,,,,,,,,,,,,,,,,,,,,,,,,,,,
112501|1125|Loy Yang B:1|LOYYB1|Coal|Brown Coal,1125,Loy Yang B,,Gippsland Power Pty Ltd ABN 30 077 851 079 / LYB Ventures Australia Pty Ltd ABN 57 055 984 499 / Traralgon Power Pty Ltd ABN 64 056 292 623 / Latrobe Power Pty Ltd ABN 42 055 983 563 / LYB Australia Limited ABN 87 055 563 785,EDISON,VIC1,1160,112501,Loy Yang B:1,Coal,Brown Coal,,LOYYB1,Scheduled,1,,600,,600,,In Service,,2047,,46091,46106.45450231482,580,560,545,580,560,545,580,560,545,580,560,545,580,560,545,580,560,545,580,560,545,580,560,545,580,560,545,580,560,545,,,,,,,,,,,,,,,,,,,,,,,,,,,,,,,,,,,,,,,,,,,,,,,,,,,,,,,,,,,,,,,,,,,,,,,,,,,,,,,,,,,,,,,,,,,,,,,,,,,,,,,,,,,,,
112502|1125|Loy Yang B:2|LOYYB2|Coal|Brown Coal,1125,Loy Yang B,,Gippsland Power Pty Ltd ABN 30 077 851 079 / LYB Ventures Australia Pty Ltd ABN 57 055 984 499 / Traralgon Power Pty Ltd ABN 64 056 292 623 / Latrobe Power Pty Ltd ABN 42 055 983 563 / LYB Australia Limited ABN 87 055 563 785,EDISON,VIC1,1160,112502,Loy Yang B:2,Coal,Brown Coal,,LOYYB2,Scheduled,1,,600,,600,,In Service,,2047,,46091,46106.45450231482,580,560,545,580,560,545,580,560,545,580,560,545,580,560,545,580,560,545,580,560,545,580,560,545,580,560,545,580,560,545,,,,,,,,,,,,,,,,,,,,,,,,,,,,,,,,,,,,,,,,,,,,,,,,,,,,,,,,,,,,,,,,,,,,,,,,,,,,,,,,,,,,,,,,,,,,,,,,,,,,,,,,,,,,,
270801|2708|LYBBESS1||Battery Storage|Lithium-ion,2708,Loy Yang B Power Station - BESS Stage 1 - KCI,V00152,Alinta Energy Clean Energy Development Pty Ltd,alinta_nr,VIC1,250,270801,LYBBESS1,Battery Storage,Lithium-ion,,,Scheduled,1,250,250,250,250,500,Publicly Announced,47118,2053,,46091,46093.68096064815,,,,,,,,,,,,,,,,,,,,,,,,,,,,,,,,,,,,,,,,,,,,,,,,,,,,,,,,,,,,,,,,,,,,,,,,,,,,,,,,,,,,,,,,,,,,,,,,,,,,,,,,,,,,,,,,,,,,,,,,,,,,,,,,,,,,,,,,,,,
324301|3243|GM1-20||Other|Other,3243,Lucas Heights Bioenergy Facility,,Lucas Heights Bioenergy Pty Ltd,LMSENE,NSW1,22,324301,GM1-20,Other,Other,,,Non-scheduled,20,,1.1,,22,,Publicly Announced,46371,2056,,46361,46163.93046296296,,,,,,,,,,,,,,,,,,,,,,,,,,,,,,,,,,,,,,,,,,,,,,,,,,,,,,,,,,,,,,,,,,,,,,,,,,,,,,,,,,,,,,,,,,,,,,,,,,,,,,,,,,,,,,,,,,,,,,,,,,,,,,,,,,,,,,,,,,,
186701|1867|LYABESS1||Battery Storage|Lithium-ion,1867,LYA BESS,V00038,LOYYANGA,LOYYANGA,VIC1,200,186701,LYABESS1,Battery Storage,Lithium-ion,,,Scheduled,1,,200,,200,800,Publicly Announced,,2050,,46091,46105.41196759259,,,,,,,,,,,,,,,,,,,,,,,,,,,,,,,,,,,,,,,,,,,,,,,,,,,,,,,,,,,,,,,,,,,,,,,,,,,,,,,,,,,,,,,,,,,,,,,,,,,,,,,,,,,,,,,,,,,,,,,,,,,,,,,,,,,,,,,,,,,
112801|1128|Macarthur Wind Farm:1-140|MACARTH1|Wind|Onshore,1128,Macarthur Wind Farm,,Macarthur Wind Farm Pty Ltd and Meridian Wind Macarthur Pty Ltd,SOUTHHYD,VIC1,420,112801,Macarthur Wind Farm:1-140,Wind,Onshore,,MACARTH1,Semi-scheduled,140,3,3,420,420,,In Service,,2038,,46091,46107.43461805556,420,420,420,420,420,420,420,420,420,420,420,420,420,420,420,420,420,420,420,420,420,420,420,420,420,420,420,420,420,420,,,,,,,,,,,,,,,,,,,,,,,,,,,,,,,,,,,,,,,,,,,,,,,,,,,,,,,,,,,,,,,,,,,,,,,,,,,,,,,,,,,,,,,,,,,,,,,,,,,,,,,,,,,,,
133202|1332|MIWF|MCINTYR1|Wind|Onshore,1332,MacIntyre Wind Farm,Q00006,Macintyre Windfarm Pty Ltd and Arc Energy Macintyre Pty Ltd,acciona_NR,QLD1,890,133202,MIWF,Wind,Onshore,,MCINTYR1,Semi-scheduled,162,5.7,5.7,923.4,923.4,,In Commissioning,46357,2054,,46091,46093.712372685186,890.028,890.028,890.028,890.028,890.028,890.028,890.028,890.028,890.028,890.028,890.028,890.028,890.028,890.028,890.028,890.028,890.028,890.028,890.028,890.028,890.028,890.028,890.028,890.028,890.028,890.028,890.028,890.028,890.028,890.028,,,,,,,,,,,,,,,,,,,,,,,,,,,,,,,,,,,,,,,,,,,,,,,,,,,,,,,,,,,,,,,,,,,,,,,,,,,,,,,,,,,,,,,,,,,,,,,,,,,,,,,,,,,,,
299401|2994|Mackenzie River Hybrid (Solar)||Solar PV|Single Axis Tracking,2994,Mackenzie River Solar Farm,Q00220,Mackenzie River ProjectCo Pty Ltd,britishsolar_nr,QLD1,450,299401,Mackenzie River Hybrid (Solar),Solar PV,Single Axis Tracking,,,Semi-scheduled,100,6.5,5,650,500,,Publicly Announced,48001,2061,,46361,46170.603310185186,,,,,,,,,,,,,,,,,,,,,,,,,,,,,,,,,,,,,,,,,,,,,,,,,,,,,,,,,,,,,,,,,,,,,,,,,,,,,,,,,,,,,,,,,,,,,,,,,,,,,,,,,,,,,,,,,,,,,,,,,,,,,,,,,,,,,,,,,,,
299402|2994|Mackenzie River Hybrid (BESS)||Battery Storage|Lithium-ion,2994,Mackenzie River Solar Farm,Q00220,Mackenzie River ProjectCo Pty Ltd,britishsolar_nr,QLD1,450,299402,Mackenzie River Hybrid (BESS),Battery Storage,Lithium-ion,,,Scheduled,120,6.7,5.15,804,618,2472,Publicly Announced,48001,2061,,46361,46170.603310185186,,,,,,,,,,,,,,,,,,,,,,,,,,,,,,,,,,,,,,,,,,,,,,,,,,,,,,,,,,,,,,,,,,,,,,,,,,,,,,,,,,,,,,,,,,,,,,,,,,,,,,,,,,,,,,,,,,,,,,,,,,,,,,,,,,,,,,,,,,,
298601|2986|FLBS_GU1||Battery Storage|Lithium-ion,2986,Magnetite Energy Hub,Q00217,Private Energy Partners,pep_nr,QLD1,1000,298601,FLBS_GU1,Battery Storage,Lithium-ion,,,Scheduled,156,4.6,4.6,717.6,717.6,5740.8,Publicly Announced,48213,2056,,46091,46108.71765046296,,,,,,,,,,,,,,,,,,,,,,,,,,,,,,,,,,,,,,,,,,,,,,,,,,,,,,,,,,,,,,,,,,,,,,,,,,,,,,,,,,,,,,,,,,,,,,,,,,,,,,,,,,,,,,,,,,,,,,,,,,,,,,,,,,,,,,,,,,,
298602|2986|FLWF_GU1||Wind|Onshore,2986,Magnetite Energy Hub,Q00217,Private Energy Partners,pep_nr,QLD1,1000,298602,FLWF_GU1,Wind,Onshore,,,Semi-scheduled,70,7.2,7.2,504,504,,Publicly Announced,48213,2061,,46091,46108.71765046296,,,,,,,,,,,,,,,,,,,,,,,,,,,,,,,,,,,,,,,,,,,,,,,,,,,,,,,,,,,,,,,,,,,,,,,,,,,,,,,,,,,,,,,,,,,,,,,,,,,,,,,,,,,,,,,,,,,,,,,,,,,,,,,,,,,,,,,,,,,
318701|3187|MHSF_GU1||Solar PV|Single Axis Tracking,3187,Magpie Hill Solar Farm,N00273,Mint Renewables Pty Ltd,mintrenewables_nr,NSW1,230,318701,MHSF_GU1,Solar PV,Single Axis Tracking,,,Semi-scheduled,64,5,5,320,320,,Publicly Announced,47757,2060,,46361,46167.6234375,,,,,,,,,,,,,,,,,,,,,,,,,,,,,,,,,,,,,,,,,,,,,,,,,,,,,,,,,,,,,,,,,,,,,,,,,,,,,,,,,,,,,,,,,,,,,,,,,,,,,,,,,,,,,,,,,,,,,,,,,,,,,,,,,,,,,,,,,,,
318702|3187|MHSF_GU2||Battery Storage|Lithium-ion,3187,Magpie Hill Solar Farm,N00273,Mint Renewables Pty Ltd,mintrenewables_nr,NSW1,230,318702,MHSF_GU2,Battery Storage,Lithium-ion,,,Scheduled,64,5,5,320,320,1280,Publicly Announced,47757,2060,,46361,46167.6234375,,,,,,,,,,,,,,,,,,,,,,,,,,,,,,,,,,,,,,,,,,,,,,,,,,,,,,,,,,,,,,,,,,,,,,,,,,,,,,,,,,,,,,,,,,,,,,,,,,,,,,,,,,,,,,,,,,,,,,,,,,,,,,,,,,,,,,,,,,,
305201|3052|MDBS_GU1||Battery Storage|Lithium-ion,3052,Maison Dieu BESS,N00238,Graviatas Now Pty Ltd,gravitas_nr,NSW1,500,305201,MDBS_GU1,Battery Storage,Lithium-ion,,,Scheduled,1,,500,,500,,Publicly Announced,,,,45901,45839.92313657407,,,,,,,,,,,,,,,,,,,,,,,,,,,,,,,,,,,,,,,,,,,,,,,,,,,,,,,,,,,,,,,,,,,,,,,,,,,,,,,,,,,,,,,,,,,,,,,,,,,,,,,,,,,,,,,,,,,,,,,,,,,,,,,,,,,,,,,,,,,
269101|2691|MDBESS||Battery Storage|Lithium-ion,2691,Maison Dieu Solar Farm,,Terrain Solar,agl_nr,NSW1,60,269101,MDBESS,Battery Storage,Lithium-ion,,,Scheduled,24,1.67,1.67,40.08,40.08,40.08,Publicly Announced,48566,2052,,46361,46164.54157407407,,,,,,,,,,,,,,,,,,,,,,,,,,,,,,,,,,,,,,,,,,,,,,,,,,,,,,,,,,,,,,,,,,,,,,,,,,,,,,,,,,,,,,,,,,,,,,,,,,,,,,,,,,,,,,,,,,,,,,,,,,,,,,,,,,,,,,,,,,,
269102|2691|MDSF||Solar PV|Single Axis Tracking,2691,Maison Dieu Solar Farm,,Terrain Solar,agl_nr,NSW1,60,269102,MDSF,Solar PV,Single Axis Tracking,,,Semi-scheduled,36,1.67,1.67,60.12,60.12,,Publicly Announced,48566,2052,,46361,46164.54157407407,,,,,,,,,,,,,,,,,,,,,,,,,,,,,,,,,,,,,,,,,,,,,,,,,,,,,,,,,,,,,,,,,,,,,,,,,,,,,,,,,,,,,,,,,,,,,,,,,,,,,,,,,,,,,,,,,,,,,,,,,,,,,,,,,,,,,,,,,,,
276501|2765|majbess||Battery Storage|Lithium-ion,2765,Majors Creek Solar Power Station,Q00168,Edify Energy Pty Ltd,edifyenergy_NR,QLD1,150,276501,majbess,Battery Storage,Lithium-ion,,,Scheduled,1,180,150,180,150,600,Anticipated,47150,2059,,46361,46164.70681712963,0,0,0,0,0,0,0,150,150,150,150,150,150,150,150,150,150,150,150,150,150,150,150,150,150,150,150,150,150,150,0,0,0,0,0,600,600,600,600,600,600,600,600,600,600,600,600,600,600,600,,,,,,,,,,,,,,,,,,,,,,,,,,,,,,,,,,,,,,,,,,,,,,,,,,,,,,,,,,,,,,,,,,,,,,,,,,,,,,,,,,,,,,,,,
276502|2765|majsolar||Solar PV|Single Axis Tracking,2765,Majors Creek Solar Power Station,Q00168,Edify Energy Pty Ltd,edifyenergy_NR,QLD1,150,276502,majsolar,Solar PV,Single Axis Tracking,,,Semi-scheduled,1,216,180,216,180,,Anticipated,47150,2059,,46361,46164.70681712963,0,0,0,0,0,0,0,180,180,180,180,180,180,180,180,180,180,180,180,180,180,180,180,180,180,180,180,180,180,180,,,,,,,,,,,,,,,,,,,,,,,,,,,,,,,,,,,,,,,,,,,,,,,,,,,,,,,,,,,,,,,,,,,,,,,,,,,,,,,,,,,,,,,,,,,,,,,,,,,,,,,,,,,,,
204601|2046|MALB||Battery Storage|Lithium-ion,2046,Mallee Wind Farm,N00102,Mallee Wind PTY LTD,sparkrenewables_NR,NSW1,402,204601,MALB,Battery Storage,Lithium-ion,,,Scheduled,40,2.58,2.58,103.2,103.2,412.8,Publicly Announced,47757,2055,,46091,46105.72373842593,,,,,,,,,,,,,,,,,,,,,,,,,,,,,,,,,,,,,,,,,,,,,,,,,,,,,,,,,,,,,,,,,,,,,,,,,,,,,,,,,,,,,,,,,,,,,,,,,,,,,,,,,,,,,,,,,,,,,,,,,,,,,,,,,,,,,,,,,,,
204602|2046|MALW||Wind|Onshore,2046,Mallee Wind Farm,N00102,Mallee Wind PTY LTD,sparkrenewables_NR,NSW1,402,204602,MALW,Wind,Onshore,,,Semi-scheduled,76,7.2,7.2,547.2,547.2,,Publicly Announced,47757,2065,,46091,46105.72373842593,,,,,,,,,,,,,,,,,,,,,,,,,,,,,,,,,,,,,,,,,,,,,,,,,,,,,,,,,,,,,,,,,,,,,,,,,,,,,,,,,,,,,,,,,,,,,,,,,,,,,,,,,,,,,,,,,,,,,,,,,,,,,,,,,,,,,,,,,,,
284401|2844|MLBS_GU1||Battery Storage|Lithium-ion,2844,Malunga Nine Mile BESS - KCI,V00165,Green Switch Energy Pty Ltd,greenswitch_nr,VIC1,500,284401,MLBS_GU1,Battery Storage,Lithium-ion,,,Scheduled,1,,500,,500,,Publicly Announced,,,,46091,46008.28649305556,,,,,,,,,,,,,,,,,,,,,,,,,,,,,,,,,,,,,,,,,,,,,,,,,,,,,,,,,,,,,,,,,,,,,,,,,,,,,,,,,,,,,,,,,,,,,,,,,,,,,,,,,,,,,,,,,,,,,,,,,,,,,,,,,,,,,,,,,,,
276601|2766|mangobes||Battery Storage|Lithium-ion,2766,Mangoplah BESS - KCI,N00180,Samsung C&amp;amp;T Renewable Energy Australia Pty Ltd.,samsung_NR,NSW1,100,276601,mangobes,Battery Storage,Lithium-ion,,,Scheduled,104,1,1,104,104,416,Publicly Announced,47263,2059,,46091,46105.74685185185,,,,,,,,,,,,,,,,,,,,,,,,,,,,,,,,,,,,,,,,,,,,,,,,,,,,,,,,,,,,,,,,,,,,,,,,,,,,,,,,,,,,,,,,,,,,,,,,,,,,,,,,,,,,,,,,,,,,,,,,,,,,,,,,,,,,,,,,,,,
128002|1280|MANSLR1|MANSLR1|Solar PV|Single Axis Tracking,1280,Manildra Solar Farm,,Manildra Prop Pty Ltd as trustee for the Manildra Asset Trust,MANILDRA,NSW1,46.7,128002,MANSLR1,Solar PV,Single Axis Tracking,,MANSLR1,Semi-scheduled,20,2.5,2.5,50,50,,In Service,,2048,,46091,46164.421111111114,46.7,45.4,43.4,46.7,45.4,43.4,46.7,45.4,43.4,46.7,45.4,43.4,46.7,45.4,43.4,46.7,45.4,43.4,46.7,45.4,43.4,46.7,45.4,43.4,46.7,45.4,43.4,46.7,45.4,43.4,,,,,,,,,,,,,,,,,,,,,,,,,,,,,,,,,,,,,,,,,,,,,,,,,,,,,,,,,,,,,,,,,,,,,,,,,,,,,,,,,,,,,,,,,,,,,,,,,,,,,,,,,,,,,
191401|1914|Maranbah||Solar PV|Single Axis Tracking,1914,Maranbah Solar Farm,,EEW ECO ENERGY WORLD PTY LTD,eewrenew_NR,QLD1,145,191401,Maranbah,Solar PV,Single Axis Tracking,,,Semi-scheduled,1,,160,,160,,Publicly Announced,,,,46091,45735.99875,,,,,,,,,,,,,,,,,,,,,,,,,,,,,,,,,,,,,,,,,,,,,,,,,,,,,,,,,,,,,,,,,,,,,,,,,,,,,,,,,,,,,,,,,,,,,,,,,,,,,,,,,,,,,,,,,,,,,,,,,,,,,,,,,,,,,,,,,,,
282601|2826|MMWF_GU!||Wind|Onshore,2826,Marmadua Wind Farm (KCI),Q00169,Cubico Sustainable Investments Australia Pty Ltd,cubico_nr,QLD1,950,282601,MMWF_GU!,Wind,Onshore,,,Semi-scheduled,1,,950,,950,,Publicly Announced,,,,46091,46190.649513888886,,,,,,,,,,,,,,,,,,,,,,,,,,,,,,,,,,,,,,,,,,,,,,,,,,,,,,,,,,,,,,,,,,,,,,,,,,,,,,,,,,,,,,,,,,,,,,,,,,,,,,,,,,,,,,,,,,,,,,,,,,,,,,,,,,,,,,,,,,,
146801|1468|Maroona Wind Farm:2|MAROOWF1|Wind|Onshore,1468,Maroona Wind Farm,,Myamba Developments Pty Ltd,ALNTARES,VIC1,6.9,146801,Maroona Wind Farm:2,Wind,Onshore,,MAROOWF1,Non-scheduled,2,,3.45,,6.9,,In Service,,2043,,46091,46098.60197916667,,,,,,,,,,,,,,,,,,,,,,,,,,,,,,,,,,,,,,,,,,,,,,,,,,,,,,,,,,,,,,,,,,,,,,,,,,,,,,,,,,,,,,,,,,,,,,,,,,,,,,,,,,,,,,,,,,,,,,,,,,,,,,,,,,,,,,,,,,,
113202|1132|Marulan - GT1||Gas Turbine|OCGT,1132,Marulan - OCGT,,EnergyAustralia Marulan Pty Ltd,EASTENGY,NSW1,1400,113202,Marulan - GT1,Gas Turbine,OCGT,Natural Gas,,Scheduled,1,,350,,350,,Publicly Announced,49644,2060,,46091,46160.67202546296,,,,,,,,,,,,,,,,,,,,,,,,,,,,,,,,,,,,,,,,,,,,,,,,,,,,,,,,,,,,,,,,,,,,,,,,,,,,,,,,,,,,,,,,,,,,,,,,,,,,,,,,,,,,,,,,,,,,,,,,,,,,,,,,,,,,,,,,,,,
113203|1132|Marulan - GT2||Gas Turbine|OCGT,1132,Marulan - OCGT,,EnergyAustralia Marulan Pty Ltd,EASTENGY,NSW1,1400,113203,Marulan - GT2,Gas Turbine,OCGT,Natural Gas,,Scheduled,1,,350,,350,,Publicly Announced,49644,2060,,,46160.67202546296,,,,,,,,,,,,,,,,,,,,,,,,,,,,,,,,,,,,,,,,,,,,,,,,,,,,,,,,,,,,,,,,,,,,,,,,,,,,,,,,,,,,,,,,,,,,,,,,,,,,,,,,,,,,,,,,,,,,,,,,,,,,,,,,,,,,,,,,,,,
113204|1132|Marulan - GT3||Gas Turbine|OCGT,1132,Marulan - OCGT,,EnergyAustralia Marulan Pty Ltd,EASTENGY,NSW1,1400,113204,Marulan - GT3,Gas Turbine,OCGT,Natural Gas,,Scheduled,1,,350,,350,,Publicly Announced,49644,2060,,,46160.67202546296,,,,,,,,,,,,,,,,,,,,,,,,,,,,,,,,,,,,,,,,,,,,,,,,,,,,,,,,,,,,,,,,,,,,,,,,,,,,,,,,,,,,,,,,,,,,,,,,,,,,,,,,,,,,,,,,,,,,,,,,,,,,,,,,,,,,,,,,,,,
113205|1132|Marulan - GT4||Gas Turbine|OCGT,1132,Marulan - OCGT,,EnergyAustralia Marulan Pty Ltd,EASTENGY,NSW1,1400,113205,Marulan - GT4,Gas Turbine,OCGT,Natural Gas,,Scheduled,1,,350,,350,,Publicly Announced,49644,2060,,,46160.67202546296,,,,,,,,,,,,,,,,,,,,,,,,,,,,,,,,,,,,,,,,,,,,,,,,,,,,,,,,,,,,,,,,,,,,,,,,,,,,,,,,,,,,,,,,,,,,,,,,,,,,,,,,,,,,,,,,,,,,,,,,,,,,,,,,,,,,,,,,,,,
269001|2690|Marulan Solar||Solar PV|Dual Axis Tracking,2690,Marulan Hybrid - Solar/BESS Farm,,Marulan Solar Farm Pty Ltd,TOORAWF,NSW1,152,269001,Marulan Solar,Solar PV,Dual Axis Tracking ,,,Semi-scheduled,56,3.7,3.7,207.2,207.2,,Anticipated,47089,2060,,46361,46175.59447916667,0,0,0,0,0,0,0,152,152,152,152,152,152,152,152,152,152,152,152,152,152,152,152,152,152,152,152,152,152,152,,,,,,,,,,,,,,,,,,,,,,,,,,,,,,,,,,,,,,,,,,,,,,,,,,,,,,,,,,,,,,,,,,,,,,,,,,,,,,,,,,,,,,,,,,,,,,,,,,,,,,,,,,,,,
269002|2690|Marulan BESS||Battery Storage|Lithium-ion,2690,Marulan Hybrid - Solar/BESS Farm,,Marulan Solar Farm Pty Ltd,TOORAWF,NSW1,152,269002,Marulan BESS,Battery Storage,Lithium-ion,,,Scheduled,56,3.7,3.7,207.2,207.2,350,Anticipated,47089,2060,,46361,46175.59447916667,0,0,0,0,0,0,0,81,81,81,81,81,81,81,81,81,81,81,81,81,81,81,81,81,81,81,81,81,81,81,0,0,0,0,0,350,350,350,350,350,350,350,350,350,350,350,350,350,350,350,,,,,,,,,,,,,,,,,,,,,,,,,,,,,,,,,,,,,,,,,,,,,,,,,,,,,,,,,,,,,,,,,,,,,,,,,,,,,,,,,,,,,,,,,
168901|1689|Brigalow Solar Farm:1|MARYRSF1|Solar PV|Single Axis Tracking,1689,Maryrorough Solar Farm,,Maryrorough Solar Pty Ltd,birdwoodenergy_NR,QLD1,27.3,168901,Brigalow Solar Farm:1,Solar PV,Single Axis Tracking,,MARYRSF1,Semi-scheduled,1,,34.5,,34.5,,In Service,,2048,,46091,46105.64990740741,27.3,27.3,27.3,27.3,27.3,27.3,27.3,27.3,27.3,27.3,27.3,27.3,27.3,27.3,27.3,27.3,27.3,27.3,27.3,27.3,27.3,27.3,27.3,27.3,27.3,27.3,27.3,27.3,27.3,27.3,,,,,,,,,,,,,,,,,,,,,,,,,,,,,,,,,,,,,,,,,,,,,,,,,,,,,,,,,,,,,,,,,,,,,,,,,,,,,,,,,,,,,,,,,,,,,,,,,,,,,,,,,,,,,
302701|3027|MEFW_GU1||Other|Other,3027,Maryvale Energy From Waste,,Maryvale Energy from Waste Project Company,paper_australia_nr,VIC1,70,302701,MEFW_GU1,Other,Other,,,Non-scheduled,1,,70,,70,,Publicly Announced,,2061,,46361,46154.54891203704,,,,,,,,,,,,,,,,,,,,,,,,,,,,,,,,,,,,,,,,,,,,,,,,,,,,,,,,,,,,,,,,,,,,,,,,,,,,,,,,,,,,,,,,,,,,,,,,,,,,,,,,,,,,,,,,,,,,,,,,,,,,,,,,,,,,,,,,,,,
159501|1595|MARYBESS||Battery Storage|Lithium-ion,1595,Maryvale Solar and Energy Storage System,,Maryvale Solar Farm Pty Ltd as Trustee for Maryvale Solar Farm Trust,wirsol_NR,NSW1,172,159501,MARYBESS,Battery Storage,Lithium-ion,,,Scheduled,61,3.56,3.58,217.16,218.38,434.93,Anticipated,46539,2062,,46361,46140.74721064815,0,172.02,172.02,172.02,172.02,172.02,172.02,172.02,172.02,172.02,172.02,172.02,172.02,172.02,172.02,172.02,172.02,172.02,172.02,172.02,172.02,172.02,172.02,172.02,172.02,172.02,172.02,172.02,,172.02,,,,,,,,,,,,,,,,,,,,,,,,,,,,,,,,,,,,,,,,,,,,,,,,,,,,,,,,,,,,,,,,,,,,,,,,,,,,,,,,,,,,,,,,,,,,,,,,,,,,,,,,,,,,,
159502|1595|MARYSOL||Solar PV|Single Axis Tracking,1595,Maryvale Solar and Energy Storage System,,Maryvale Solar Farm Pty Ltd as Trustee for Maryvale Solar Farm Trust,wirsol_NR,NSW1,172,159502,MARYSOL,Solar PV,Single Axis Tracking,,,Semi-scheduled,61,3.98,3.58,242.78,218.38,,Anticipated,46539,2062,,46361,46140.74721064815,0,172.02,172.02,172.02,172.02,172.02,172.02,172.02,172.02,172.02,172.02,172.02,172.02,172.02,172.02,172.02,172.02,172.02,172.02,172.02,172.02,172.02,172.02,172.02,172.02,172.02,172.02,172.02,172.02,172.02,,,,,,,,,,,,,,,,,,,,,,,,,,,,,,,,,,,,,,,,,,,,,,,,,,,,,,,,,,,,,,,,,,,,,,,,,,,,,,,,,,,,,,,,,,,,,,,,,,,,,,,,,,,,,
308201|3082|MVBS_GU1||Battery Storage|Lithium-ion,3082,Mavis Hybrid Facility - Solar,,Metlen Energy &amp;amp;amp;amp;amp; Metals,mrenewables_nr,NSW1,252,308201,MVBS_GU1,Battery Storage,Lithium-ion,,,Scheduled,1,,138,,138,20,Publicly Announced,46905,2060,,46361,46166.598599537036,,,,,,,,,,,,,,,,,,,,,,,,,,,,,,,,,,,,,,,,,,,,,,,,,,,,,,,,,,,,,,,,,,,,,,,,,,,,,,,,,,,,,,,,,,,,,,,,,,,,,,,,,,,,,,,,,,,,,,,,,,,,,,,,,,,,,,,,,,,
308202|3082|MVSF_GU1||Solar PV|Single Axis Tracking,3082,Mavis Hybrid Facility - Solar,,Metlen Energy &amp;amp;amp;amp;amp; Metals,mrenewables_nr,NSW1,252,308202,MVSF_GU1,Solar PV,Single Axis Tracking,,,Semi-scheduled,60,,4.2,,252,,Publicly Announced,46935,2060,,46361,46166.598599537036,,,,,,,,,,,,,,,,,,,,,,,,,,,,,,,,,,,,,,,,,,,,,,,,,,,,,,,,,,,,,,,,,,,,,,,,,,,,,,,,,,,,,,,,,,,,,,,,,,,,,,,,,,,,,,,,,,,,,,,,,,,,,,,,,,,,,,,,,,,
236801|2368|MDSF_GU1||Solar PV|Single Axis Tracking,2368,Maxwell Downs Solar Farm - KCI,N00096,X-Elio Holbrook Trust,x-elio_NR,NSW1,300,236801,MDSF_GU1,Solar PV,Single Axis Tracking,,,Semi-scheduled,1,,300,,300,,Publicly Announced,,,,46091,45729.98583333333,,,,,,,,,,,,,,,,,,,,,,,,,,,,,,,,,,,,,,,,,,,,,,,,,,,,,,,,,,,,,,,,,,,,,,,,,,,,,,,,,,,,,,,,,,,,,,,,,,,,,,,,,,,,,,,,,,,,,,,,,,,,,,,,,,,,,,,,,,,
303901|3039|MGBS_GU1||Battery Storage|Lithium-ion,3039,McCullys Gap BESS,,BW ESS,bw-ess_nr,NSW1,400,303901,MGBS_GU1,Battery Storage,Lithium-ion,,,Scheduled,1,,400,,400,800,Publicly Announced,,,,46091,45931.940046296295,,,,,,,,,,,,,,,,,,,,,,,,,,,,,,,,,,,,,,,,,,,,,,,,,,,,,,,,,,,,,,,,,,,,,,,,,,,,,,,,,,,,,,,,,,,,,,,,,,,,,,,,,,,,,,,,,,,,,,,,,,,,,,,,,,,,,,,,,,,
315701|3157|MCBS_GU1||Battery Storage|Lithium-ion,3157,Meadow Creek BESS,,Meadow Creek Solar,,VIC1,250,315701,MCBS_GU1,Battery Storage,Lithium-ion,,,Scheduled,1,,250,,250,1000,Publicly Announced,46029,2060,,46091,45997.862280092595,,,,,,,,,,,,,,,,,,,,,,,,,,,,,,,,,,,,,,,,,,,,,,,,,,,,,,,,,,,,,,,,,,,,,,,,,,,,,,,,,,,,,,,,,,,,,,,,,,,,,,,,,,,,,,,,,,,,,,,,,,,,,,,,,,,,,,,,,,,
236101|2361|MCSF_GU1||Solar PV|Fixed,2361,Meadow Creek Solar Farm - KCI,V00057, Clean Technologies Partners,,VIC1,180,236101,MCSF_GU1,Solar PV,Fixed,,,Semi-scheduled,1,,180,,180,,Publicly Announced,,,,46091,44945.28988425926,,,,,,,,,,,,,,,,,,,,,,,,,,,,,,,,,,,,,,,,,,,,,,,,,,,,,,,,,,,,,,,,,,,,,,,,,,,,,,,,,,,,,,,,,,,,,,,,,,,,,,,,,,,,,,,,,,,,,,,,,,,,,,,,,,,,,,,,,,,
287701|2877|MRWF_GU1||Wind|Onshore,2877,Meering West Wind Farm,,Virya Energy Pty Ltd,viryacleanenergy_NR,VIC1,1500,287701,MRWF_GU1,Wind,Onshore,,,Semi-scheduled,200,7.5,7.5,1500,1500,,Publicly Announced,47484,2075,,46361,46163.75016203704,,,,,,,,,,,,,,,,,,,,,,,,,,,,,,,,,,,,,,,,,,,,,,,,,,,,,,,,,,,,,,,,,,,,,,,,,,,,,,,,,,,,,,,,,,,,,,,,,,,,,,,,,,,,,,,,,,,,,,,,,,,,,,,,,,,,,,,,,,,
271101|2711|MELGrid||Battery Storage|Lithium-ion,2711,Melbourne Grid Battery - KCI,V00114,Lumea,,VIC1,140,271101,MELGrid,Battery Storage,Lithium-ion,,,Scheduled,1,,140,,140,,Publicly Announced,,,,46091,46044.67932870371,,,,,,,,,,,,,,,,,,,,,,,,,,,,,,,,,,,,,,,,,,,,,,,,,,,,,,,,,,,,,,,,,,,,,,,,,,,,,,,,,,,,,,,,,,,,,,,,,,,,,,,,,,,,,,,,,,,,,,,,,,,,,,,,,,,,,,,,,,,
286201|2862|MRLPS_GU||Gas Turbine|Other,2862,Melbourne Regional Landfill,,Landfill Operations Pty Ltd,,VIC1,8.88,286201,MRLPS_GU,Gas Turbine,Other,Landfill Gas,,Non-scheduled,1,,8.88,,8.88,,In Service,,2050,,46091,45576.006736111114,,,,,,,,,,,,,,,,,,,,,,,,,,,,,,,,,,,,,,,,,,,,,,,,,,,,,,,,,,,,,,,,,,,,,,,,,,,,,,,,,,,,,,,,,,,,,,,,,,,,,,,,,,,,,,,,,,,,,,,,,,,,,,,,,,,,,,,,,,,
261701|2617|MREH_B||Battery Storage|Lithium-ion,2617,Melbourne Renewable Energy Hub - Side B,V00115,MREH Pty Ltd as trustee for MREH Asset Trust,equis_NR,VIC1,600,261701,MREH_B,Battery Storage,Lithium-ion,,,Scheduled,220,0.31,0.98,68.2,215.6,800.8,Publicly Announced,47118,2055,,46091,46097.423368055555,,,,,,,,,,,,,,,,,,,,,,,,,,,,,,,,,,,,,,,,,,,,,,,,,,,,,,,,,,,,,,,,,,,,,,,,,,,,,,,,,,,,,,,,,,,,,,,,,,,,,,,,,,,,,,,,,,,,,,,,,,,,,,,,,,,,,,,,,,,
310001|3100|MREHA1|MREHA1|Battery Storage|Lithium-ion,3100,Melbourne Renewable Energy Hub Connection A1,,Equis Energy (Australia) Projects (MREH A1 AssetCo) Pty Ltd (ACN 669 645 461) as The Trustee for Equis Energy (Australia) MREH A1 Asset Trust (ABN 92 607 537 147),equis_NR,VIC1,200,310001,MREHA1,Battery Storage,Lithium-ion,,MREHA1,Scheduled,112,0.62,1.93,69.44,216.16,399.84,In Service,,2050,,46361,46154.433171296296,200,200,200,200,200,200,200,200,200,200,200,200,200,200,200,200,200,200,200,200,200,200,200,200,200,200,200,200,200,200,400,400,400,400,400,400,400,400,400,400,400,400,400,400,400,400,400,400,400,400,,,,,,,,,,,,,,,,,,,,,,,,,,,,,,,,,,,,,,,,,,,,,,,,,,,,,,,,,,,,,,,,,,,,,,,,,,,,,,,,,,,,,,,,,
310101|3101|MREHA2|MREHA2|Battery Storage|Lithium-ion,3101,Melbourne Renewable Energy Hub Connection A2,,Equis Energy (Australia) Projects (MREH A2 AssetCo) Pty Ltd (ACN 669 645 489) as The Trustee for Equis Energy (Australia) MREH A2 Asset Trust (ABN 34 770 707 887),equis_NR,VIC1,200,310101,MREHA2,Battery Storage,Lithium-ion,,MREHA2,Scheduled,112,0.62,1.93,69.44,216.16,399.84,In Service,,2050,,46361,46154.43361111111,200,200,200,200,200,200,200,200,200,200,200,200,200,200,200,200,200,200,200,200,200,200,200,200,200,200,200,200,200,200,400,400,400,400,400,400,400,400,400,400,400,400,400,400,400,400,400,400,400,400,,,,,,,,,,,,,,,,,,,,,,,,,,,,,,,,,,,,,,,,,,,,,,,,,,,,,,,,,,,,,,,,,,,,,,,,,,,,,,,,,,,,,,,,,
310201|3102|MREHA3|MREHA3|Battery Storage|Lithium-ion,3102,Melbourne Renewable Energy Hub Connection A3,,Equis Energy (Australia) Projects (MREH A3 AssetCo) Pty Ltd (ACN 669 645 514) as The Trustee for Equis Energy (Australia) MREH A3 Asset Trust (ABN 47 920 042 214),equis_NR,VIC1,200,310201,MREHA3,Battery Storage,Lithium-ion,,MREHA3,Scheduled,220,0.31,0.98,68.2,215.6,800.8,In Service,,2050,,46361,46154.433958333335,200,200,200,200,200,200,200,200,200,200,200,200,200,200,200,200,200,200,200,200,200,200,200,200,200,200,200,200,200,200,800,800,800,800,800,800,800,800,800,800,800,800,800,800,800,800,800,800,800,800,,,,,,,,,,,,,,,,,,,,,,,,,,,,,,,,,,,,,,,,,,,,,,,,,,,,,,,,,,,,,,,,,,,,,,,,,,,,,,,,,,,,,,,,,
325801|3258|Melbourne Solar Farm||Solar PV|Fixed,3258,Melbourne Solar Farm and BESS - KCI,V00200,European Energy,europeanenergy_nr,VIC1,500,325801,Melbourne Solar Farm,Solar PV,Fixed,,,Semi-scheduled,1,,500,,500,,Publicly Announced,,,,46091,46119.64005787037,,,,,,,,,,,,,,,,,,,,,,,,,,,,,,,,,,,,,,,,,,,,,,,,,,,,,,,,,,,,,,,,,,,,,,,,,,,,,,,,,,,,,,,,,,,,,,,,,,,,,,,,,,,,,,,,,,,,,,,,,,,,,,,,,,,,,,,,,,,
325802|3258|Melbourne Solar Farm BESS||Battery Storage|Lithium-ion,3258,Melbourne Solar Farm and BESS - KCI,V00200,European Energy,europeanenergy_nr,VIC1,500,325802,Melbourne Solar Farm BESS,Battery Storage,Lithium-ion,,,Scheduled,1,,500,,500,,Publicly Announced,,,,46091,46119.64005787037,,,,,,,,,,,,,,,,,,,,,,,,,,,,,,,,,,,,,,,,,,,,,,,,,,,,,,,,,,,,,,,,,,,,,,,,,,,,,,,,,,,,,,,,,,,,,,,,,,,,,,,,,,,,,,,,,,,,,,,,,,,,,,,,,,,,,,,,,,,
221101|2211|MSF_BS1||Battery Storage|Lithium-ion,2211,Merino Solar Farm,N00084,Merino Solar Farm Pty Ltd as trustee for Merino Solar Farm Trust,,NSW1,338,221101,MSF_BS1,Battery Storage,Lithium-ion,,,Scheduled,96,,3.22,,309.12,,Publicly Announced,,,,46091,44945.292280092595,,,,,,,,,,,,,,,,,,,,,,,,,,,,,,,,,,,,,,,,,,,,,,,,,,,,,,,,,,,,,,,,,,,,,,,,,,,,,,,,,,,,,,,,,,,,,,,,,,,,,,,,,,,,,,,,,,,,,,,,,,,,,,,,,,,,,,,,,,,
221102|2211|MSF_G1||Solar PV|Fixed,2211,Merino Solar Farm,N00084,Merino Solar Farm Pty Ltd as trustee for Merino Solar Farm Trust,,NSW1,338,221102,MSF_G1,Solar PV,Fixed,,,Semi-scheduled,100,,3.38,,338,,Publicly Announced,,,,46091,44945.292280092595,,,,,,,,,,,,,,,,,,,,,,,,,,,,,,,,,,,,,,,,,,,,,,,,,,,,,,,,,,,,,,,,,,,,,,,,,,,,,,,,,,,,,,,,,,,,,,,,,,,,,,,,,,,,,,,,,,,,,,,,,,,,,,,,,,,,,,,,,,,
219401|2194|Merriwa||Battery Storage|Lithium-ion,2194,Merriwa Solar Farm and BESS,N00072,Valent Energy Developments Pty Ltd,valent-energy_nr,NSW1,1000,219401,Merriwa,Battery Storage,Lithium-ion,,,Scheduled,1,,500,,500,2000,Publicly Announced,,,,46361,46160.73559027778,,,,,,,,,,,,,,,,,,,,,,,,,,,,,,,,,,,,,,,,,,,,,,,,,,,,,,,,,,,,,,,,,,,,,,,,,,,,,,,,,,,,,,,,,,,,,,,,,,,,,,,,,,,,,,,,,,,,,,,,,,,,,,,,,,,,,,,,,,,
219402|2194|MSF_G1||Solar PV|Single Axis Tracking,2194,Merriwa Solar Farm and BESS,N00072,Valent Energy Developments Pty Ltd,valent-energy_nr,NSW1,1000,219402,MSF_G1,Solar PV,Single Axis Tracking,,,Semi-scheduled,1,,500,,500,,Publicly Announced,46721,,,46361,46160.73559027778,,,,,,,,,,,,,,,,,,,,,,,,,,,,,,,,,,,,,,,,,,,,,,,,,,,,,,,,,,,,,,,,,,,,,,,,,,,,,,,,,,,,,,,,,,,,,,,,,,,,,,,,,,,,,,,,,,,,,,,,,,,,,,,,,,,,,,,,,,,
162801|1628|Metz Solar Farm|METZSF1|Solar PV|Single Axis Tracking,1628,Metz Solar Farm,,Metz ProjectCo Pty Ltd as trustee for Metz ProjectCo Trust ,METZSF,NSW1,115,162801,Metz Solar Farm,Solar PV,Single Axis Tracking,,METZSF1,Semi-scheduled,54,2.5,2.13,135,115.02,,In Service,,2052,,46091,46101.756886574076,115.02,111.726,107.082,115.02,111.726,107.082,115.02,111.726,107.082,115.02,111.726,107.082,115.02,111.726,107.082,115.02,111.726,107.082,115.02,111.726,107.082,115.02,111.726,107.082,115.02,111.726,107.082,115.02,111.726,107.082,,,,,,,,,,,,,,,,,,,,,,,,,,,,,,,,,,,,,,,,,,,,,,,,,,,,,,,,,,,,,,,,,,,,,,,,,,,,,,,,,,,,,,,,,,,,,,,,,,,,,,,,,,,,,
306701|3067|MCBS_GU1||Battery Storage|Lithium-ion,3067,Middle Creek Renewable Energy Hub - Wind,Q00237,Cubico Sustainable Investments Australia Pty Ltd,cubico_nr,QLD1,750,306701,MCBS_GU1,Battery Storage,Lithium-ion,,,Scheduled,1,,750,,750,,Publicly Announced,,,,46091,46190.62243055556,,,,,,,,,,,,,,,,,,,,,,,,,,,,,,,,,,,,,,,,,,,,,,,,,,,,,,,,,,,,,,,,,,,,,,,,,,,,,,,,,,,,,,,,,,,,,,,,,,,,,,,,,,,,,,,,,,,,,,,,,,,,,,,,,,,,,,,,,,,
306702|3067|MCWF_GU1||Wind|Onshore,3067,Middle Creek Renewable Energy Hub - Wind,Q00237,Cubico Sustainable Investments Australia Pty Ltd,cubico_nr,QLD1,750,306702,MCWF_GU1,Wind,Onshore,,,Semi-scheduled,1,,750,,750,,Publicly Announced,,,,46091,46190.62243055556,,,,,,,,,,,,,,,,,,,,,,,,,,,,,,,,,,,,,,,,,,,,,,,,,,,,,,,,,,,,,,,,,,,,,,,,,,,,,,,,,,,,,,,,,,,,,,,,,,,,,,,,,,,,,,,,,,,,,,,,,,,,,,,,,,,,,,,,,,,
326701|3267|Middle Hut BESS||Battery Storage|Lithium-ion,3267,Middle Hut BESS - KCI,V00193,Middle Hut Storage Pty Ltd,,VIC1,800,326701,Middle Hut BESS,Battery Storage,Lithium-ion,,,Scheduled,1,,800,,800,,Publicly Announced,,,,46091,46127.52638888889,,,,,,,,,,,,,,,,,,,,,,,,,,,,,,,,,,,,,,,,,,,,,,,,,,,,,,,,,,,,,,,,,,,,,,,,,,,,,,,,,,,,,,,,,,,,,,,,,,,,,,,,,,,,,,,,,,,,,,,,,,,,,,,,,,,,,,,,,,,
243001|2430|MSF_BES||Battery Storage|Lithium-ion,2430,Middlebrook Solar And BESS,N00071,Middlebrook Solar Farm Pty Ltd as trustee for MSF Project Trust,totalenergies_nr,NSW1,420,243001,MSF_BES,Battery Storage,Lithium-ion,,,Scheduled,126,2.59,2.54,326.34,320.04,1280.16,Anticipated,47466,2064,,46361,46163.60973379629,0,0,0,0,0,0,0,0,0,210,210,202.71,210,210,202.71,210,210,202.71,210,210,202.71,210,210,202.71,210,210,202.71,210,210,202.71,0,0,0,0,0,0,1280,1235.56,1280,1235.56,1280,1235.56,1280,1235.56,1280,1235.56,1280,1235.56,1280,1235.56,,,,,,,,,,,,,,,,,,,,,,,,,,,,,,,,,,,,,,,,,,,,,,,,,,,,,,,,,,,,,,,,,,,,,,,,,,,,,,,,,,,,,,,,,
243002|2430|MSF_SF||Solar PV|Single Axis Tracking,2430,Middlebrook Solar And BESS,N00071,Middlebrook Solar Farm Pty Ltd as trustee for MSF Project Trust,totalenergies_nr,NSW1,420,243002,MSF_SF,Solar PV,Single Axis Tracking,,,Semi-scheduled,102,3.2,3.14,326.4,320.28,,Anticipated,47466,2064,,46361,46163.60973379629,0,0,0,0,0,0,0,0,0,210,210,202.71,210,210,202.71,210,210,202.71,210,210,202.71,210,210,202.71,210,210,202.71,210,210,202.71,,,,,,,,,,,,,,,,,,,,,,,,,,,,,,,,,,,,,,,,,,,,,,,,,,,,,,,,,,,,,,,,,,,,,,,,,,,,,,,,,,,,,,,,,,,,,,,,,,,,,,,,,,,,,
153702|1537|MIDDLESF|MIDDLSF1|Solar PV|Single Axis Tracking,1537,Middlemount Solar Farm,,Capricorn SF No1 Pty Ltd,CAPRISF,QLD1,26,153702,MIDDLESF,Solar PV,Single Axis Tracking,,MIDDLSF1,Semi-scheduled,12,2.82,2.5,33.84,30,,In Service,,2050,,46091,46106.53121527778,26,26,26,26,26,26,26,26,26,26,26,26,26,26,26,26,26,26,26,26,26,26,26,26,26,26,26,26,26,26,,,,,,,,,,,,,,,,,,,,,,,,,,,,,,,,,,,,,,,,,,,,,,,,,,,,,,,,,,,,,,,,,,,,,,,,,,,,,,,,,,,,,,,,,,,,,,,,,,,,,,,,,,,,,
304301|3043|MWBS_GU1||Battery Storage|Lithium-ion,3043,Midwest BESS,N00232,Midwest Solar Pty Ltd,midwest_nr,NSW1,53,304301,MWBS_GU1,Battery Storage,Lithium-ion,,,Scheduled,1,,53,,53,,Publicly Announced,,,,45901,45842.01813657407,,,,,,,,,,,,,,,,,,,,,,,,,,,,,,,,,,,,,,,,,,,,,,,,,,,,,,,,,,,,,,,,,,,,,,,,,,,,,,,,,,,,,,,,,,,,,,,,,,,,,,,,,,,,,,,,,,,,,,,,,,,,,,,,,,,,,,,,,,,
304201|3042|MWSF_GU1||Solar PV|Fixed,3042,Midwest Solar Farm,N00232,Midwest Solar Pty Ltd,midwest_nr,NSW1,76,304201,MWSF_GU1,Solar PV,Fixed,,,Semi-scheduled,18,,4.2,,75.6,,Publicly Announced,,,,45901,45842.01798611111,,,,,,,,,,,,,,,,,,,,,,,,,,,,,,,,,,,,,,,,,,,,,,,,,,,,,,,,,,,,,,,,,,,,,,,,,,,,,,,,,,,,,,,,,,,,,,,,,,,,,,,,,,,,,,,,,,,,,,,,,,,,,,,,,,,,,,,,,,,
243901|2439|MBP||Battery Storage|Lithium-ion,2439,Miles BESS Project,Q00093,TBSOL,TBSOL,QLD1,500,243901,MBP,Battery Storage,Lithium-ion,,,Scheduled,1,500,500,500,500,2000,Publicly Announced,47665,2050,,46091,46122.59616898148,,,,,,,,,,,,,,,,,,,,,,,,,,,,,,,,,,,,,,,,,,,,,,,,,,,,,,,,,,,,,,,,,,,,,,,,,,,,,,,,,,,,,,,,,,,,,,,,,,,,,,,,,,,,,,,,,,,,,,,,,,,,,,,,,,,,,,,,,,,
157601|1576|MSP||Solar PV|Fixed,1576,Miles Solar Project,Q00090,Vena Energy,TBSOL,QLD1,500,157601,MSP,Solar PV,Fixed,,,Semi-scheduled,1,620,500,620,500,,Publicly Announced,47665,2055,,46091,46162.61623842592,,,,,,,,,,,,,,,,,,,,,,,,,,,,,,,,,,,,,,,,,,,,,,,,,,,,,,,,,,,,,,,,,,,,,,,,,,,,,,,,,,,,,,,,,,,,,,,,,,,,,,,,,,,,,,,,,,,,,,,,,,,,,,,,,,,,,,,,,,,
238501|2385|MBS_GU1||Battery Storage|Lithium-ion,2385,Millmerran BESS - Storage,Q00061,Millmerran Power Partners,genuity_NR,QLD1,200,238501,MBS_GU1,Battery Storage,Lithium-ion,,,Scheduled,1,250,200,250,200,400,Publicly Announced,47299,2049,,46091,46111.71234953704,,,,,,,,,,,,,,,,,,,,,,,,,,,,,,,,,,,,,,,,,,,,,,,,,,,,,,,,,,,,,,,,,,,,,,,,,,,,,,,,,,,,,,,,,,,,,,,,,,,,,,,,,,,,,,,,,,,,,,,,,,,,,,,,,,,,,,,,,,,
113401|1134|Millmerran:1|MPP_1|Coal|Black Coal,1134,Millmerran Power Plant,,Millmerran Power Partners,genuity_NR,QLD1,852,113401,Millmerran:1,Coal,Black Coal,,MPP_1,Scheduled,1,,426,,426,,In Service,,2051,,46091,46091.59546296296,426,400,335,426,400,335,426,400,335,426,400,335,426,400,335,426,400,335,426,400,335,426,400,335,426,400,335,426,400,335,,,,,,,,,,,,,,,,,,,,,,,,,,,,,,,,,,,,,,,,,,,,,,,,,,,,,,,,,,,,,,,,,,,,,,,,,,,,,,,,,,,,,,,,,,,,,,,,,,,,,,,,,,,,,
113402|1134|Millmerran:2|MPP_2|Coal|Black Coal,1134,Millmerran Power Plant,,Millmerran Power Partners,genuity_NR,QLD1,852,113402,Millmerran:2,Coal,Black Coal,,MPP_2,Scheduled,1,,426,,426,,In Service,,2051,,46091,46091.59546296296,426,400,335,426,400,335,426,400,335,426,400,335,426,400,335,426,400,335,426,400,335,426,400,335,426,400,335,426,400,335,,,,,,,,,,,,,,,,,,,,,,,,,,,,,,,,,,,,,,,,,,,,,,,,,,,,,,,,,,,,,,,,,,,,,,,,,,,,,,,,,,,,,,,,,,,,,,,,,,,,,,,,,,,,,
238401|2384|MWF_GU1||Wind|Onshore,2384,Millmerran Wind Farm,Q00061,Millmerran Power Partners,genuity_NR,QLD1,250,238401,MWF_GU1,Wind,Onshore,,,Semi-scheduled,42,6.5,6,273,252,,Publicly Announced,47664,2055,,46091,46111.70762731481,,,,,,,,,,,,,,,,,,,,,,,,,,,,,,,,,,,,,,,,,,,,,,,,,,,,,,,,,,,,,,,,,,,,,,,,,,,,,,,,,,,,,,,,,,,,,,,,,,,,,,,,,,,,,,,,,,,,,,,,,,,,,,,,,,,,,,,,,,,
297701|2977|MILPWF1||Wind|Onshore,2977,Milpulling Wind Farm,,Milpulling Wind Farm Pty Ltd,goldwindaustralia_NR,NSW1,400,297701,MILPWF1,Wind,Onshore,,,Semi-scheduled,54,8,8,432,432,,Publicly Announced,47452,2064,,46361,46161.50892361111,,,,,,,,,,,,,,,,,,,,,,,,,,,,,,,,,,,,,,,,,,,,,,,,,,,,,,,,,,,,,,,,,,,,,,,,,,,,,,,,,,,,,,,,,,,,,,,,,,,,,,,,,,,,,,,,,,,,,,,,,,,,,,,,,,,,,,,,,,,
325901|3259|Minimbah BESS||Battery Storage|Lithium-ion,3259,Minimbah BESS - KCI,N00292,CleanGen Development Pty Ltd,cleangen_nr,NSW1,125,325901,Minimbah BESS,Battery Storage,Lithium-ion,,,Scheduled,25,5,5,125,125,500,Publicly Announced,47101,2155,,46091,46190.702881944446,,,,,,,,,,,,,,,,,,,,,,,,,,,,,,,,,,,,,,,,,,,,,,,,,,,,,,,,,,,,,,,,,,,,,,,,,,,,,,,,,,,,,,,,,,,,,,,,,,,,,,,,,,,,,,,,,,,,,,,,,,,,,,,,,,,,,,,,,,,
260601|2606|MVBS_GU1||Battery Storage|Lithium-ion,2606,Miriam Vale Solar Farm And BESS - A,Q00125,Private Energy Partners Pty Ltd,pep_nr,QLD1,300,260601,MVBS_GU1,Battery Storage,Lithium-ion,,,Scheduled,1,,100,,100,100,Publicly Announced,47571,2055,,46091,46108.70690972222,,,,,,,,,,,,,,,,,,,,,,,,,,,,,,,,,,,,,,,,,,,,,,,,,,,,,,,,,,,,,,,,,,,,,,,,,,,,,,,,,,,,,,,,,,,,,,,,,,,,,,,,,,,,,,,,,,,,,,,,,,,,,,,,,,,,,,,,,,,
260602|2606|MVSF_GU1||Solar PV|Single Axis Tracking,2606,Miriam Vale Solar Farm And BESS - A,Q00125,Private Energy Partners Pty Ltd,pep_nr,QLD1,300,260602,MVSF_GU1,Solar PV,Single Axis Tracking,,,Semi-scheduled,1,,200,,200,,Publicly Announced,47571,2055,,46091,46108.70690972222,,,,,,,,,,,,,,,,,,,,,,,,,,,,,,,,,,,,,,,,,,,,,,,,,,,,,,,,,,,,,,,,,,,,,,,,,,,,,,,,,,,,,,,,,,,,,,,,,,,,,,,,,,,,,,,,,,,,,,,,,,,,,,,,,,,,,,,,,,,
288501|2885|MVBS_GU2||Battery Storage|Lithium-ion,2885,Miriam Vale Solar Farm And BESS - B,Q00185,Private Energy Partners Pty Ltd,pep_nr,QLD1,300,288501,MVBS_GU2,Battery Storage,Lithium-ion,,,Scheduled,1,,100,,100,100,Publicly Announced,47571,2055,,46091,46108.71412037037,,,,,,,,,,,,,,,,,,,,,,,,,,,,,,,,,,,,,,,,,,,,,,,,,,,,,,,,,,,,,,,,,,,,,,,,,,,,,,,,,,,,,,,,,,,,,,,,,,,,,,,,,,,,,,,,,,,,,,,,,,,,,,,,,,,,,,,,,,,
288502|2885|MVSF_GU2||Solar PV|Single Axis Tracking,2885,Miriam Vale Solar Farm And BESS - B,Q00185,Private Energy Partners Pty Ltd,pep_nr,QLD1,300,288502,MVSF_GU2,Solar PV,Single Axis Tracking,,,Semi-scheduled,1,,200,,200,,Publicly Announced,47571,2055,,46091,46108.71412037037,,,,,,,,,,,,,,,,,,,,,,,,,,,,,,,,,,,,,,,,,,,,,,,,,,,,,,,,,,,,,,,,,,,,,,,,,,,,,,,,,,,,,,,,,,,,,,,,,,,,,,,,,,,,,,,,,,,,,,,,,,,,,,,,,,,,,,,,,,,
326301|3263|Miskelly BESS||Battery Storage|Lithium-ion,3263,Miskelly BESS - KCI,N00295,MISKELLY BESS PROJECT PTY LTD,,NSW1,500,326301,Miskelly BESS,Battery Storage,Lithium-ion,,,Scheduled,1,,500,,500,,Publicly Announced,,,,46091,46127.5275,,,,,,,,,,,,,,,,,,,,,,,,,,,,,,,,,,,,,,,,,,,,,,,,,,,,,,,,,,,,,,,,,,,,,,,,,,,,,,,,,,,,,,,,,,,,,,,,,,,,,,,,,,,,,,,,,,,,,,,,,,,,,,,,,,,,,,,,,,,
266801|2668|MCSF_GU1||Solar PV|Single Axis Tracking,2668,Moah Creek Solar Farm,Q00138,Moah Creek Solar Development Co Pty Ltd,res-group_NR,QLD1,350,266801,MCSF_GU1,Solar PV,Single Axis Tracking,,,Semi-scheduled,136,2.68,2.68,364.48,364.48,,Publicly Announced,47818,2059,,46091,46167.75369212963,,,,,,,,,,,,,,,,,,,,,,,,,,,,,,,,,,,,,,,,,,,,,,,,,,,,,,,,,,,,,,,,,,,,,,,,,,,,,,,,,,,,,,,,,,,,,,,,,,,,,,,,,,,,,,,,,,,,,,,,,,,,,,,,,,,,,,,,,,,
225301|2253|MOAHCKWF||Wind|Onshore,2253,Moah Creek Wind Farm,Q00040,Moah Creek Wind Farm Project Co Pty Ltd as trustee for the Moah Creek Wind Farm Project Trust,res-group_NR,QLD1,360,225301,MOAHCKWF,Wind,Onshore,,,Semi-scheduled,60,6,6,360,360,,Anticipated,47480,2059,,46361,46174.65020833333,0,0,0,0,0,0,0,0,0,0,360,360,360,360,360,360,360,360,360,360,360,360,360,360,360,360,360,360,360,360,,,,,,,,,,,,,,,,,,,,,,,,,,,,,,,,,,,,,,,,,,,,,,,,,,,,,,,,,,,,,,,,,,,,,,,,,,,,,,,,,,,,,,,,,,,,,,,,,,,,,,,,,,,,,
152701|1527|Moama Solar Farm:Units 1-5||Solar PV|Single Axis Tracking,1527,Moama Solar Farm,,Moama Propertyco Pty Ltd as trustee for the Moama Property Trust,mrenewables_nr,NSW1,30,152701,Moama Solar Farm:Units 1-5,Solar PV,Single Axis Tracking,,,Semi-scheduled,5,4,3.55,20,17.75,,Anticipated,46966,2067,,46361,46170.64265046296,0,0,0,0,0,0,15,15,15,15,15,15,15,15,15,15,15,15,15,15,15,15,15,15,15,15,15,15,15,15,,,,,,,,,,,,,,,,,,,,,,,,,,,,,,,,,,,,,,,,,,,,,,,,,,,,,,,,,,,,,,,,,,,,,,,,,,,,,,,,,,,,,,,,,,,,,,,,,,,,,,,,,,,,,
152702|1527|Moama Solar Farm:Units 6-10||Solar PV|Single Axis Tracking,1527,Moama Solar Farm,,Moama Propertyco Pty Ltd as trustee for the Moama Property Trust,mrenewables_nr,NSW1,30,152702,Moama Solar Farm:Units 6-10,Solar PV,Single Axis Tracking,,,Semi-scheduled,5,4,3.55,20,17.75,,Anticipated,46966,2067,,46361,46170.64265046296,0,0,0,0,0,0,15,15,15,15,15,15,15,15,15,15,15,15,15,15,15,15,15,15,15,15,15,15,15,15,,,,,,,,,,,,,,,,,,,,,,,,,,,,,,,,,,,,,,,,,,,,,,,,,,,,,,,,,,,,,,,,,,,,,,,,,,,,,,,,,,,,,,,,,,,,,,,,,,,,,,,,,,,,,
199901|1999|MOKOANSF|MOKOSF1|Solar PV|Single Axis Tracking,1999,Mokoan Solar Farm,,EE Solar 6 Pty Ltd as trustee for EE Solar 6 Trust,europeanenergy_nr,VIC1,46,199901,MOKOANSF,Solar PV,Single Axis Tracking,,MOKOSF1,Semi-scheduled,1,46.88,46,46.88,46,,In Service,,2055,,46361,46148.52721064815,43,46,46,43,46,46,43,46,46,43,46,46,43,46,46,43,46,46,43,46,46,43,46,46,43,46,46,43,46,46,,,,,,,,,,,,,,,,,,,,,,,,,,,,,,,,,,,,,,,,,,,,,,,,,,,,,,,,,,,,,,,,,,,,,,,,,,,,,,,,,,,,,,,,,,,,,,,,,,,,,,,,,,,,,
299601|2996|MLBS_GU1||Battery Storage|Lithium-ion,2996,Mologa Solar Hybrid (PV + BESS),V00178,Potentia Energy Pty Ltd,enel_NR,VIC1,250,299601,MLBS_GU1,Battery Storage,Lithium-ion,,,Scheduled,68,4.6,4.6,312.8,312.8,1459.28,Publicly Announced,47498,2055,,46091,46167.65729166667,,,,,,,,,,,,,,,,,,,,,,,,,,,,,,,,,,,,,,,,,,,,,,,,,,,,,,,,,,,,,,,,,,,,,,,,,,,,,,,,,,,,,,,,,,,,,,,,,,,,,,,,,,,,,,,,,,,,,,,,,,,,,,,,,,,,,,,,,,,
299602|2996|MLS_GU1||Solar PV|Single Axis Tracking,2996,Mologa Solar Hybrid (PV + BESS),V00178,Potentia Energy Pty Ltd,enel_NR,VIC1,250,299602,MLS_GU1,Solar PV,Single Axis Tracking,,,Semi-scheduled,76,4.22,4.4,320.72,334.4,,Publicly Announced,47498,2065,,46091,46167.65729166667,,,,,,,,,,,,,,,,,,,,,,,,,,,,,,,,,,,,,,,,,,,,,,,,,,,,,,,,,,,,,,,,,,,,,,,,,,,,,,,,,,,,,,,,,,,,,,,,,,,,,,,,,,,,,,,,,,,,,,,,,,,,,,,,,,,,,,,,,,,
281901|2819|MLBS_GU1||Battery Storage|Lithium-ion,2819,Molong BESS ,N00189,StorEnergy 3 Pty Ltd,storenergy_nr,NSW1,150,281901,MLBS_GU1,Battery Storage,Lithium-ion,,,Scheduled,50,3,3,150,150,729,Publicly Announced,46935,2057,,46361,46154.36387731481,,,,,,,,,,,,,,,,,,,,,,,,,,,,,,,,,,,,,,,,,,,,,,,,,,,,,,,,,,,,,,,,,,,,,,,,,,,,,,,,,,,,,,,,,,,,,,,,,,,,,,,,,,,,,,,,,,,,,,,,,,,,,,,,,,,,,,,,,,,
164101|1641|1896|MOLNGSF1|Solar PV|Single Axis Tracking,1641,Molong Solar Farm,,Molong Operations co Pty Ltd ATF Molong Operations Trust,reveraenergy_nr,NSW1,30,164101,1896,Solar PV,Single Axis Tracking,,MOLNGSF1,Semi-scheduled,22,1.77,1.64,38.94,36.08,,In Service,,2045,,46091,46112.409155092595,30,30,27,30,30,27,30,30,27,30,30,27,30,30,27,30,30,27,30,30,27,30,30,27,30,30,27,30,30,27,,,,,,,,,,,,,,,,,,,,,,,,,,,,,,,,,,,,,,,,,,,,,,,,,,,,,,,,,,,,,,,,,,,,,,,,,,,,,,,,,,,,,,,,,,,,,,,,,,,,,,,,,,,,,
285301|2853|MDBS_GU1||Battery Storage|Lithium-ion,2853,Monduran BESS,Q00186,Eku Energy Projects (Australia) Pty Ltd as trustee for the Eku Energy Projects (Australia) Trust,ekuenergy_nr,QLD1,300,285301,MDBS_GU1,Battery Storage,Lithium-ion,,,Scheduled,68,6.9,6.9,469.2,469.2,1364.08,Publicly Announced,47664,2050,,46361,46167.48032407407,,,,,,,,,,,,,,,,,,,,,,,,,,,,,,,,,,,,,,,,,,,,,,,,,,,,,,,,,,,,,,,,,,,,,,,,,,,,,,,,,,,,,,,,,,,,,,,,,,,,,,,,,,,,,,,,,,,,,,,,,,,,,,,,,,,,,,,,,,,
236401|2364|MSF_GU1||Solar PV|Single Axis Tracking,2364,Moonah Solar Farm - KCI,V00056, Venn Energy Pty Ltd / Moonah Solar Project Pty Ltd,vennenergy_nr,VIC1,150,236401,MSF_GU1,Solar PV,Single Axis Tracking,,,Semi-scheduled,42,4.3,4.2,180.6,176.4,,Publicly Announced,47478,2059,,46361,46149.41877314815,,,,,,,,,,,,,,,,,,,,,,,,,,,,,,,,,,,,,,,,,,,,,,,,,,,,,,,,,,,,,,,,,,,,,,,,,,,,,,,,,,,,,,,,,,,,,,,,,,,,,,,,,,,,,,,,,,,,,,,,,,,,,,,,,,,,,,,,,,,
239801|2398|MOORBESS||Battery Storage|Lithium-ion,2398,Moorabool BESS,,Storenergy,storenergy_nr,VIC1,300,239801,MOORBESS,Battery Storage,Lithium-ion,,,Scheduled,280,1.07,1.07,299.6,299.6,1201.2,Publicly Announced,46569,2052,,46361,46154.367430555554,,,,,,,,,,,,,,,,,,,,,,,,,,,,,,,,,,,,,,,,,,,,,,,,,,,,,,,,,,,,,,,,,,,,,,,,,,,,,,,,,,,,,,,,,,,,,,,,,,,,,,,,,,,,,,,,,,,,,,,,,,,,,,,,,,,,,,,,,,,
142502|1425|MOORAWF|MOORAWF1|Wind|Onshore,1425,Moorabool Wind Farm,,Moorabool Wind Farm Interface Company Pty Ltd,goldwindaustralia_NR,VIC1,305,142502,MOORAWF,Wind,Onshore,,MOORAWF1,Semi-scheduled,104,,3,,312,,In Service,,2044,,46361,46177.47591435185,304.72,304.72,304.72,304.72,304.72,304.72,304.72,304.72,304.72,304.72,304.72,304.72,304.72,304.72,304.72,304.72,304.72,304.72,304.72,304.72,304.72,304.72,304.72,304.72,304.72,304.72,304.72,304.72,304.72,304.72,,,,,,,,,,,,,,,,,,,,,,,,,,,,,,,,,,,,,,,,,,,,,,,,,,,,,,,,,,,,,,,,,,,,,,,,,,,,,,,,,,,,,,,,,,,,,,,,,,,,,,,,,,,,,
221601|2216|MSF_BS1||Battery Storage|Lithium-ion,2216,Moorebank Logistics Park Project,N00087,Energy Bay Fund Management,,NSW1,120,221601,MSF_BS1,Battery Storage,Lithium-ion,,,Scheduled,1,,200,,200,,Publicly Announced,,,,46091,44945.72965277778,,,,,,,,,,,,,,,,,,,,,,,,,,,,,,,,,,,,,,,,,,,,,,,,,,,,,,,,,,,,,,,,,,,,,,,,,,,,,,,,,,,,,,,,,,,,,,,,,,,,,,,,,,,,,,,,,,,,,,,,,,,,,,,,,,,,,,,,,,,
221602|2216|MSF_GU1||Solar PV|Fixed,2216,Moorebank Logistics Park Project,N00087,Energy Bay Fund Management,,NSW1,120,221602,MSF_GU1,Solar PV,Fixed,,,Semi-scheduled,60,,2,,120,,Publicly Announced,,,,46091,44945.72965277778,,,,,,,,,,,,,,,,,,,,,,,,,,,,,,,,,,,,,,,,,,,,,,,,,,,,,,,,,,,,,,,,,,,,,,,,,,,,,,,,,,,,,,,,,,,,,,,,,,,,,,,,,,,,,,,,,,,,,,,,,,,,,,,,,,,,,,,,,,,
125001|1250|Moranbah Generation Project:1-8||Gas Turbine|Other,1250,Moranbah Generation Project,Q00208,SUSTAINABLE ENERGY INFRASTRUCTURE,sustainable_NR,QLD1,13,125001,Moranbah Generation Project:1-8,Gas Turbine,Other,Landfill Gas,,Non-scheduled,8,,1.57,,12.56,,In Service,,,,,46132.49123842592,,,,,,,,,,,,,,,,,,,,,,,,,,,,,,,,,,,,,,,,,,,,,,,,,,,,,,,,,,,,,,,,,,,,,,,,,,,,,,,,,,,,,,,,,,,,,,,,,,,,,,,,,,,,,,,,,,,,,,,,,,,,,,,,,,,,,,,,,,,
113601|1136|Moranbah North:1-21|MBAHNTH|Other|Other,1136,Moranbah North,,EDL Projects Australia Pty Ltd,MBAHNTH,QLD1,63,113601,Moranbah North:1-21,Other,Other,Landfill Gas,MBAHNTH,Non-scheduled,21,,3.04,,63.84,,In Service,,2038,,46091,46108.67223379629,,,,,,,,,,,,,,,,,,,,,,,,,,,,,,,,,,,,,,,,,,,,,,,,,,,,,,,,,,,,,,,,,,,,,,,,,,,,,,,,,,,,,,,,,,,,,,,,,,,,,,,,,,,,,,,,,,,,,,,,,,,,,,,,,,,,,,,,,,,
329201|3292|Moranbah Solar||Solar PV|Single Axis Tracking,3292,Moranbah Solar Farm and BESS,,Moranbah Solar Pty Ltd,grupocobra_nr,QLD1,145,329201,Moranbah Solar,Solar PV,Single Axis Tracking,,,Semi-scheduled,43,4.66,4.2,200.38,180.6,,Publicly Announced,47483,2055,,,46191.41672453703,,,,,,,,,,,,,,,,,,,,,,,,,,,,,,,,,,,,,,,,,,,,,,,,,,,,,,,,,,,,,,,,,,,,,,,,,,,,,,,,,,,,,,,,,,,,,,,,,,,,,,,,,,,,,,,,,,,,,,,,,,,,,,,,,,,,,,,,,,,
329202|3292|Moranbah Solar BESS||Battery Storage|Lithium-ion,3292,Moranbah Solar Farm and BESS,,Moranbah Solar Pty Ltd,grupocobra_nr,QLD1,145,329202,Moranbah Solar BESS,Battery Storage,Lithium-ion,,,Scheduled,18,4.02,3.62,72.36,65.16,260.64,Publicly Announced,47483,2056,,,46191.41672453703,,,,,,,,,,,,,,,,,,,,,,,,,,,,,,,,,,,,,,,,,,,,,,,,,,,,,,,,,,,,,,,,,,,,,,,,,,,,,,,,,,,,,,,,,,,,,,,,,,,,,,,,,,,,,,,,,,,,,,,,,,,,,,,,,,,,,,,,,,,
257401|2574|MBS_GU1||Battery Storage|Lithium-ion,2574,Moree BESS,N00135,AE BESS 2 PTY LTD AS TRUSTEE FOR AE BESS 2 UNIT TRUST ,avenisenergy_NR,NSW1,120,257401,MBS_GU1,Battery Storage,Lithium-ion,,,Scheduled,1,120,120,120,120,480,Publicly Announced,46568,2045,,46091,46091.56674768519,,,,,,,,,,,,,,,,,,,,,,,,,,,,,,,,,,,,,,,,,,,,,,,,,,,,,,,,,,,,,,,,,,,,,,,,,,,,,,,,,,,,,,,,,,,,,,,,,,,,,,,,,,,,,,,,,,,,,,,,,,,,,,,,,,,,,,,,,,,
131801|1318|Moree Solar Farm:1-56|MOREESF1|Solar PV|Single Axis Tracking,1318,Moree Solar Farm,,Moree Solar Farm Pty Ltd,MOREEAC,NSW1,56,131801,Moree Solar Farm:1-56,Solar PV,Single Axis Tracking,,MOREESF1,Semi-scheduled,56,1,1,56,56,,In Service,,2046,,46091,46101.74758101852,56,56,56,56,56,56,56,56,56,56,56,56,56,56,56,56,56,56,56,56,56,56,56,56,56,56,56,56,56,56,,,,,,,,,,,,,,,,,,,,,,,,,,,,,,,,,,,,,,,,,,,,,,,,,,,,,,,,,,,,,,,,,,,,,,,,,,,,,,,,,,,,,,,,,,,,,,,,,,,,,,,,,,,,,
261201|2612|MHWF_GU1||Wind|Onshore,2612,Moreton Hill Wind Farm,V00116,Moreton Hill Wind Farm Nominees Pty Ltd,squadronenergy_NR,VIC1,387.6,261201,MHWF_GU1,Wind,Onshore,,,Semi-scheduled,57,,6.8,,387.6,,Publicly Announced,47665,2059,,46091,46108.670266203706,,,,,,,,,,,,,,,,,,,,,,,,,,,,,,,,,,,,,,,,,,,,,,,,,,,,,,,,,,,,,,,,,,,,,,,,,,,,,,,,,,,,,,,,,,,,,,,,,,,,,,,,,,,,,,,,,,,,,,,,,,,,,,,,,,,,,,,,,,,
194501|1945|Mornington BESS 1|MRNBESS1|Battery Storage|Lithium-ion,1945,Mornington BESS,V00003,Mornington BESS Project Pty Ltd as Trustee of Mornington BESS Project Trust,valent-energy_nr,VIC1,240,194501,Mornington BESS 1,Battery Storage,Lithium-ion,,MRNBESS1,Scheduled,1,1,240,1,240,590,Committed,46234,2046,,46361,46160.73097222222,240,240,240,240,240,240,240,240,240,240,240,240,240,240,240,240,240,240,240,240,240,240,240,240,240,240,240,240,240,240,590,590,590,590,590,590,590,590,590,590,590,590,590,590,590,590,590,590,590,590,,,,,,,,,,,,,,,,,,,,,,,,,,,,,,,,,,,,,,,,,,,,,,,,,,,,,,,,,,,,,,,,,,,,,,,,,,,,,,,,,,,,,,,,,
113901|1139|MortEx21||Gas Turbine|OCGT,1139,Mortlake,,Origin Energy Power Limited,BORAL,VIC1,584,113901,MortEx21,Gas Turbine,OCGT,Natural Gas,,Scheduled,1,,50,,50,,Publicly Announced,,,,46091,46111.452685185184,,,,,,,,,,,,,,,,,,,,,,,,,,,,,,,,,,,,,,,,,,,,,,,,,,,,,,,,,,,,,,,,,,,,,,,,,,,,,,,,,,,,,,,,,,,,,,,,,,,,,,,,,,,,,,,,,,,,,,,,,,,,,,,,,,,,,,,,,,,
113902|1139|MortEx22||Gas Turbine|OCGT,1139,Mortlake,,Origin Energy Power Limited,BORAL,VIC1,584,113902,MortEx22,Gas Turbine,OCGT,Natural Gas,,Scheduled,1,,50,,50,,Publicly Announced,,,,46091,46111.452685185184,,,,,,,,,,,,,,,,,,,,,,,,,,,,,,,,,,,,,,,,,,,,,,,,,,,,,,,,,,,,,,,,,,,,,,,,,,,,,,,,,,,,,,,,,,,,,,,,,,,,,,,,,,,,,,,,,,,,,,,,,,,,,,,,,,,,,,,,,,,
113903|1139|MortEx23||Gas Turbine|OCGT,1139,Mortlake,,Origin Energy Power Limited,BORAL,VIC1,584,113903,MortEx23,Gas Turbine,OCGT,Natural Gas,,Scheduled,1,,50,,50,,Publicly Announced,,,,46091,46111.452685185184,,,,,,,,,,,,,,,,,,,,,,,,,,,,,,,,,,,,,,,,,,,,,,,,,,,,,,,,,,,,,,,,,,,,,,,,,,,,,,,,,,,,,,,,,,,,,,,,,,,,,,,,,,,,,,,,,,,,,,,,,,,,,,,,,,,,,,,,,,,
113904|1139|MortEx24||Gas Turbine|OCGT,1139,Mortlake,,Origin Energy Power Limited,BORAL,VIC1,584,113904,MortEx24,Gas Turbine,OCGT,Natural Gas,,Scheduled,1,,50,,50,,Publicly Announced,,,,46091,46111.452685185184,,,,,,,,,,,,,,,,,,,,,,,,,,,,,,,,,,,,,,,,,,,,,,,,,,,,,,,,,,,,,,,,,,,,,,,,,,,,,,,,,,,,,,,,,,,,,,,,,,,,,,,,,,,,,,,,,,,,,,,,,,,,,,,,,,,,,,,,,,,
113905|1139|Mortlake:1|MORTLK11|Gas Turbine|OCGT,1139,Mortlake,,Origin Energy Power Limited,BORAL,VIC1,584,113905,Mortlake:1,Gas Turbine,OCGT,Natural Gas,MORTLK11,Scheduled,1,,292,,292,,In Service,,2052,,46091,46111.452685185184,292,266,257,292,266,257,292,266,257,292,266,257,292,266,257,292,266,257,292,266,257,292,266,257,292,266,257,292,266,257,,,,,,,,,,,,,,,,,,,,,,,,,,,,,,,,,,,,,,,,,,,,,,,,,,,,,,,,,,,,,,,,,,,,,,,,,,,,,,,,,,,,,,,,,,,,,,,,,,,,,,,,,,,,,
113906|1139|Mortlake:2|MORTLK12|Gas Turbine|OCGT,1139,Mortlake,,Origin Energy Power Limited,BORAL,VIC1,584,113906,Mortlake:2,Gas Turbine,OCGT,Natural Gas,MORTLK12,Scheduled,1,,292,,292,,In Service,,2052,,46091,46111.452685185184,292,266,257,292,266,257,292,266,257,292,266,257,292,266,257,292,266,257,292,266,257,292,266,257,292,266,257,292,266,257,,,,,,,,,,,,,,,,,,,,,,,,,,,,,,,,,,,,,,,,,,,,,,,,,,,,,,,,,,,,,,,,,,,,,,,,,,,,,,,,,,,,,,,,,,,,,,,,,,,,,,,,,,,,,
188201|1882|MRTLKBT|MLB01|Battery Storage|Lithium-ion,1882,Mortlake Battery,V00018,BORAL,BORAL,VIC1,300,188201,MRTLKBT,Battery Storage,Lithium-ion,,MLB01,Scheduled,1,300,300,300,300,650,In Commissioning,46234,2056,,46361,46184.629479166666,250,300,300,300,300,300,300,300,300,300,300,300,300,300,300,300,300,300,300,300,300,300,300,300,300,300,300,300,300,300,650,650,650,650,650,650,650,650,650,650,650,650,650,650,650,650,650,650,650,650,,,,,,,,,,,,,,,,,,,,,,,,,,,,,,,,,,,,,,,,,,,,,,,,,,,,,,,,,,,,,,,,,,,,,,,,,,,,,,,,,,,,,,,,,
326402|3264|MRTLKBT2||Battery Storage|Lithium-ion,3264,Mortlake BESS 2 - KCI,V00202,Origin Energy Electricity Limited,BORAL,VIC1,500,326402,MRTLKBT2,Battery Storage,Lithium-ion,,,Scheduled,1,500,500,500,500,4000,Publicly Announced,47118,2058,,,46164.410520833335,,,,,,,,,,,,,,,,,,,,,,,,,,,,,,,,,,,,,,,,,,,,,,,,,,,,,,,,,,,,,,,,,,,,,,,,,,,,,,,,,,,,,,,,,,,,,,,,,,,,,,,,,,,,,,,,,,,,,,,,,,,,,,,,,,,,,,,,,,,
202201|2022|1||Battery Storage|Lithium-ion,2022,Mortlake Energy Hub,V00077,Yanara Australia Pty Ltd,Yanara_NR,VIC1,300,202201,1,Battery Storage,Lithium-ion,,,Scheduled,72,4.39,4.39,316.08,316.08,1440,Anticipated,46995,2068,,46361,46168.65613425926,0,0,0,0,0,0,176.88,268.056,268.056,268.056,268.056,268.056,268.056,268.056,268.056,268.056,268.056,268.056,268.056,268.056,268.056,268.056,268.056,268.056,268.056,268.056,268.056,268.056,268.056,268.056,0,0,0,0,800,1200,1236,1236,1209,1209,1185,1185,1127,1127,1109,1109,1094,1094,1078,1078,,,,,,,,,,,,,,,,,,,,,,,,,,,,,,,,,,,,,,,,,,,,,,,,,,,,,,,,,,,,,,,,,,,,,,,,,,,,,,,,,,,,,,,,,
202202|2022|2||Solar PV|Single Axis Tracking,2022,Mortlake Energy Hub,V00077,Yanara Australia Pty Ltd,Yanara_NR,VIC1,300,202202,2,Solar PV,Single Axis Tracking,,,Semi-scheduled,76,5.72,4.39,434.72,333.64,,Anticipated,46995,2068,,46361,46168.65613425926,0,0,0,0,0,0,197.98,299.972,299.972,290,299.972,299.972,299.972,299.972,299.972,299.972,299.972,299.972,299.972,299.972,299.972,299.972,299.972,299.972,299.972,299.972,299.972,299.972,299.972,299.972,,,,,,,,,,,,,,,,,,,,,,,,,,,,,,,,,,,,,,,,,,,,,,,,,,,,,,,,,,,,,,,,,,,,,,,,,,,,,,,,,,,,,,,,,,,,,,,,,,,,,,,,,,,,,
326101|3261|Mortlake Energy Hub Stage 2||Battery Storage|Lithium-ion,3261,Mortlake Energy Hub Stage 2 - KCI,V00198,BRIGHTNIGHT AUSTRALIA PTY LTD,Yanara_NR,VIC1,500,326101,Mortlake Energy Hub Stage 2,Battery Storage,Lithium-ion,,,Scheduled,1,,500,,500,,Publicly Announced,,,,46091,46120.39273148148,,,,,,,,,,,,,,,,,,,,,,,,,,,,,,,,,,,,,,,,,,,,,,,,,,,,,,,,,,,,,,,,,,,,,,,,,,,,,,,,,,,,,,,,,,,,,,,,,,,,,,,,,,,,,,,,,,,,,,,,,,,,,,,,,,,,,,,,,,,
324101|3241|MPS2||Gas Turbine|CCGT,3241,Mortlake Power Station 2,,Origin,BORAL,VIC1,385,324101,MPS2,Gas Turbine,CCGT,Natural Gas,,Scheduled,1,,385,,385,,Publicly Announced,47118,2068,,46091,46164.63619212963,,,,,,,,,,,,,,,,,,,,,,,,,,,,,,,,,,,,,,,,,,,,,,,,,,,,,,,,,,,,,,,,,,,,,,,,,,,,,,,,,,,,,,,,,,,,,,,,,,,,,,,,,,,,,,,,,,,,,,,,,,,,,,,,,,,,,,,,,,,
113801|1138|Mortlake South:1-35|MRTLSWF1|Wind|Onshore,1138,Mortlake South Wind Farm,,Mortlake South Wind Farm Pty Ltd,acciona_NR,VIC1,153,113801,Mortlake South:1-35,Wind,Onshore,,MRTLSWF1,Semi-scheduled,35,4.5,4.5,157.5,157.5,,In Service,,2047,,46091,46093.69075231482,152.985,152.985,0,152.985,152.985,0,152.985,152.985,0,152.985,152.985,0,152.985,152.985,0,152.985,152.985,0,152.985,152.985,0,152.985,152.985,0,152.985,152.985,0,152.985,152.985,0,,,,,,,,,,,,,,,,,,,,,,,,,,,,,,,,,,,,,,,,,,,,,,,,,,,,,,,,,,,,,,,,,,,,,,,,,,,,,,,,,,,,,,,,,,,,,,,,,,,,,,,,,,,,,
133101|1331|Mortons Lane Wind Farm:Units 1- 13|MLWF1|Wind|Onshore,1331,Mortons Lane Wind Farm,,Prime Renewables Pty Ltd,primerenewables_nr,VIC1,20.3,133101,Mortons Lane Wind Farm:Units 1- 13,Wind,Onshore,,MLWF1,Significant Non-scheduled,13,,1.5,,19.5,,In Service,,2035,,46361,46177.888645833336,,,,,,,,,,,,,,,,,,,,,,,,,,,,,,,,,,,,,,,,,,,,,,,,,,,,,,,,,,,,,,,,,,,,,,,,,,,,,,,,,,,,,,,,,,,,,,,,,,,,,,,,,,,,,,,,,,,,,,,,,,,,,,,,,,,,,,,,,,,
265401|2654|MOBS_GU1||Battery Storage|Lithium-ion,2654,Morwell BESS,V00137,TagEnergy Australia Pty Ltd,tagenergy_nr,VIC1,1000,265401,MOBS_GU1,Battery Storage,Lithium-ion,,,Scheduled,280,4.5,3.6,1260,1008,4029.2,Publicly Announced,47301,2059,,46361,46160.464849537035,,,,,,,,,,,,,,,,,,,,,,,,,,,,,,,,,,,,,,,,,,,,,,,,,,,,,,,,,,,,,,,,,,,,,,,,,,,,,,,,,,,,,,,,,,,,,,,,,,,,,,,,,,,,,,,,,,,,,,,,,,,,,,,,,,,,,,,,,,,
297001|2970|MB1B_GU1||Battery Storage|Lithium-ion,2970,Mount Britton BESS1,,firmpower_NR,agl_nr,QLD1,250,297001,MB1B_GU1,Battery Storage,Lithium-ion,,,Scheduled,1,,377.54,,377.54,1000,Publicly Announced,,,,46361,46164.57275462963,,,,,,,,,,,,,,,,,,,,,,,,,,,,,,,,,,,,,,,,,,,,,,,,,,,,,,,,,,,,,,,,,,,,,,,,,,,,,,,,,,,,,,,,,,,,,,,,,,,,,,,,,,,,,,,,,,,,,,,,,,,,,,,,,,,,,,,,,,,
297101|2971|MB2B_GU1||Battery Storage|Lithium-ion,2971,Mount Britton BESS2,,firmpower_NR,agl_nr,QLD1,250,297101,MB2B_GU1,Battery Storage,Lithium-ion,,,Scheduled,1,,377.54,,377.54,1000,Publicly Announced,,,,46091,46164.57234953704,,,,,,,,,,,,,,,,,,,,,,,,,,,,,,,,,,,,,,,,,,,,,,,,,,,,,,,,,,,,,,,,,,,,,,,,,,,,,,,,,,,,,,,,,,,,,,,,,,,,,,,,,,,,,,,,,,,,,,,,,,,,,,,,,,,,,,,,,,,
125801|1258|Mount Emerald:Units 1-53|MEWF1|Wind|Onshore,1258,Mount Emerald,,Ratch Australia,TOORAWF,QLD1,178.2,125801,Mount Emerald:Units 1-53,Wind,Onshore,,MEWF1,Semi-scheduled,53,,3.41,,180.73,,In Service,,2043,,46091,46161.5753125,180.465,180.465,166.95,180.465,180.465,166.95,180.465,180.465,166.95,180.465,180.465,166.95,180.465,180.465,166.95,180.465,180.465,166.95,180.465,180.465,166.95,180.465,180.465,166.95,180.465,180.465,166.95,180.465,180.465,166.95,,,,,,,,,,,,,,,,,,,,,,,,,,,,,,,,,,,,,,,,,,,,,,,,,,,,,,,,,,,,,,,,,,,,,,,,,,,,,,,,,,,,,,,,,,,,,,,,,,,,,,,,,,,,,
265501|2655|MFWF_GU1||Wind|Onshore,2655,Mount Fyans Wind Farm,V00138,Woolnorth Wind Farm Holding Pty Ltd,HTWIND,VIC1,550,265501,MFWF_GU1,Wind,Onshore,,,Semi-scheduled,81,,6.8,,550.8,,Publicly Announced,48400,2060,,46091,46163.56309027778,,,,,,,,,,,,,,,,,,,,,,,,,,,,,,,,,,,,,,,,,,,,,,,,,,,,,,,,,,,,,,,,,,,,,,,,,,,,,,,,,,,,,,,,,,,,,,,,,,,,,,,,,,,,,,,,,,,,,,,,,,,,,,,,,,,,,,,,,,,
306501|3065|MHBESS||Battery Storage|Lithium-ion,3065,Mount Hopeful BESS,,Neoen Australia Pty Ltd,neoen_NR,QLD1,300,306501,MHBESS,Battery Storage,Lithium-ion,,,Scheduled,1,430,430,430,430,1720,Publicly Announced,47483,2054,,46091,46014.51375,,,,,,,,,,,,,,,,,,,,,,,,,,,,,,,,,,,,,,,,,,,,,,,,,,,,,,,,,,,,,,,,,,,,,,,,,,,,,,,,,,,,,,,,,,,,,,,,,,,,,,,,,,,,,,,,,,,,,,,,,,,,,,,,,,,,,,,,,,,
240501|2405|MHWF||Wind|Onshore,2405,Mount Hopeful Wind Farm,Q00082,Mount Hopeful Wind Farm as trustee for Mount Hopeful Wind Farm Trust,neoen_NR,QLD1,370,240501,MHWF,Wind,Onshore,,,Semi-scheduled,50,7.4,7.4,370,370,,Publicly Announced,47664,2065,,46361,46169.67824074074,,,,,,,,,,,,,,,,,,,,,,,,,,,,,,,,,,,,,,,,,,,,,,,,,,,,,,,,,,,,,,,,,,,,,,,,,,,,,,,,,,,,,,,,,,,,,,,,,,,,,,,,,,,,,,,,,,,,,,,,,,,,,,,,,,,,,,,,,,,
295101|2951|MLWF_GU1||Wind|Onshore,2951,Mount Lambie Wind Farm,,Alinta Energy,alinta_nr,NSW1,200,295101,MLWF_GU1,Wind,Onshore,,,Semi-scheduled,20,7.2,7.2,144,144,,Publicly Announced,47879,2066,,46091,46114.489375,,,,,,,,,,,,,,,,,,,,,,,,,,,,,,,,,,,,,,,,,,,,,,,,,,,,,,,,,,,,,,,,,,,,,,,,,,,,,,,,,,,,,,,,,,,,,,,,,,,,,,,,,,,,,,,,,,,,,,,,,,,,,,,,,,,,,,,,,,,
295102|2951|MLWF_GU2||Battery Storage|Lithium-ion,2951,Mount Lambie Wind Farm,,Alinta Energy,alinta_nr,NSW1,200,295102,MLWF_GU2,Battery Storage,Lithium-ion,,,Scheduled,1,100,100,100,100,600,Publicly Announced,47879,2066,,46091,46114.489375,,,,,,,,,,,,,,,,,,,,,,,,,,,,,,,,,,,,,,,,,,,,,,,,,,,,,,,,,,,,,,,,,,,,,,,,,,,,,,,,,,,,,,,,,,,,,,,,,,,,,,,,,,,,,,,,,,,,,,,,,,,,,,,,,,,,,,,,,,,
188002|1880|MOUSF|MOUSF1|Solar PV|Single Axis Tracking,1880,Moura Solar Farm,,Moura Solar Farm SPV Pty Ltd as the Trustee for Moura Solar Farm Unit Trust,ox2_NR,QLD1,82,188002,MOUSF,Solar PV,Single Axis Tracking,,MOUSF1,Semi-scheduled,36,2.79,2.75,100.44,99,,In Service,,2057,,46091,46104.72054398148,81.72,81.72,81.72,81.72,81.72,81.72,81.72,81.72,81.72,81.72,81.72,81.72,81.72,81.72,81.72,81.72,81.72,81.72,81.72,81.72,81.72,81.72,81.72,81.72,81.72,81.72,81.72,81.72,81.72,81.72,,,,,,,,,,,,,,,,,,,,,,,,,,,,,,,,,,,,,,,,,,,,,,,,,,,,,,,,,,,,,,,,,,,,,,,,,,,,,,,,,,,,,,,,,,,,,,,,,,,,,,,,,,,,,
318401|3184|MACPHES_GU1||Hydro|Pumped Hydro,3184,Mt Arthur Pumped Hydro Energy Storage Project - KCI,N00266,Acciona Energy Australia Global Pty Ltd,acciona_NR,NSW1,1710,318401,MACPHES_GU1,Hydro,Pumped Hydro,,,Scheduled,6,,285,,1710,15390,Publicly Announced,50024,2116,,46091,46098.506053240744,,,,,,,,,,,,,,,,,,,,,,,,,,,,,,,,,,,,,,,,,,,,,,,,,,,,,,,,,,,,,,,,,,,,,,,,,,,,,,,,,,,,,,,,,,,,,,,,,,,,,,,,,,,,,,,,,,,,,,,,,,,,,,,,,,,,,,,,,,,
250501|2505|MCWF_GU1||Wind|Onshore,2505,Mt Challenger Wind Farm,,Alinta Energy,alinta_nr,QLD1,220,250501,MCWF_GU1,Wind,Onshore,,,Semi-scheduled,30,7.2,7.2,216,216,,Publicly Announced,47848,2070,,46091,46114.47709490741,,,,,,,,,,,,,,,,,,,,,,,,,,,,,,,,,,,,,,,,,,,,,,,,,,,,,,,,,,,,,,,,,,,,,,,,,,,,,,,,,,,,,,,,,,,,,,,,,,,,,,,,,,,,,,,,,,,,,,,,,,,,,,,,,,,,,,,,,,,
250502|2505|MCWF_GU2||Battery Storage|Lithium-ion,2505,Mt Challenger Wind Farm,,Alinta Energy,alinta_nr,QLD1,220,250502,MCWF_GU2,Battery Storage,Lithium-ion,,,Scheduled,1,60,60,60,60,720,Publicly Announced,47848,2070,,46091,46114.47709490741,,,,,,,,,,,,,,,,,,,,,,,,,,,,,,,,,,,,,,,,,,,,,,,,,,,,,,,,,,,,,,,,,,,,,,,,,,,,,,,,,,,,,,,,,,,,,,,,,,,,,,,,,,,,,,,,,,,,,,,,,,,,,,,,,,,,,,,,,,,
261001|2610|MDBS_GU1||Battery Storage|Lithium-ion,2610,Mt Doran BESS,V00111,Iberdrola Australia Development Pty Ltd,iberdrola_NR,VIC1,200,261001,MDBS_GU1,Battery Storage,Lithium-ion,,,Scheduled,1,,200,,200,400,Publicly Announced,,,,46091,46161.44225694444,,,,,,,,,,,,,,,,,,,,,,,,,,,,,,,,,,,,,,,,,,,,,,,,,,,,,,,,,,,,,,,,,,,,,,,,,,,,,,,,,,,,,,,,,,,,,,,,,,,,,,,,,,,,,,,,,,,,,,,,,,,,,,,,,,,,,,,,,,,
232201|2322|MTBS_GU1||Battery Storage|Lithium-ion,2322,Mt Fox BESS - ARENA,Q00008, Mount Fox BESS Pty Ltd,tagenergy_nr,QLD1,300,232201,MTBS_GU1,Battery Storage,Lithium-ion,,,Scheduled,1,,300,,300,600,Publicly Announced,47235,2049,,46361,46113.48653935185,,,,,,,,,,,,,,,,,,,,,,,,,,,,,,,,,,,,,,,,,,,,,,,,,,,,,,,,,,,,,,,,,,,,,,,,,,,,,,,,,,,,,,,,,,,,,,,,,,,,,,,,,,,,,,,,,,,,,,,,,,,,,,,,,,,,,,,,,,,
227201|2272|MFWF_GU1||Wind|Onshore,2272,Mt Fox Wind Farm,Q00147, Mount Fox Energy Park Pty Ltd,tagenergy_nr,QLD1,291.4,227201,MFWF_GU1,Wind,Onshore,,,Semi-scheduled,47,6.2,6.2,291.4,291.4,,Publicly Announced,48214,2060,,46361,46112.63024305556,,,,,,,,,,,,,,,,,,,,,,,,,,,,,,,,,,,,,,,,,,,,,,,,,,,,,,,,,,,,,,,,,,,,,,,,,,,,,,,,,,,,,,,,,,,,,,,,,,,,,,,,,,,,,,,,,,,,,,,,,,,,,,,,,,,,,,,,,,,
114101|1141|MGW11|MTGELWF1|Wind|Onshore,1141,Mt Gellibrand Wind Farm,,ACCIONA Energy,MTGELLWF,VIC1,132,114101,MGW11,Wind,Onshore,,MTGELWF1,Semi-scheduled,14,3.15,3.15,44.1,44.1,,In Service,,2043,,46091,46093.69337962963,41.048,41.048,0,41.048,41.048,0,41.048,41.048,0,41.048,41.048,0,41.048,41.048,0,41.048,41.048,0,41.048,41.048,0,41.048,41.048,0,41.048,41.048,0,41.048,41.048,0,,,,,,,,,,,,,,,,,,,,,,,,,,,,,,,,,,,,,,,,,,,,,,,,,,,,,,,,,,,,,,,,,,,,,,,,,,,,,,,,,,,,,,,,,,,,,,,,,,,,,,,,,,,,,
114102|1141|MGW12|MTGELWF1|Wind|Onshore,1141,Mt Gellibrand Wind Farm,,ACCIONA Energy,MTGELLWF,VIC1,132,114102,MGW12,Wind,Onshore,,MTGELWF1,Semi-scheduled,8,3.15,3.15,25.2,25.2,,In Service,,2043,,46091,46093.69337962963,23.456,23.456,0,23.456,23.456,0,23.456,23.456,0,23.456,23.456,0,23.456,23.456,0,23.456,23.456,0,23.456,23.456,0,23.456,23.456,0,23.456,23.456,0,23.456,23.456,0,,,,,,,,,,,,,,,,,,,,,,,,,,,,,,,,,,,,,,,,,,,,,,,,,,,,,,,,,,,,,,,,,,,,,,,,,,,,,,,,,,,,,,,,,,,,,,,,,,,,,,,,,,,,,
114103|1141|MGW21|MTGELWF1|Wind|Onshore,1141,Mt Gellibrand Wind Farm,,ACCIONA Energy,MTGELLWF,VIC1,132,114103,MGW21,Wind,Onshore,,MTGELWF1,Semi-scheduled,4,3.15,3.15,12.6,12.6,,In Service,,2043,,46091,46093.69337962963,11.728,11.728,0,11.728,11.728,0,11.728,11.728,0,11.728,11.728,0,11.728,11.728,0,11.728,11.728,0,11.728,11.728,0,11.728,11.728,0,11.728,11.728,0,11.728,11.728,0,,,,,,,,,,,,,,,,,,,,,,,,,,,,,,,,,,,,,,,,,,,,,,,,,,,,,,,,,,,,,,,,,,,,,,,,,,,,,,,,,,,,,,,,,,,,,,,,,,,,,,,,,,,,,
114104|1141|MGW22|MTGELWF1|Wind|Onshore,1141,Mt Gellibrand Wind Farm,,ACCIONA Energy,MTGELLWF,VIC1,132,114104,MGW22,Wind,Onshore,,MTGELWF1,Semi-scheduled,9,3.15,3.15,28.35,28.35,,In Service,,2043,,46091,46093.69337962963,26.388,26.388,0,26.388,26.388,0,26.388,26.388,0,26.388,26.388,0,26.388,26.388,0,26.388,26.388,0,26.388,26.388,0,26.388,26.388,0,26.388,26.388,0,26.388,26.388,0,,,,,,,,,,,,,,,,,,,,,,,,,,,,,,,,,,,,,,,,,,,,,,,,,,,,,,,,,,,,,,,,,,,,,,,,,,,,,,,,,,,,,,,,,,,,,,,,,,,,,,,,,,,,,
114105|1141|MGW23|MTGELWF1|Wind|Onshore,1141,Mt Gellibrand Wind Farm,,ACCIONA Energy,MTGELLWF,VIC1,132,114105,MGW23,Wind,Onshore,,MTGELWF1,Semi-scheduled,3,3.15,3.15,9.45,9.45,,In Service,,2043,,46091,46093.69337962963,8.796,8.796,0,8.796,8.796,0,8.796,8.796,0,8.796,8.796,0,8.796,8.796,0,8.796,8.796,0,8.796,8.796,0,8.796,8.796,0,8.796,8.796,0,8.796,8.796,0,,,,,,,,,,,,,,,,,,,,,,,,,,,,,,,,,,,,,,,,,,,,,,,,,,,,,,,,,,,,,,,,,,,,,,,,,,,,,,,,,,,,,,,,,,,,,,,,,,,,,,,,,,,,,
114106|1141|MGW24|MTGELWF1|Wind|Onshore,1141,Mt Gellibrand Wind Farm,,ACCIONA Energy,MTGELLWF,VIC1,132,114106,MGW24,Wind,Onshore,,MTGELWF1,Semi-scheduled,6,3.15,3.15,18.9,18.9,,In Service,,2043,,46091,46093.69337962963,17.592,17.592,0,17.592,17.592,0,17.592,17.592,0,17.592,17.592,0,17.592,17.592,0,17.592,17.592,0,17.592,17.592,0,17.592,17.592,0,17.592,17.592,0,17.592,17.592,0,,,,,,,,,,,,,,,,,,,,,,,,,,,,,,,,,,,,,,,,,,,,,,,,,,,,,,,,,,,,,,,,,,,,,,,,,,,,,,,,,,,,,,,,,,,,,,,,,,,,,,,,,,,,,
276801|2768|mtmercbe||Battery Storage|Lithium-ion,2768,Mt Mercer BESS,V00157,Foresight Australia,foresightgroupau_NR,VIC1,80,276801,mtmercbe,Battery Storage,Lithium-ion,,,Scheduled,1,,80,,80,160,Publicly Announced,,,,46091,46114.602534722224,,,,,,,,,,,,,,,,,,,,,,,,,,,,,,,,,,,,,,,,,,,,,,,,,,,,,,,,,,,,,,,,,,,,,,,,,,,,,,,,,,,,,,,,,,,,,,,,,,,,,,,,,,,,,,,,,,,,,,,,,,,,,,,,,,,,,,,,,,,
114201|1142|MtMercer|MERCER01|Wind|Onshore,1142,Mt Mercer Wind Farm,,Mt Mercer Windfarm Pty Ltd,MTMERCER,VIC1,131.2,114201,MtMercer,Wind,Onshore,,MERCER01,Semi-scheduled,64,,2.05,,131.2,,In Service,,2043,,46091,46114.542233796295,131.2,131.2,0,131.2,131.2,0,131.2,131.2,0,131.2,131.2,0,131.2,131.2,0,131.2,131.2,0,131.2,131.2,0,131.2,131.2,0,131.2,131.2,0,131.2,131.2,0,,,,,,,,,,,,,,,,,,,,,,,,,,,,,,,,,,,,,,,,,,,,,,,,,,,,,,,,,,,,,,,,,,,,,,,,,,,,,,,,,,,,,,,,,,,,,,,,,,,,,,,,,,,,,
114403|1144|Mt Piper 1|MP1|Coal|Black Coal,1144,Mt Piper,,EnergyAustralia NSW Pty Ltd,EASTENGY,NSW1,1430,114403,Mt Piper 1,Coal,Black Coal,,MP1,Scheduled,1,,730,,730,,In Service,,2040,,46091,46105.54765046296,730,710,705,730,710,705,730,710,705,730,710,705,730,710,705,730,710,705,730,710,705,730,710,705,730,710,705,730,710,705,,,,,,,,,,,,,,,,,,,,,,,,,,,,,,,,,,,,,,,,,,,,,,,,,,,,,,,,,,,,,,,,,,,,,,,,,,,,,,,,,,,,,,,,,,,,,,,,,,,,,,,,,,,,,
114404|1144|Mt Piper 2|MP2|Coal|Black Coal,1144,Mt Piper,,EnergyAustralia NSW Pty Ltd,EASTENGY,NSW1,1430,114404,Mt Piper 2,Coal,Black Coal,,MP2,Scheduled,1,,700,,700,,In Service,46418,2040,,46091,46105.54765046296,700,710,705,730,710,705,730,710,705,730,710,705,730,710,705,730,710,705,730,710,705,730,710,705,730,710,705,730,710,705,,,,,,,,,,,,,,,,,,,,,,,,,,,,,,,,,,,,,,,,,,,,,,,,,,,,,,,,,,,,,,,,,,,,,,,,,,,,,,,,,,,,,,,,,,,,,,,,,,,,,,,,,,,,,
241101|2411|Mt Piper BESS||Battery Storage|Lithium-ion,2411,Mt Piper BESS,N00113,Energy Australia Development Pty Ltd,EASTENGY,NSW1,250,241101,Mt Piper BESS,Battery Storage,Lithium-ion,,,Scheduled,90,2.8,2.8,252,252,999.9,Anticipated,47057,2048,,46361,46156.59253472222,0,0,0,0,0,0,0,250,250,250,250,250,250,250,250,250,250,250,250,250,250,250,250,250,250,250,250,250,250,250,0,0,0,0,0,1000,1000,1000,1000,1000,1000,1000,1000,1000,1000,1000,1000,1000,1000,1000,,,,,,,,,,,,,,,,,,,,,,,,,,,,,,,,,,,,,,,,,,,,,,,,,,,,,,,,,,,,,,,,,,,,,,,,,,,,,,,,,,,,,,,,,
227401|2274|MRPH_GU1||Hydro|Pumped Hydro,2274,Mt Rawdon Pumped Hydro Energy Storage Project - KCI,Q00015, Mount Rawdon Pty Ltd,icapartners_NR,QLD1,2040,227401,MRPH_GU1,Hydro,Pumped Hydro,,,Scheduled,4,,340,,1360,28000,Publicly Announced,49856,2136,,46361,46149.650775462964,,,,,,,,,,,,,,,,,,,,,,,,,,,,,,,,,,,,,,,,,,,,,,,,,,,,,,,,,,,,,,,,,,,,,,,,,,,,,,,,,,,,,,,,,,,,,,,,,,,,,,,,,,,,,,,,,,,,,,,,,,,,,,,,,,,,,,,,,,,
114501|1145|Mt Stuart:1|MSTUART1|Gas Turbine|OCGT,1145,Mt Stuart,,Origin Energy Mt Stuart,BORAL,QLD1,443,114501,Mt Stuart:1,Gas Turbine,OCGT,Diesel/ Fuel Oil,MSTUART1,Scheduled,1,,146,,146,,In Service,,2038,,46091,46111.453148148146,140,139,135,140,139,135,140,139,135,140,139,135,140,139,135,140,139,135,140,139,135,140,139,135,140,139,135,140,139,135,,,,,,,,,,,,,,,,,,,,,,,,,,,,,,,,,,,,,,,,,,,,,,,,,,,,,,,,,,,,,,,,,,,,,,,,,,,,,,,,,,,,,,,,,,,,,,,,,,,,,,,,,,,,,
114502|1145|Mt Stuart:2|MSTUART2|Gas Turbine|OCGT,1145,Mt Stuart,,Origin Energy Mt Stuart,BORAL,QLD1,443,114502,Mt Stuart:2,Gas Turbine,OCGT,Diesel/ Fuel Oil,MSTUART2,Scheduled,1,,146,,146,,In Service,,2038,,46091,46111.453148148146,140,139,135,140,139,135,140,139,135,140,139,135,140,139,135,140,139,135,140,139,135,140,139,135,140,139,135,140,139,135,,,,,,,,,,,,,,,,,,,,,,,,,,,,,,,,,,,,,,,,,,,,,,,,,,,,,,,,,,,,,,,,,,,,,,,,,,,,,,,,,,,,,,,,,,,,,,,,,,,,,,,,,,,,,
114503|1145|Mt Stuart:3|MSTUART3|Gas Turbine|OCGT,1145,Mt Stuart,,Origin Energy Mt Stuart,BORAL,QLD1,443,114503,Mt Stuart:3,Gas Turbine,OCGT,Diesel/ Fuel Oil,MSTUART3,Scheduled,1,,131.5,,131.5,,In Service,,2049,,46091,46111.453148148146,120,118,117,120,118,117,120,118,117,120,118,117,120,118,117,120,118,117,120,118,117,120,118,117,120,118,117,120,118,117,,,,,,,,,,,,,,,,,,,,,,,,,,,,,,,,,,,,,,,,,,,,,,,,,,,,,,,,,,,,,,,,,,,,,,,,,,,,,,,,,,,,,,,,,,,,,,,,,,,,,,,,,,,,,
280701|2807|MLLFRHF1||Gas Turbine|Biomass,2807,Mugga Lane Renewable Hybrid,,LGIGEN,LGIGEN,NSW1,18,280701,MLLFRHF1,Gas Turbine,Biomass,Biofuel/Biomass,,Non-scheduled,6,,1.07,,6.42,,Committed,,2044,,46361,46184.62913194444,,,,,,,,,,,,,,,,,,,,,,,,,,,,,,,,,,,,,,,,,,,,,,,,,,,,,,,,,,,,,,,,,,,,,,,,,,,,,,,,,,,,,,,,,,,,,,,,,,,,,,,,,,,,,,,,,,,,,,,,,,,,,,,,,,,,,,,,,,,
280702|2807|MLLFRHF2||Battery Storage|Lithium-ion,2807,Mugga Lane Renewable Hybrid,,LGIGEN,LGIGEN,NSW1,18,280702,MLLFRHF2,Battery Storage,Lithium-ion,,,Scheduled,3,1.93,1.93,5.79,5.79,11.55,Committed*,46218,2044,,46361,46184.62913194444,5,5,5,5,5,5,5,5,5,5,5,5,5,5,5,5,5,5,5,5,5,5,5,5,5,5,5,5,5,5,11.5,11.5,11.3,11.3,11,11,10.8,10.8,10.6,10.6,10.4,10.4,10.2,10.2,10,10,9.8,9.8,9.6,9.6,,,,,,,,,,,,,,,,,,,,,,,,,,,,,,,,,,,,,,,,,,,,,,,,,,,,,,,,,,,,,,,,,,,,,,,,,,,,,,,,,,,,,,,,,
280703|2807|MLLFRHF3||Battery Storage|Lithium-ion,2807,Mugga Lane Renewable Hybrid,,LGIGEN,LGIGEN,NSW1,18,280703,MLLFRHF3,Battery Storage,Lithium-ion,,,Scheduled,3,1.93,1.93,5.79,5.79,11.55,Committed*,46218,2044,,46361,46184.62913194444,5,5,5,5,5,5,5,5,5,5,5,5,5,5,5,5,5,5,5,5,5,5,5,5,5,5,5,5,5,5,11.5,11.5,11.3,11.3,11,11,10.8,10.8,10.6,10.6,10.4,10.4,10.2,10.2,10,10,9.8,9.8,9.6,9.6,,,,,,,,,,,,,,,,,,,,,,,,,,,,,,,,,,,,,,,,,,,,,,,,,,,,,,,,,,,,,,,,,,,,,,,,,,,,,,,,,,,,,,,,,
130601|1306|Mulgrave Central Mill:Unit 1||Gas Turbine|Steam Turbine,1306,Mulgrave Central Mill,,MSF Sugar,msfsugar_NR,QLD1,2.5,130601,Mulgrave Central Mill:Unit 1,Gas Turbine,Steam Turbine,Other,,Non-scheduled,1,,9,,9,,In Service,,,,46091,46043.65373842593,,,,,,,,,,,,,,,,,,,,,,,,,,,,,,,,,,,,,,,,,,,,,,,,,,,,,,,,,,,,,,,,,,,,,,,,,,,,,,,,,,,,,,,,,,,,,,,,,,,,,,,,,,,,,,,,,,,,,,,,,,,,,,,,,,,,,,,,,,,
291401|2914|MCWF_GU1||Solar PV|Fixed,2914,Mullion Creek Wind Farm,N00215,Mullion Creek Wind Farm P/L,mullion_nr,NSW1,250,291401,MCWF_GU1,Solar PV,Fixed,,,Semi-scheduled,33,,7.58,,250.14,,Publicly Announced,,,,45901,45667.7040625,,,,,,,,,,,,,,,,,,,,,,,,,,,,,,,,,,,,,,,,,,,,,,,,,,,,,,,,,,,,,,,,,,,,,,,,,,,,,,,,,,,,,,,,,,,,,,,,,,,,,,,,,,,,,,,,,,,,,,,,,,,,,,,,,,,,,,,,,,,
309801|3098|MWBS_GU1||Battery Storage|Lithium-ion,3098,Mulwala BESS,,European Energy,europeanenergy_nr,NSW1,25,309801,MWBS_GU1,Battery Storage,Lithium-ion,,,Scheduled,1,,25,,25,50,Publicly Announced,,,,46091,46104.41594907407,,,,,,,,,,,,,,,,,,,,,,,,,,,,,,,,,,,,,,,,,,,,,,,,,,,,,,,,,,,,,,,,,,,,,,,,,,,,,,,,,,,,,,,,,,,,,,,,,,,,,,,,,,,,,,,,,,,,,,,,,,,,,,,,,,,,,,,,,,,
199801|1998|MULWASF|MULWASF1|Solar PV|Single Axis Tracking,1998,Mulwala Solar Farm,,ESCO Solar Farm 1 Pty Ltd as trustee for the ESCO Solar Farm 1 Trust,europeanenergy_nr,NSW1,25,199801,MULWASF,Solar PV,Single Axis Tracking,,MULWASF1,Semi-scheduled,19,2.13,1.64,40.47,31.16,,In Commissioning,46174,2056,,46361,46162.63990740741,25.08,25.08,25.08,25.08,25.08,25.08,25.08,25.08,25.08,25.08,25.08,25.08,25.08,25.08,25.08,25.08,25.08,25.08,25.08,25.08,25.08,25.08,25.08,25.08,25.08,25.08,25.08,25.08,25.08,25.08,,,,,,,,,,,,,,,,,,,,,,,,,,,,,,,,,,,,,,,,,,,,,,,,,,,,,,,,,,,,,,,,,,,,,,,,,,,,,,,,,,,,,,,,,,,,,,,,,,,,,,,,,,,,,
190501|1905|MunnaCK|MUCRKSF1|Solar PV|Single Axis Tracking,1905,Munna Creek Solar Farm,,Munna Creek Solar Farm Investments Pty Ltd as trustee for the Munna Creek Solar Farm Trust,mrenewables_nr,QLD1,120,190501,MunnaCK,Solar PV,Single Axis Tracking,,MUCRKSF1,Semi-scheduled,56,2.75,2.75,154,154,,In Commissioning,46046,2053,,46361,46166.59392361111,119.84,119.84,119.84,119.84,119.84,119.84,119.84,119.84,119.84,119.84,119.84,119.84,119.84,119.84,119.84,119.84,119.84,119.84,119.84,119.84,119.84,119.84,119.84,119.84,119.84,119.84,119.84,,,,,,,,,,,,,,,,,,,,,,,,,,,,,,,,,,,,,,,,,,,,,,,,,,,,,,,,,,,,,,,,,,,,,,,,,,,,,,,,,,,,,,,,,,,,,,,,,,,,,,,,,,,,,,,,
326801|3268|Murchs Corner BESS||Battery Storage|Lithium-ion,3268,Murchs Corner BESS - KCI,V00203,Murchs’ Corner Energy Pty Ltd,,VIC1,500,326801,Murchs Corner BESS,Battery Storage,Lithium-ion,,,Scheduled,1,,500,,500,,Publicly Announced,,,,46091,46127.52768518519,,,,,,,,,,,,,,,,,,,,,,,,,,,,,,,,,,,,,,,,,,,,,,,,,,,,,,,,,,,,,,,,,,,,,,,,,,,,,,,,,,,,,,,,,,,,,,,,,,,,,,,,,,,,,,,,,,,,,,,,,,,,,,,,,,,,,,,,,,,
307101|3071|MUEH_GU1||Other|Other,3071,Murilla Energy Hub,Q00243,APA Power Holdings Pty Ltd,,QLD1,1155,307101,MUEH_GU1,Other,Other,,,Semi-scheduled,1,,1155,,1155,,Publicly Announced,,,,46091,45841.95332175926,,,,,,,,,,,,,,,,,,,,,,,,,,,,,,,,,,,,,,,,,,,,,,,,,,,,,,,,,,,,,,,,,,,,,,,,,,,,,,,,,,,,,,,,,,,,,,,,,,,,,,,,,,,,,,,,,,,,,,,,,,,,,,,,,,,,,,,,,,,
323601|3236|SGT_GU1||Gas Turbine|OCGT,3236,Murilla GPG,,APA Power Holdings Pty Ltd,apa_NR,QLD1,750,323601,SGT_GU1,Gas Turbine,OCGT,Other,,Scheduled,2,,375,,750,,Publicly Announced,48214,2045,,46361,46161.432071759256,,,,,,,,,,,,,,,,,,,,,,,,,,,,,,,,,,,,,,,,,,,,,,,,,,,,,,,,,,,,,,,,,,,,,,,,,,,,,,,,,,,,,,,,,,,,,,,,,,,,,,,,,,,,,,,,,,,,,,,,,,,,,,,,,,,,,,,,,,,
126202|1262|MWWF1|MUWAWF1|Wind|Onshore,1262,Murra Warra Wind Farm - stage 1,,Murra Warra Project Co Pty Ltd,MWARRA,VIC1,225.7,126202,MWWF1,Wind,Onshore,,MUWAWF1,Semi-scheduled,61,3.7,3.7,225.7,225.7,,In Service,,2049,,46091,46100.65230324074,225.7,225.7,176.046,225.7,225.7,176.046,225.7,225.7,176.046,225.7,225.7,176.046,225.7,225.7,176.046,225.7,225.7,176.046,225.7,225.7,176.046,225.7,225.7,176.046,225.7,225.7,176.046,225.7,225.7,176.046,,,,,,,,,,,,,,,,,,,,,,,,,,,,,,,,,,,,,,,,,,,,,,,,,,,,,,,,,,,,,,,,,,,,,,,,,,,,,,,,,,,,,,,,,,,,,,,,,,,,,,,,,,,,,
150601|1506|Murra Warra Wind Farm - stage 2:1-55|MUWAWF2|Wind|Onshore,1506,Murra Warra Wind Farm - stage 2,,Murra Warra II Project Co Pty Ltd as Trustee for the Murra Warra II Project Trust,squadronenergy_NR,VIC1,203.5,150601,Murra Warra Wind Farm - stage 2:1-55,Wind,Onshore,,MUWAWF2,Semi-scheduled,38,,5.5,,209,,In Service,,2052,,46091,46102.69400462963,209,209,189.24,209,209,189.24,209,209,189.24,209,209,189.24,209,209,189.24,209,209,189.24,209,209,189.24,209,209,189.24,209,209,189.24,209,209,189.24,,,,,,,,,,,,,,,,,,,,,,,,,,,,,,,,,,,,,,,,,,,,,,,,,,,,,,,,,,,,,,,,,,,,,,,,,,,,,,,,,,,,,,,,,,,,,,,,,,,,,,,,,,,,,
114701|1147|Murray 1:1|MURRAY|Hydro|Dam,1147,Murray 1,,Snowy Hydro Ltd,SNOWY,VIC1,950,114701,Murray 1:1,Hydro,Dam,,MURRAY,Scheduled,1,,95,,95,,In Service,,2070,,46091,46176.512708333335,0,0,0,95,95,95,95,95,95,95,95,95,95,95,95,95,95,95,95,0,0,0,95,95,95,95,95,95,95,95,,,,,,,,,,,,,,,,,,,,,,,,,,,,,,,,,,,,,,,,,,,,,,,,,,,,,,,,,,,,,,,,,,,,,,,,,,,,,,,,,,,,,,,,,,,,,,,,,,,,,,,,,,,,,
114702|1147|Murray 1:10|MURRAY|Hydro|Dam,1147,Murray 1,,Snowy Hydro Ltd,SNOWY,VIC1,950,114702,Murray 1:10,Hydro,Dam,,MURRAY,Scheduled,1,,95,,95,,In Service,,2070,,46091,46176.512708333335,95,95,95,95,95,95,95,95,95,95,95,95,95,95,95,0,0,0,95,95,95,95,95,95,95,95,95,95,95,95,,,,,,,,,,,,,,,,,,,,,,,,,,,,,,,,,,,,,,,,,,,,,,,,,,,,,,,,,,,,,,,,,,,,,,,,,,,,,,,,,,,,,,,,,,,,,,,,,,,,,,,,,,,,,
114703|1147|Murray 1:2|MURRAY|Hydro|Dam,1147,Murray 1,,Snowy Hydro Ltd,SNOWY,VIC1,950,114703,Murray 1:2,Hydro,Dam,,MURRAY,Scheduled,1,,95,,95,,In Service,,2070,,46091,46176.512708333335,95,95,95,95,95,95,95,95,95,95,95,95,95,95,95,95,95,95,95,95,95,95,95,95,0,0,0,95,95,95,,,,,,,,,,,,,,,,,,,,,,,,,,,,,,,,,,,,,,,,,,,,,,,,,,,,,,,,,,,,,,,,,,,,,,,,,,,,,,,,,,,,,,,,,,,,,,,,,,,,,,,,,,,,,
114704|1147|Murray 1:3|MURRAY|Hydro|Dam,1147,Murray 1,,Snowy Hydro Ltd,SNOWY,VIC1,950,114704,Murray 1:3,Hydro,Dam,,MURRAY,Scheduled,1,,95,,95,,In Service,,2070,,46091,46176.512708333335,95,95,95,95,95,95,95,95,95,95,95,95,95,95,95,95,95,95,95,95,95,95,95,95,95,95,95,0,95,95,,,,,,,,,,,,,,,,,,,,,,,,,,,,,,,,,,,,,,,,,,,,,,,,,,,,,,,,,,,,,,,,,,,,,,,,,,,,,,,,,,,,,,,,,,,,,,,,,,,,,,,,,,,,,
114705|1147|Murray 1:4|MURRAY|Hydro|Dam,1147,Murray 1,,Snowy Hydro Ltd,SNOWY,VIC1,950,114705,Murray 1:4,Hydro,Dam,,MURRAY,Scheduled,1,,95,,95,,In Service,,2070,,46091,46176.512708333335,95,95,95,95,95,95,95,95,95,95,0,0,0,95,95,95,95,95,95,95,95,95,95,95,95,95,95,95,95,95,,,,,,,,,,,,,,,,,,,,,,,,,,,,,,,,,,,,,,,,,,,,,,,,,,,,,,,,,,,,,,,,,,,,,,,,,,,,,,,,,,,,,,,,,,,,,,,,,,,,,,,,,,,,,
114706|1147|Murray 1:5|MURRAY|Hydro|Dam,1147,Murray 1,,Snowy Hydro Ltd,SNOWY,VIC1,950,114706,Murray 1:5,Hydro,Dam,,MURRAY,Scheduled,1,,95,,95,,In Service,,2070,,46091,46176.512708333335,95,95,95,95,95,95,95,95,95,95,95,95,95,95,95,95,95,95,95,95,95,95,0,0,95,95,95,95,95,95,,,,,,,,,,,,,,,,,,,,,,,,,,,,,,,,,,,,,,,,,,,,,,,,,,,,,,,,,,,,,,,,,,,,,,,,,,,,,,,,,,,,,,,,,,,,,,,,,,,,,,,,,,,,,
114707|1147|Murray 1:6|MURRAY|Hydro|Dam,1147,Murray 1,,Snowy Hydro Ltd,SNOWY,VIC1,950,114707,Murray 1:6,Hydro,Dam,,MURRAY,Scheduled,1,,95,,95,,In Service,,2070,,46091,46176.512708333335,95,95,95,95,0,0,0,95,95,95,95,95,95,95,95,95,95,95,95,95,95,95,95,95,95,95,95,95,95,95,,,,,,,,,,,,,,,,,,,,,,,,,,,,,,,,,,,,,,,,,,,,,,,,,,,,,,,,,,,,,,,,,,,,,,,,,,,,,,,,,,,,,,,,,,,,,,,,,,,,,,,,,,,,,
114708|1147|Murray 1:7|MURRAY|Hydro|Dam,1147,Murray 1,,Snowy Hydro Ltd,SNOWY,VIC1,950,114708,Murray 1:7,Hydro,Dam,,MURRAY,Scheduled,1,,95,,95,,In Service,,2070,,46091,46176.512708333335,95,95,95,95,95,95,95,95,95,95,95,95,95,0,0,95,95,95,95,95,95,95,95,95,95,95,95,95,95,95,,,,,,,,,,,,,,,,,,,,,,,,,,,,,,,,,,,,,,,,,,,,,,,,,,,,,,,,,,,,,,,,,,,,,,,,,,,,,,,,,,,,,,,,,,,,,,,,,,,,,,,,,,,,,
114709|1147|Murray 1:8|MURRAY|Hydro|Dam,1147,Murray 1,,Snowy Hydro Ltd,SNOWY,VIC1,950,114709,Murray 1:8,Hydro,Dam,,MURRAY,Scheduled,1,,95,,95,,In Service,,2070,,46091,46176.512708333335,95,95,95,95,95,95,95,95,95,95,95,95,95,95,95,95,95,95,0,95,95,95,95,95,95,95,95,95,95,95,,,,,,,,,,,,,,,,,,,,,,,,,,,,,,,,,,,,,,,,,,,,,,,,,,,,,,,,,,,,,,,,,,,,,,,,,,,,,,,,,,,,,,,,,,,,,,,,,,,,,,,,,,,,,
114710|1147|Murray 1:9|MURRAY|Hydro|Dam,1147,Murray 1,,Snowy Hydro Ltd,SNOWY,VIC1,950,114710,Murray 1:9,Hydro,Dam,,MURRAY,Scheduled,1,,95,,95,,In Service,,2070,,46091,46176.512708333335,95,95,95,95,95,95,95,0,0,0,95,95,95,95,95,95,95,95,95,95,95,95,95,95,95,95,95,95,95,95,,,,,,,,,,,,,,,,,,,,,,,,,,,,,,,,,,,,,,,,,,,,,,,,,,,,,,,,,,,,,,,,,,,,,,,,,,,,,,,,,,,,,,,,,,,,,,,,,,,,,,,,,,,,,
114801|1148|Murray 2:1|MURRAY|Hydro|Dam,1148,Murray 2,,Snowy Hydro Ltd,SNOWY,VIC1,625,114801,Murray 2:1,Hydro,Dam,,MURRAY,Scheduled,1,,150,,150,,In Service,,2070,,46091,46164.47875,150,150,150,150,150,150,150,150,150,150,150,150,150,150,150,150,150,150,150,150,150,150,150,150,150,150,150,150,150,150,,,,,,,,,,,,,,,,,,,,,,,,,,,,,,,,,,,,,,,,,,,,,,,,,,,,,,,,,,,,,,,,,,,,,,,,,,,,,,,,,,,,,,,,,,,,,,,,,,,,,,,,,,,,,
114802|1148|Murray 2:2|MURRAY|Hydro|Dam,1148,Murray 2,,Snowy Hydro Ltd,SNOWY,VIC1,625,114802,Murray 2:2,Hydro,Dam,,MURRAY,Scheduled,1,,150,,150,,In Service,,2070,,46091,46164.47875,150,150,150,150,150,150,150,150,150,150,150,150,150,150,150,150,150,150,150,150,150,150,150,150,150,150,150,150,150,150,,,,,,,,,,,,,,,,,,,,,,,,,,,,,,,,,,,,,,,,,,,,,,,,,,,,,,,,,,,,,,,,,,,,,,,,,,,,,,,,,,,,,,,,,,,,,,,,,,,,,,,,,,,,,
114803|1148|Murray 2:3|MURRAY|Hydro|Dam,1148,Murray 2,,Snowy Hydro Ltd,SNOWY,VIC1,625,114803,Murray 2:3,Hydro,Dam,,MURRAY,Scheduled,1,,150,,150,,In Service,,2070,,46091,46164.47875,0,150,150,150,150,150,150,150,150,150,150,150,150,150,150,150,150,150,150,150,150,150,150,150,150,150,150,150,150,150,,,,,,,,,,,,,,,,,,,,,,,,,,,,,,,,,,,,,,,,,,,,,,,,,,,,,,,,,,,,,,,,,,,,,,,,,,,,,,,,,,,,,,,,,,,,,,,,,,,,,,,,,,,,,
114804|1148|Murray 2:4|MURRAY|Hydro|Dam,1148,Murray 2,,Snowy Hydro Ltd,SNOWY,VIC1,625,114804,Murray 2:4,Hydro,Dam,,MURRAY,Scheduled,1,,150,,150,,In Service,,2070,,46091,46164.47875,150,150,150,0,150,150,150,150,150,150,150,150,150,150,150,150,150,150,150,150,150,150,150,150,150,150,150,150,150,150,,,,,,,,,,,,,,,,,,,,,,,,,,,,,,,,,,,,,,,,,,,,,,,,,,,,,,,,,,,,,,,,,,,,,,,,,,,,,,,,,,,,,,,,,,,,,,,,,,,,,,,,,,,,,
271501|2715|MBBS_GU1||Battery Storage|Lithium-ion,2715,Murrumburrah BESS - KCI,N00156,FIrm Power P/L,agl_nr,NSW1,100,271501,MBBS_GU1,Battery Storage,Lithium-ion,,,Scheduled,52,1.93,1.93,100.36,100.36,200.2,Publicly Announced,47838,2050,,46091,46164.57067129629,,,,,,,,,,,,,,,,,,,,,,,,,,,,,,,,,,,,,,,,,,,,,,,,,,,,,,,,,,,,,,,,,,,,,,,,,,,,,,,,,,,,,,,,,,,,,,,,,,,,,,,,,,,,,,,,,,,,,,,,,,,,,,,,,,,,,,,,,,,
277501|2775|musksf||Solar PV|Fixed,2775,Muskerry Solar Power Station - KCI,V00155,Edify Energy Pty Ltd,edifyenergy_NR,VIC1,200,277501,musksf,Solar PV,Fixed,,,Semi-scheduled,1,,200,,200,,Publicly Announced,,,,46361,46164.708333333336,,,,,,,,,,,,,,,,,,,,,,,,,,,,,,,,,,,,,,,,,,,,,,,,,,,,,,,,,,,,,,,,,,,,,,,,,,,,,,,,,,,,,,,,,,,,,,,,,,,,,,,,,,,,,,,,,,,,,,,,,,,,,,,,,,,,,,,,,,,
297201|2972|MBB1||Battery Storage|Lithium-ion,2972,Muswellbrook BESS,,firmpower_NR,agl_nr,NSW1,150,297201,MBB1,Battery Storage,Lithium-ion,,,Scheduled,82,1.93,1.93,158.26,158.26,315.7,Anticipated,47110,2048,,46361,46167.413252314815,0,0,0,0,0,0,0,150,150,150,150,150,150,150,150,150,150,150,150,150,150,150,150,150,150,150,150,150,150,150,0,0,0,0,0,300,300,300,300,300,300,300,300,300,300,300,300,300,300,300,,,,,,,,,,,,,,,,,,,,,,,,,,,,,,,,,,,,,,,,,,,,,,,,,,,,,,,,,,,,,,,,,,,,,,,,,,,,,,,,,,,,,,,,,
169701|1697|0||Hydro|Pumped Hydro,1697,Muswellbrook Pumped Hydro,N00103,AGL Energy Limited,MACQGEN,NSW1,400,169701,0,Hydro,Pumped Hydro,,,Scheduled,1,,400,,400,3200,Publicly Announced,,,,46361,46105.4116087963,,,,,,,,,,,,,,,,,,,,,,,,,,,,,,,,,,,,,,,,,,,,,,,,,,,,,,,,,,,,,,,,,,,,,,,,,,,,,,,,,,,,,,,,,,,,,,,,,,,,,,,,,,,,,,,,,,,,,,,,,,,,,,,,,,,,,,,,,,,
279401|2794|MBSF_GU1||Solar PV|Fixed,2794,Muswellbrook Solar Farm,,Ox2,ox2_NR,NSW1,135,279401,MBSF_GU1,Solar PV,Fixed,,,Semi-scheduled,41,6.5,4.2,266.5,172.2,,Anticipated,47118,2058,,46361,46156.611030092594,0,0,0,0,0,0,0,135,135,135,135,135,135,135,135,135,135,135,135,135,135,135,135,135,135,135,135,135,135,135,,,,,,,,,,,,,,,,,,,,,,,,,,,,,,,,,,,,,,,,,,,,,,,,,,,,,,,,,,,,,,,,,,,,,,,,,,,,,,,,,,,,,,,,,,,,,,,,,,,,,,,,,,,,,
279701|2797|MCBS_GU1||Battery Storage|Lithium-ion,2797,Myrtle Creek BESS,,ARK Energy Corporation Pty Ltd,arkenergy_nr,NSW1,275,279701,MCBS_GU1,Battery Storage,Lithium-ion,,,Scheduled,1,,275,,275,2200,Publicly Announced,,,,46091,45729.07349537037,,,,,,,,,,,,,,,,,,,,,,,,,,,,,,,,,,,,,,,,,,,,,,,,,,,,,,,,,,,,,,,,,,,,,,,,,,,,,,,,,,,,,,,,,,,,,,,,,,,,,,,,,,,,,,,,,,,,,,,,,,,,,,,,,,,,,,,,,,,
219701|2197|NHP_SF||Solar PV|Single Axis Tracking,2197,Narrabri Hybrid Project,N00059,Narrabri Genesis Hold Pty Ltd ATF Narrabri Genesis Hold Trust,tagenergy_nr,NSW1,100,219701,NHP_SF,Solar PV,Single Axis Tracking,,,Semi-scheduled,29,4.4,3.44,127.6,99.76,,Publicly Announced,47362,2059,,46361,46184.41961805556,,,,,,,,,,,,,,,,,,,,,,,,,,,,,,,,,,,,,,,,,,,,,,,,,,,,,,,,,,,,,,,,,,,,,,,,,,,,,,,,,,,,,,,,,,,,,,,,,,,,,,,,,,,,,,,,,,,,,,,,,,,,,,,,,,,,,,,,,,,
219703|2197|NHP_BESS||Battery Storage|Lithium-ion,2197,Narrabri Hybrid Project,N00059,Narrabri Genesis Hold Pty Ltd ATF Narrabri Genesis Hold Trust,tagenergy_nr,NSW1,100,219703,NHP_BESS,Battery Storage,Lithium-ion,,,Scheduled,35,3.8,3.44,133,120.4,400.05,Publicly Announced,47362,2058,,46361,46184.41961805556,,,,,,,,,,,,,,,,,,,,,,,,,,,,,,,,,,,,,,,,,,,,,,,,,,,,,,,,,,,,,,,,,,,,,,,,,,,,,,,,,,,,,,,,,,,,,,,,,,,,,,,,,,,,,,,,,,,,,,,,,,,,,,,,,,,,,,,,,,,
330401|3304|Narragamba Hybrid Project - Solar||Solar PV|Fixed,3304,Narragamba Hybrid Project - KCI,N00312,ACEN Australia Pty Ltd,acenaustralia_NR,NSW1,670,330401,Narragamba Hybrid Project - Solar,Solar PV,Fixed,,,Semi-scheduled,1,,330,,330,,Publicly Announced,,,,,46203.48672453704,,,,,,,,,,,,,,,,,,,,,,,,,,,,,,,,,,,,,,,,,,,,,,,,,,,,,,,,,,,,,,,,,,,,,,,,,,,,,,,,,,,,,,,,,,,,,,,,,,,,,,,,,,,,,,,,,,,,,,,,,,,,,,,,,,,,,,,,,,,
330402|3304|Narragamba Hybrid Project - BESS||Battery Storage|Lithium-ion,3304,Narragamba Hybrid Project - KCI,N00312,ACEN Australia Pty Ltd,acenaustralia_NR,NSW1,670,330402,Narragamba Hybrid Project - BESS,Battery Storage,Lithium-ion,,,Scheduled,1,,340,,340,,Publicly Announced,,,,,46203.48672453704,,,,,,,,,,,,,,,,,,,,,,,,,,,,,,,,,,,,,,,,,,,,,,,,,,,,,,,,,,,,,,,,,,,,,,,,,,,,,,,,,,,,,,,,,,,,,,,,,,,,,,,,,,,,,,,,,,,,,,,,,,,,,,,,,,,,,,,,,,,
291601|2916|NDSF_GU1||Solar PV|Single Axis Tracking,2916,Narrandera Solar Hybrid (PV+BESS),N00214,Potentia Energy Group P/L,enel_NR,NSW1,400,291601,NDSF_GU1,Solar PV,Single Axis Tracking,,,Semi-scheduled,62,4.2,4.2,260.4,260.4,,Publicly Announced,47847,2055,,46091,46175.6265162037,,,,,,,,,,,,,,,,,,,,,,,,,,,,,,,,,,,,,,,,,,,,,,,,,,,,,,,,,,,,,,,,,,,,,,,,,,,,,,,,,,,,,,,,,,,,,,,,,,,,,,,,,,,,,,,,,,,,,,,,,,,,,,,,,,,,,,,,,,,
291602|2916|NDBS_GU1||Battery Storage|Lithium-ion,2916,Narrandera Solar Hybrid (PV+BESS),N00214,Potentia Energy Group P/L,enel_NR,NSW1,400,291602,NDBS_GU1,Battery Storage,Lithium-ion,,,Scheduled,112,4.6,4.6,515.2,515.2,1800.96,Publicly Announced,47847,2055,,46091,46175.6265162037,,,,,,,,,,,,,,,,,,,,,,,,,,,,,,,,,,,,,,,,,,,,,,,,,,,,,,,,,,,,,,,,,,,,,,,,,,,,,,,,,,,,,,,,,,,,,,,,,,,,,,,,,,,,,,,,,,,,,,,,,,,,,,,,,,,,,,,,,,,
138001|1380|Narromine Solar Farm:Solar Panels|NASF1|Solar PV|Single Axis Tracking,1380,Narromine Solar Farm,,Dubbo Solar Hub Pty Ltd,DUBBONA,NSW1,9.2,138001,Narromine Solar Farm:Solar Panels,Solar PV,Single Axis Tracking,,NASF1,Non-scheduled,4,,2.3,,9.2,,In Service,,2042,,46091,46111.68539351852,,,,,,,,,,,,,,,,,,,,,,,,,,,,,,,,,,,,,,,,,,,,,,,,,,,,,,,,,,,,,,,,,,,,,,,,,,,,,,,,,,,,,,,,,,,,,,,,,,,,,,,,,,,,,,,,,,,,,,,,,,,,,,,,,,,,,,,,,,,
259001|2590|NBBS_GU1||Battery Storage|Lithium-ion,2590,Nebo BESS,Q00117,TagEnergy Australia Pty Ltd,tagenergy_nr,QLD1,900,259001,NBBS_GU1,Battery Storage,Lithium-ion,,,Scheduled,125,4.5,3.6,562.5,450,600,Publicly Announced,47301,2063,,46091,46161.581087962964,,,,,,,,,,,,,,,,,,,,,,,,,,,,,,,,,,,,,,,,,,,,,,,,,,,,,,,,,,,,,,,,,,,,,,,,,,,,,,,,,,,,,,,,,,,,,,,,,,,,,,,,,,,,,,,,,,,,,,,,,,,,,,,,,,,,,,,,,,,
259003|2590|NBBS_GU2||Battery Storage|Lithium-ion,2590,Nebo BESS,Q00117,TagEnergy Australia Pty Ltd,tagenergy_nr,QLD1,900,259003,NBBS_GU2,Battery Storage,Lithium-ion,,,Scheduled,125,4.4,3.6,550,450,600,Publicly Announced,47301,2063,,46091,46161.581087962964,,,,,,,,,,,,,,,,,,,,,,,,,,,,,,,,,,,,,,,,,,,,,,,,,,,,,,,,,,,,,,,,,,,,,,,,,,,,,,,,,,,,,,,,,,,,,,,,,,,,,,,,,,,,,,,,,,,,,,,,,,,,,,,,,,,,,,,,,,,
282501|2825|NBBS_GU1||Battery Storage|Lithium-ion,2825,Nebo BESS (Iberdrola) - KCI,Q00165,Iberdrola Australia Development Pty Ltd.,iberdrola_NR,QLD1,280,282501,NBBS_GU1,Battery Storage,Lithium-ion,,,Scheduled,1,,280,,280,,Publicly Announced,,,,46091,46038.66709490741,,,,,,,,,,,,,,,,,,,,,,,,,,,,,,,,,,,,,,,,,,,,,,,,,,,,,,,,,,,,,,,,,,,,,,,,,,,,,,,,,,,,,,,,,,,,,,,,,,,,,,,,,,,,,,,,,,,,,,,,,,,,,,,,,,,,,,,,,,,
320701|3207|NBWF_GU1||Wind|Onshore,3207,Nemaroo Bimbi Wind Farm - KCI,Q00263,Nemaroo Bimbi Wind Farm Pty Ltd,,QLD1,800,320701,NBWF_GU1,Wind,Onshore,,,Semi-scheduled,1,,800,,800,,Publicly Announced,,,,46091,46044.66,,,,,,,,,,,,,,,,,,,,,,,,,,,,,,,,,,,,,,,,,,,,,,,,,,,,,,,,,,,,,,,,,,,,,,,,,,,,,,,,,,,,,,,,,,,,,,,,,,,,,,,,,,,,,,,,,,,,,,,,,,,,,,,,,,,,,,,,,,,
325601|3256|Nerriga BESS||Battery Storage|Lithium-ion,3256,Nerriga BESS - KCI,N00289,Northharbour,northharbour_nr,NSW1,600,325601,Nerriga BESS,Battery Storage,Lithium-ion,,,Scheduled,128,,3.13,,400.64,1600,Publicly Announced,47452,2054,,46091,46142.58898148148,,,,,,,,,,,,,,,,,,,,,,,,,,,,,,,,,,,,,,,,,,,,,,,,,,,,,,,,,,,,,,,,,,,,,,,,,,,,,,,,,,,,,,,,,,,,,,,,,,,,,,,,,,,,,,,,,,,,,,,,,,,,,,,,,,,,,,,,,,,
141401|1414|NEVERSF1|NEVERSF1|Solar PV|Single Axis Tracking,1414,Nevertire Solar Farm,,Nevertire Solar Pty Ltd as Trustee for the Nevertire Solar Trust,NVTSF,NSW1,105,141401,NEVERSF1,Solar PV,Single Axis Tracking,,NEVERSF1,Semi-scheduled,48,2.75,2.18,132,104.64,,In Service,,2049,,46091,46108.51262731481,104.64,104.64,104.64,104.64,104.64,104.64,104.64,104.64,104.64,104.64,104.64,104.64,104.64,104.64,104.64,104.64,104.64,104.64,104.64,104.64,104.64,104.64,104.64,104.64,104.64,104.64,104.64,104.64,104.64,104.64,,,,,,,,,,,,,,,,,,,,,,,,,,,,,,,,,,,,,,,,,,,,,,,,,,,,,,,,,,,,,,,,,,,,,,,,,,,,,,,,,,,,,,,,,,,,,,,,,,,,,,,,,,,,,
328701|3287|NES2 DUID 1 PV||Solar PV|Single Axis Tracking,3287,New England 2 Hybrid DUID 1,,ACEN AUSTRALIA,acenaustralia_NR,NSW1,160,328701,NES2 DUID 1 PV,Solar PV,Single Axis Tracking,,,Semi-scheduled,1,100,80,100,80,,Anticipated,47057,2075,,,46169.388344907406,0,0,0,0,0,0,80,80,80,80,80,80,80,80,80,80,80,80,80,80,80,80,80,80,80,80,80,80,80,80,,,,,,,,,,,,,,,,,,,,,,,,,,,,,,,,,,,,,,,,,,,,,,,,,,,,,,,,,,,,,,,,,,,,,,,,,,,,,,,,,,,,,,,,,,,,,,,,,,,,,,,,,,,,,
328702|3287|NES2 DUID 1 BESS||Battery Storage|Lithium-ion,3287,New England 2 Hybrid DUID 1,,ACEN AUSTRALIA,acenaustralia_NR,NSW1,160,328702,NES2 DUID 1 BESS,Battery Storage,Lithium-ion,,,Scheduled,1,160,160,160,160,640,Anticipated,47057,2075,,,46169.388344907406,0,0,0,0,0,0,160,160,160,160,160,160,160,160,160,160,160,160,160,160,160,160,160,160,160,160,160,160,160,160,0,0,0,0,640,640,640,640,640,640,640,640,640,640,640,640,640,640,640,640,,,,,,,,,,,,,,,,,,,,,,,,,,,,,,,,,,,,,,,,,,,,,,,,,,,,,,,,,,,,,,,,,,,,,,,,,,,,,,,,,,,,,,,,,
328801|3288|NES2 DUID 2 PV||Solar PV|Single Axis Tracking,3288,New England 2 Hybrid DUID 2,,ACEN AUSTRALIA,acenaustralia_NR,NSW1,160,328801,NES2 DUID 2 PV,Solar PV,Single Axis Tracking,,,Semi-scheduled,1,100,80,100,80,,Anticipated,47057,2075,,,46169.38945601852,0,0,0,0,0,0,80,80,80,80,80,80,80,80,80,80,80,80,80,80,80,80,80,80,80,80,80,80,80,80,,,,,,,,,,,,,,,,,,,,,,,,,,,,,,,,,,,,,,,,,,,,,,,,,,,,,,,,,,,,,,,,,,,,,,,,,,,,,,,,,,,,,,,,,,,,,,,,,,,,,,,,,,,,,
328802|3288|NES2 DUID 2 BESS||Battery Storage|Lithium-ion,3288,New England 2 Hybrid DUID 2,,ACEN AUSTRALIA,acenaustralia_NR,NSW1,160,328802,NES2 DUID 2 BESS,Battery Storage,Lithium-ion,,,Scheduled,1,160,160,160,160,640,Anticipated,47057,2075,,,46169.38945601852,0,0,0,0,0,0,160,160,160,160,160,160,160,160,160,160,160,160,160,160,160,160,160,160,160,160,160,160,160,160,0,0,0,0,640,640,640,640,640,640,640,640,640,640,640,640,640,640,640,640,,,,,,,,,,,,,,,,,,,,,,,,,,,,,,,,,,,,,,,,,,,,,,,,,,,,,,,,,,,,,,,,,,,,,,,,,,,,,,,,,,,,,,,,,
185405|1854|NEWENSF1|NEWENSF1|Solar PV|Single Axis Tracking,1854,New England Solar Farm,,ACEN AUSTRALIA,acenaustralia_NR,NSW1,400,185405,NEWENSF1,Solar PV,Single Axis Tracking,,NEWENSF1,Semi-scheduled,1,300,200,300,200,,In Service,,2073,,46361,46167.48467592592,200,200,200,200,200,200,200,200,200,200,200,200,200,200,200,200,200,200,200,200,200,200,200,200,200,200,200,200,200,200,,,,,,,,,,,,,,,,,,,,,,,,,,,,,,,,,,,,,,,,,,,,,,,,,,,,,,,,,,,,,,,,,,,,,,,,,,,,,,,,,,,,,,,,,,,,,,,,,,,,,,,,,,,,,
185406|1854|NEWENSF2|NEWENSF2|Solar PV|Single Axis Tracking,1854,New England Solar Farm,,ACEN AUSTRALIA,acenaustralia_NR,NSW1,400,185406,NEWENSF2,Solar PV,Single Axis Tracking,,NEWENSF2,Semi-scheduled,1,300,200,300,200,,In Service,,2073,,46361,46167.48467592592,200,200,200,200,200,200,200,200,200,200,200,200,200,200,200,200,200,200,200,200,200,200,200,200,200,200,200,200,200,200,,,,,,,,,,,,,,,,,,,,,,,,,,,,,,,,,,,,,,,,,,,,,,,,,,,,,,,,,,,,,,,,,,,,,,,,,,,,,,,,,,,,,,,,,,,,,,,,,,,,,,,,,,,,,
189301|1893|NEW ENGLAND BESS2|NESBESS2|Battery Storage|Lithium-ion,1893,New England Solar Farm BESS,N00030,ACEN RENEWABLES,acenaustralia_NR,NSW1,200,189301,NEW ENGLAND BESS2,Battery Storage,Lithium-ion,,NESBESS2,Scheduled,1,100,100,100,100,200,Anticipated,46234,2076,,46361,46161.60921296296,100,100,100,100,100,100,100,100,100,100,100,100,100,100,100,100,100,100,100,100,100,100,100,100,100,100,100,100,100,100,200,200,200,200,200,200,200,200,200,200,200,200,200,200,200,200,200,200,200,200,,,,,,,,,,,,,,,,,,,,,,,,,,,,,,,,,,,,,,,,,,,,,,,,,,,,,,,,,,,,,,,,,,,,,,,,,,,,,,,,,,,,,,,,,
189302|1893|NEW ENGLAND BESS1|NESBESS1|Battery Storage|Lithium-ion,1893,New England Solar Farm BESS,N00030,ACEN RENEWABLES,acenaustralia_NR,NSW1,200,189302,NEW ENGLAND BESS1,Battery Storage,Lithium-ion,,NESBESS1,Scheduled,1,100,100,100,100,200,In Commissioning,46234,2075,,46361,46161.60921296296,100,100,100,100,100,100,100,100,100,100,100,100,100,100,100,100,100,100,100,100,100,100,100,100,100,100,100,100,100,100,200,200,200,200,200,200,200,200,200,200,200,200,200,200,200,200,200,200,200,200,,,,,,,,,,,,,,,,,,,,,,,,,,,,,,,,,,,,,,,,,,,,,,,,,,,,,,,,,,,,,,,,,,,,,,,,,,,,,,,,,,,,,,,,,
115001|1150|Newport:1|NPS|Gas Turbine|Steam Turbine,1150,Newport,,EnergyAustralia Ecogen Pty Ltd,EASTENGY,VIC1,510,115001,Newport:1,Gas Turbine,Steam Turbine,Natural Gas,NPS,Scheduled,1,,500,,500,,In Service,,2039,,46091,46105.68403935185,510,510,475,510,510,475,510,510,475,510,510,475,510,510,475,510,510,475,510,510,475,510,510,475,510,510,475,510,510,475,,,,,,,,,,,,,,,,,,,,,,,,,,,,,,,,,,,,,,,,,,,,,,,,,,,,,,,,,,,,,,,,,,,,,,,,,,,,,,,,,,,,,,,,,,,,,,,,,,,,,,,,,,,,,
308401|3084|NMBS_GU1||Battery Storage|Lithium-ion,3084,Nine Mile Energy Park Stage 1 - BESS,,Green Switch Energy Pty Ltd,pacificgreen_NR,VIC1,250,308401,NMBS_GU1,Battery Storage,Lithium-ion,,,Scheduled,1,,250,,250,500,Publicly Announced,,,,46091,45884.79457175926,,,,,,,,,,,,,,,,,,,,,,,,,,,,,,,,,,,,,,,,,,,,,,,,,,,,,,,,,,,,,,,,,,,,,,,,,,,,,,,,,,,,,,,,,,,,,,,,,,,,,,,,,,,,,,,,,,,,,,,,,,,,,,,,,,,,,,,,,,,
308701|3087|NMBS_GU2||Battery Storage|Lithium-ion,3087,Nine Mile Energy Park Stage 2 - BESS,,Green Switch Energy Pty Ltd,pacificgreen_NR,VIC1,250,308701,NMBS_GU2,Battery Storage,Lithium-ion,,,Scheduled,1,,250,,250,1000,Publicly Announced,,,,46091,46182.48554398148,,,,,,,,,,,,,,,,,,,,,,,,,,,,,,,,,,,,,,,,,,,,,,,,,,,,,,,,,,,,,,,,,,,,,,,,,,,,,,,,,,,,,,,,,,,,,,,,,,,,,,,,,,,,,,,,,,,,,,,,,,,,,,,,,,,,,,,,,,,
282701|2827|NVBS_GU1||Battery Storage|Lithium-ion,2827,Noblevale BESS (KCI),Q00172,Zebre Pty Ltd,zenenergy_NR,QLD1,200,282701,NVBS_GU1,Battery Storage,Lithium-ion,,,Scheduled,1,278,200,278,200,600,Anticipated,47118,2054,,46361,46162.65759259259,0,0,0,0,0,0,0,200,196,200,200,196,200,200,196,200,200,196,200,200,196,200,200,196,200,200,196,200,200,196,0,0,0,0,0,680,680,646,646,628,628,609,609,596,596,585,585,579,579,570,,,,,,,,,,,,,,,,,,,,,,,,,,,,,,,,,,,,,,,,,,,,,,,,,,,,,,,,,,,,,,,,,,,,,,,,,,,,,,,,,,,,,,,,,
322401|3224|NSF_GU2||Solar PV|Fixed,3224,Noika Solar - KCI,V00189,Nioka Solar Pty Ltd,,VIC1,215,322401,NSF_GU2,Solar PV,Fixed,,,Semi-scheduled,1,,215,,215,,Publicly Announced,,,,46091,46044.65943287037,,,,,,,,,,,,,,,,,,,,,,,,,,,,,,,,,,,,,,,,,,,,,,,,,,,,,,,,,,,,,,,,,,,,,,,,,,,,,,,,,,,,,,,,,,,,,,,,,,,,,,,,,,,,,,,,,,,,,,,,,,,,,,,,,,,,,,,,,,,
316801|3168|Vestas v172-7.2||Wind|Onshore,3168,Normanville Energy Park,,Normanville Energy Park Pty Ltd as trustee for Normanville Energy Park Unit Trust,w-wind_NR,VIC1,122,316801,Vestas v172-7.2,Wind,Onshore,,,Semi-scheduled,17,7.2,7.2,122.4,122.4,,Publicly Announced,46631,2058,,46361,46161.404178240744,,,,,,,,,,,,,,,,,,,,,,,,,,,,,,,,,,,,,,,,,,,,,,,,,,,,,,,,,,,,,,,,,,,,,,,,,,,,,,,,,,,,,,,,,,,,,,,,,,,,,,,,,,,,,,,,,,,,,,,,,,,,,,,,,,,,,,,,,,,
267301|2673|NBBS_GU1||Battery Storage|Lithium-ion,2673,North Burnett Renewable Hub - BESS,Q00141,X-Elio Australia Pty Ltd,x-elio_NR,QLD1,720,267301,NBBS_GU1,Battery Storage,Lithium-ion,,,Scheduled,1,,700,,700,2800,Publicly Announced,,,,46091,45729.9940162037,,,,,,,,,,,,,,,,,,,,,,,,,,,,,,,,,,,,,,,,,,,,,,,,,,,,,,,,,,,,,,,,,,,,,,,,,,,,,,,,,,,,,,,,,,,,,,,,,,,,,,,,,,,,,,,,,,,,,,,,,,,,,,,,,,,,,,,,,,,
267201|2672|NBSF_GU1||Solar PV|Fixed,2672,North Burnett Renewable Hub - Solar,Q00141,X-Elio Australia Pty Ltd,x-elio_NR,QLD1,720,267201,NBSF_GU1,Solar PV,Fixed,,,Semi-scheduled,1,,700,,700,,Publicly Announced,,,,46091,45729.992372685185,,,,,,,,,,,,,,,,,,,,,,,,,,,,,,,,,,,,,,,,,,,,,,,,,,,,,,,,,,,,,,,,,,,,,,,,,,,,,,,,,,,,,,,,,,,,,,,,,,,,,,,,,,,,,,,,,,,,,,,,,,,,,,,,,,,,,,,,,,,
317102|3171|NQESP BESS||Battery Storage|Lithium-ion,3171,North Queensland Energy Storage Project (NQESP) - Stage 1,,Townsville City Council,highviewpower_nr,QLD1,600,317102,NQESP BESS,Battery Storage,Lithium-ion,,,Scheduled,160,2.75,2.5,440,400,1600,Publicly Announced,47149,2075,,46361,46188.57351851852,,,,,,,,,,,,,,,,,,,,,,,,,,,,,,,,,,,,,,,,,,,,,,,,,,,,,,,,,,,,,,,,,,,,,,,,,,,,,,,,,,,,,,,,,,,,,,,,,,,,,,,,,,,,,,,,,,,,,,,,,,,,,,,,,,,,,,,,,,,
317103|3171|NQESP OCGT 1||Gas Turbine|OCGT,3171,North Queensland Energy Storage Project (NQESP) - Stage 1,,Townsville City Council,highviewpower_nr,QLD1,600,317103,NQESP OCGT 1,Gas Turbine,OCGT,Natural Gas,,Scheduled,1,,198,,198,,Publicly Announced,47149,2059,,46361,46188.57351851852,,,,,,,,,,,,,,,,,,,,,,,,,,,,,,,,,,,,,,,,,,,,,,,,,,,,,,,,,,,,,,,,,,,,,,,,,,,,,,,,,,,,,,,,,,,,,,,,,,,,,,,,,,,,,,,,,,,,,,,,,,,,,,,,,,,,,,,,,,,
317201|3172|NQESP Liquid Air Energy Storage||Battery Storage|Compressed Air,3172,North Queensland Energy Storage Project (NQESP) - Stage 2,,Townsville City Council,highviewpower_nr,QLD1,200,317201,NQESP Liquid Air Energy Storage,Battery Storage,Compressed Air,,,Scheduled,1,200,200,200,200,2400,Publicly Announced,47514,2075,,46361,46188.57443287037,,,,,,,,,,,,,,,,,,,,,,,,,,,,,,,,,,,,,,,,,,,,,,,,,,,,,,,,,,,,,,,,,,,,,,,,,,,,,,,,,,,,,,,,,,,,,,,,,,,,,,,,,,,,,,,,,,,,,,,,,,,,,,,,,,,,,,,,,,,
284501|2845|NYBS_GU1||Battery Storage|Lithium-ion,2845,North Yarragon BESS - KCI,V00166,ZEBRE Pty Ltd,zenenergy_NR,VIC1,210,284501,NYBS_GU1,Battery Storage,Lithium-ion,,,Scheduled,1,287,210,287,210,840,Publicly Announced,47299,2055,,46091,46097.474178240744,,,,,,,,,,,,,,,,,,,,,,,,,,,,,,,,,,,,,,,,,,,,,,,,,,,,,,,,,,,,,,,,,,,,,,,,,,,,,,,,,,,,,,,,,,,,,,,,,,,,,,,,,,,,,,,,,,,,,,,,,,,,,,,,,,,,,,,,,,,
274801|2748|NTWF||Wind|Onshore,2748,Northern Tablelands Wind Farm,,BORAL,BORAL,NSW1,608,274801,NTWF,Wind,Onshore,,,Semi-scheduled,1,,8,,8,,Publicly Announced,,,,46091,46164.636828703704,,,,,,,,,,,,,,,,,,,,,,,,,,,,,,,,,,,,,,,,,,,,,,,,,,,,,,,,,,,,,,,,,,,,,,,,,,,,,,,,,,,,,,,,,,,,,,,,,,,,,,,,,,,,,,,,,,,,,,,,,,,,,,,,,,,,,,,,,,,
236901|2369|NPSF_GU1||Solar PV|Fixed,2369,Nottingham Park Solar Farm - KCI,N00097,NPSF Renewables Pty Ltd,,NSW1,210,236901,NPSF_GU1,Solar PV,Fixed,,,Semi-scheduled,1,,210,,210,,Publicly Announced,,,,46091,44931.93885416666,,,,,,,,,,,,,,,,,,,,,,,,,,,,,,,,,,,,,,,,,,,,,,,,,,,,,,,,,,,,,,,,,,,,,,,,,,,,,,,,,,,,,,,,,,,,,,,,,,,,,,,,,,,,,,,,,,,,,,,,,,,,,,,,,,,,,,,,,,,
202301|2023|Novocast||Wind|Offshore - fixed,2023,Novocastrian Offshore Wind Farm,,OceanEx Energy,oceanex_NR,NSW1,2000,202301,Novocast,Wind,Offshore - fixed,,,Semi-scheduled,1,,2000,,2000,,Publicly Announced,47849,,,45901,44721.7753125,,,,,,,,,,,,,,,,,,,,,,,,,,,,,,,,,,,,,,,,,,,,,,,,,,,,,,,,,,,,,,,,,,,,,,,,,,,,,,,,,,,,,,,,,,,,,,,,,,,,,,,,,,,,,,,,,,,,,,,,,,,,,,,,,,,,,,,,,,,
284301|2843|NWSF_GU1||Solar PV|Single Axis Tracking,2843,Nowingi Solar Farm - Edify (KCI),V00164,Edify Energy Pty Ltd,edifyenergy_NR,VIC1,750,284301,NWSF_GU1,Solar PV,Single Axis Tracking,,,Semi-scheduled,1,432,360,432,360,,Publicly Announced,46784,2058,,46091,46112.66884259259,,,,,,,,,,,,,,,,,,,,,,,,,,,,,,,,,,,,,,,,,,,,,,,,,,,,,,,,,,,,,,,,,,,,,,,,,,,,,,,,,,,,,,,,,,,,,,,,,,,,,,,,,,,,,,,,,,,,,,,,,,,,,,,,,,,,,,,,,,,
284302|2843|NWBESS_GU2||Battery Storage|Lithium-ion,2843,Nowingi Solar Farm - Edify (KCI),V00164,Edify Energy Pty Ltd,edifyenergy_NR,VIC1,750,284302,NWBESS_GU2,Battery Storage,Lithium-ion,,,Scheduled,1,360,300,360,300,1200,Publicly Announced,46784,2058,,46091,46112.66884259259,,,,,,,,,,,,,,,,,,,,,,,,,,,,,,,,,,,,,,,,,,,,,,,,,,,,,,,,,,,,,,,,,,,,,,,,,,,,,,,,,,,,,,,,,,,,,,,,,,,,,,,,,,,,,,,,,,,,,,,,,,,,,,,,,,,,,,,,,,,
205901|2059|Nowingi||Battery Storage|Lithium-ion,2059,Nowingi Solar Storage - Storage,,Lyon Solar,,VIC1,80,205901,Nowingi,Battery Storage,Lithium-ion,,,Scheduled,1,,80,,80,,Publicly Announced,,,,46091,44825.09417824074,,,,,,,,,,,,,,,,,,,,,,,,,,,,,,,,,,,,,,,,,,,,,,,,,,,,,,,,,,,,,,,,,,,,,,,,,,,,,,,,,,,,,,,,,,,,,,,,,,,,,,,,,,,,,,,,,,,,,,,,,,,,,,,,,,,,,,,,,,,
161701|1617|NSW Gas Peaker:1||Gas Turbine|Other,1617,NSW Gas Peaker,,AGL Energy Limited,MACQGEN,NSW1,500,161701,NSW Gas Peaker:1,Gas Turbine,Other,Natural Gas,,Scheduled,1,,500,,500,,Publicly Announced,,,,46091,46105.420115740744,,,,,,,,,,,,,,,,,,,,,,,,,,,,,,,,,,,,,,,,,,,,,,,,,,,,,,,,,,,,,,,,,,,,,,,,,,,,,,,,,,,,,,,,,,,,,,,,,,,,,,,,,,,,,,,,,,,,,,,,,,,,,,,,,,,,,,,,,,,
146101|1461|NUMURSF1|NUMURSF1|Solar PV|Single Axis Tracking,1461,Numurkah Solar Farm,,Numurkah Solar Farm Pty Ltd,storenergy_nr,VIC1,128,146101,NUMURSF1,Solar PV,Single Axis Tracking,,NUMURSF1,Semi-scheduled,56,2,2,112,112,,In Service,,2044,,46091,46112.63123842593,100,100,100,100,100,100,100,100,100,100,100,100,100,100,100,100,100,100,100,100,100,100,100,100,100,100,100,100,100,100,,,,,,,,,,,,,,,,,,,,,,,,,,,,,,,,,,,,,,,,,,,,,,,,,,,,,,,,,,,,,,,,,,,,,,,,,,,,,,,,,,,,,,,,,,,,,,,,,,,,,,,,,,,,,
250801|2508|NWF_GU1||Wind|Onshore,2508,Nyaninyuk Wind Farm,,Acciona Energy,acciona_NR,VIC1,302.1,250801,NWF_GU1,Wind,Onshore,,,Semi-scheduled,53,,5.7,,302.1,,Publicly Announced,47118,2054,,46091,46101.40604166667,,,,,,,,,,,,,,,,,,,,,,,,,,,,,,,,,,,,,,,,,,,,,,,,,,,,,,,,,,,,,,,,,,,,,,,,,,,,,,,,,,,,,,,,,,,,,,,,,,,,,,,,,,,,,,,,,,,,,,,,,,,,,,,,,,,,,,,,,,,
132301|1323|Nyngan Solar Plant:1-77|NYNGAN1|Solar PV|Fixed,1323,Nyngan Solar Plant,,PARF Company 6 Pty Limited,SNOWTOWN,NSW1,103,132301,Nyngan Solar Plant:1-77,Solar PV,Fixed,,NYNGAN1,Semi-scheduled,77,,1.33,,102.41,,In Service,,2042,,46091,45736.975590277776,102.025,102.025,102.025,102.025,102.025,102.025,102.025,102.025,102.025,102.025,102.025,102.025,102.025,102.025,102.025,102.025,102.025,102.025,102.025,102.025,102.025,102.025,102.025,102.025,102.025,102.025,102.025,,,,,,,,,,,,,,,,,,,,,,,,,,,,,,,,,,,,,,,,,,,,,,,,,,,,,,,,,,,,,,,,,,,,,,,,,,,,,,,,,,,,,,,,,,,,,,,,,,,,,,,,,,,,,,,,
159101|1591|Oakey 2 Solar Farm|OAKEY2SF|Solar PV|Single Axis Tracking,1591,Oakey 2 Solar Farm,,RE Oakey Pty Ltd,foresightgroupau_NR,QLD1,55,159101,Oakey 2 Solar Farm,Solar PV,Single Axis Tracking,,OAKEY2SF,Semi-scheduled,26,2.69,2.14,69.94,55.64,,In Service,,2049,,46091,46141.54929398148,54.99,53.43,52.312,54.99,53.43,52.312,54.99,53.43,52.312,54.99,53.43,52.312,54.99,53.43,52.312,54.99,53.43,52.312,54.99,53.43,52.312,54.99,53.43,52.312,54.99,53.43,52.312,54.99,53.43,52.312,,,,,,,,,,,,,,,,,,,,,,,,,,,,,,,,,,,,,,,,,,,,,,,,,,,,,,,,,,,,,,,,,,,,,,,,,,,,,,,,,,,,,,,,,,,,,,,,,,,,,,,,,,,,,
143301|1433|Oakey Power Station:1|OAKEY1|Gas Turbine|OCGT,1433,Oakey Power Station,,Oakey Power Holdings Pty Ltd,ERMPOWER,QLD1,346,143301,Oakey Power Station:1,Gas Turbine,OCGT,Natural Gas,OAKEY1,Scheduled,1,,173,,173,,In Service,,2050,,46091,46107.46623842593,173,150,144,173,150,144,173,150,144,173,150,144,173,150,144,173,150,144,173,150,144,173,150,144,173,150,144,173,150,144,,,,,,,,,,,,,,,,,,,,,,,,,,,,,,,,,,,,,,,,,,,,,,,,,,,,,,,,,,,,,,,,,,,,,,,,,,,,,,,,,,,,,,,,,,,,,,,,,,,,,,,,,,,,,
143302|1433|Oakey Power Station:2|OAKEY2|Gas Turbine|OCGT,1433,Oakey Power Station,,Oakey Power Holdings Pty Ltd,ERMPOWER,QLD1,346,143302,Oakey Power Station:2,Gas Turbine,OCGT,Natural Gas,OAKEY2,Scheduled,1,,173,,173,,In Service,,2050,,46091,46107.46623842593,173,150,144,173,150,144,173,150,144,173,150,144,173,150,144,173,150,144,173,150,144,173,150,144,173,150,144,173,150,144,,,,,,,,,,,,,,,,,,,,,,,,,,,,,,,,,,,,,,,,,,,,,,,,,,,,,,,,,,,,,,,,,,,,,,,,,,,,,,,,,,,,,,,,,,,,,,,,,,,,,,,,,,,,,
138601|1386|Oakey Solar Farm:1|OAKEY1SF|Solar PV|Fixed,1386,Oakey Solar Farm,,Oakey1 Asset Co Pty Ltd,foresightgroupau_NR,QLD1,25,138601,Oakey Solar Farm:1,Solar PV,Fixed,,OAKEY1SF,Semi-scheduled,1,30,25,30,25,,In Service,,2043,,46091,46114.543333333335,25,24.22,23.1,25,24.22,23.1,25,24.22,23.1,25,24.22,23.1,25,24.22,23.1,25,24.22,23.1,25,24.22,23.1,25,24.22,23.1,25,24.22,23.1,25,24.22,23.1,,,,,,,,,,,,,,,,,,,,,,,,,,,,,,,,,,,,,,,,,,,,,,,,,,,,,,,,,,,,,,,,,,,,,,,,,,,,,,,,,,,,,,,,,,,,,,,,,,,,,,,,,,,,,
115201|1152|Oaklands Hill Wind Farm:32|OAKLAND1|Wind|Onshore,1152,Oaklands Hill Wind Farm,,Oaklands Hill Wind farm pty ltd,SOUTHHYD,VIC1,68,115201,Oaklands Hill Wind Farm:32,Wind,Onshore,,OAKLAND1,Semi-scheduled,32,2.1,2.1,67.2,67.2,,In Service,,2037,,46091,46107.43659722222,63.008,63.008,40.992,63.008,63.008,40.992,63.008,63.008,40.992,63.008,63.008,40.992,63.008,63.008,40.992,63.008,63.008,40.992,63.008,63.008,40.992,63.008,63.008,40.992,63.008,63.008,40.992,63.008,63.008,40.992,,,,,,,,,,,,,,,,,,,,,,,,,,,,,,,,,,,,,,,,,,,,,,,,,,,,,,,,,,,,,,,,,,,,,,,,,,,,,,,,,,,,,,,,,,,,,,,,,,,,,,,,,,,,,
137901|1379|Oaky Creek 2|OAKY2|Other|Other,1379,Oaky Creek 2,,EDL OCI PTY LTD,EDLOCI,QLD1,15,137901,Oaky Creek 2,Other,Other,,OAKY2,Non-scheduled,5,,3,,15,,In Service,,2038,,46091,46108.67928240741,,,,,,,,,,,,,,,,,,,,,,,,,,,,,,,,,,,,,,,,,,,,,,,,,,,,,,,,,,,,,,,,,,,,,,,,,,,,,,,,,,,,,,,,,,,,,,,,,,,,,,,,,,,,,,,,,,,,,,,,,,,,,,,,,,,,,,,,,,,
266201|2662|HABS_GU1||Battery Storage|Lithium-ion,2662,Oaky Creek BESS,Q00133,Halys BESS ProjectCo Pty Ltd,akayshaenergy_NR,QLD1,250,266201,HABS_GU1,Battery Storage,Lithium-ion,,,Scheduled,160,1.56,1.56,249.6,249.6,1000,Publicly Announced,47299,2060,,46198,46198.66101851852,,,,,,,,,,,,,,,,,,,,,,,,,,,,,,,,,,,,,,,,,,,,,,,,,,,,,,,,,,,,,,,,,,,,,,,,,,,,,,,,,,,,,,,,,,,,,,,,,,,,,,,,,,,,,,,,,,,,,,,,,,,,,,,,,,,,,,,,,,,
135901|1359|Oaky Creek Power Station||Other|Other,1359,Oaky Creek Power Station,,EDL OCI Pty Ltd,EDLOCI,QLD1,20,135901,Oaky Creek Power Station,Other,Other,,,Non-scheduled,16,,1.25,,20,,In Service,,2038,,46091,46108.67984953704,,,,,,,,,,,,,,,,,,,,,,,,,,,,,,,,,,,,,,,,,,,,,,,,,,,,,,,,,,,,,,,,,,,,,,,,,,,,,,,,,,,,,,,,,,,,,,,,,,,,,,,,,,,,,,,,,,,,,,,,,,,,,,,,,,,,,,,,,,,
321401|3214|OOMM_GU1||Battery Storage|Lithium-ion,3214,OASES Mount Murchison - KCI,Q00286,Released Energy Pty Ltd,,QLD1,1400,321401,OOMM_GU1,Battery Storage,Lithium-ion,,,Scheduled,1,,1400,,1400,1400,Publicly Announced,,,,46091,46044.665925925925,,,,,,,,,,,,,,,,,,,,,,,,,,,,,,,,,,,,,,,,,,,,,,,,,,,,,,,,,,,,,,,,,,,,,,,,,,,,,,,,,,,,,,,,,,,,,,,,,,,,,,,,,,,,,,,,,,,,,,,,,,,,,,,,,,,,,,,,,,,
201501|2015|ORANAB01|ORABESS1|Battery Storage|Lithium-ion,2015,Orana BESS,N00164,Wellington Battery ProjectCo Pty Ltd,akayshaenergy_NR,NSW1,415,201501,ORANAB01,Battery Storage,Lithium-ion,,ORABESS1,Scheduled,448,0.93,0.93,416.64,416.64,1662.08,In Commissioning,46203,2066,,46091,46167.409050925926,416.64,416.64,374.976,416.64,416.64,374.976,416.64,416.64,374.976,416.64,416.64,374.976,416.64,416.64,374.976,416.64,416.64,374.976,416.64,416.64,374.976,416.64,416.64,374.976,416.64,416.64,374.976,416.64,416.64,374.976,1659.392,1493.453,1659.392,1493.453,1659.392,1493.453,1659.392,1493.453,1659.392,1493.453,1659.392,1493.453,1659.392,1493.453,1659.392,1493.453,1659.392,1493.453,1659.392,1493.453,,,,,,,,,,,,,,,,,,,,,,,,,,,,,,,,,,,,,,,,,,,,,,,,,,,,,,,,,,,,,,,,,,,,,,,,,,,,,,,,,,,,,,,,,
154001|1540|Orange Grove Sun Farm:Solar Panels||Solar PV|Single Axis Tracking,1540,Orange Grove Sun Farm,N00095,Overland Sun Farm Holdings Pty Ltd,overlandsunfarming_NR,NSW1,110,154001,Orange Grove Sun Farm:Solar Panels,Solar PV,Single Axis Tracking,,,Semi-scheduled,1,,80,,80,,Publicly Announced,,,,46361,45713.08710648148,,,,,,,,,,,,,,,,,,,,,,,,,,,,,,,,,,,,,,,,,,,,,,,,,,,,,,,,,,,,,,,,,,,,,,,,,,,,,,,,,,,,,,,,,,,,,,,,,,,,,,,,,,,,,,,,,,,,,,,,,,,,,,,,,,,,,,,,,,,
262901|2629|GIP01||Wind|Offshore - fixed,2629,Orsted Gippsland 01 Windfarm,,Orsted Offshore Australia 1 Pty Ltd,orsted_nr,VIC1,2820,262901,GIP01,Wind,Offshore - fixed,,,Semi-scheduled,192,14.69,14.69,2820.48,2820.48,,Publicly Announced,48579,2035,,46091,46112.348912037036,,,,,,,,,,,,,,,,,,,,,,,,,,,,,,,,,,,,,,,,,,,,,,,,,,,,,,,,,,,,,,,,,,,,,,,,,,,,,,,,,,,,,,,,,,,,,,,,,,,,,,,,,,,,,,,,,,,,,,,,,,,,,,,,,,,,,,,,,,,
175101|1751|OM Pump||Hydro|Pumped Hydro,1751,Oven Mountain Pumped Storage,N00007,Oven Mountain Pumped Storage,alinta_nr,NSW1,900,175101,OM Pump,Hydro,Pumped Hydro,,,Scheduled,1,,900,,900,7200,Publicly Announced,49675,2136,,46091,46106.449224537035,,,,,,,,,,,,,,,,,,,,,,,,,,,,,,,,,,,,,,,,,,,,,,,,,,,,,,,,,,,,,,,,,,,,,,,,,,,,,,,,,,,,,,,,,,,,,,,,,,,,,,,,,,,,,,,,,,,,,,,,,,,,,,,,,,,,,,,,,,,
206401|2064|Oxley So||Solar PV|Fixed,2064,Oxley Solar Farm,N00116,Oxley Solar Development Pty Ltd,oxleysolarfarm_nr,NSW1,300,206401,Oxley So,Solar PV,Fixed,,,Semi-scheduled,1,,300,,300,,Publicly Announced,,,,45901,45180.92246527778,,,,,,,,,,,,,,,,,,,,,,,,,,,,,,,,,,,,,,,,,,,,,,,,,,,,,,,,,,,,,,,,,,,,,,,,,,,,,,,,,,,,,,,,,,,,,,,,,,,,,,,,,,,,,,,,,,,,,,,,,,,,,,,,,,,,,,,,,,,
252401|2524|PGBS_GU3||Battery Storage|Lithium-ion,2524,Pacific Green Energy Park – Portland,,Pacific Green Energy Park Cascade Trust,pacificgreen_NR,VIC1,250,252401,PGBS_GU3,Battery Storage,Lithium-ion,,,Scheduled,160,,6,,960,500.8,Publicly Announced,,,,46091,45923.416666666664,,,,,,,,,,,,,,,,,,,,,,,,,,,,,,,,,,,,,,,,,,,,,,,,,,,,,,,,,,,,,,,,,,,,,,,,,,,,,,,,,,,,,,,,,,,,,,,,,,,,,,,,,,,,,,,,,,,,,,,,,,,,,,,,,,,,,,,,,,,
261101|2611|PLBS_GU1||Battery Storage|Lithium-ion,2611,Pacific Green Energy Park Portland West,V00113,Pacific Green Energy Park Portland West Trust,pacificgreen_NR,VIC1,250,261101,PLBS_GU1,Battery Storage,Lithium-ion,,,Scheduled,1,,1000,,1000,1000,Publicly Announced,,,,46361,46164.439884259256,,,,,,,,,,,,,,,,,,,,,,,,,,,,,,,,,,,,,,,,,,,,,,,,,,,,,,,,,,,,,,,,,,,,,,,,,,,,,,,,,,,,,,,,,,,,,,,,,,,,,,,,,,,,,,,,,,,,,,,,,,,,,,,,,,,,,,,,,,,
320901|3209|PGEF_GU1||Battery Storage|Lithium-ion,3209,Pacific Green Energy Park Stonehill - KCI,Q00271,Pacific Green Rocky Creek Pty Ltd,,QLD1,250,320901,PGEF_GU1,Battery Storage,Lithium-ion,,,Semi-scheduled,1,,250,,250,250,Publicly Announced,,,,46091,46044.66679398148,,,,,,,,,,,,,,,,,,,,,,,,,,,,,,,,,,,,,,,,,,,,,,,,,,,,,,,,,,,,,,,,,,,,,,,,,,,,,,,,,,,,,,,,,,,,,,,,,,,,,,,,,,,,,,,,,,,,,,,,,,,,,,,,,,,,,,,,,,,
321201|3212|KINGW_GU1||Battery Storage|Lithium-ion,3212,Pacific Green Kingswell Energy Park - KCI,Q00278,Pacific Green Energy Group Pty Ltd,,QLD1,500,321201,KINGW_GU1,Battery Storage,Lithium-ion,,,Scheduled,1,,500,,500,500,Publicly Announced,,,,46091,46044.66706018519,,,,,,,,,,,,,,,,,,,,,,,,,,,,,,,,,,,,,,,,,,,,,,,,,,,,,,,,,,,,,,,,,,,,,,,,,,,,,,,,,,,,,,,,,,,,,,,,,,,,,,,,,,,,,,,,,,,,,,,,,,,,,,,,,,,,,,,,,,,
115502|1155|PYWF||Wind|Onshore,1155,Paling Yards Wind Farm,N00001,Paling Yards Development Pty Ltd,globalpower-generation_NR,NSW1,286.7,115502,PYWF,Wind,Onshore,,,Semi-scheduled,47,,6.1,,286.7,,Publicly Announced,47300,2060,,46361,46099.59546296296,,,,,,,,,,,,,,,,,,,,,,,,,,,,,,,,,,,,,,,,,,,,,,,,,,,,,,,,,,,,,,,,,,,,,,,,,,,,,,,,,,,,,,,,,,,,,,,,,,,,,,,,,,,,,,,,,,,,,,,,,,,,,,,,,,,,,,,,,,,
222201|2222|PBESS_G1||Battery Storage|Lithium-ion,2222,Panorama BESS,N00093, PANORAMA BESS SUBCO PTY LTD as trustee for the PANORAMA BESS UNIT TRUST,recurrentenergy_nr,NSW1,100,222201,PBESS_G1,Battery Storage,Lithium-ion,,,Scheduled,32,4.39,4.39,140.48,140.48,280.96,Publicly Announced,46753,2055,,46091,46111.49252314815,,,,,,,,,,,,,,,,,,,,,,,,,,,,,,,,,,,,,,,,,,,,,,,,,,,,,,,,,,,,,,,,,,,,,,,,,,,,,,,,,,,,,,,,,,,,,,,,,,,,,,,,,,,,,,,,,,,,,,,,,,,,,,,,,,,,,,,,,,,
329501|3295|Parkes Energy Recovery Facility||Other|Biomass,3295,Parkes Energy Recovery Project,,Parkes Energy Recovery ProjectCo Pty Ltd as the trustee for Parkes Energy Recovery Project Trust,parkes_nr,NSW1,76,329501,Parkes Energy Recovery Facility,Other,Biomass,,,Scheduled,1,,76,,76,,Publicly Announced,,,,,46190.514131944445,,,,,,,,,,,,,,,,,,,,,,,,,,,,,,,,,,,,,,,,,,,,,,,,,,,,,,,,,,,,,,,,,,,,,,,,,,,,,,,,,,,,,,,,,,,,,,,,,,,,,,,,,,,,,,,,,,,,,,,,,,,,,,,,,,,,,,,,,,,
140201|1402|Parkes Solar Farm:Solar Panels|PARSF1|Solar PV|Single Axis Tracking,1402,Parkes Solar Farm,,Parkes Solar Farm Pty Ltd,PSF,NSW1,49.5,140201,Parkes Solar Farm:Solar Panels,Solar PV,Single Axis Tracking,,PARSF1,Semi-scheduled,22,,2.25,,49.5,,In Service,,2042,,46091,46111.680983796294,49.5,49.5,49.5,49.5,49.5,49.5,49.5,49.5,49.5,49.5,49.5,49.5,49.5,49.5,49.5,49.5,49.5,49.5,49.5,49.5,49.5,49.5,49.5,49.5,49.5,49.5,49.5,49.5,49.5,49.5,,,,,,,,,,,,,,,,,,,,,,,,,,,,,,,,,,,,,,,,,,,,,,,,,,,,,,,,,,,,,,,,,,,,,,,,,,,,,,,,,,,,,,,,,,,,,,,,,,,,,,,,,,,,,
291801|2918|PVSF_GU1||Solar PV|Fixed,2918,Peel Valley Solar Hybrid (PV+BESS),N00212,Potentia Energy Group P/L,enel_NR,NSW1,300,291801,PVSF_GU1,Solar PV,Fixed,,,Semi-scheduled,92,4.4,4.4,404.8,404.8,,Publicly Announced,47498,2050,,46091,46188.37726851852,,,,,,,,,,,,,,,,,,,,,,,,,,,,,,,,,,,,,,,,,,,,,,,,,,,,,,,,,,,,,,,,,,,,,,,,,,,,,,,,,,,,,,,,,,,,,,,,,,,,,,,,,,,,,,,,,,,,,,,,,,,,,,,,,,,,,,,,,,,
291802|2918|PVBS_GU2||Battery Storage|Lithium-ion,2918,Peel Valley Solar Hybrid (PV+BESS),N00212,Potentia Energy Group P/L,enel_NR,NSW1,300,291802,PVBS_GU2,Battery Storage,Lithium-ion,,,Scheduled,92,4.4,4.4,404.8,404.8,494.04,Publicly Announced,47498,2055,,46091,46188.37726851852,,,,,,,,,,,,,,,,,,,,,,,,,,,,,,,,,,,,,,,,,,,,,,,,,,,,,,,,,,,,,,,,,,,,,,,,,,,,,,,,,,,,,,,,,,,,,,,,,,,,,,,,,,,,,,,,,,,,,,,,,,,,,,,,,,,,,,,,,,,
251801|2518|PSFB_GU1||Solar PV|Single Axis Tracking,2518,Peninsula Solar Farm And BESS,N00142,Edify Energy Pty Ltd,edifyenergy_NR,NSW1,80,251801,PSFB_GU1,Solar PV,Single Axis Tracking,,,Semi-scheduled,1,,80,,80,,Publicly Announced,,,,46361,46164.70736111111,,,,,,,,,,,,,,,,,,,,,,,,,,,,,,,,,,,,,,,,,,,,,,,,,,,,,,,,,,,,,,,,,,,,,,,,,,,,,,,,,,,,,,,,,,,,,,,,,,,,,,,,,,,,,,,,,,,,,,,,,,,,,,,,,,,,,,,,,,,
251802|2518|PSFB_GU2||Battery Storage|Lithium-ion,2518,Peninsula Solar Farm And BESS,N00142,Edify Energy Pty Ltd,edifyenergy_NR,NSW1,80,251802,PSFB_GU2,Battery Storage,Lithium-ion,,,Scheduled,1,,80,,80,160,Publicly Announced,,,,46361,46164.70736111111,,,,,,,,,,,,,,,,,,,,,,,,,,,,,,,,,,,,,,,,,,,,,,,,,,,,,,,,,,,,,,,,,,,,,,,,,,,,,,,,,,,,,,,,,,,,,,,,,,,,,,,,,,,,,,,,,,,,,,,,,,,,,,,,,,,,,,,,,,,
242501|2425|PIBS_GU1|PIBESS1|Battery Storage|Lithium-ion,2425,Philip Island BESS,,Mondo Metering,mondo_NR,VIC1,5,242501,PIBS_GU1,Battery Storage,Lithium-ion,,PIBESS1,Scheduled,1,5,5,5,5,10,In Service,,2038,,46091,46108.654490740744,5,5,5,5,5,5,5,5,5,5,5,5,5,5,5,5,5,5,5,5,5,5,5,5,5,5,5,5,5,5,5,5,5,5,5,5,5,5,5,5,5,5,5,5,5,5,5,5,5,5,,,,,,,,,,,,,,,,,,,,,,,,,,,,,,,,,,,,,,,,,,,,,,,,,,,,,,,,,,,,,,,,,,,,,,,,,,,,,,,,,,,,,,,,,
253401|2534|PPHS_GU1||Hydro|Pumped Hydro,2534,Phoenix Pumped Hydro Project,N00125,ACEN Phoenix Pty Ltd,acenaustralia_NR,NSW1,810,253401,PPHS_GU1,Hydro,Pumped Hydro,,,Scheduled,3,,270,,810,9720,Publicly Announced,48549,2090,,46091,46111.70395833333,,,,,,,,,,,,,,,,,,,,,,,,,,,,,,,,,,,,,,,,,,,,,,,,,,,,,,,,,,,,,,,,,,,,,,,,,,,,,,,,,,,,,,,,,,,,,,,,,,,,,,,,,,,,,,,,,,,,,,,,,,,,,,,,,,,,,,,,,,,
221901|2219|PWF_G1||Wind|Onshore,2219,Piambong Wind Farm - KCI,N00090,Piambong Wind Farm Pty Ltd,vestas_NR,NSW1,583.2,221901,PWF_G1,Wind,Onshore,,,Semi-scheduled,81,,7.2,,583.2,,Publicly Announced,47088,2058,,46091,46105.446550925924,,,,,,,,,,,,,,,,,,,,,,,,,,,,,,,,,,,,,,,,,,,,,,,,,,,,,,,,,,,,,,,,,,,,,,,,,,,,,,,,,,,,,,,,,,,,,,,,,,,,,,,,,,,,,,,,,,,,,,,,,,,,,,,,,,,,,,,,,,,
283501|2835|WRBSPDWF||Wind|Onshore,2835,Pikedale Wind Farm (KCI),Q00188,Squadron Energy Developments Pty Ltd,squadronenergy_NR,QLD1,1500,283501,WRBSPDWF,Wind,Onshore,,,Semi-scheduled,250,,6,,1500,,Publicly Announced,58623,2060,,46091,46098.12758101852,,,,,,,,,,,,,,,,,,,,,,,,,,,,,,,,,,,,,,,,,,,,,,,,,,,,,,,,,,,,,,,,,,,,,,,,,,,,,,,,,,,,,,,,,,,,,,,,,,,,,,,,,,,,,,,,,,,,,,,,,,,,,,,,,,,,,,,,,,,
115901|1159|Pindari:1|PINDARI|Hydro|Dam,1159,Pindari,,AGL Hydro Partnership,SOUTHHYD,NSW1,6,115901,Pindari:1,Hydro,Dam,,PINDARI,Non-scheduled,1,,5.77,,5.77,,In Service,,2032,,46091,46112.62364583334,,,,,,,,,,,,,,,,,,,,,,,,,,,,,,,,,,,,,,,,,,,,,,,,,,,,,,,,,,,,,,,,,,,,,,,,,,,,,,,,,,,,,,,,,,,,,,,,,,,,,,,,,,,,,,,,,,,,,,,,,,,,,,,,,,,,,,,,,,,
274001|2740|PLBS_GU1||Battery Storage|Lithium-ion,2740,Pine Lodge 2 BESS - KCI,V00153,ACEnergy Pty Ltd,acenergy_NR,VIC1,350,274001,PLBS_GU1,Battery Storage,Lithium-ion,,,Scheduled,126,3.62,3.62,456.12,456.12,700.56,Publicly Announced,47270,2050,,46091,46111.706342592595,,,,,,,,,,,,,,,,,,,,,,,,,,,,,,,,,,,,,,,,,,,,,,,,,,,,,,,,,,,,,,,,,,,,,,,,,,,,,,,,,,,,,,,,,,,,,,,,,,,,,,,,,,,,,,,,,,,,,,,,,,,,,,,,,,,,,,,,,,,
199701|1997|PineBESS||Battery Storage|Lithium-ion,1997,Pine Lodge BESS,V00063,ENERGY STORAGE PROJECT NO 6 PTY LTD,valent-energy_nr,VIC1,250,199701,PineBESS,Battery Storage,Lithium-ion,,,Scheduled,1,1,250,1,250,668,Committed*,46326,2046,,46361,46160.73243055555,250,250,250,250,250,250,250,250,250,250,250,250,250,250,250,250,250,250,250,250,250,250,250,250,250,250,250,250,250,250,668,668,668,668,668,668,668,668,668,668,668,668,668,668,668,668,668,668,668,668,,,,,,,,,,,,,,,,,,,,,,,,,,,,,,,,,,,,,,,,,,,,,,,,,,,,,,,,,,,,,,,,,,,,,,,,,,,,,,,,,,,,,,,,,
320101|3201|PC_GU1||Battery Storage|Lithium-ion,3201,Pinecrest Battery Energy Storage System,N00254,Pinecrest Developments Pty Ltd,,NSW1,250,320101,PC_GU1,Battery Storage,Lithium-ion,,,Scheduled,130,,1.93,,250.9,,Publicly Announced,,,,46091,46043.61269675926,,,,,,,,,,,,,,,,,,,,,,,,,,,,,,,,,,,,,,,,,,,,,,,,,,,,,,,,,,,,,,,,,,,,,,,,,,,,,,,,,,,,,,,,,,,,,,,,,,,,,,,,,,,,,,,,,,,,,,,,,,,,,,,,,,,,,,,,,,,
238101|2381|PBS_GU1||Battery Storage|Lithium-ion,2381,Pinnacles BESS - Storage - KCI,Q00057,Enervest Operations Pty Ltd,enervest_NR,QLD1,400,238101,PBS_GU1,Battery Storage,Lithium-ion,,,Scheduled,1,,400,,400,1600,Publicly Announced,47573,2050,,46361,46112.66033564815,,,,,,,,,,,,,,,,,,,,,,,,,,,,,,,,,,,,,,,,,,,,,,,,,,,,,,,,,,,,,,,,,,,,,,,,,,,,,,,,,,,,,,,,,,,,,,,,,,,,,,,,,,,,,,,,,,,,,,,,,,,,,,,,,,,,,,,,,,,
258601|2586|PPBS_GU1||Battery Storage|Lithium-ion,2586,Pint Pot BESS,N00136,FRV Services Australia Pty Ltd,frv_NR,NSW1,315,258601,PPBS_GU1,Battery Storage,Lithium-ion,,,Scheduled,106,,4,,424,1260.34,Publicly Announced,,,,46091,46101.68052083333,,,,,,,,,,,,,,,,,,,,,,,,,,,,,,,,,,,,,,,,,,,,,,,,,,,,,,,,,,,,,,,,,,,,,,,,,,,,,,,,,,,,,,,,,,,,,,,,,,,,,,,,,,,,,,,,,,,,,,,,,,,,,,,,,,,,,,,,,,,
270401|2704|Pioneerb||Battery Storage|Lithium-ion,2704,Pioneer BESS - KCI,Q00153,Edify Energy Pty Ltd,edifyenergy_NR,QLD1,200,270401,Pioneerb,Battery Storage,Lithium-ion,,,Scheduled,1,220,200,220,200,200,Publicly Announced,47058,2048,,46361,46164.707962962966,,,,,,,,,,,,,,,,,,,,,,,,,,,,,,,,,,,,,,,,,,,,,,,,,,,,,,,,,,,,,,,,,,,,,,,,,,,,,,,,,,,,,,,,,,,,,,,,,,,,,,,,,,,,,,,,,,,,,,,,,,,,,,,,,,,,,,,,,,,
116001|1160|Pioneer Sugar Mill:Unit 1||Other|Biomass,1160,Pioneer Sugar Mill,,Pioneer Sugar Mills P/L,EEQ,QLD1,67.8,116001,Pioneer Sugar Mill:Unit 1,Other,Biomass,Biofuel/Biomass,,Non-scheduled,1,,36.9,,36.9,,In Service,,2040,,46091,46099.54476851852,,,,,,,,,,,,,,,,,,,,,,,,,,,,,,,,,,,,,,,,,,,,,,,,,,,,,,,,,,,,,,,,,,,,,,,,,,,,,,,,,,,,,,,,,,,,,,,,,,,,,,,,,,,,,,,,,,,,,,,,,,,,,,,,,,,,,,,,,,,
116002|1160|Pioneer Sugar Mill:Unit 2||Other|Biomass,1160,Pioneer Sugar Mill,,Pioneer Sugar Mills P/L,EEQ,QLD1,67.8,116002,Pioneer Sugar Mill:Unit 2,Other,Biomass,Biofuel/Biomass,,Non-scheduled,1,,30.9,,30.9,,In Service,,2040,,46091,46099.54476851852,,,,,,,,,,,,,,,,,,,,,,,,,,,,,,,,,,,,,,,,,,,,,,,,,,,,,,,,,,,,,,,,,,,,,,,,,,,,,,,,,,,,,,,,,,,,,,,,,,,,,,,,,,,,,,,,,,,,,,,,,,,,,,,,,,,,,,,,,,,
272801|2728|PHSF_GU1||Solar PV|Single Axis Tracking,2728,Pleasant Hills Solar Farm - KCI,Q00154,TotalEnergies Renewables Australia Pty Ltd,totalenergies_nr,QLD1,80,272801,PHSF_GU1,Solar PV,Single Axis Tracking,,,Semi-scheduled,28,2.92,2.86,81.76,80.08,,Publicly Announced,47398,2065,,46091,46163.61084490741,,,,,,,,,,,,,,,,,,,,,,,,,,,,,,,,,,,,,,,,,,,,,,,,,,,,,,,,,,,,,,,,,,,,,,,,,,,,,,,,,,,,,,,,,,,,,,,,,,,,,,,,,,,,,,,,,,,,,,,,,,,,,,,,,,,,,,,,,,,
280602|2806|PSBS_GU1||Battery Storage|Lithium-ion,2806,Pleystowe BESS,,PLEYSTOWE BESS PTY LTD,trinasolar_nr,QLD1,200,280602,PSBS_GU1,Battery Storage,Lithium-ion,,,Scheduled,1,334,200,334,200,800,Publicly Announced,47118,2046,,46091,46112.721400462964,,,,,,,,,,,,,,,,,,,,,,,,,,,,,,,,,,,,,,,,,,,,,,,,,,,,,,,,,,,,,,,,,,,,,,,,,,,,,,,,,,,,,,,,,,,,,,,,,,,,,,,,,,,,,,,,,,,,,,,,,,,,,,,,,,,,,,,,,,,
283601|2836|PSBS_GU1||Battery Storage|Lithium-ion,2836,Pleystowe BESS (KCI),Q00189,Pleystowe BESS P/L,pleystowe_nr,QLD1,200,283601,PSBS_GU1,Battery Storage,Lithium-ion,,,Scheduled,1,,200,,200,,Publicly Announced,,,,45901,45569.06476851852,,,,,,,,,,,,,,,,,,,,,,,,,,,,,,,,,,,,,,,,,,,,,,,,,,,,,,,,,,,,,,,,,,,,,,,,,,,,,,,,,,,,,,,,,,,,,,,,,,,,,,,,,,,,,,,,,,,,,,,,,,,,,,,,,,,,,,,,,,,
218001|2180|PKPS_G1||Other|Other,2180,Port Kembla Power Station,N00031, Australian Industrial Power,,NSW1,660,218001,PKPS_G1,Other,Other,,,Scheduled,1,,660,,660,,Publicly Announced,,,,46091,44945.734930555554,,,,,,,,,,,,,,,,,,,,,,,,,,,,,,,,,,,,,,,,,,,,,,,,,,,,,,,,,,,,,,,,,,,,,,,,,,,,,,,,,,,,,,,,,,,,,,,,,,,,,,,,,,,,,,,,,,,,,,,,,,,,,,,,,,,,,,,,,,,
330201|3302|Portland BESS||Battery Storage|Lithium-ion,3302,Portland BESS - KCI,N00309,,,NSW1,500,330201,Portland BESS,Battery Storage,Lithium-ion,,,Scheduled,1,,500,,500,,Publicly Announced,,,,,46203.48003472222,,,,,,,,,,,,,,,,,,,,,,,,,,,,,,,,,,,,,,,,,,,,,,,,,,,,,,,,,,,,,,,,,,,,,,,,,,,,,,,,,,,,,,,,,,,,,,,,,,,,,,,,,,,,,,,,,,,,,,,,,,,,,,,,,,,,,,,,,,,
315801|3158|PEPBS_GU1||Battery Storage|Lithium-ion,3158,Portland Energy Park BESS,,Pacific Green,pacificgreen_NR,VIC1,1000,315801,PEPBS_GU1,Battery Storage,Lithium-ion,,,Scheduled,1,,1000,,1000,2500,Publicly Announced,,,,46091,46037.65565972222,,,,,,,,,,,,,,,,,,,,,,,,,,,,,,,,,,,,,,,,,,,,,,,,,,,,,,,,,,,,,,,,,,,,,,,,,,,,,,,,,,,,,,,,,,,,,,,,,,,,,,,,,,,,,,,,,,,,,,,,,,,,,,,,,,,,,,,,,,,
271001|2710|Portland||Battery Storage|Lithium-ion,2710,Portland Renewables Project - KCI,V00150,HAMR Energy Pty Ltd,,VIC1,350,271001,Portland,Battery Storage,Lithium-ion,,,Scheduled,1,,350,,350,350,Publicly Announced,,,,46091,45379.84412037037,,,,,,,,,,,,,,,,,,,,,,,,,,,,,,,,,,,,,,,,,,,,,,,,,,,,,,,,,,,,,,,,,,,,,,,,,,,,,,,,,,,,,,,,,,,,,,,,,,,,,,,,,,,,,,,,,,,,,,,,,,,,,,,,,,,,,,,,,,,
116501|1165|Portland Wind Farm:PWEP II 1-29||Wind|Onshore,1165,Portland Wind Farm,,Pacific Hydro Portland Wind Farm Pty Ltd,PORTWF,VIC1,151.7,116501,Portland Wind Farm:PWEP II 1-29,Wind,Onshore,,,Significant Non-scheduled,29,,2.05,,59.45,,In Service,,2044,,46091,46177.46958333333,59.45,59.45,59.45,59.45,59.45,59.45,59.45,59.45,59.45,59.45,59.45,59.45,59.45,59.45,59.45,59.45,59.45,59.45,59.45,59.45,59.45,59.45,59.45,59.45,59.45,59.45,59.45,59.45,59.45,59.45,0,0,0,0,0,0,0,0,0,0,0,0,0,0,0,0,0,0,0,0,,,,,,,,,,,,,,,,,,,,,,,,,,,,,,,,,,,,,,,,,,,,,,,,,,,,,,,,,,,,,,,,,,,,,,,,,,,,,,,,,,,,,,,,,
116502|1165|Portland Wind Farm:PWEP III 30-51||Wind|Onshore,1165,Portland Wind Farm,,Pacific Hydro Portland Wind Farm Pty Ltd,PORTWF,VIC1,151.7,116502,Portland Wind Farm:PWEP III 30-51,Wind,Onshore,,,Significant Non-scheduled,22,,2.05,,45.1,,In Service,,2044,,46091,46177.46958333333,45.1,45.1,45.1,45.1,45.1,45.1,45.1,45.1,45.1,45.1,45.1,45.1,45.1,45.1,45.1,45.1,45.1,45.1,45.1,45.1,45.1,45.1,45.1,45.1,45.1,45.1,45.1,45.1,45.1,45.1,0,0,0,0,0,0,0,0,0,0,0,0,0,0,0,0,0,0,0,0,,,,,,,,,,,,,,,,,,,,,,,,,,,,,,,,,,,,,,,,,,,,,,,,,,,,,,,,,,,,,,,,,,,,,,,,,,,,,,,,,,,,,,,,,
116503|1165|Portland Wind Farm:PWEP IV 52-74||Wind|Onshore,1165,Portland Wind Farm,,Pacific Hydro Portland Wind Farm Pty Ltd,PORTWF,VIC1,151.7,116503,Portland Wind Farm:PWEP IV 52-74,Wind,Onshore,,,Significant Non-scheduled,23,,2.05,,47.15,,In Service,,2044,,46091,46177.46958333333,47.15,47.15,47.15,47.15,47.15,47.15,47.15,47.15,47.15,47.15,47.15,47.15,47.15,47.15,47.15,47.15,47.15,47.15,47.15,47.15,47.15,47.15,47.15,47.15,47.15,47.15,47.15,47.15,47.15,47.15,0,0,0,0,0,0,0,0,0,0,0,0,0,0,0,0,0,0,0,0,,,,,,,,,,,,,,,,,,,,,,,,,,,,,,,,,,,,,,,,,,,,,,,,,,,,,,,,,,,,,,,,,,,,,,,,,,,,,,,,,,,,,,,,,
271801|2718|PGBS_GU1||Battery Storage|Lithium-ion,2718,Pottinger Energy Park - Battery - KCI,N00158,Pottinger Renewables P/L,,NSW1,500,271801,PGBS_GU1,Battery Storage,Lithium-ion,,,Scheduled,255,,1.96,,499.8,,Publicly Announced,,,,46091,45384.87138888889,,,,,,,,,,,,,,,,,,,,,,,,,,,,,,,,,,,,,,,,,,,,,,,,,,,,,,,,,,,,,,,,,,,,,,,,,,,,,,,,,,,,,,,,,,,,,,,,,,,,,,,,,,,,,,,,,,,,,,,,,,,,,,,,,,,,,,,,,,,
271701|2717|PGSF_GU1||Solar PV|Fixed,2717,Pottinger Energy Park - Solar - KCI,N00158,Pottinger Renewables P/L,,NSW1,300,271701,PGSF_GU1,Solar PV,Fixed,,,Semi-scheduled,128,,2.34,,299.52,,Publicly Announced,,,,46091,45384.867002314815,,,,,,,,,,,,,,,,,,,,,,,,,,,,,,,,,,,,,,,,,,,,,,,,,,,,,,,,,,,,,,,,,,,,,,,,,,,,,,,,,,,,,,,,,,,,,,,,,,,,,,,,,,,,,,,,,,,,,,,,,,,,,,,,,,,,,,,,,,,
271601|2716|PGWF_GU1||Wind|Onshore,2716,Pottinger Energy Park - Wind - KCI,N00158,Pottinger Renewables P/L,,NSW1,1300,271601,PGWF_GU1,Wind,Onshore,,,Semi-scheduled,250,,5.2,,1300,,Publicly Announced,,,,46091,45384.85511574074,,,,,,,,,,,,,,,,,,,,,,,,,,,,,,,,,,,,,,,,,,,,,,,,,,,,,,,,,,,,,,,,,,,,,,,,,,,,,,,,,,,,,,,,,,,,,,,,,,,,,,,,,,,,,,,,,,,,,,,,,,,,,,,,,,,,,,,,,,,
156901|1569|Prairie||Solar PV|Single Axis Tracking,1569,Prairie Solar Farm,,Pacific Hydro Australia Developments Pty Ltd,pacificblue_nr,VIC1,250,156901,Prairie,Solar PV,Single Axis Tracking,,,Semi-scheduled,1,250,246.3,250,246.3,,Publicly Announced,49582,2055,,46091,46160.56085648148,,,,,,,,,,,,,,,,,,,,,,,,,,,,,,,,,,,,,,,,,,,,,,,,,,,,,,,,,,,,,,,,,,,,,,,,,,,,,,,,,,,,,,,,,,,,,,,,,,,,,,,,,,,,,,,,,,,,,,,,,,,,,,,,,,,,,,,,,,,
160602|1606|Prairie||Wind|Onshore,1606,Prairie WF and Wongalee WF,,Prairie Wind Farm Pty Ltd,windlab_NR,QLD1,2000,160602,Prairie,Wind,Onshore,,,Semi-scheduled,100,,8,,800,,Publicly Announced,48213,2061,,46091,46120.41092592593,,,,,,,,,,,,,,,,,,,,,,,,,,,,,,,,,,,,,,,,,,,,,,,,,,,,,,,,,,,,,,,,,,,,,,,,,,,,,,,,,,,,,,,,,,,,,,,,,,,,,,,,,,,,,,,,,,,,,,,,,,,,,,,,,,,,,,,,,,,
160603|1606|Wongalee||Wind|Onshore,1606,Prairie WF and Wongalee WF,,Prairie Wind Farm Pty Ltd,windlab_NR,QLD1,2000,160603,Wongalee,Wind,Onshore,,,Semi-scheduled,150,,8,,1200,,Publicly Announced,48579,2062,,46091,46120.41092592593,,,,,,,,,,,,,,,,,,,,,,,,,,,,,,,,,,,,,,,,,,,,,,,,,,,,,,,,,,,,,,,,,,,,,,,,,,,,,,,,,,,,,,,,,,,,,,,,,,,,,,,,,,,,,,,,,,,,,,,,,,,,,,,,,,,,,,,,,,,
305501|3055|PBBS_GU1||Battery Storage|Lithium-ion,3055,Project Brandy BESS,N00244,Evolution Pty Ltd,evolution_nr,NSW1,90,305501,PBBS_GU1,Battery Storage,Lithium-ion,,,Scheduled,14,,6.9,,96.6,,Publicly Announced,,,,45901,45840.04607638889,,,,,,,,,,,,,,,,,,,,,,,,,,,,,,,,,,,,,,,,,,,,,,,,,,,,,,,,,,,,,,,,,,,,,,,,,,,,,,,,,,,,,,,,,,,,,,,,,,,,,,,,,,,,,,,,,,,,,,,,,,,,,,,,,,,,,,,,,,,
305502|3055|PBBS_GU2||Battery Storage|Lithium-ion,3055,Project Brandy BESS,N00244,Evolution Pty Ltd,evolution_nr,NSW1,90,305502,PBBS_GU2,Battery Storage,Lithium-ion,,,Scheduled,13,,6.9,,89.7,,Publicly Announced,,,,45901,45840.04607638889,,,,,,,,,,,,,,,,,,,,,,,,,,,,,,,,,,,,,,,,,,,,,,,,,,,,,,,,,,,,,,,,,,,,,,,,,,,,,,,,,,,,,,,,,,,,,,,,,,,,,,,,,,,,,,,,,,,,,,,,,,,,,,,,,,,,,,,,,,,
315101|3151|PG_GU1||Battery Storage|Lithium-ion,3151,Puggoon Hybrid,N00256,X-Elio,x-elio_NR,NSW1,250,315101,PG_GU1,Battery Storage,Lithium-ion,,,Scheduled,1,,1,,1,,Publicly Announced,,,,46091,45995.584548611114,,,,,,,,,,,,,,,,,,,,,,,,,,,,,,,,,,,,,,,,,,,,,,,,,,,,,,,,,,,,,,,,,,,,,,,,,,,,,,,,,,,,,,,,,,,,,,,,,,,,,,,,,,,,,,,,,,,,,,,,,,,,,,,,,,,,,,,,,,,
281501|2815|PCRE_GU2||Battery Storage|Lithium-ion,2815,Punchs Creek Renewable Energy Project - Stage 1,Q00105,,,QLD1,400,281501,PCRE_GU2,Battery Storage,Lithium-ion,,,Scheduled,156,,2.56,,399.36,1600,Anticipated,,,,,46203.6740162037,0,0,0,399.36,399.36,399.36,399.36,399.36,399.36,399.36,399.36,399.36,399.36,399.36,399.36,399.36,399.36,399.36,399.36,399.36,399.36,399.36,399.36,399.36,399.36,399.36,399.36,399.36,399.36,399.36,,,1600,1600,1600,1600,1600,1600,1600,1600,1600,1600,1600,1600,1600,1600,1600,1600,1600,1600,,,,,,,,,,,,,,,,,,,,,,,,,,,,,,,,,,,,,,,,,,,,,,,,,,,,,,,,,,,,,,,,,,,,,,,,,,,,,,,,,,,,,,,,,
281502|2815|PV||Solar PV|Single Axis Tracking,2815,Punchs Creek Renewable Energy Project - Stage 1,Q00105,,,QLD1,400,281502,PV,Solar PV,Single Axis Tracking,,,Semi-scheduled,156,,2.56,,399.36,,Anticipated,,,,,46203.6740162037,0,0,0,399.36,399.36,399.36,399.36,399.36,399.36,399.36,399.36,399.36,399.36,399.36,399.36,399.36,399.36,399.36,399.36,399.36,399.36,399.36,399.36,399.36,399.36,399.36,399.36,399.36,399.36,399.36,,,,,,,,,,,,,,,,,,,,,,,,,,,,,,,,,,,,,,,,,,,,,,,,,,,,,,,,,,,,,,,,,,,,,,,,,,,,,,,,,,,,,,,,,,,,,,,,,,,,,,,,,,,,,
302801|3028|PV||Solar PV|Single Axis Tracking,3028,Punchs Creek Renewable Energy Project - Stage 2,Q00223,skylabgroup_NR,skylabgroup_NR,QLD1,400,302801,PV,Solar PV,Single Axis Tracking,,,Semi-scheduled,1,,400,,400,,Publicly Announced,47057,,,,46203.667083333334,,,,,,,,,,,,,,,,,,,,,,,,,,,,,,,,,,,,,,,,,,,,,,,,,,,,,,,,,,,,,,,,,,,,,,,,,,,,,,,,,,,,,,,,,,,,,,,,,,,,,,,,,,,,,,,,,,,,,,,,,,,,,,,,,,,,,,,,,,,
302802|3028|BESS||Battery Storage|Lithium-ion,3028,Punchs Creek Renewable Energy Project - Stage 2,Q00223,skylabgroup_NR,skylabgroup_NR,QLD1,400,302802,BESS,Battery Storage,Lithium-ion,,,Scheduled,1,,400,,400,1600,Publicly Announced,,,,,46203.667083333334,,,,,,,,,,,,,,,,,,,,,,,,,,,,,,,,,,,,,,,,,,,,,,,,,,,,,,,,,,,,,,,,,,,,,,,,,,,,,,,,,,,,,,,,,,,,,,,,,,,,,,,,,,,,,,,,,,,,,,,,,,,,,,,,,,,,,,,,,,,
301101|3011|QuangSF||Solar PV|Fixed,3011,Quandong Solar Farm,V00024,Emergent Technologies,,VIC1,350,301101,QuangSF,Solar PV,Fixed,,,Semi-scheduled,1,,350,,350,,Publicly Announced,,,,46091,45750.849652777775,,,,,,,,,,,,,,,,,,,,,,,,,,,,,,,,,,,,,,,,,,,,,,,,,,,,,,,,,,,,,,,,,,,,,,,,,,,,,,,,,,,,,,,,,,,,,,,,,,,,,,,,,,,,,,,,,,,,,,,,,,,,,,,,,,,,,,,,,,,
256601|2566|QRP_GU1||Other|Other,2566,Queensland Renewable Park,Q00097,EEW Eco Energy World Pty Ltd,eewrenew_NR,QLD1,750,256601,QRP_GU1,Other,Other,,,Scheduled,1,,750,,750,,Publicly Announced,,,,46091,45735.999293981484,,,,,,,,,,,,,,,,,,,,,,,,,,,,,,,,,,,,,,,,,,,,,,,,,,,,,,,,,,,,,,,,,,,,,,,,,,,,,,,,,,,,,,,,,,,,,,,,,,,,,,,,,,,,,,,,,,,,,,,,,,,,,,,,,,,,,,,,,,,
185702|1857|Quorn Park SH BESS|QPSFB2|Battery Storage|Lithium-ion,1857,Quorn Park Solar Hybrid,,Quorn Park Solar Hybrid Pty Ltd as the trustee for Quorn Park Solar Hybrid Trust,enel_NR,NSW1,80,185702,Quorn Park SH BESS,Battery Storage,Lithium-ion,,QPSFB2,Scheduled,8,3.45,3.45,27.6,27.6,42.88,In Commissioning,46203,2045,,46361,46188.37284722222,0,19.8,19.8,19.8,19.8,19.8,19.8,19.8,19.8,19.8,19.8,19.8,19.8,19.8,19.8,19.8,19.8,19.8,19.8,19.8,19.8,19.8,19.8,19.8,19.8,19.8,19.8,19.8,19.8,19.8,0,39.6,19.8,19.8,19.8,19.8,19.8,19.8,19.8,19.8,19.8,19.8,19.8,19.8,19.8,19.8,19.8,19.8,19.8,19.8,,,,,,,,,,,,,,,,,,,,,,,,,,,,,,,,,,,,,,,,,,,,,,,,,,,,,,,,,,,,,,,,,,,,,,,,,,,,,,,,,,,,,,,,,
185703|1857|Quorn Park SH PV|QPSFB1|Solar PV|Single Axis Tracking,1857,Quorn Park Solar Hybrid,,Quorn Park Solar Hybrid Pty Ltd as the trustee for Quorn Park Solar Hybrid Trust,enel_NR,NSW1,80,185703,Quorn Park SH PV,Solar PV,Single Axis Tracking,,QPSFB1,Semi-scheduled,22,4.4,4.4,96.8,96.8,,In Commissioning,46387,2055,,46361,46188.37284722222,0,80.08,80.08,70,80.08,80.08,70,80.08,80.08,70,80.08,80.08,70,80.08,80.08,70,80.08,80.08,70,80.08,80.08,70,80.08,80.08,70,80.08,80.08,70,80.08,80.08,,,,,,,,,,,,,,,,,,,,,,,,,,,,,,,,,,,,,,,,,,,,,,,,,,,,,,,,,,,,,,,,,,,,,,,,,,,,,,,,,,,,,,,,,,,,,,,,,,,,,,,,,,,,,
130502|1305|Racecourse Mill:7.0 MW Shin Nippon 3.3kV|RACOMIL1|Gas Turbine|Steam Turbine,1305,Racecourse Mill,,Mackay Sugar Ltd,mkysugar_NR,QLD1,44.5,130502,Racecourse Mill:7.0 MW Shin Nippon 3.3kV,Gas Turbine,Steam Turbine,Other,RACOMIL1,Non-scheduled,1,,7,,7,,In Service,,2035,,46091,46091.70453703704,,,,,,,,,,,,,,,,,,,,,,,,,,,,,,,,,,,,,,,,,,,,,,,,,,,,,,,,,,,,,,,,,,,,,,,,,,,,,,,,,,,,,,,,,,,,,,,,,,,,,,,,,,,,,,,,,,,,,,,,,,,,,,,,,,,,,,,,,,,
130503|1305|Racecourse Mill:Brush Generator|RACOMIL1|Gas Turbine|Steam Turbine,1305,Racecourse Mill,,Mackay Sugar Ltd,mkysugar_NR,QLD1,44.5,130503,Racecourse Mill:Brush Generator,Gas Turbine,Steam Turbine,Biofuel/Biomass,RACOMIL1,Non-scheduled,1,,38,,38,,In Service,,2044,,46091,46091.70453703704,,,,,,,,,,,,,,,,,,,,,,,,,,,,,,,,,,,,,,,,,,,,,,,,,,,,,,,,,,,,,,,,,,,,,,,,,,,,,,,,,,,,,,,,,,,,,,,,,,,,,,,,,,,,,,,,,,,,,,,,,,,,,,,,,,,,,,,,,,,
288601|2886|RGLNBESS||Battery Storage|Lithium-ion,2886,Raglan BESS,Q00190,TagEnergy Australia Pty Ltd,tagenergy_nr,QLD1,500,288601,RGLNBESS,Battery Storage,Lithium-ion,,,Scheduled,144,4.5,3.6,648,518.4,2072.16,Publicly Announced,47178,2058,,46361,46160.56725694444,,,,,,,,,,,,,,,,,,,,,,,,,,,,,,,,,,,,,,,,,,,,,,,,,,,,,,,,,,,,,,,,,,,,,,,,,,,,,,,,,,,,,,,,,,,,,,,,,,,,,,,,,,,,,,,,,,,,,,,,,,,,,,,,,,,,,,,,,,,
147401|1474|Raglan Solar Farm:96||Solar PV|Single Axis Tracking,1474,Raglan Solar Farm,Q00014,EEW Eco Energy World Ltd,eewrenew_NR,QLD1,300,147401,Raglan Solar Farm:96,Solar PV,Single Axis Tracking,,,Semi-scheduled,1,,300,,300,,Publicly Announced,,,,46091,45735.99628472222,,,,,,,,,,,,,,,,,,,,,,,,,,,,,,,,,,,,,,,,,,,,,,,,,,,,,,,,,,,,,,,,,,,,,,,,,,,,,,,,,,,,,,,,,,,,,,,,,,,,,,,,,,,,,,,,,,,,,,,,,,,,,,,,,,,,,,,,,,,
246001|2460|Rangebnk|RANGEB1|Battery Storage|Lithium-ion,2460,Rangebank BESS,,Cranbourne BESS Project Co Pty Ltd,SHELLNEW,VIC1,200,246001,Rangebnk,Battery Storage,Lithium-ion,,RANGEB1,Scheduled,64,3.5,3.5,224,224,400,In Service,,2044,,46091,46111.47883101852,200,200,200,200,200,200,200,200,200,200,200,200,200,200,200,200,200,200,200,200,200,200,200,200,200,200,200,200,200,200,400,400,400,400,400,400,400,400,400,400,400,400,400,400,400,400,400,400,400,400,,,,,,,,,,,,,,,,,,,,,,,,,,,,,,,,,,,,,,,,,,,,,,,,,,,,,,,,,,,,,,,,,,,,,,,,,,,,,,,,,,,,,,,,,
116701|1167|Redbank Power Station||Other|Biomass,1167,Redbank,,Verdant Earth Technologies Limited,verdantearth_NR,NSW1,151,116701,Redbank Power Station,Other,Biomass,,,Scheduled,1,,151,,151,,Publicly Announced,46753,2060,,46361,46112.74371527778,,,,,,,,,,,,,,,,,,,,,,,,,,,,,,,,,,,,,,,,,,,,,,,,,,,,,,,,,,,,,,,,,,,,,,,,,,,,,,,,,,,,,,,,,,,,,,,,,,,,,,,,,,,,,,,,,,,,,,,,,,,,,,,,,,,,,,,,,,,
320301|3203|RVBESS_GU1||Battery Storage|Lithium-ion,3203,Regentville BESS,N00271,BG Admin Pty Ltd,,NSW1,900,320301,RVBESS_GU1,Battery Storage,Lithium-ion,,,Scheduled,5,,225,,1125,,Publicly Announced,,,,46091,46043.61634259259,,,,,,,,,,,,,,,,,,,,,,,,,,,,,,,,,,,,,,,,,,,,,,,,,,,,,,,,,,,,,,,,,,,,,,,,,,,,,,,,,,,,,,,,,,,,,,,,,,,,,,,,,,,,,,,,,,,,,,,,,,,,,,,,,,,,,,,,,,,
263101|2631|RVBS_GU1||Battery Storage|Lithium-ion,2631,Richmond Valley BESS,,ARK ENERGY CORPORATION PTY LTD ,arkenergy_nr,NSW1,275,263101,RVBS_GU1,Battery Storage,Lithium-ion,,,Scheduled,1,,275,,275,2200,Publicly Announced,46752,,,46361,45925.04244212963,,,,,,,,,,,,,,,,,,,,,,,,,,,,,,,,,,,,,,,,,,,,,,,,,,,,,,,,,,,,,,,,,,,,,,,,,,,,,,,,,,,,,,,,,,,,,,,,,,,,,,,,,,,,,,,,,,,,,,,,,,,,,,,,,,,,,,,,,,,
252101|2521|RCH||Solar PV|Single Axis Tracking,2521,Richmond Valley Solar Farm,N00131,ARK ENERGY CORPORATION PTY LTD ,arkenergy_nr,NSW1,494,252101,RCH,Solar PV,Single Axis Tracking,,,Semi-scheduled,1,,252,,252,,Publicly Announced,,,,46361,45729.07046296296,,,,,,,,,,,,,,,,,,,,,,,,,,,,,,,,,,,,,,,,,,,,,,,,,,,,,,,,,,,,,,,,,,,,,,,,,,,,,,,,,,,,,,,,,,,,,,,,,,,,,,,,,,,,,,,,,,,,,,,,,,,,,,,,,,,,,,,,,,,
220801|2208|RCBES_G1||Battery Storage|Lithium-ion,2208,Ridgey Creek BESS,N00076, Ridgey Creek BESS Pty Ltd,,NSW1,130,220801,RCBES_G1,Battery Storage,Lithium-ion,,,Scheduled,1,,130,,130,,Publicly Announced,,,,46091,44945.752962962964,,,,,,,,,,,,,,,,,,,,,,,,,,,,,,,,,,,,,,,,,,,,,,,,,,,,,,,,,,,,,,,,,,,,,,,,,,,,,,,,,,,,,,,,,,,,,,,,,,,,,,,,,,,,,,,,,,,,,,,,,,,,,,,,,,,,,,,,,,,
206001|2060|Rifle Bu||Wind|Onshore,2060,Rifle Butts Wind Farm ,,NewEn,,VIC1,40,206001,Rifle Bu,Wind,Onshore,,,Semi-scheduled,1,,40,,40,,Publicly Announced,,,,46091,44824.416666666664,,,,,,,,,,,,,,,,,,,,,,,,,,,,,,,,,,,,,,,,,,,,,,,,,,,,,,,,,,,,,,,,,,,,,,,,,,,,,,,,,,,,,,,,,,,,,,,,,,,,,,,,,,,,,,,,,,,,,,,,,,,,,,,,,,,,,,,,,,,
319501|3195|RPBESS||Battery Storage|Lithium-ion,3195,River Parks Battery Energy Storage System,Q00284,Pacific Partnerships Pty Ltd,pacificp_NR,QLD1,200,319501,RPBESS,Battery Storage,Lithium-ion,,,Scheduled,1,,200,,200,,Publicly Announced,,,,46091,46038.690625,,,,,,,,,,,,,,,,,,,,,,,,,,,,,,,,,,,,,,,,,,,,,,,,,,,,,,,,,,,,,,,,,,,,,,,,,,,,,,,,,,,,,,,,,,,,,,,,,,,,,,,,,,,,,,,,,,,,,,,,,,,,,,,,,,,,,,,,,,,
193601|1936|RiverESS|RESS1|Battery Storage|Lithium-ion,1936,Riverina Energy Storage System 1,N00021,Shell New Energies Australia Pty Ltd,SHELLNEW,NSW1,60,193601,RiverESS,Battery Storage,Lithium-ion,,RESS1,Scheduled,48,1.28,1.28,61.44,61.44,123.36,In Service,,2051,,46091,46111.398206018515,60,60,60,60,60,60,60,60,60,60,60,60,60,60,60,60,60,60,60,60,60,60,60,60,60,60,60,60,60,60,120,120,120,120,120,120,120,120,120,120,120,120,120,120,120,120,120,120,120,120,,,,,,,,,,,,,,,,,,,,,,,,,,,,,,,,,,,,,,,,,,,,,,,,,,,,,,,,,,,,,,,,,,,,,,,,,,,,,,,,,,,,,,,,,
201801|2018|Riverina ESS 2|RIVNB2|Battery Storage|Lithium-ion,2018,Riverina Energy Storage System 2,,RESS 2 Pty Ltd,EASTENGY,NSW1,65,201801,Riverina ESS 2,Battery Storage,Lithium-ion,,RIVNB2,Scheduled,52,1.25,1.25,65,65,130,In Service,,2051,,46091,46105.714421296296,65,65,65,65,65,65,65,65,65,65,65,65,65,65,65,65,65,65,65,65,65,65,65,65,65,65,65,65,0,0,113.2,110.6,110.6,108.1,108.1,105.8,105.8,103.6,103.6,101.5,101.5,99.7,99.7,97.8,97.8,96.2,96.2,94.6,94.6,0,,,,,,,,,,,,,,,,,,,,,,,,,,,,,,,,,,,,,,,,,,,,,,,,,,,,,,,,,,,,,,,,,,,,,,,,,,,,,,,,,,,,,,,,,
117201|1172|RPCG:1|RPCG|Other|Biomass,1172,Rocky Point Sugar Mill Cogeneration Plant,,W.H.Heck and Sons Pty Ltd,WHECKSON,QLD1,30,117201,RPCG:1,Other,Biomass,Biofuel/Biomass,RPCG,Non-scheduled,1,,30,,30,,In Service,,2028,,46091,46114.64255787037,,,,,,,,,,,,,,,,,,,,,,,,,,,,,,,,,,,,,,,,,,,,,,,,,,,,,,,,,,,,,,,,,,,,,,,,,,,,,,,,,,,,,,,,,,,,,,,,,,,,,,,,,,,,,,,,,,,,,,,,,,,,,,,,,,,,,,,,,,,
264301|2643|RHBS_GU1||Battery Storage|Lithium-ion,2643,Rollsville Hybrid Facility - Battery,N00148,X-Elio Australia Pty Ltd,x-elio_NR,NSW1,110,264301,RHBS_GU1,Battery Storage,Lithium-ion,,,Scheduled,1,,110,,110,220,Publicly Announced,,,,46091,45729.99120370371,,,,,,,,,,,,,,,,,,,,,,,,,,,,,,,,,,,,,,,,,,,,,,,,,,,,,,,,,,,,,,,,,,,,,,,,,,,,,,,,,,,,,,,,,,,,,,,,,,,,,,,,,,,,,,,,,,,,,,,,,,,,,,,,,,,,,,,,,,,
264201|2642|RHSF_GU1||Solar PV|Fixed,2642,Rollsville Hybrid Facility - Solar,N00148,X-Elio Australia Pty Ltd,x-elio_NR,NSW1,220,264201,RHSF_GU1,Solar PV,Fixed,,,Semi-scheduled,1,,220,,220,,Publicly Announced,,,,46091,45733.833645833336,,,,,,,,,,,,,,,,,,,,,,,,,,,,,,,,,,,,,,,,,,,,,,,,,,,,,,,,,,,,,,,,,,,,,,,,,,,,,,,,,,,,,,,,,,,,,,,,,,,,,,,,,,,,,,,,,,,,,,,,,,,,,,,,,,,,,,,,,,,
117301|1173|Roma:7|ROMA_7|Gas Turbine|OCGT,1173,Roma,,Origin Energy Power Limited,BORAL,QLD1,80,117301,Roma:7,Gas Turbine,OCGT,Natural Gas,ROMA_7,Scheduled,1,,40,,40,,In Service,,2039,,46091,46111.45421296296,34,30,27,34,30,27,34,30,27,34,30,27,34,30,27,34,30,27,34,30,27,34,30,27,34,30,27,34,30,27,,,,,,,,,,,,,,,,,,,,,,,,,,,,,,,,,,,,,,,,,,,,,,,,,,,,,,,,,,,,,,,,,,,,,,,,,,,,,,,,,,,,,,,,,,,,,,,,,,,,,,,,,,,,,
117302|1173|Roma:8|ROMA_8|Gas Turbine|OCGT,1173,Roma,,Origin Energy Power Limited,BORAL,QLD1,80,117302,Roma:8,Gas Turbine,OCGT,Natural Gas,ROMA_8,Scheduled,1,,40,,40,,In Service,,2039,,46091,46111.45421296296,34,30,27,34,30,27,34,30,27,34,30,27,34,30,27,34,30,27,34,30,27,34,30,27,34,30,27,34,30,27,,,,,,,,,,,,,,,,,,,,,,,,,,,,,,,,,,,,,,,,,,,,,,,,,,,,,,,,,,,,,,,,,,,,,,,,,,,,,,,,,,,,,,,,,,,,,,,,,,,,,,,,,,,,,
253701|2537|RSF_GU1||Solar PV|Single Axis Tracking,2537,Romani Solar Farm,N00130,Samsung C&amp;amp;amp;T Renewable Energy Australia Pty Ltd,samsung_NR,NSW1,250,253701,RSF_GU1,Solar PV,Single Axis Tracking,,,Semi-scheduled,72,4.2,4.2,302.4,302.4,,Publicly Announced,48073,2060,,46091,46106.739583333336,,,,,,,,,,,,,,,,,,,,,,,,,,,,,,,,,,,,,,,,,,,,,,,,,,,,,,,,,,,,,,,,,,,,,,,,,,,,,,,,,,,,,,,,,,,,,,,,,,,,,,,,,,,,,,,,,,,,,,,,,,,,,,,,,,,,,,,,,,,
253702|2537|RBS_GU1||Battery Storage|Lithium-ion,2537,Romani Solar Farm,N00130,Samsung C&amp;amp;amp;T Renewable Energy Australia Pty Ltd,samsung_NR,NSW1,250,253702,RBS_GU1,Battery Storage,Lithium-ion,,,Scheduled,216,1,1,216,216,864,Publicly Announced,48073,2060,,46091,46106.739583333336,,,,,,,,,,,,,,,,,,,,,,,,,,,,,,,,,,,,,,,,,,,,,,,,,,,,,,,,,,,,,,,,,,,,,,,,,,,,,,,,,,,,,,,,,,,,,,,,,,,,,,,,,,,,,,,,,,,,,,,,,,,,,,,,,,,,,,,,,,,
279201|2792|RomStBES||Battery Storage|Lithium-ion,2792,Romani Standalone BESS,N00185,Samsung C&amp;amp;T Renewable Energy Australia Pty Ltd,samsung_NR,NSW1,200,279201,RomStBES,Battery Storage,Lithium-ion,,,Scheduled,240,1,1,240,240,960,Publicly Announced,47025,2057,,46091,46105.748935185184,,,,,,,,,,,,,,,,,,,,,,,,,,,,,,,,,,,,,,,,,,,,,,,,,,,,,,,,,,,,,,,,,,,,,,,,,,,,,,,,,,,,,,,,,,,,,,,,,,,,,,,,,,,,,,,,,,,,,,,,,,,,,,,,,,,,,,,,,,,
319301|3193|RRSP_GU1||Other|Other,3193,Ronalds Ridge Solar Power Station (Hybrid) - KCI,Q00275,Edify Energy Pty Ltd,edifyenergy_NR,QLD1,200,319301,RRSP_GU1,Other,Other,,,Scheduled,1,,200,,200,200,Publicly Announced,,,,46091,46044.668275462966,,,,,,,,,,,,,,,,,,,,,,,,,,,,,,,,,,,,,,,,,,,,,,,,,,,,,,,,,,,,,,,,,,,,,,,,,,,,,,,,,,,,,,,,,,,,,,,,,,,,,,,,,,,,,,,,,,,,,,,,,,,,,,,,,,,,,,,,,,,
140101|1401|Ross River Solar Farm:Solar PV Inverters|RRSF1|Solar PV|Single Axis Tracking,1401,Ross River Solar Farm,,Ross River Operations Pty Ltd as the Trustee for the Ross River Operations Trust,ROSSRVER,QLD1,116,140101,Ross River Solar Farm:Solar PV Inverters,Solar PV,Single Axis Tracking,,RRSF1,Semi-scheduled,64,2.22,2,142.08,128,,In Service,,2043,,46091,46108.65306712963,115.968,115.968,115.968,115.968,115.968,115.968,115.968,115.968,115.968,115.968,115.968,115.968,115.968,115.968,115.968,115.968,115.968,115.968,115.968,115.968,115.968,115.968,115.968,115.968,115.968,115.968,115.968,115.968,115.968,115.968,,,,,,,,,,,,,,,,,,,,,,,,,,,,,,,,,,,,,,,,,,,,,,,,,,,,,,,,,,,,,,,,,,,,,,,,,,,,,,,,,,,,,,,,,,,,,,,,,,,,,,,,,,,,,
133601|1336|Royalla Solar Farm:1-20|ROYALLA1|Solar PV|Fixed,1336,Royalla Solar Farm,,Royalla Asset Pty Ltd ATF Royalla Asset Trust,FRVROYAL,NSW1,20,133601,Royalla Solar Farm:1-20,Solar PV,Fixed,,ROYALLA1,Non-scheduled,20,1,1,20,20,,In Service,,2045,,46091,46164.42457175926,,,,,,,,,,,,,,,,,,,,,,,,,,,,,,,,,,,,,,,,,,,,,,,,,,,,,,,,,,,,,,,,,,,,,,,,,,,,,,,,,,,,,,,,,,,,,,,,,,,,,,,,,,,,,,,,,,,,,,,,,,,,,,,,,,,,,,,,,,,
303301|3033|RubBESS||Battery Storage|Lithium-ion,3033,Rubicon Hybrid Solar Farm and BESS,V00180,samsung_NR,samsung_NR,VIC1,200,303301,RubBESS,Battery Storage,Lithium-ion,,,Scheduled,66,5,5,330,330,1320,Publicly Announced,47331,2060,,46361,46161.56936342592,,,,,,,,,,,,,,,,,,,,,,,,,,,,,,,,,,,,,,,,,,,,,,,,,,,,,,,,,,,,,,,,,,,,,,,,,,,,,,,,,,,,,,,,,,,,,,,,,,,,,,,,,,,,,,,,,,,,,,,,,,,,,,,,,,,,,,,,,,,
303302|3033|RubSolar||Solar PV|Single Axis Tracking,3033,Rubicon Hybrid Solar Farm and BESS,V00180,samsung_NR,samsung_NR,VIC1,200,303302,RubSolar,Solar PV,Single Axis Tracking,,,Semi-scheduled,28,5,5,140,140,,Publicly Announced,47331,2060,,46361,46161.56936342592,,,,,,,,,,,,,,,,,,,,,,,,,,,,,,,,,,,,,,,,,,,,,,,,,,,,,,,,,,,,,,,,,,,,,,,,,,,,,,,,,,,,,,,,,,,,,,,,,,,,,,,,,,,,,,,,,,,,,,,,,,,,,,,,,,,,,,,,,,,
117501|1175|Rubicon Mountain Streams:1-5|RUBICON|Hydro|Dam,1175,Rubicon Mountain Streams,,AGL Hydro Partnership,SOUTHHYD,VIC1,14,117501,Rubicon Mountain Streams:1-5,Hydro,Dam,,RUBICON,Non-scheduled,5,,2.7,,13.5,,In Service,,2057,,46091,46112.62430555555,,,,,,,,,,,,,,,,,,,,,,,,,,,,,,,,,,,,,,,,,,,,,,,,,,,,,,,,,,,,,,,,,,,,,,,,,,,,,,,,,,,,,,,,,,,,,,,,,,,,,,,,,,,,,,,,,,,,,,,,,,,,,,,,,,,,,,,,,,,
167601|1676|RNWF_GU1||Wind|Onshore,1676,Ruby Hills North Wind Farm ,,Origin energy,BORAL,NSW1,248,167601,RNWF_GU1,Wind,Onshore,,,Semi-scheduled,40,,6.2,,248,,Publicly Announced,47026,,,46361,46164.637395833335,,,,,,,,,,,,,,,,,,,,,,,,,,,,,,,,,,,,,,,,,,,,,,,,,,,,,,,,,,,,,,,,,,,,,,,,,,,,,,,,,,,,,,,,,,,,,,,,,,,,,,,,,,,,,,,,,,,,,,,,,,,,,,,,,,,,,,,,,,,
149301|1493|Rugby Run Solar Farm:1|RUGBYR1|Solar PV|Single Axis Tracking,1493,Rugby Run Solar Farm,,Adani Rugby Run Pty Ltd,NEWGEN,QLD1,65,149301,Rugby Run Solar Farm:1,Solar PV,Single Axis Tracking,,RUGBYR1,Semi-scheduled,1,,65,,65,,In Service,,2049,,46091,46098.60114583333,65,65,65,65,65,65,65,65,65,65,65,65,65,65,65,65,65,65,65,65,65,65,65,65,65,65,65,65,65,65,,,,,,,,,,,,,,,,,,,,,,,,,,,,,,,,,,,,,,,,,,,,,,,,,,,,,,,,,,,,,,,,,,,,,,,,,,,,,,,,,,,,,,,,,,,,,,,,,,,,,,,,,,,,,
249901|2499|RCDCBESS||Battery Storage|Lithium-ion,2499,Running Creek Solar and BESS,Q00094,Lightsource Development Services Australia Pty Ltd,lightsourcebp_NR,QLD1,600,249901,RCDCBESS,Battery Storage,Lithium-ion,,,Scheduled,1,600,600,600,600,1580,Publicly Announced,48029,2056,,46091,46171.683587962965,,,,,,,,,,,,,,,,,,,,,,,,,,,,,,,,,,,,,,,,,,,,,,,,,,,,,,,,,,,,,,,,,,,,,,,,,,,,,,,,,,,,,,,,,,,,,,,,,,,,,,,,,,,,,,,,,,,,,,,,,,,,,,,,,,,,,,,,,,,
249902|2499|RCSF||Solar PV|Single Axis Tracking,2499,Running Creek Solar and BESS,Q00094,Lightsource Development Services Australia Pty Ltd,lightsourcebp_NR,QLD1,600,249902,RCSF,Solar PV,Single Axis Tracking,,,Semi-scheduled,1,600,600,600,600,,Publicly Announced,48029,2071,,46091,46171.683587962965,,,,,,,,,,,,,,,,,,,,,,,,,,,,,,,,,,,,,,,,,,,,,,,,,,,,,,,,,,,,,,,,,,,,,,,,,,,,,,,,,,,,,,,,,,,,,,,,,,,,,,,,,,,,,,,,,,,,,,,,,,,,,,,,,,,,,,,,,,,
273001|2730|RBS_GU1||Battery Storage|Lithium-ion,2730,Rutherglen Battery - KCI,Q00155,Red Hill Renewable Energy Pty Ltd,,QLD1,400,273001,RBS_GU1,Battery Storage,Lithium-ion,,,Scheduled,1,,400,,400,,Publicly Announced,,,,46091,45392.83210648148,,,,,,,,,,,,,,,,,,,,,,,,,,,,,,,,,,,,,,,,,,,,,,,,,,,,,,,,,,,,,,,,,,,,,,,,,,,,,,,,,,,,,,,,,,,,,,,,,,,,,,,,,,,,,,,,,,,,,,,,,,,,,,,,,,,,,,,,,,,
272901|2729|RSF_GU1||Solar PV|Fixed,2729,Rutherglen Solar Farm - KCI,Q00155,Red Hill Renewable Energy Pty Ltd,,QLD1,400,272901,RSF_GU1,Solar PV,Fixed,,,Semi-scheduled,1,,400,,400,,Publicly Announced,,,,46091,45392.833958333336,,,,,,,,,,,,,,,,,,,,,,,,,,,,,,,,,,,,,,,,,,,,,,,,,,,,,,,,,,,,,,,,,,,,,,,,,,,,,,,,,,,,,,,,,,,,,,,,,,,,,,,,,,,,,,,,,,,,,,,,,,,,,,,,,,,,,,,,,,,
117601|1176|Ryan Corner Wind Farm|RYANCWF1|Wind|Onshore,1176,Ryan Corner Wind Farm,V00019,Ryan Corner Development Pty Ltd,RYAN,VIC1,205,117601,Ryan Corner Wind Farm,Wind,Onshore,,RYANCWF1,Semi-scheduled,52,,4.2,,218.4,,In Service,,2054,,46091,46098.569756944446,204.88,204.88,204.88,204.88,204.88,204.88,204.88,204.88,204.88,204.88,204.88,204.88,204.88,204.88,204.88,204.88,204.88,204.88,204.88,204.88,204.88,204.88,204.88,204.88,204.88,204.88,204.88,204.88,204.88,204.88,,,,,,,,,,,,,,,,,,,,,,,,,,,,,,,,,,,,,,,,,,,,,,,,,,,,,,,,,,,,,,,,,,,,,,,,,,,,,,,,,,,,,,,,,,,,,,,,,,,,,,,,,,,,,
135301|1353|RPWF_GU1|RYEPARK1|Wind|Onshore,1353,Rye Park Wind Farm,N00046,Tilt Renewables Australia Pty Ltd,SNOWTOWN,NSW1,384,135301,RPWF_GU1,Wind,Onshore,,RYEPARK1,Semi-scheduled,66,,6,,396,,In Service,46302,2048,,46091,46112.4025,383.46,383.46,383.46,383.46,383.46,383.46,383.46,383.46,383.46,383.46,383.46,383.46,383.46,383.46,383.46,383.46,383.46,383.46,383.46,383.46,383.46,383.46,383.46,383.46,383.46,383.46,383.46,383.46,383.46,383.46,,,,,,,,,,,,,,,,,,,,,,,,,,,,,,,,,,,,,,,,,,,,,,,,,,,,,,,,,,,,,,,,,,,,,,,,,,,,,,,,,,,,,,,,,,,,,,,,,,,,,,,,,,,,,
124401|1244|Salt Creek Wind Farm:1 - 15|SALTCRK1|Wind|Onshore,1244,Salt Creek Wind Farm,V00119,Salt Creek Wind Farm Pty Ltd,SNOWTOWN,VIC1,54,124401,Salt Creek Wind Farm:1 - 15,Wind,Onshore,,SALTCRK1,Semi-scheduled,15,,3.6,,54,,In Service,,2043,,46091,46185.41520833333,54,51,37.5,54,51,37.5,54,51,37.5,54,51,37.5,54,51,37.5,54,51,37.5,54,51,37.5,54,51,37.5,54,51,37.5,54,51,37.5,,,,,,,,,,,,,,,,,,,,,,,,,,,,,,,,,,,,,,,,,,,,,,,,,,,,,,,,,,,,,,,,,,,,,,,,,,,,,,,,,,,,,,,,,,,,,,,,,,,,,,,,,,,,,
161801|1618|Sandigo Solar Farm:300||Solar PV|Fixed,1618,Sandigo Solar Farm,N00022,ESCO Pacific,ox2_NR,NSW1,1,161801,Sandigo Solar Farm:300,Solar PV,Fixed,,,Semi-scheduled,300,,1,,300,,Publicly Announced,,,,46091,45670.925625,,,,,,,,,,,,,,,,,,,,,,,,,,,,,,,,,,,,,,,,,,,,,,,,,,,,,,,,,,,,,,,,,,,,,,,,,,,,,,,,,,,,,,,,,,,,,,,,,,,,,,,,,,,,,,,,,,,,,,,,,,,,,,,,,,,,,,,,,,,
318501|3185|SC_GU1||Solar PV|Single Axis Tracking,3185,Sandy Creek Energy Storage System,N00267,Edify Energy Pty Ltd,edifyenergy_NR,NSW1,750,318501,SC_GU1,Solar PV,Single Axis Tracking,,,Semi-scheduled,1,,1,,1,,Publicly Announced,,,,46091,46043.615694444445,,,,,,,,,,,,,,,,,,,,,,,,,,,,,,,,,,,,,,,,,,,,,,,,,,,,,,,,,,,,,,,,,,,,,,,,,,,,,,,,,,,,,,,,,,,,,,,,,,,,,,,,,,,,,,,,,,,,,,,,,,,,,,,,,,,,,,,,,,,
289501|2895|SandyCSF||Solar PV|Single Axis Tracking,2895,Sandy Creek Solar Farm,,Sandy Creek Solar Fund Pty Ltd,lightsourcebp_NR,NSW1,700,289501,SandyCSF,Solar PV,Single Axis Tracking,,,Scheduled,1,840,700,840,700,,Anticipated,47892,2070,,46361,46176.417858796296,0,0,0,0,0,0,0,0,0,70,350,350,560,700,700,700,700,700,700,700,700,700,700,700,700,700,700,700,700,700,,,,,,,,,,,,,,,,,,,,,,,,,,,,,,,,,,,,,,,,,,,,,,,,,,,,,,,,,,,,,,,,,,,,,,,,,,,,,,,,,,,,,,,,,,,,,,,,,,,,,,,,,,,,,
289502|2895|SCDCBESS||Battery Storage|Lithium-ion,2895,Sandy Creek Solar Farm,,Sandy Creek Solar Fund Pty Ltd,lightsourcebp_NR,NSW1,700,289502,SCDCBESS,Battery Storage,Lithium-ion,,,Scheduled,256,2.73,2.73,698.88,698.88,3200,Publicly Announced,47892,2056,,46361,46176.417858796296,,,,,,,,,,,,,,,,,,,,,,,,,,,,,,,,,,,,,,,,,,,,,,,,,,,,,,,,,,,,,,,,,,,,,,,,,,,,,,,,,,,,,,,,,,,,,,,,,,,,,,,,,,,,,,,,,,,,,,,,,,,,,,,,,,,,,,,,,,,
317801|3178|SCSBESS||Battery Storage|Lithium-ion,3178,Sandy Creek Standalone BESS,,Lightsource Development Services Australia Pty Ltd,lightsourcebp_NR,NSW1,700,317801,SCSBESS,Battery Storage,Lithium-ion,,,Scheduled,1,700,700,700,700,1400,Publicly Announced,47938,2056,,46361,46171.705416666664,,,,,,,,,,,,,,,,,,,,,,,,,,,,,,,,,,,,,,,,,,,,,,,,,,,,,,,,,,,,,,,,,,,,,,,,,,,,,,,,,,,,,,,,,,,,,,,,,,,,,,,,,,,,,,,,,,,,,,,,,,,,,,,,,,,,,,,,,,,
127002|1270|Sapphire Wind Farm:75|SAPHWF1|Wind|Onshore,1270,Sapphire Wind Farm,,SWF1 Operations Holdings Pty Ltd as trustee for SWF1 Hold Trust,squadronenergy_NR,NSW1,270,127002,Sapphire Wind Farm:75,Wind,Onshore,,SAPHWF1,Semi-scheduled,75,,3.6,,270,,In Service,,2043,,46091,46094.707650462966,270,252,155.7,270,252,155.7,270,252,155.7,270,252,155.7,270,252,155.7,270,252,155.7,270,252,155.7,270,252,155.7,270,252,155.7,270,252,155.7,,,,,,,,,,,,,,,,,,,,,,,,,,,,,,,,,,,,,,,,,,,,,,,,,,,,,,,,,,,,,,,,,,,,,,,,,,,,,,,,,,,,,,,,,,,,,,,,,,,,,,,,,,,,,
254501|2545|SSWF_GU1||Wind|Offshore - fixed,2545,Seaspray Off Shore Wind Farm,V00106,BayWa r.e. Australia Offshore Wind Projects 3 Pty Ltd,baywa-re_NR,VIC1,3000,254501,SSWF_GU1,Wind,Offshore - fixed,,,Semi-scheduled,200,,15,,3000,,Publicly Announced,,2067,,46091,45336.27967592593,,,,,,,,,,,,,,,,,,,,,,,,,,,,,,,,,,,,,,,,,,,,,,,,,,,,,,,,,,,,,,,,,,,,,,,,,,,,,,,,,,,,,,,,,,,,,,,,,,,,,,,,,,,,,,,,,,,,,,,,,,,,,,,,,,,,,,,,,,,
192702|1927|Sebastopol Solar Farm|SEBSF1|Solar PV|Single Axis Tracking,1927,Sebastopol Solar Farm,,Sebastopol Asset Co Pty Ltd ATF Sebastopol Asset Trust,SEBSF,NSW1,90,192702,Sebastopol Solar Farm,Solar PV,Single Axis Tracking,,SEBSF1,Semi-scheduled,40,2.25,2.25,90,90,,In Service,,2052,,46091,46101.75611111111,90,90,85.8,90,90,85.8,90,90,85.8,90,90,85.8,90,90,85.8,90,90,85.8,90,90,85.8,90,90,85.8,90,90,85.8,90,90,85.8,,,,,,,,,,,,,,,,,,,,,,,,,,,,,,,,,,,,,,,,,,,,,,,,,,,,,,,,,,,,,,,,,,,,,,,,,,,,,,,,,,,,,,,,,,,,,,,,,,,,,,,,,,,,,
301301|3013|SECBESS||Battery Storage|Lithium-ion,3013,SEC Renewable Energy Hub,,SEC,,VIC1,100,301301,SECBESS,Battery Storage,Lithium-ion,,,Scheduled,1,,100,,100,200,Publicly Announced,,,,46091,45750.83347222222,,,,,,,,,,,,,,,,,,,,,,,,,,,,,,,,,,,,,,,,,,,,,,,,,,,,,,,,,,,,,,,,,,,,,,,,,,,,,,,,,,,,,,,,,,,,,,,,,,,,,,,,,,,,,,,,,,,,,,,,,,,,,,,,,,,,,,,,,,,
131201|1312|Shepparton Wastewater Treatment Facility:1|SHEP1|Gas Turbine|Other,1312,Shepparton Wastewater Treatment Facility,,Diamond Energy Pty Ltd,DIAMOND,VIC1,1.06,131201,Shepparton Wastewater Treatment Facility:1,Gas Turbine,Other,Biofuel/Biomass,SHEP1,Non-scheduled,1,,1.1,,1.1,,In Service,,2038,,46091,46111.45925925926,,,,,,,,,,,,,,,,,,,,,,,,,,,,,,,,,,,,,,,,,,,,,,,,,,,,,,,,,,,,,,,,,,,,,,,,,,,,,,,,,,,,,,,,,,,,,,,,,,,,,,,,,,,,,,,,,,,,,,,,,,,,,,,,,,,,,,,,,,,
117701|1177|Shoalhaven:1|SHGEN|Hydro|Pumped Hydro,1177,Shoalhaven,,Origin Energy Eraring Pty Ltd,OERARING,NSW1,247,117701,Shoalhaven:1,Hydro,Pumped Hydro,,SHGEN,Scheduled,1,,41,,41,240,In Service,,2069,,46091,46111.458287037036,41,41,41,41,41,41,41,41,41,41,41,41,41,41,41,41,41,41,41,41,41,41,41,41,41,41,41,41,41,41,0,0,0,0,0,0,0,0,0,0,0,0,0,0,0,0,0,0,0,0,,,,,,,,,,,,,,,,,,,,,,,,,,,,,,,,,,,,,,,,,,,,,,,,,,,,,,,,,,,,,,,,,,,,,,,,,,,,,,,,,,,,,,,,,
117702|1177|Shoalhaven:2|SHGEN|Hydro|Pumped Hydro,1177,Shoalhaven,,Origin Energy Eraring Pty Ltd,OERARING,NSW1,247,117702,Shoalhaven:2,Hydro,Pumped Hydro,,SHGEN,Scheduled,1,,41,,41,240,In Service,,2069,,46091,46111.458287037036,41,41,41,41,41,41,41,41,41,41,41,41,41,41,41,41,41,41,41,41,41,41,41,41,41,41,41,41,41,41,0,0,0,0,0,0,0,0,0,0,0,0,0,0,0,0,0,0,0,0,,,,,,,,,,,,,,,,,,,,,,,,,,,,,,,,,,,,,,,,,,,,,,,,,,,,,,,,,,,,,,,,,,,,,,,,,,,,,,,,,,,,,,,,,
117703|1177|Shoalhaven:3|SHGEN|Hydro|Pumped Hydro,1177,Shoalhaven,,Origin Energy Eraring Pty Ltd,OERARING,NSW1,247,117703,Shoalhaven:3,Hydro,Pumped Hydro,,SHGEN,Scheduled,1,,82.5,,82.5,4600,In Service,,2069,,46091,46111.458287037036,82.5,82.5,82.5,82.5,82.5,82.5,82.5,82.5,82.5,82.5,82.5,82.5,82.5,82.5,82.5,82.5,82.5,82.5,82.5,82.5,82.5,82.5,82.5,82.5,82.5,82.5,82.5,82.5,82.5,82.5,0,0,0,0,0,0,0,0,0,0,0,0,0,0,0,0,0,0,0,0,,,,,,,,,,,,,,,,,,,,,,,,,,,,,,,,,,,,,,,,,,,,,,,,,,,,,,,,,,,,,,,,,,,,,,,,,,,,,,,,,,,,,,,,,
117704|1177|Shoalhaven:4|SHGEN|Hydro|Pumped Hydro,1177,Shoalhaven,,Origin Energy Eraring Pty Ltd,OERARING,NSW1,247,117704,Shoalhaven:4,Hydro,Pumped Hydro,,SHGEN,Scheduled,1,,82.5,,82.5,4600,In Service,,2069,,46091,46111.458287037036,82.5,82.5,82.5,82.5,82.5,82.5,82.5,82.5,82.5,82.5,82.5,82.5,82.5,82.5,82.5,82.5,82.5,82.5,82.5,82.5,82.5,82.5,82.5,82.5,82.5,82.5,82.5,82.5,82.5,82.5,0,0,0,0,0,0,0,0,0,0,0,0,0,0,0,0,0,0,0,0,,,,,,,,,,,,,,,,,,,,,,,,,,,,,,,,,,,,,,,,,,,,,,,,,,,,,,,,,,,,,,,,,,,,,,,,,,,,,,,,,,,,,,,,,
143401|1434|Shoalhaven Expansion:Kangaroo Valley 5||Hydro|Pumped Hydro,1434,Shoalhaven Expansion,N00104,Origin Energy,OERARING,NSW1,235,143401,Shoalhaven Expansion:Kangaroo Valley 5,Hydro,Pumped Hydro,,,Scheduled,1,,235,,235,5640,Publicly Announced,48944,2076,,46091,46108.61157407407,,,,,,,,,,,,,,,,,,,,,,,,,,,,,,,,,,,,,,,,,,,,,,,,,,,,,,,,,,,,,,,,,,,,,,,,,,,,,,,,,,,,,,,,,,,,,,,,,,,,,,,,,,,,,,,,,,,,,,,,,,,,,,,,,,,,,,,,,,,
203001|2030|SilCityE||Battery Storage|Compressed Air,2030,Silver City Energy Storage,N00133,A-CAES NSW PTY LTD,hydrostor_NR,NSW1,200,203001,SilCityE,Battery Storage,Compressed Air,,,Scheduled,2,100,100,200,200,1600,Anticipated,47819,2060,,46361,46164.467997685184,0,0,0,0,0,0,0,0,0,0,0,0,0,200,200,200,200,200,200,200,200,200,200,200,200,200,200,200,200,200,0,0,0,0,0,0,0,0,0,1600,1600,1600,1600,1600,1600,1600,1600,1600,1600,1600,,,,,,,,,,,,,,,,,,,,,,,,,,,,,,,,,,,,,,,,,,,,,,,,,,,,,,,,,,,,,,,,,,,,,,,,,,,,,,,,,,,,,,,,,
329901|3299|Silverdale BESS||Battery Storage|Lithium-ion,3299,Silverdale BESS - KCI,N00306,,,NSW1,1050,329901,Silverdale BESS,Battery Storage,Lithium-ion,,,Scheduled,1,,1050,,1050,,Publicly Announced,,,,,46203.46392361111,,,,,,,,,,,,,,,,,,,,,,,,,,,,,,,,,,,,,,,,,,,,,,,,,,,,,,,,,,,,,,,,,,,,,,,,,,,,,,,,,,,,,,,,,,,,,,,,,,,,,,,,,,,,,,,,,,,,,,,,,,,,,,,,,,,,,,,,,,,
272301|2723|SLSF_GU1||Solar PV|Single Axis Tracking,2723,Silverleaf Solar Farm - KCI,N00162,ENGIE,engie_NR,NSW1,120,272301,SLSF_GU1,Solar PV,Single Axis Tracking,,,Semi-scheduled,1,,120,,120,,Publicly Announced,,,,46091,46097.36273148148,,,,,,,,,,,,,,,,,,,,,,,,,,,,,,,,,,,,,,,,,,,,,,,,,,,,,,,,,,,,,,,,,,,,,,,,,,,,,,,,,,,,,,,,,,,,,,,,,,,,,,,,,,,,,,,,,,,,,,,,,,,,,,,,,,,,,,,,,,,
117801|1178|Silverton Wind Farm:1-58|STWF1|Wind|Onshore,1178,Silverton Wind Farm,,PARF Company 8 Pty Ltd as trustee for the Silverton Project Trust,SNOWTOWN,NSW1,200,117801,Silverton Wind Farm:1-58,Wind,Onshore,,STWF1,Semi-scheduled,58,,3.43,,198.94,,In Service,,2043,,46091,45736.97645833333,198.012,198.012,119.48,198.012,198.012,119.48,198.012,198.012,119.48,198.012,198.012,119.48,198.012,198.012,119.48,198.012,198.012,119.48,198.012,198.012,119.48,198.012,198.012,119.48,198.012,198.012,119.48,,,,,,,,,,,,,,,,,,,,,,,,,,,,,,,,,,,,,,,,,,,,,,,,,,,,,,,,,,,,,,,,,,,,,,,,,,,,,,,,,,,,,,,,,,,,,,,,,,,,,,,,,,,,,,,,
245801|2458|SRWF||Wind|Onshore,2458,Skye Ridge Wind Farm,,Origin Energy Pty Ltd,BORAL,NSW1,750,245801,SRWF,Wind,Onshore,,,Semi-scheduled,121,6.2,6.2,750.2,750.2,,Publicly Announced,48944,2063,,46361,46164.63778935185,,,,,,,,,,,,,,,,,,,,,,,,,,,,,,,,,,,,,,,,,,,,,,,,,,,,,,,,,,,,,,,,,,,,,,,,,,,,,,,,,,,,,,,,,,,,,,,,,,,,,,,,,,,,,,,,,,,,,,,,,,,,,,,,,,,,,,,,,,,
262301|2623|SmithBes|SMTHBES1|Battery Storage|Lithium-ion,2623,Smithfield BESS,,Smithfield BESS Pty Limited,iberdrola_NR,NSW1,65,262301,SmithBes,Battery Storage,Lithium-ion,,SMTHBES1,Scheduled,36,2.4,2.4,86.4,86.4,129.96,In Service,,2040,,46091,46190.657118055555,64.98,64.98,64.98,64.98,64.98,64.98,64.98,64.98,64.98,64.98,64.98,64.98,64.98,64.98,64.98,64.98,64.98,64.98,64.98,64.98,64.98,64.98,64.98,64.98,64.98,64.98,64.98,64.98,64.98,64.98,130,130,130,130,130,130,130,130,130,130,130,130,130,130,130,130,130,130,130,130,,,,,,,,,,,,,,,,,,,,,,,,,,,,,,,,,,,,,,,,,,,,,,,,,,,,,,,,,,,,,,,,,,,,,,,,,,,,,,,,,,,,,,,,,
117901|1179|Smithfield Energy Facility:1|SITHE01|Gas Turbine|OCGT,1179,Smithfield Energy Facility,,Smithfield Power Generation Pty Ltd,SITHE,NSW1,128,117901,Smithfield Energy Facility:1,Gas Turbine,OCGT,Natural Gas,SITHE01,Scheduled,1,,41.9,,41.9,,In Service,,2044,,46091,46190.64748842592,41.9,36,36,41.9,36,36,41.9,36,36,41.9,36,36,41.9,36,36,41.9,36,36,41.9,36,36,41.9,36,36,41.9,36,36,41.9,36,36,,,,,,,,,,,,,,,,,,,,,,,,,,,,,,,,,,,,,,,,,,,,,,,,,,,,,,,,,,,,,,,,,,,,,,,,,,,,,,,,,,,,,,,,,,,,,,,,,,,,,,,,,,,,,
117902|1179|Smithfield Energy Facility:2|SITHE01|Gas Turbine|OCGT,1179,Smithfield Energy Facility,,Smithfield Power Generation Pty Ltd,SITHE,NSW1,128,117902,Smithfield Energy Facility:2,Gas Turbine,OCGT,Natural Gas,SITHE01,Scheduled,1,,41.9,,41.9,,In Service,,2044,,46091,46190.64748842592,41.9,36,36,41.9,36,36,41.9,36,36,41.9,36,36,41.9,36,36,41.9,36,36,41.9,36,36,41.9,36,36,41.9,36,36,41.9,36,36,,,,,,,,,,,,,,,,,,,,,,,,,,,,,,,,,,,,,,,,,,,,,,,,,,,,,,,,,,,,,,,,,,,,,,,,,,,,,,,,,,,,,,,,,,,,,,,,,,,,,,,,,,,,,
117903|1179|Smithfield Energy Facility:3|SITHE01|Gas Turbine|OCGT,1179,Smithfield Energy Facility,,Smithfield Power Generation Pty Ltd,SITHE,NSW1,128,117903,Smithfield Energy Facility:3,Gas Turbine,OCGT,Natural Gas,SITHE01,Scheduled,1,,41.9,,41.9,,In Service,,2044,,46091,46190.64748842592,41.9,36,36,41.9,36,36,41.9,36,36,41.9,36,36,41.9,36,36,41.9,36,36,41.9,36,36,41.9,36,36,41.9,36,36,41.9,36,36,,,,,,,,,,,,,,,,,,,,,,,,,,,,,,,,,,,,,,,,,,,,,,,,,,,,,,,,,,,,,,,,,,,,,,,,,,,,,,,,,,,,,,,,,,,,,,,,,,,,,,,,,,,,,
170801|1708|SCBS_GU1||Battery Storage|Lithium-ion,1708,Smoky Creek Solar Power Station,Q00075,Edify Energy Pty Ltd,edifyenergy_NR,QLD1,300,170801,SCBS_GU1,Battery Storage,Lithium-ion,,,Scheduled,1,300,300,300,300,1200,Committed*,47088,2059,,46361,46163.54834490741,0,0,0,0,0,0,0,0,0,300,300,300,300,300,300,300,300,300,300,300,300,300,300,300,300,300,300,300,300,300,0,0,0,0,0,0,300,300,300,300,300,300,300,300,300,300,300,300,300,300,,,,,,,,,,,,,,,,,,,,,,,,,,,,,,,,,,,,,,,,,,,,,,,,,,,,,,,,,,,,,,,,,,,,,,,,,,,,,,,,,,,,,,,,,
170802|1708|SCSF_GU1||Solar PV|Single Axis Tracking,1708,Smoky Creek Solar Power Station,Q00075,Edify Energy Pty Ltd,edifyenergy_NR,QLD1,300,170802,SCSF_GU1,Solar PV,Single Axis Tracking,,,Semi-scheduled,1,360,300,360,300,,Committed*,47088,2059,,46361,46163.54834490741,0,0,0,0,0,0,0,0,0,300,300,300,300,300,300,300,300,300,300,300,300,300,300,300,300,300,300,300,300,300,,,,,,,,,,,,,,,,,,,,,,,,,,,,,,,,,,,,,,,,,,,,,,,,,,,,,,,,,,,,,,,,,,,,,,,,,,,,,,,,,,,,,,,,,,,,,,,,,,,,,,,,,,,,,
175201|1752|SNO2PH01||Hydro|Pumped Hydro,1752,Snowy 2.0.,,Snowy Hydro Ltd,SNOWY,NSW1,2200,175201,SNO2PH01,Hydro,Pumped Hydro,,,Scheduled,1,,363,,363,58330,Committed,47118,2129,,46361,46184.485,0,0,0,0,0,0,0,363,363,363,363,363,363,363,363,363,363,363,363,363,363,363,363,363,363,363,363,363,363,363,0,0,0,0,0,58330,58330,58330,58330,58330,58330,58330,58330,58330,58330,58330,58330,58330,58330,58330,,,,,,,,,,,,,,,,,,,,,,,,,,,,,,,,,,,,,,,,,,,,,,,,,,,,,,,,,,,,,,,,,,,,,,,,,,,,,,,,,,,,,,,,,
175202|1752|SNO2PH02||Hydro|Pumped Hydro,1752,Snowy 2.0.,,Snowy Hydro Ltd,SNOWY,NSW1,2200,175202,SNO2PH02,Hydro,Pumped Hydro,,,Scheduled,1,,371,,371,58330,Committed,47118,2129,,46361,46184.485,0,0,0,0,0,0,0,371,371,371,371,371,371,371,371,371,371,371,371,371,371,371,371,371,371,371,371,371,371,371,,0,,0,,58330,58330,58330,58330,58330,58330,58330,58330,58330,58330,58330,58330,58330,58330,58330,,,,,,,,,,,,,,,,,,,,,,,,,,,,,,,,,,,,,,,,,,,,,,,,,,,,,,,,,,,,,,,,,,,,,,,,,,,,,,,,,,,,,,,,,
175203|1752|SNO2PH03||Hydro|Pumped Hydro,1752,Snowy 2.0.,,Snowy Hydro Ltd,SNOWY,NSW1,2200,175203,SNO2PH03,Hydro,Pumped Hydro,,,Scheduled,1,,363,,363,58330,Committed,47118,2129,,46361,46184.485,0,0,0,0,0,0,0,363,363,363,363,363,363,363,363,363,363,363,363,363,363,363,363,363,363,363,363,363,363,363,0,0,0,0,0,58330,58330,58330,58330,58330,58330,58330,58330,58330,58330,58330,58330,58330,58330,58330,,,,,,,,,,,,,,,,,,,,,,,,,,,,,,,,,,,,,,,,,,,,,,,,,,,,,,,,,,,,,,,,,,,,,,,,,,,,,,,,,,,,,,,,,
175204|1752|SNO2PH04||Hydro|Pumped Hydro,1752,Snowy 2.0.,,Snowy Hydro Ltd,SNOWY,NSW1,2200,175204,SNO2PH04,Hydro,Pumped Hydro,,,Scheduled,1,,371,,371,58330,Committed,47118,2129,,46361,46184.485,0,0,0,0,0,0,0,371,371,371,371,371,371,371,371,371,371,371,371,371,371,371,371,371,371,371,371,371,371,371,0,0,0,0,0,58330,58330,58330,58330,58330,58330,58330,58330,58330,58330,58330,58330,58330,58330,58330,,,,,,,,,,,,,,,,,,,,,,,,,,,,,,,,,,,,,,,,,,,,,,,,,,,,,,,,,,,,,,,,,,,,,,,,,,,,,,,,,,,,,,,,,
175205|1752|SNO2PH05||Hydro|Pumped Hydro,1752,Snowy 2.0.,,Snowy Hydro Ltd,SNOWY,NSW1,2200,175205,SNO2PH05,Hydro,Pumped Hydro,,,Scheduled,1,,363,,363,58330,Committed,47118,2129,,46361,46184.485,0,0,0,0,0,0,363,363,363,363,363,363,363,363,363,363,363,363,363,363,363,363,363,363,363,363,363,363,363,363,0,0,0,0,58330,58330,58330,58330,58330,58330,58330,58330,58330,58330,58330,58330,58330,58330,58330,58330,,,,,,,,,,,,,,,,,,,,,,,,,,,,,,,,,,,,,,,,,,,,,,,,,,,,,,,,,,,,,,,,,,,,,,,,,,,,,,,,,,,,,,,,,
175206|1752|SNO2PH06||Hydro|Pumped Hydro,1752,Snowy 2.0.,,Snowy Hydro Ltd,SNOWY,NSW1,2200,175206,SNO2PH06,Hydro,Pumped Hydro,,,Scheduled,1,,371,,371,58330,Committed,47118,2129,,46361,46184.485,0,0,0,0,0,0,371,371,371,371,371,371,371,371,371,371,371,371,371,371,371,371,371,371,371,371,371,371,371,371,0,0,0,0,58330,58330,58330,58330,58330,58330,58330,58330,58330,58330,58330,58330,58330,58330,58330,58330,,,,,,,,,,,,,,,,,,,,,,,,,,,,,,,,,,,,,,,,,,,,,,,,,,,,,,,,,,,,,,,,,,,,,,,,,,,,,,,,,,,,,,,,,
118301|1183|GT1|AGLSOM|Gas Turbine|OCGT,1183,Somerton,,AGL Hydro partnership,SOUTHHYD,VIC1,170,118301,GT1,Gas Turbine,OCGT,Natural Gas,AGLSOM,Scheduled,1,,42.5,,42.5,,In Service,,2033,,46361,46168.64197916666,42.5,37.5,35,42.5,37.5,35,42.5,37.5,35,42.5,37.5,35,42.5,37.5,35,42.5,37.5,35,42.5,37.5,35,42.5,0,0,0,0,0,0,0,0,,,,,,,,,,,,,,,,,,,,,,,,,,,,,,,,,,,,,,,,,,,,,,,,,,,,,,,,,,,,,,,,,,,,,,,,,,,,,,,,,,,,,,,,,,,,,,,,,,,,,,,,,,,,,
118302|1183|GT2|AGLSOM|Gas Turbine|OCGT,1183,Somerton,,AGL Hydro partnership,SOUTHHYD,VIC1,170,118302,GT2,Gas Turbine,OCGT,Natural Gas,AGLSOM,Scheduled,1,,42.5,,42.5,,In Service,,2033,,46361,46168.64197916666,42.5,37.5,35,42.5,37.5,35,42.5,37.5,35,42.5,37.5,35,42.5,37.5,35,42.5,37.5,35,42.5,37.5,35,42.5,0,0,0,0,0,0,0,0,,,,,,,,,,,,,,,,,,,,,,,,,,,,,,,,,,,,,,,,,,,,,,,,,,,,,,,,,,,,,,,,,,,,,,,,,,,,,,,,,,,,,,,,,,,,,,,,,,,,,,,,,,,,,
118303|1183|GT3|AGLSOM|Gas Turbine|OCGT,1183,Somerton,,AGL Hydro partnership,SOUTHHYD,VIC1,170,118303,GT3,Gas Turbine,OCGT,Natural Gas,AGLSOM,Scheduled,1,,42.5,,42.5,,In Service,,2033,,46361,46168.64197916666,42.5,37.5,35,42.5,37.5,35,42.5,37.5,35,42.5,37.5,35,42.5,37.5,35,42.5,37.5,35,42.5,37.5,35,42.5,0,0,0,0,0,0,0,0,,,,,,,,,,,,,,,,,,,,,,,,,,,,,,,,,,,,,,,,,,,,,,,,,,,,,,,,,,,,,,,,,,,,,,,,,,,,,,,,,,,,,,,,,,,,,,,,,,,,,,,,,,,,,
118304|1183|GT4|AGLSOM|Gas Turbine|OCGT,1183,Somerton,,AGL Hydro partnership,SOUTHHYD,VIC1,170,118304,GT4,Gas Turbine,OCGT,Natural Gas,AGLSOM,Scheduled,1,,42.5,,42.5,,In Service,,2033,,46361,46168.64197916666,42.5,37.5,35,42.5,37.5,35,42.5,37.5,35,42.5,37.5,35,42.5,37.5,35,42.5,37.5,35,42.5,37.5,35,42.5,0,0,0,0,0,0,0,0,,,,,,,,,,,,,,,,,,,,,,,,,,,,,,,,,,,,,,,,,,,,,,,,,,,,,,,,,,,,,,,,,,,,,,,,,,,,,,,,,,,,,,,,,,,,,,,,,,,,,,,,,,,,,
300101|3001|SBBS_GU1||Battery Storage|Lithium-ion,3001,South Burnett BESS,Q00132,X-Elio Australia Pty Ltd,x-elio_NR,QLD1,300,300101,SBBS_GU1,Battery Storage,Lithium-ion,,,Scheduled,1,,300,,300,,Publicly Announced,46660,,,46361,45749.868935185186,,,,,,,,,,,,,,,,,,,,,,,,,,,,,,,,,,,,,,,,,,,,,,,,,,,,,,,,,,,,,,,,,,,,,,,,,,,,,,,,,,,,,,,,,,,,,,,,,,,,,,,,,,,,,,,,,,,,,,,,,,,,,,,,,,,,,,,,,,,
277301|2773|SCBS_GU1||Battery Storage|Lithium-ion,2773,South Coree BESS,N00178,Samsung C&amp;amp;T Renewable Energy Australia Pty Ltd,samsung_NR,NSW1,80,277301,SCBS_GU1,Battery Storage,Lithium-ion,,,Scheduled,84,1,1,84,84,336,Publicly Announced,47263,2058,,46091,46105.748032407406,,,,,,,,,,,,,,,,,,,,,,,,,,,,,,,,,,,,,,,,,,,,,,,,,,,,,,,,,,,,,,,,,,,,,,,,,,,,,,,,,,,,,,,,,,,,,,,,,,,,,,,,,,,,,,,,,,,,,,,,,,,,,,,,,,,,,,,,,,,
130701|1307|2.0B&amp;amp;M||Gas Turbine|Steam Turbine,1307,South Johnstone Mill,,MSF Sugar,msfsugar_NR,QLD1,19.3,130701,2.0B&amp;amp;M,Gas Turbine,Steam Turbine,Other,,Non-scheduled,1,,2,,2,,In Service,,,,46091,46043.65358796297,,,,,,,,,,,,,,,,,,,,,,,,,,,,,,,,,,,,,,,,,,,,,,,,,,,,,,,,,,,,,,,,,,,,,,,,,,,,,,,,,,,,,,,,,,,,,,,,,,,,,,,,,,,,,,,,,,,,,,,,,,,,,,,,,,,,,,,,,,,
130702|1307|7.8Siemens||Gas Turbine|Steam Turbine,1307,South Johnstone Mill,,MSF Sugar,msfsugar_NR,QLD1,19.3,130702,7.8Siemens,Gas Turbine,Steam Turbine,Other,,Non-scheduled,1,,7.8,,7.8,,In Service,,,,46091,46043.65358796297,,,,,,,,,,,,,,,,,,,,,,,,,,,,,,,,,,,,,,,,,,,,,,,,,,,,,,,,,,,,,,,,,,,,,,,,,,,,,,,,,,,,,,,,,,,,,,,,,,,,,,,,,,,,,,,,,,,,,,,,,,,,,,,,,,,,,,,,,,,
130703|1307|9.5NKK||Gas Turbine|Steam Turbine,1307,South Johnstone Mill,,MSF Sugar,msfsugar_NR,QLD1,19.3,130703,9.5NKK,Gas Turbine,Steam Turbine,Other,,Non-scheduled,1,,9.5,,9.5,,In Service,,2040,,46091,46043.65358796297,,,,,,,,,,,,,,,,,,,,,,,,,,,,,,,,,,,,,,,,,,,,,,,,,,,,,,,,,,,,,,,,,,,,,,,,,,,,,,,,,,,,,,,,,,,,,,,,,,,,,,,,,,,,,,,,,,,,,,,,,,,,,,,,,,,,,,,,,,,
204501|2045|South Jo||Gas Turbine|Steam Turbine,2045,South Johnstone Mill (expansion),,MSF Sugar,msfsugar_NR,QLD1,32,204501,South Jo,Gas Turbine,Steam Turbine,Biofuel/Biomass,,Non-scheduled,1,,32,,32,,Publicly Announced,,,,46091,45729.07226851852,,,,,,,,,,,,,,,,,,,,,,,,,,,,,,,,,,,,,,,,,,,,,,,,,,,,,,,,,,,,,,,,,,,,,,,,,,,,,,,,,,,,,,,,,,,,,,,,,,,,,,,,,,,,,,,,,,,,,,,,,,,,,,,,,,,,,,,,,,,
293001|2930|SKBS_GU1||Battery Storage|Lithium-ion,2930,South Kempsey BESS,N00199,Macleay Ventures Pty Ltd.,macleayventures_nr,NSW1,200,293001,SKBS_GU1,Battery Storage,Lithium-ion,,,Scheduled,80,,2.5,,200,,Publicly Announced,,,,45901,45667.80175925926,,,,,,,,,,,,,,,,,,,,,,,,,,,,,,,,,,,,,,,,,,,,,,,,,,,,,,,,,,,,,,,,,,,,,,,,,,,,,,,,,,,,,,,,,,,,,,,,,,,,,,,,,,,,,,,,,,,,,,,,,,,,,,,,,,,,,,,,,,,
137701|1377|South Keswick Solar Farm:Solar Panels|SKSF1|Solar PV|Single Axis Tracking,1377,South Keswick Solar Farm,,Dubbo Solar Hub Pty Ltd,DUBBOSK,NSW1,13.9,137701,South Keswick Solar Farm:Solar Panels,Solar PV,Single Axis Tracking,,SKSF1,Non-scheduled,6,,2.32,,13.92,,In Service,,2042,,46091,46111.685,,,,,,,,,,,,,,,,,,,,,,,,,,,,,,,,,,,,,,,,,,,,,,,,,,,,,,,,,,,,,,,,,,,,,,,,,,,,,,,,,,,,,,,,,,,,,,,,,,,,,,,,,,,,,,,,,,,,,,,,,,,,,,,,,,,,,,,,,,,
300401|3004|SNANANGO||Battery Storage|Lithium-ion,3004,South Nanango BESS,Q00221,RTB Renewables Pty Ltd,rtb_renewables_nr,QLD1,630,300401,SNANANGO,Battery Storage,Lithium-ion,,,Scheduled,1,,630,,630,630,Publicly Announced,,,,45901,45750.85456018519,,,,,,,,,,,,,,,,,,,,,,,,,,,,,,,,,,,,,,,,,,,,,,,,,,,,,,,,,,,,,,,,,,,,,,,,,,,,,,,,,,,,,,,,,,,,,,,,,,,,,,,,,,,,,,,,,,,,,,,,,,,,,,,,,,,,,,,,,,,
202801|2028|SPOW_GU1||Wind|Offshore - fixed,2028,South Pacific Offshore Wind Project,N00080,South Pacific OWP Project Pty Ltd,bluefloat_NR,NSW1,1600,202801,SPOW_GU1,Wind,Offshore - fixed,,,Semi-scheduled,105,,15.25,,1601.25,,Publicly Announced,49490,,,46091,45727.941875,,,,,,,,,,,,,,,,,,,,,,,,,,,,,,,,,,,,,,,,,,,,,,,,,,,,,,,,,,,,,,,,,,,,,,,,,,,,,,,,,,,,,,,,,,,,,,,,,,,,,,,,,,,,,,,,,,,,,,,,,,,,,,,,,,,,,,,,,,,
317901|3179|N/A||Other|Other,3179,South Walker Creek Power Station,,Enernet Global,enermetglobal_nr,QLD1,20.04,317901,N/A,Other,Other,,,Non-scheduled,6,,3.34,,20.04,,Publicly Announced,46569,2040,,46361,46155.37875,,,,,,,,,,,,,,,,,,,,,,,,,,,,,,,,,,,,,,,,,,,,,,,,,,,,,,,,,,,,,,,,,,,,,,,,,,,,,,,,,,,,,,,,,,,,,,,,,,,,,,,,,,,,,,,,,,,,,,,,,,,,,,,,,,,,,,,,,,,
203901|2039|SWOW_GU1||Wind|Offshore - fixed,2039,Southern Winds Offshore Wind,V00084,Southern Winds OWP Project Pty Ltd,bluefloat_NR,VIC1,1155,203901,SWOW_GU1,Wind,Offshore - fixed,,,Semi-scheduled,77,,15,,1155,,Publicly Announced,,,,46091,45335.82778935185,,,,,,,,,,,,,,,,,,,,,,,,,,,,,,,,,,,,,,,,,,,,,,,,,,,,,,,,,,,,,,,,,,,,,,,,,,,,,,,,,,,,,,,,,,,,,,,,,,,,,,,,,,,,,,,,,,,,,,,,,,,,,,,,,,,,,,,,,,,
238201|2382|SHBS_GU1||Battery Storage|Lithium-ion,2382,Specimen Hill BESS - Storage - KCI,Q00059,ARK Energy Corporation Pty Ltd,arkenergy_nr,QLD1,100,238201,SHBS_GU1,Battery Storage,Lithium-ion,,,Scheduled,1,,100,,100,,Publicly Announced,,,,46091,45828.79349537037,,,,,,,,,,,,,,,,,,,,,,,,,,,,,,,,,,,,,,,,,,,,,,,,,,,,,,,,,,,,,,,,,,,,,,,,,,,,,,,,,,,,,,,,,,,,,,,,,,,,,,,,,,,,,,,,,,,,,,,,,,,,,,,,,,,,,,,,,,,
200401|2004|SH_GU1||Wind|Onshore,2004,Specimen Hill Wind Farm,Q00067,ARK Energy Corporation Pty Ltd,arkenergy_nr,QLD1,336,200401,SH_GU1,Wind,Onshore,,,Semi-scheduled,56,,6,,336,,Publicly Announced,,,,46361,45729.066041666665,,,,,,,,,,,,,,,,,,,,,,,,,,,,,,,,,,,,,,,,,,,,,,,,,,,,,,,,,,,,,,,,,,,,,,,,,,,,,,,,,,,,,,,,,,,,,,,,,,,,,,,,,,,,,,,,,,,,,,,,,,,,,,,,,,,,,,,,,,,
258301|2583|SCWF_G1||Wind|Onshore,2583,Spicers Creek Wind Farm,,Squadron Energy Services Pty Ltd,squadronenergy_NR,NSW1,702,258301,SCWF_G1,Wind,Onshore,,,Semi-scheduled,117,,6,,702,,Publicly Announced,48030,2060,,46361,46161.596875,,,,,,,,,,,,,,,,,,,,,,,,,,,,,,,,,,,,,,,,,,,,,,,,,,,,,,,,,,,,,,,,,,,,,,,,,,,,,,,,,,,,,,,,,,,,,,,,,,,,,,,,,,,,,,,,,,,,,,,,,,,,,,,,,,,,,,,,,,,
265601|2656|SFWF_GU1||Wind|Offshore - fixed,2656,Spinifex Offshore Wind Farm,V00140,Alinta Energy Retail Sales Pty Ltd,alinta_nr,VIC1,1206,265601,SFWF_GU1,Wind,Offshore - fixed,,,Semi-scheduled,67,,18,,1206,,Publicly Announced,50406,2063,,46091,46116.463425925926,,,,,,,,,,,,,,,,,,,,,,,,,,,,,,,,,,,,,,,,,,,,,,,,,,,,,,,,,,,,,,,,,,,,,,,,,,,,,,,,,,,,,,,,,,,,,,,,,,,,,,,,,,,,,,,,,,,,,,,,,,,,,,,,,,,,,,,,,,,
330501|3305|Spring Creek - BESS||Battery Storage|Lithium-ion,3305,Spring Creek Solar Farm and BESS Hybrid - KCI,N00314,,,NSW1,480,330501,Spring Creek - BESS,Battery Storage,Lithium-ion,,,Scheduled,1,,360,,360,,Publicly Announced,,,,,46203.49002314815,,,,,,,,,,,,,,,,,,,,,,,,,,,,,,,,,,,,,,,,,,,,,,,,,,,,,,,,,,,,,,,,,,,,,,,,,,,,,,,,,,,,,,,,,,,,,,,,,,,,,,,,,,,,,,,,,,,,,,,,,,,,,,,,,,,,,,,,,,,
330502|3305|Spring Creek - Solar||Solar PV|Fixed,3305,Spring Creek Solar Farm and BESS Hybrid - KCI,N00314,,,NSW1,480,330502,Spring Creek - Solar,Solar PV,Fixed,,,Semi-scheduled,1,,120,,120,,Publicly Announced,,,,,46203.49002314815,,,,,,,,,,,,,,,,,,,,,,,,,,,,,,,,,,,,,,,,,,,,,,,,,,,,,,,,,,,,,,,,,,,,,,,,,,,,,,,,,,,,,,,,,,,,,,,,,,,,,,,,,,,,,,,,,,,,,,,,,,,,,,,,,,,,,,,,,,,
230101|2301|SWF_GU1||Wind|Onshore,2301,Springlands Wind Farm,Q00038, Ratch Australia,TOORAWF,QLD1,800,230101,SWF_GU1,Wind,Onshore,,,Semi-scheduled,121,6.6,6.6,798.6,798.6,,Publicly Announced,47847,2060,,46091,46161.405439814815,,,,,,,,,,,,,,,,,,,,,,,,,,,,,,,,,,,,,,,,,,,,,,,,,,,,,,,,,,,,,,,,,,,,,,,,,,,,,,,,,,,,,,,,,,,,,,,,,,,,,,,,,,,,,,,,,,,,,,,,,,,,,,,,,,,,,,,,,,,
281201|2812|SEH 1||Battery Storage|Lithium-ion,2812,Springvale Energy Hub,V00117,progresspower_nr,progresspower_nr,VIC1,115,281201,SEH 1,Battery Storage,Lithium-ion,,,Scheduled,60,2.19,2.19,131.4,131.4,262.2,Anticipated,47056,2055,,46361,46182.685,0,0,0,0,0,0,115,115,115,115,115,115,115,115,115,115,115,115,115,115,115,115,115,115,115,115,115,115,115,115,0,0,0,0,262.32,262.32,262.32,262.32,256.27,256.27,255,255,238.73,238.73,233.74,233.74,228.74,228.74,224.02,224.02,,,,,,,,,,,,,,,,,,,,,,,,,,,,,,,,,,,,,,,,,,,,,,,,,,,,,,,,,,,,,,,,,,,,,,,,,,,,,,,,,,,,,,,,,
328501|3285|SEH 2||Battery Storage|Lithium-ion,3285,Springvale Energy Hub - Stage 2,,SEH Stage 1 Pty Ltd as trustee for the Progress Power Unit Trust,progresspower_nr,VIC1,115,328501,SEH 2,Battery Storage,Lithium-ion,,,Scheduled,104,1.21,1.21,125.84,125.84,502.32,Publicly Announced,47056,2055,,,46162.58621527778,,,,,,,,,,,,,,,,,,,,,,,,,,,,,,,,,,,,,,,,,,,,,,,,,,,,,,,,,,,,,,,,,,,,,,,,,,,,,,,,,,,,,,,,,,,,,,,,,,,,,,,,,,,,,,,,,,,,,,,,,,,,,,,,,,,,,,,,,,,
230201|2302|MBS_GU1||Battery Storage|Lithium-ion,2302,SRI/Mirabou (Braemar) BESS - KCI,Q00053, Miraabou Energy Ltd,,QLD1,500,230201,MBS_GU1,Battery Storage,Lithium-ion,,,Scheduled,1,,500,,500,,Publicly Announced,,,,46091,45112.89396990741,,,,,,,,,,,,,,,,,,,,,,,,,,,,,,,,,,,,,,,,,,,,,,,,,,,,,,,,,,,,,,,,,,,,,,,,,,,,,,,,,,,,,,,,,,,,,,,,,,,,,,,,,,,,,,,,,,,,,,,,,,,,,,,,,,,,,,,,,,,
258101|2581|SHPV01||Solar PV|Fixed,2581,Stanhope Solar and BESS Project,,globirdenergy_NR,globirdenergy_NR,VIC1,25,258101,SHPV01,Solar PV,Fixed,,,Semi-scheduled,1,6,5,6,5,,Publicly Announced,46721,2052,,46361,46160.66278935185,,,,,,,,,,,,,,,,,,,,,,,,,,,,,,,,,,,,,,,,,,,,,,,,,,,,,,,,,,,,,,,,,,,,,,,,,,,,,,,,,,,,,,,,,,,,,,,,,,,,,,,,,,,,,,,,,,,,,,,,,,,,,,,,,,,,,,,,,,,
258102|2581|SHBESS01||Battery Storage|Lithium-ion,2581,Stanhope Solar and BESS Project,,globirdenergy_NR,globirdenergy_NR,VIC1,25,258102,SHBESS01,Battery Storage,Lithium-ion,,,Scheduled,1,21,20,21,20,20,Publicly Announced,46721,2052,,46361,46160.66278935185,,,,,,,,,,,,,,,,,,,,,,,,,,,,,,,,,,,,,,,,,,,,,,,,,,,,,,,,,,,,,,,,,,,,,,,,,,,,,,,,,,,,,,,,,,,,,,,,,,,,,,,,,,,,,,,,,,,,,,,,,,,,,,,,,,,,,,,,,,,
118501|1185|Stanwell:1|STAN-1|Coal|Black Coal,1185,Stanwell,,Stanwell Corporation Limited,STANWELL,QLD1,1460,118501,Stanwell:1,Coal,Black Coal,,STAN-1,Scheduled,1,,365,,365,,In Service,,2043,,46091,46013.449953703705,365,365,365,365,365,365,365,365,365,365,365,365,365,365,365,365,365,365,365,365,365,365,365,365,365,365,365,,,,,,,,,,,,,,,,,,,,,,,,,,,,,,,,,,,,,,,,,,,,,,,,,,,,,,,,,,,,,,,,,,,,,,,,,,,,,,,,,,,,,,,,,,,,,,,,,,,,,,,,,,,,,,,,
118502|1185|Stanwell:2|STAN-2|Coal|Black Coal,1185,Stanwell,,Stanwell Corporation Limited,STANWELL,QLD1,1460,118502,Stanwell:2,Coal,Black Coal,,STAN-2,Scheduled,1,,365,,365,,In Service,,2044,,46091,46013.449953703705,365,365,365,365,365,365,365,365,365,365,365,365,365,365,365,365,365,365,365,365,365,365,365,365,365,365,365,,,,,,,,,,,,,,,,,,,,,,,,,,,,,,,,,,,,,,,,,,,,,,,,,,,,,,,,,,,,,,,,,,,,,,,,,,,,,,,,,,,,,,,,,,,,,,,,,,,,,,,,,,,,,,,,
118503|1185|Stanwell:3|STAN-3|Coal|Black Coal,1185,Stanwell,,Stanwell Corporation Limited,STANWELL,QLD1,1460,118503,Stanwell:3,Coal,Black Coal,,STAN-3,Scheduled,1,,365,,365,,In Service,,2045,,46091,46013.449953703705,365,365,365,365,365,365,365,365,365,365,365,365,365,365,365,365,365,365,365,365,365,365,365,365,365,365,365,,,,,,,,,,,,,,,,,,,,,,,,,,,,,,,,,,,,,,,,,,,,,,,,,,,,,,,,,,,,,,,,,,,,,,,,,,,,,,,,,,,,,,,,,,,,,,,,,,,,,,,,,,,,,,,,
118504|1185|Stanwell:4|STAN-4|Coal|Black Coal,1185,Stanwell,,Stanwell Corporation Limited,STANWELL,QLD1,1460,118504,Stanwell:4,Coal,Black Coal,,STAN-4,Scheduled,1,,365,,365,,In Service,,2046,,46091,46013.449953703705,365,365,365,365,365,365,365,365,365,365,365,365,365,365,365,365,365,365,365,365,365,365,365,365,365,365,365,,,,,,,,,,,,,,,,,,,,,,,,,,,,,,,,,,,,,,,,,,,,,,,,,,,,,,,,,,,,,,,,,,,,,,,,,,,,,,,,,,,,,,,,,,,,,,,,,,,,,,,,,,,,,,,,
193502|1935|STABESS1||Battery Storage|Lithium-ion,1935,Stanwell BESS,Q00023,Stanwell Corporation Limited,STANWELL,QLD1,300,193502,STABESS1,Battery Storage,Lithium-ion,,,Scheduled,1,300,300,300,300,1200,Committed,46378,2046,,46361,46182.58385416667,0,300,300,300,300,300,300,300,300,300,300,300,300,300,300,300,300,300,300,300,300,300,300,300,300,300,300,300,300,300,0,600,600,561,561,543,543,531,531,519,519,510,510,501,501,492,492,486,486,477,,,,,,,,,,,,,,,,,,,,,,,,,,,,,,,,,,,,,,,,,,,,,,,,,,,,,,,,,,,,,,,,,,,,,,,,,,,,,,,,,,,,,,,,,
135801|1358|GM1and4||Gas Turbine|Other,1358,Stapylton Renewable Energy Facility,,LMS Energy Pty Ltd,LMSENE,QLD1,3.35,135801,GM1and4,Gas Turbine,Other,Landfill Gas,,Non-scheduled,2,,1.06,,2.12,,In Service,,2049,,46091,46108.57884259259,,,,,,,,,,,,,,,,,,,,,,,,,,,,,,,,,,,,,,,,,,,,,,,,,,,,,,,,,,,,,,,,,,,,,,,,,,,,,,,,,,,,,,,,,,,,,,,,,,,,,,,,,,,,,,,,,,,,,,,,,,,,,,,,,,,,,,,,,,,
135802|1358|GM2||Gas Turbine|Other,1358,Stapylton Renewable Energy Facility,,LMS Energy Pty Ltd,LMSENE,QLD1,3.35,135802,GM2,Gas Turbine,Other,Landfill Gas,,Non-scheduled,1,,0.76,,0.76,,In Service,,2049,,46091,46108.57884259259,,,,,,,,,,,,,,,,,,,,,,,,,,,,,,,,,,,,,,,,,,,,,,,,,,,,,,,,,,,,,,,,,,,,,,,,,,,,,,,,,,,,,,,,,,,,,,,,,,,,,,,,,,,,,,,,,,,,,,,,,,,,,,,,,,,,,,,,,,,
135803|1358|GM3||Gas Turbine|Other,1358,Stapylton Renewable Energy Facility,,LMS Energy Pty Ltd,LMSENE,QLD1,3.35,135803,GM3,Gas Turbine,Other,Landfill Gas,,Non-scheduled,1,,0.47,,0.47,,In Service,,2049,,46091,46108.57884259259,,,,,,,,,,,,,,,,,,,,,,,,,,,,,,,,,,,,,,,,,,,,,,,,,,,,,,,,,,,,,,,,,,,,,,,,,,,,,,,,,,,,,,,,,,,,,,,,,,,,,,,,,,,,,,,,,,,,,,,,,,,,,,,,,,,,,,,,,,,
161301|1613|Star of The South:1||Wind|Offshore - fixed,1613,Star of the South Wind Farm,V00044,Star of the South Wind Farm Pty Ltd as trustee for the Star of the South Trust,southerlyten_nr,VIC1,2205,161301,Star of The South:1,Wind,Offshore - fixed,,,Semi-scheduled,147,,15,,2205,,Publicly Announced,48304,,,46091,46097.34024305556,,,,,,,,,,,,,,,,,,,,,,,,,,,,,,,,,,,,,,,,,,,,,,,,,,,,,,,,,,,,,,,,,,,,,,,,,,,,,,,,,,,,,,,,,,,,,,,,,,,,,,,,,,,,,,,,,,,,,,,,,,,,,,,,,,,,,,,,,,,
118702|1187|STOCKYD3.0|STOCKYD1|Wind|Onshore,1187,Stockyard Hill Wind Farm,,Stockyard Hill Wind Farm Pty Ltd,STOCKYRD,VIC1,511,118702,STOCKYD3.0,Wind,Onshore,,STOCKYD1,Semi-scheduled,2,,3,,6,,In Service,,2045,,46091,46093.59664351852,5.812,5.812,5.812,5.812,5.812,5.812,5.812,5.812,5.812,5.812,5.812,5.812,5.812,5.812,5.812,5.812,5.812,5.812,5.812,5.812,5.812,5.812,5.812,5.812,5.812,5.812,5.812,5.812,5.812,5.812,,,,,,,,,,,,,,,,,,,,,,,,,,,,,,,,,,,,,,,,,,,,,,,,,,,,,,,,,,,,,,,,,,,,,,,,,,,,,,,,,,,,,,,,,,,,,,,,,,,,,,,,,,,,,
118703|1187|STOCKYD3.4|STOCKYD1|Wind|Onshore,1187,Stockyard Hill Wind Farm,,Stockyard Hill Wind Farm Pty Ltd,STOCKYRD,VIC1,511,118703,STOCKYD3.4,Wind,Onshore,,STOCKYD1,Semi-scheduled,19,,3.4,,64.6,,In Service,,2045,,46091,46093.59664351852,62.567,62.567,62.567,62.567,62.567,62.567,62.567,62.567,62.567,62.567,62.567,62.567,62.567,62.567,62.567,62.567,62.567,62.567,62.567,62.567,62.567,62.567,62.567,62.567,62.567,62.567,62.567,62.567,62.567,62.567,,,,,,,,,,,,,,,,,,,,,,,,,,,,,,,,,,,,,,,,,,,,,,,,,,,,,,,,,,,,,,,,,,,,,,,,,,,,,,,,,,,,,,,,,,,,,,,,,,,,,,,,,,,,,
118704|1187|STOCKYD3.57|STOCKYD1|Wind|Onshore,1187,Stockyard Hill Wind Farm,,Stockyard Hill Wind Farm Pty Ltd,STOCKYRD,VIC1,511,118704,STOCKYD3.57,Wind,Onshore,,STOCKYD1,Semi-scheduled,128,,3.57,,456.96,,In Service,,2045,,46091,46093.59664351852,442.624,442.624,442.624,442.624,442.624,442.624,442.624,442.624,442.624,442.624,442.624,442.624,442.624,442.624,442.624,442.624,442.624,442.624,442.624,442.624,442.624,442.624,442.624,442.624,442.624,442.624,442.624,442.624,442.624,442.624,,,,,,,,,,,,,,,,,,,,,,,,,,,,,,,,,,,,,,,,,,,,,,,,,,,,,,,,,,,,,,,,,,,,,,,,,,,,,,,,,,,,,,,,,,,,,,,,,,,,,,,,,,,,,
247401|2474|SCBS_GU1||Battery Storage|Lithium-ion,2474,Stoney Creek BESS,N00108,Stoney Creek BESS Pty Ltd,enervest_NR,NSW1,125,247401,SCBS_GU1,Battery Storage,Lithium-ion,,,Scheduled,1,,125,,125,1000,Anticipated,46934,2048,,46361,46167.57199074074,0,0,0,0,0,0,125,125,125,125,125,125,125,125,125,125,125,125,125,125,125,125,125,125,125,125,125,125,125,125,0,0,0,0,1000,1000,1000,1000,1000,1000,1000,1000,1000,1000,1000,1000,1000,1000,1000,1000,,,,,,,,,,,,,,,,,,,,,,,,,,,,,,,,,,,,,,,,,,,,,,,,,,,,,,,,,,,,,,,,,,,,,,,,,,,,,,,,,,,,,,,,,
249201|2492|SCWF_GU1||Wind|Onshore,2492,Stony Creek Wind Farm,Q00098,Greenleaf Renewable,greenleafrenewables_nr,QLD1,400,249201,SCWF_GU1,Wind,Onshore,,,Semi-scheduled,1,,400,,400,,Publicly Announced,,,,45992,45180.95556712963,,,,,,,,,,,,,,,,,,,,,,,,,,,,,,,,,,,,,,,,,,,,,,,,,,,,,,,,,,,,,,,,,,,,,,,,,,,,,,,,,,,,,,,,,,,,,,,,,,,,,,,,,,,,,,,,,,,,,,,,,,,,,,,,,,,,,,,,,,,
294001|2940|SFPH_GU1||Hydro|Pumped Hydro,2940,Strafford Renewable Energy Hub - Pumped Hydro,,Yancoal,yancoal_nr,NSW1,200,294001,SFPH_GU1,Hydro,Pumped Hydro,,,Scheduled,1,,200,,200,1600,Publicly Announced,,,,46091,45720.915625,,,,,,,,,,,,,,,,,,,,,,,,,,,,,,,,,,,,,,,,,,,,,,,,,,,,,,,,,,,,,,,,,,,,,,,,,,,,,,,,,,,,,,,,,,,,,,,,,,,,,,,,,,,,,,,,,,,,,,,,,,,,,,,,,,,,,,,,,,,
307601|3076|SFPH_GU1||Hydro|Pumped Hydro,3076,Stratford Renewable Energy Hub,N00223,Yancoal Australia Limited,yancoal_nr,NSW1,400,307601,SFPH_GU1,Hydro,Pumped Hydro,,,Scheduled,1,,400,,400,,Publicly Announced,,,,46091,45842.733194444445,,,,,,,,,,,,,,,,,,,,,,,,,,,,,,,,,,,,,,,,,,,,,,,,,,,,,,,,,,,,,,,,,,,,,,,,,,,,,,,,,,,,,,,,,,,,,,,,,,,,,,,,,,,,,,,,,,,,,,,,,,,,,,,,,,,,,,,,,,,
307602|3076|SFSF_GU1||Solar PV|Fixed,3076,Stratford Renewable Energy Hub,N00223,Yancoal Australia Limited,yancoal_nr,NSW1,400,307602,SFSF_GU1,Solar PV,Fixed,,,Semi-scheduled,91,,4.2,,382.2,,Publicly Announced,,,,46091,45842.733194444445,,,,,,,,,,,,,,,,,,,,,,,,,,,,,,,,,,,,,,,,,,,,,,,,,,,,,,,,,,,,,,,,,,,,,,,,,,,,,,,,,,,,,,,,,,,,,,,,,,,,,,,,,,,,,,,,,,,,,,,,,,,,,,,,,,,,,,,,,,,
281101|2811|SWF_GU1||Wind|Onshore,2811,Strathbogie Ranges Wind Farm,,Seymour Wind Pty Ltd,feraaustralia_nr,VIC1,800,281101,SWF_GU1,Wind,Onshore,,,Semi-scheduled,100,,8,,800,,Publicly Announced,48183,2065,,46091,46164.68623842593,,,,,,,,,,,,,,,,,,,,,,,,,,,,,,,,,,,,,,,,,,,,,,,,,,,,,,,,,,,,,,,,,,,,,,,,,,,,,,,,,,,,,,,,,,,,,,,,,,,,,,,,,,,,,,,,,,,,,,,,,,,,,,,,,,,,,,,,,,,
304501|3045|STBS_GU1||Battery Storage|Lithium-ion,3045,Strontian Solar BESS,N00233,Strontian Solar Pty Ltd,strontian_nr,NSW1,333,304501,STBS_GU1,Battery Storage,Lithium-ion,,,Scheduled,1,,333,,333,,Publicly Announced,,,,45901,45839.199895833335,,,,,,,,,,,,,,,,,,,,,,,,,,,,,,,,,,,,,,,,,,,,,,,,,,,,,,,,,,,,,,,,,,,,,,,,,,,,,,,,,,,,,,,,,,,,,,,,,,,,,,,,,,,,,,,,,,,,,,,,,,,,,,,,,,,,,,,,,,,
304401|3044|STSF_GU1||Solar PV|Fixed,3044,Strontian Solar Farm,N00233,Strontian Solar Pty Ltd,strontian_nr,NSW1,325,304401,STSF_GU1,Solar PV,Fixed,,,Semi-scheduled,78,,4.2,,327.6,,Publicly Announced,,,,45901,45839.1950462963,,,,,,,,,,,,,,,,,,,,,,,,,,,,,,,,,,,,,,,,,,,,,,,,,,,,,,,,,,,,,,,,,,,,,,,,,,,,,,,,,,,,,,,,,,,,,,,,,,,,,,,,,,,,,,,,,,,,,,,,,,,,,,,,,,,,,,,,,,,
277401|2774|STBS_GU1||Battery Storage|Lithium-ion,2774,Stubbo BESS,N00181,Stubbo 1 Pty Ltd. ACN 658 322 457 as The Trustee for Stubbo 1 Solar Project Trust,acenaustralia_NR,NSW1,200,277401,STBS_GU1,Battery Storage,Lithium-ion,,,Scheduled,1,200,200,200,200,800,Publicly Announced,47208,2079,,46361,46161.60748842593,,,,,,,,,,,,,,,,,,,,,,,,,,,,,,,,,,,,,,,,,,,,,,,,,,,,,,,,,,,,,,,,,,,,,,,,,,,,,,,,,,,,,,,,,,,,,,,,,,,,,,,,,,,,,,,,,,,,,,,,,,,,,,,,,,,,,,,,,,,
189401|1894|Stubbo|STUBSF1|Solar PV|Single Axis Tracking,1894,Stubbo Solar Farm,N00017,ACEN AUSTRALIA,acenaustralia_NR,NSW1,400,189401,Stubbo,Solar PV,Single Axis Tracking,,STUBSF1,Semi-scheduled,1,202,202,202,202,,In Service,,2073,,46361,46155.56982638889,202,202,202,202,202,202,202,202,202,202,202,202,202,202,202,202,202,202,202,202,202,202,202,202,202,202,202,202,202,202,,,,,,,,,,,,,,,,,,,,,,,,,,,,,,,,,,,,,,,,,,,,,,,,,,,,,,,,,,,,,,,,,,,,,,,,,,,,,,,,,,,,,,,,,,,,,,,,,,,,,,,,,,,,,
189402|1894|Stubbo_2|STUBSF2|Solar PV|Single Axis Tracking,1894,Stubbo Solar Farm,N00017,ACEN AUSTRALIA,acenaustralia_NR,NSW1,400,189402,Stubbo_2,Solar PV,Single Axis Tracking,,STUBSF2,Semi-scheduled,1,198,198,198,198,,In Service,,2073,,46361,46155.56982638889,198,198,198,198,198,198,198,198,198,198,198,198,198,198,198,198,198,198,198,198,198,198,198,198,198,198,198,198,198,198,,,,,,,,,,,,,,,,,,,,,,,,,,,,,,,,,,,,,,,,,,,,,,,,,,,,,,,,,,,,,,,,,,,,,,,,,,,,,,,,,,,,,,,,,,,,,,,,,,,,,,,,,,,,,
315901|3159|SVBS_GU1||Battery Storage|Lithium-ion,3159,Summerville BESS,,OX2,ox2_NR,NSW1,90,315901,SVBS_GU1,Battery Storage,Lithium-ion,,,Scheduled,1,,90,,90,360,Publicly Announced,,,,46091,46113.37042824074,,,,,,,,,,,,,,,,,,,,,,,,,,,,,,,,,,,,,,,,,,,,,,,,,,,,,,,,,,,,,,,,,,,,,,,,,,,,,,,,,,,,,,,,,,,,,,,,,,,,,,,,,,,,,,,,,,,,,,,,,,,,,,,,,,,,,,,,,,,
198901|1989|SV_Unit1||Solar PV|Fixed,1989,Summerville Solar Farm,N00064,ESCO Solar Farm 5 Pty Ltd,ox2_NR,NSW1,90,198901,SV_Unit1,Solar PV,Fixed,,,Semi-scheduled,24,6.5,4.2,156,100.8,,Publicly Announced,47118,2058,,46361,46160.51261574074,,,,,,,,,,,,,,,,,,,,,,,,,,,,,,,,,,,,,,,,,,,,,,,,,,,,,,,,,,,,,,,,,,,,,,,,,,,,,,,,,,,,,,,,,,,,,,,,,,,,,,,,,,,,,,,,,,,,,,,,,,,,,,,,,,,,,,,,,,,
143701|1437|SMCSF1|SMCSF1|Solar PV|Fixed,1437,Sun Metals Corporation Solar Farm,,Sun Metals Corporation Pty Ltd,SMCTSV,QLD1,121.5,143701,SMCSF1,Solar PV,Fixed,,SMCSF1,Semi-scheduled,52,,2.75,,143,,In Service,,2042,,46091,46108.47076388889,117,121.16,120.12,117,121.16,120.12,117,121.16,120.12,117,121.16,120.12,117,121.16,120.12,117,121.16,120.12,117,121.16,120.12,117,121.16,120.12,117,121.16,120.12,117,121.16,120.12,,,,,,,,,,,,,,,,,,,,,,,,,,,,,,,,,,,,,,,,,,,,,,,,,,,,,,,,,,,,,,,,,,,,,,,,,,,,,,,,,,,,,,,,,,,,,,,,,,,,,,,,,,,,,
218701|2187|BESS Production Units||Battery Storage|Lithium-ion,2187,Sundown Hybrid Facility,N00048,Sundown SF Subco Pty Ltd ATF Sundown SF Unit Trust,recurrentenergy_nr,NSW1,360,218701,BESS Production Units,Battery Storage,Lithium-ion,,,Scheduled,48,7.87,4.39,377.76,210.72,421.44,Publicly Announced,46753,2055,,46091,46120.44127314815,,,,,,,,,,,,,,,,,,,,,,,,,,,,,,,,,,,,,,,,,,,,,,,,,,,,,,,,,,,,,,,,,,,,,,,,,,,,,,,,,,,,,,,,,,,,,,,,,,,,,,,,,,,,,,,,,,,,,,,,,,,,,,,,,,,,,,,,,,,
218702|2187|Solar Production Units||Solar PV|Single Axis Tracking,2187,Sundown Hybrid Facility,N00048,Sundown SF Subco Pty Ltd ATF Sundown SF Unit Trust,recurrentenergy_nr,NSW1,360,218702,Solar Production Units,Solar PV,Single Axis Tracking,,,Semi-scheduled,104,6.89,4.2,716.56,436.8,,Publicly Announced,46753,2055,,46091,46120.44127314815,,,,,,,,,,,,,,,,,,,,,,,,,,,,,,,,,,,,,,,,,,,,,,,,,,,,,,,,,,,,,,,,,,,,,,,,,,,,,,,,,,,,,,,,,,,,,,,,,,,,,,,,,,,,,,,,,,,,,,,,,,,,,,,,,,,,,,,,,,,
320601|3206|SS_GU1||Battery Storage|Lithium-ion,3206,Sunnyside Solar Farm,N00279,Zero E Services Australia Pty Ltd,,NSW1,250,320601,SS_GU1,Battery Storage,Lithium-ion,,,Scheduled,65,,4.6,,299,,Publicly Announced,,,,46091,46041.66341435185,,,,,,,,,,,,,,,,,,,,,,,,,,,,,,,,,,,,,,,,,,,,,,,,,,,,,,,,,,,,,,,,,,,,,,,,,,,,,,,,,,,,,,,,,,,,,,,,,,,,,,,,,,,,,,,,,,,,,,,,,,,,,,,,,,,,,,,,,,,
320602|3206|SS_GU2||Solar PV|Single Axis Tracking,3206,Sunnyside Solar Farm,N00279,Zero E Services Australia Pty Ltd,,NSW1,250,320602,SS_GU2,Solar PV,Single Axis Tracking,,,Semi-scheduled,83,,4.2,,348.6,,Publicly Announced,,,,46091,46041.66341435185,,,,,,,,,,,,,,,,,,,,,,,,,,,,,,,,,,,,,,,,,,,,,,,,,,,,,,,,,,,,,,,,,,,,,,,,,,,,,,,,,,,,,,,,,,,,,,,,,,,,,,,,,,,,,,,,,,,,,,,,,,,,,,,,,,,,,,,,,,,
144701|1447|SUNRSF1|SUNRSF1|Solar PV|Single Axis Tracking,1447,Sunraysia Solar Farm,,Sunraysia Solar Project Pty Ltd,SUNRSF,NSW1,200,144701,SUNRSF1,Solar PV,Single Axis Tracking,,SUNRSF1,Semi-scheduled,104,2.2,2.2,228.8,228.8,,In Service,,2049,,46091,46164.42737268518,199.68,199.68,191.36,199.68,199.68,191.36,199.68,199.68,191.36,199.68,199.68,191.36,199.68,199.68,191.36,199.68,199.68,191.36,199.68,199.68,191.36,199.68,199.68,191.36,199.68,199.68,191.36,199.68,199.68,191.36,,,,,,,,,,,,,,,,,,,,,,,,,,,,,,,,,,,,,,,,,,,,,,,,,,,,,,,,,,,,,,,,,,,,,,,,,,,,,,,,,,,,,,,,,,,,,,,,,,,,,,,,,,,,,
170301|1703|Sunshine||Solar PV|Single Axis Tracking,1703,Sunshine Energy Solar Farm,,Sunshine Energy,,QLD1,1,170301,Sunshine,Solar PV,Single Axis Tracking,,,Semi-scheduled,1,,1500,,1500,,Publicly Announced,,,,46091,45901.95747685185,,,,,,,,,,,,,,,,,,,,,,,,,,,,,,,,,,,,,,,,,,,,,,,,,,,,,,,,,,,,,,,,,,,,,,,,,,,,,,,,,,,,,,,,,,,,,,,,,,,,,,,,,,,,,,,,,,,,,,,,,,,,,,,,,,,,,,,,,,,
303701|3037|RBBS_GU1||Battery Storage|Lithium-ion,3037,Sunshine Estate BESS,,"Avenis Energy Pty Ltd, on behalf of AE BESS 11 Pty Ltd ATF AE BESS 11 Unit Trust ",avenisenergy_NR,NSW1,120,303701,RBBS_GU1,Battery Storage,Lithium-ion,,,Scheduled,1,120,120,120,120,480,Publicly Announced,46752,2045,,46091,46091.568032407406,,,,,,,,,,,,,,,,,,,,,,,,,,,,,,,,,,,,,,,,,,,,,,,,,,,,,,,,,,,,,,,,,,,,,,,,,,,,,,,,,,,,,,,,,,,,,,,,,,,,,,,,,,,,,,,,,,,,,,,,,,,,,,,,,,,,,,,,,,,
144201|1442|Sunshine||Solar PV|Fixed,1442,Sunshine State Solar Farm and BESS,,ESCO Pacific,ox2_NR,QLD1,90,144201,Sunshine,Solar PV,Fixed,,,Semi-scheduled,1,,110,,110,,Publicly Announced,,,,46091,45201.93271990741,,,,,,,,,,,,,,,,,,,,,,,,,,,,,,,,,,,,,,,,,,,,,,,,,,,,,,,,,,,,,,,,,,,,,,,,,,,,,,,,,,,,,,,,,,,,,,,,,,,,,,,,,,,,,,,,,,,,,,,,,,,,,,,,,,,,,,,,,,,
255701|2557|SSSB_GU1||Solar PV|Fixed,2557,Sunshine State Solar Farm and BESS (Rollingstone),Q00113,Rollingstone Solar Farm Pty Ltd,,QLD1,500,255701,SSSB_GU1,Solar PV,Fixed,,,Semi-scheduled,1,,500,,500,,Publicly Announced,,,,46091,45112.01528935185,,,,,,,,,,,,,,,,,,,,,,,,,,,,,,,,,,,,,,,,,,,,,,,,,,,,,,,,,,,,,,,,,,,,,,,,,,,,,,,,,,,,,,,,,,,,,,,,,,,,,,,,,,,,,,,,,,,,,,,,,,,,,,,,,,,,,,,,,,,
158602|1586|Suntop Solar Farm|SUNTPSF1|Solar PV|Single Axis Tracking,1586,Suntop Solar Farm,,Suntop SF Pty Ltd As Trustee For The Suntop Asset,calenergy_nr,NSW1,150,158602,Suntop Solar Farm,Solar PV,Single Axis Tracking,,SUNTPSF1,Semi-scheduled,110,1.73,1.44,190.3,158.4,,In Service,,2056,,46091,46111.65736111111,150,150,150,150,150,150,150,150,150,150,150,150,150,150,150,150,150,150,150,150,150,150,150,150,150,150,150,150,150,150,,,,,,,,,,,,,,,,,,,,,,,,,,,,,,,,,,,,,,,,,,,,,,,,,,,,,,,,,,,,,,,,,,,,,,,,,,,,,,,,,,,,,,,,,,,,,,,,,,,,,,,,,,,,,
243104|2431|SNB01|SNB01|Battery Storage|Lithium-ion,2431,Supernode BESS,Q00175,Supernode Operations Pty Ltd as the trustee for Supernode BESS 1 Project Trust,SNODE1,QLD1,520,243104,SNB01,Battery Storage,Lithium-ion,,SNB01,Scheduled,76,4.44,3.42,337.44,259.92,619.4,In Service,,2051,,46361,46149.47373842593,260,260,260,260,260,260,260,260,260,260,260,260,260,260,260,260,260,260,260,260,260,260,260,260,260,260,260,260,260,260,490,475,475,460,460,445,445,440,440,430,430,420,420,410,410,400,400,395,395,385,,,,,,,,,,,,,,,,,,,,,,,,,,,,,,,,,,,,,,,,,,,,,,,,,,,,,,,,,,,,,,,,,,,,,,,,,,,,,,,,,,,,,,,,,
243105|2431|SNB02|SNB02|Battery Storage|Lithium-ion,2431,Supernode BESS,Q00175,Supernode Operations Pty Ltd as the trustee for Supernode BESS 1 Project Trust,SNODE1,QLD1,520,243105,SNB02,Battery Storage,Lithium-ion,,SNB02,Scheduled,76,4.44,3.42,337.44,259.92,1238.04,In Commissioning,46203,2051,,46361,46149.47373842593,260,260,260,260,260,260,260,260,260,260,260,260,260,260,260,260,260,260,260,260,260,260,260,260,260,260,260,260,260,260,945,945,925,925,905,905,885,885,870,870,850,850,835,835,820,820,805,805,795,795,,,,,,,,,,,,,,,,,,,,,,,,,,,,,,,,,,,,,,,,,,,,,,,,,,,,,,,,,,,,,,,,,,,,,,,,,,,,,,,,,,,,,,,,,
310301|3103|SNB03||Battery Storage|Lithium-ion,3103,Supernode BESS - Stage 3,Q00175,Supernode BESS 3 ProjectCo Pty Ltd as trustee for Supernode BESS 3 Project Trust,quinbrook_NR,QLD1,260,310301,SNB03,Battery Storage,Lithium-ion,,,Scheduled,77,3.38,3.38,260.26,260.26,1216.6,Anticipated,46691,2052,,46361,46178.41297453704,0,0,0,0,260,260,260,260,260,260,260,260,260,260,260,260,260,260,260,260,260,260,260,260,260,260,260,260,260,260,0,0,0,910,910,875,875,850,850,825,825,805,805,790,790,770,770,750,750,740,,,,,,,,,,,,,,,,,,,,,,,,,,,,,,,,,,,,,,,,,,,,,,,,,,,,,,,,,,,,,,,,,,,,,,,,,,,,,,,,,,,,,,,,,
310401|3104|SNB04||Battery Storage|Lithium-ion,3104,Supernode BESS - Stage 4,Q00175,Supernode BESS 3 ProjectCo Pty Ltd as trustee for Supernode BESS 3 Project Trust,quinbrook_NR,QLD1,260,310401,SNB04,Battery Storage,Lithium-ion,,,Scheduled,76,3.42,3.42,259.92,259.92,2082.4,Publicly Announced,47109,2053,,46361,46149.47341435185,,,,,,,,,,,,,,,,,,,,,,,,,,,,,,,,,,,,,,,,,,,,,,,,,,,,,,,,,,,,,,,,,,,,,,,,,,,,,,,,,,,,,,,,,,,,,,,,,,,,,,,,,,,,,,,,,,,,,,,,,,,,,,,,,,,,,,,,,,,
310501|3105|SNB05||Battery Storage|Lithium-ion,3105,Supernode BESS - Stage 5,Q00175,Supernode BESS 3 ProjectCo Pty Ltd as trustee for Supernode BESS 3 Project Trust,quinbrook_NR,QLD1,260,310501,SNB05,Battery Storage,Lithium-ion,,,Scheduled,76,3.42,3.42,259.92,259.92,2082.4,Publicly Announced,47207,2054,,46361,46157.52413194445,,,,,,,,,,,,,,,,,,,,,,,,,,,,,,,,,,,,,,,,,,,,,,,,,,,,,,,,,,,,,,,,,,,,,,,,,,,,,,,,,,,,,,,,,,,,,,,,,,,,,,,,,,,,,,,,,,,,,,,,,,,,,,,,,,,,,,,,,,,
283001|2830|FNBS_GU1||Battery Storage|Lithium-ion,2830,Supernode North BESS 1,Q00178,Supernode North BESS ProjectCo Pty Ltd,pep_nr,QLD1,260,283001,FNBS_GU1,Battery Storage,Lithium-ion,,,Scheduled,1,,260,,260,2080,Publicly Announced,47116,2053,,46091,46106.97697916667,,,,,,,,,,,,,,,,,,,,,,,,,,,,,,,,,,,,,,,,,,,,,,,,,,,,,,,,,,,,,,,,,,,,,,,,,,,,,,,,,,,,,,,,,,,,,,,,,,,,,,,,,,,,,,,,,,,,,,,,,,,,,,,,,,,,,,,,,,,
283101|2831|FNBS_GU2||Battery Storage|Lithium-ion,2831,Supernode North BESS 2,Q00179,Supernode North BESS ProjectCo Pty Ltd,pep_nr,QLD1,260,283101,FNBS_GU2,Battery Storage,Lithium-ion,,,Scheduled,1,,260,,260,2080,Publicly Announced,47207,2054,,46091,46106.97636574074,,,,,,,,,,,,,,,,,,,,,,,,,,,,,,,,,,,,,,,,,,,,,,,,,,,,,,,,,,,,,,,,,,,,,,,,,,,,,,,,,,,,,,,,,,,,,,,,,,,,,,,,,,,,,,,,,,,,,,,,,,,,,,,,,,,,,,,,,,,
283201|2832|FNBS_GU3||Battery Storage|Lithium-ion,2832,Supernode North BESS 3,Q00180,Supernode North BESS ProjectCo Pty Ltd,pep_nr,QLD1,260,283201,FNBS_GU3,Battery Storage,Lithium-ion,,,Scheduled,1,,260,,260,2080,Publicly Announced,47298,2054,,46091,46106.97513888889,,,,,,,,,,,,,,,,,,,,,,,,,,,,,,,,,,,,,,,,,,,,,,,,,,,,,,,,,,,,,,,,,,,,,,,,,,,,,,,,,,,,,,,,,,,,,,,,,,,,,,,,,,,,,,,,,,,,,,,,,,,,,,,,,,,,,,,,,,,
144401|1444|SRSF1|SRSF1|Solar PV|Single Axis Tracking,1444,Susan River Solar Farm,,Susan River Solar Pty Ltd as trustee for the Susan River Solar Trust,SRSF1,QLD1,75,144401,SRSF1,Solar PV,Single Axis Tracking,,SRSF1,Semi-scheduled,49,1.74,1.53,85.26,74.97,,In Service,,2049,,46091,46108.52704861111,75.019,75.019,75.019,75.019,75.019,75.019,75.019,75.019,75.019,75.019,75.019,75.019,75.019,75.019,75.019,75.019,75.019,75.019,75.019,75.019,75.019,75.019,75.019,75.019,75.019,75.019,75.019,75.019,75.019,75.019,,,,,,,,,,,,,,,,,,,,,,,,,,,,,,,,,,,,,,,,,,,,,,,,,,,,,,,,,,,,,,,,,,,,,,,,,,,,,,,,,,,,,,,,,,,,,,,,,,,,,,,,,,,,,
302301|3023|STBS_GU1||Battery Storage|Lithium-ion,3023,Swallow Tail BESS,,STBESS ProjectCo Pty Ltd as trustee for the STBESS Project Trust,ampyrenergy_nr,NSW1,300,302301,STBS_GU1,Battery Storage,Lithium-ion,,,Scheduled,1,300,300,300,300,400,Publicly Announced,46935,2065,,46361,46167.71540509259,,,,,,,,,,,,,,,,,,,,,,,,,,,,,,,,,,,,,,,,,,,,,,,,,,,,,,,,,,,,,,,,,,,,,,,,,,,,,,,,,,,,,,,,,,,,,,,,,,,,,,,,,,,,,,,,,,,,,,,,,,,,,,,,,,,,,,,,,,,
119001|1190|Swanbank E GT|SWAN_E|Gas Turbine|CCGT,1190,Swanbank E GT,,CleanCo Queensland Limited,CLEANCO,QLD1,385,119001,Swanbank E GT,Gas Turbine,CCGT,Natural Gas,SWAN_E,Scheduled,1,,385,,385,,In Service,,2036,,46091,46108.44762731482,380,366,360,380,366,360,379,365,359,379,365,359,378,364,358,377,363,357,376,362,356,375,361,355,374,360,354,372,359,353,,,,,,,,,,,,,,,,,,,,,,,,,,,,,,,,,,,,,,,,,,,,,,,,,,,,,,,,,,,,,,,,,,,,,,,,,,,,,,,,,,,,,,,,,,,,,,,,,,,,,,,,,,,,,
240701|2407|SBS_GU1|SWANBBF1|Battery Storage|Lithium-ion,2407,Swanbank F Station,Q00065,CleanCo QLD Limited,CLEANCO,QLD1,250,240701,SBS_GU1,Battery Storage,Lithium-ion,,SWANBBF1,Scheduled,138,,1.93,,266.34,531.3,In Service,46115,2045,,46091,46108.64444444444,250,250,250,250,250,250,250,250,250,250,250,250,250,250,250,250,250,250,250,250,250,250,250,250,250,250,250,250,250,250,500,500,500,500,500,500,500,500,500,500,500,500,500,500,500,500,500,500,500,500,,,,,,,,,,,,,,,,,,,,,,,,,,,,,,,,,,,,,,,,,,,,,,,,,,,,,,,,,,,,,,,,,,,,,,,,,,,,,,,,,,,,,,,,,
129801|1298|Tableland Mill:2||Gas Turbine|Steam Turbine,1298,Tableland Mill,,MSF Sugar,msfsugar_NR,QLD1,24,129801,Tableland Mill:2,Gas Turbine,Steam Turbine,Other,,Non-scheduled,1,,24,,24,,In Service,,2040,,46091,46008.613391203704,,,,,,,,,,,,,,,,,,,,,,,,,,,,,,,,,,,,,,,,,,,,,,,,,,,,,,,,,,,,,,,,,,,,,,,,,,,,,,,,,,,,,,,,,,,,,,,,,,,,,,,,,,,,,,,,,,,,,,,,,,,,,,,,,,,,,,,,,,,
247901|2479|TL_SF||Solar PV|Single Axis Tracking,2479,Tabulam Solar Farm and BESS,N00117,Elgin Energy Pty Ltd,glas-service_nr,NSW1,100,247901,TL_SF,Solar PV,Single Axis Tracking,,,Semi-scheduled,1,,100,,100,,Publicly Announced,47300,2070,,46091,46113.7108912037,,,,,,,,,,,,,,,,,,,,,,,,,,,,,,,,,,,,,,,,,,,,,,,,,,,,,,,,,,,,,,,,,,,,,,,,,,,,,,,,,,,,,,,,,,,,,,,,,,,,,,,,,,,,,,,,,,,,,,,,,,,,,,,,,,,,,,,,,,,
247902|2479|TL_BESS||Battery Storage|Lithium-ion,2479,Tabulam Solar Farm and BESS,N00117,Elgin Energy Pty Ltd,glas-service_nr,NSW1,100,247902,TL_BESS,Battery Storage,Lithium-ion,,,Scheduled,1,,100,,100,200,Publicly Announced,47300,2070,,46091,46113.7108912037,,,,,,,,,,,,,,,,,,,,,,,,,,,,,,,,,,,,,,,,,,,,,,,,,,,,,,,,,,,,,,,,,,,,,,,,,,,,,,,,,,,,,,,,,,,,,,,,,,,,,,,,,,,,,,,,,,,,,,,,,,,,,,,,,,,,,,,,,,,
136101|1361|Tahmoor:1-7|TAHMOOR1|Other|Other,1361,Tahmoor,,EDL TT Pty Ltd,EDLTT,NSW1,7,136101,Tahmoor:1-7,Other,Other,Landfill Gas,TAHMOOR1,Non-scheduled,7,,1.07,,7.49,,In Service,,2035,,46091,46108.66326388889,,,,,,,,,,,,,,,,,,,,,,,,,,,,,,,,,,,,,,,,,,,,,,,,,,,,,,,,,,,,,,,,,,,,,,,,,,,,,,,,,,,,,,,,,,,,,,,,,,,,,,,,,,,,,,,,,,,,,,,,,,,,,,,,,,,,,,,,,,,
291201|2912|TBBS_GU1||Battery Storage|Lithium-ion,2912,Talbingo BESS,N00217,TagEnergy Australia Pty Ltd,tagenergy_nr,NSW1,400,291201,TBBS_GU1,Battery Storage,Lithium-ion,,,Scheduled,125,4.5,3.6,562.5,450,1798.75,Publicly Announced,47480,2060,,46091,46160.4640162037,,,,,,,,,,,,,,,,,,,,,,,,,,,,,,,,,,,,,,,,,,,,,,,,,,,,,,,,,,,,,,,,,,,,,,,,,,,,,,,,,,,,,,,,,,,,,,,,,,,,,,,,,,,,,,,,,,,,,,,,,,,,,,,,,,,,,,,,,,,
316001|3160|TTBS_GU1||Battery Storage|Lithium-ion,3160,Tall Tree BESS,,Acciona Energy,acciona_NR,VIC1,200,316001,TTBS_GU1,Battery Storage,Lithium-ion,,,Scheduled,1,,200,,200,800,Publicly Announced,48197,2055,,46091,46174.56842592593,,,,,,,,,,,,,,,,,,,,,,,,,,,,,,,,,,,,,,,,,,,,,,,,,,,,,,,,,,,,,,,,,,,,,,,,,,,,,,,,,,,,,,,,,,,,,,,,,,,,,,,,,,,,,,,,,,,,,,,,,,,,,,,,,,,,,,,,,,,
236502|2365|TTWF_GU1||Wind|Onshore,2365,Tall Tree Wind Farm,V00020, Acciona Energy Global Australia,acciona_NR,VIC1,400,236502,TTWF_GU1,Wind,Onshore,,,Semi-scheduled,60,,5.7,,342,,Publicly Announced,47483,2054,,46091,46100.55428240741,,,,,,,,,,,,,,,,,,,,,,,,,,,,,,,,,,,,,,,,,,,,,,,,,,,,,,,,,,,,,,,,,,,,,,,,,,,,,,,,,,,,,,,,,,,,,,,,,,,,,,,,,,,,,,,,,,,,,,,,,,,,,,,,,,,,,,,,,,,
280001|2800|TWBS_GU1||Battery Storage|Lithium-ion,2800,Tallawang Solar And BESS,,Potentia Energy HoldCo Pty Ptd,enel_NR,NSW1,500,280001,TWBS_GU1,Battery Storage,Lithium-ion,,,Scheduled,160,4.2,4.2,672,672,1000,Publicly Announced,47498,2055,,46361,46167.65415509259,,,,,,,,,,,,,,,,,,,,,,,,,,,,,,,,,,,,,,,,,,,,,,,,,,,,,,,,,,,,,,,,,,,,,,,,,,,,,,,,,,,,,,,,,,,,,,,,,,,,,,,,,,,,,,,,,,,,,,,,,,,,,,,,,,,,,,,,,,,
280002|2800|TWSF_GU1||Solar PV|Fixed,2800,Tallawang Solar And BESS,,Potentia Energy HoldCo Pty Ptd,enel_NR,NSW1,500,280002,TWSF_GU1,Solar PV,Fixed,,,Semi-scheduled,160,4.1,4.2,656,672,,Publicly Announced,47498,2055,,46361,46167.65415509259,,,,,,,,,,,,,,,,,,,,,,,,,,,,,,,,,,,,,,,,,,,,,,,,,,,,,,,,,,,,,,,,,,,,,,,,,,,,,,,,,,,,,,,,,,,,,,,,,,,,,,,,,,,,,,,,,,,,,,,,,,,,,,,,,,,,,,,,,,,
119201|1192|Tallawarra A Unit 1|TALWA1|Gas Turbine|CCGT,1192,Tallawarra,,EnergyAustralia Tallawarra Pty Ltd,EASTENGY,NSW1,440,119201,Tallawarra A Unit 1,Gas Turbine,CCGT,Natural Gas,TALWA1,Scheduled,1,,420,,420,,In Service,,2043,,46091,46105.71739583334,456,440,435,456,440,435,456,440,435,456,440,435,456,440,435,456,440,435,456,440,435,456,440,435,456,440,435,456,440,435,,,,,,,,,,,,,,,,,,,,,,,,,,,,,,,,,,,,,,,,,,,,,,,,,,,,,,,,,,,,,,,,,,,,,,,,,,,,,,,,,,,,,,,,,,,,,,,,,,,,,,,,,,,,,
119301|1193|Tallawarra B Unit 1|TALWB1|Gas Turbine|OCGT,1193,Tallawarra B,,EnergyAustralia Tallawarra Pty Ltd ,EASTENGY,NSW1,320,119301,Tallawarra B Unit 1,Gas Turbine,OCGT,Natural Gas,TALWB1,Scheduled,1,,320,,320,,In Service,,2053,,46091,46105.71880787037,318,312,303,318,312,303,318,312,303,318,312,303,318,312,303,318,312,303,318,312,303,318,312,303,318,312,303,318,312,303,,,,,,,,,,,,,,,,,,,,,,,,,,,,,,,,,,,,,,,,,,,,,,,,,,,,,,,,,,,,,,,,,,,,,,,,,,,,,,,,,,,,,,,,,,,,,,,,,,,,,,,,,,,,,
251701|2517|Tamworth||Battery Storage|Lithium-ion,2517,Tamworth BESS Project 1 Pty Ltd,N00058,Tamworth BESS Project 1 Pty Ltd,valent-energy_nr,NSW1,100,251701,Tamworth,Battery Storage,Lithium-ion,,,Scheduled,1,1,100,1,100,100,Anticipated,47118,2049,,46361,46191.57922453704,0,0,0,0,0,0,0,100,100,100,100,100,100,100,100,100,100,100,100,100,100,100,100,100,100,100,100,100,100,100,0,0,0,0,0,200,200,200,200,200,200,200,200,200,200,200,200,200,200,200,,,,,,,,,,,,,,,,,,,,,,,,,,,,,,,,,,,,,,,,,,,,,,,,,,,,,,,,,,,,,,,,,,,,,,,,,,,,,,,,,,,,,,,,,
303601|3036|TBESS 2||Battery Storage|Lithium-ion,3036,Tamworth BESS Project 2 Pty Ltd,,valent-energy_nr,valent-energy_nr,NSW1,100,303601,TBESS 2,Battery Storage,Lithium-ion,,,Scheduled,1,1,100,1,100,200,Anticipated,47118,2047,,46361,46191.579675925925,0,0,0,0,100,0,0,100,100,100,100,100,100,100,100,100,100,100,100,100,100,100,100,100,100,100,100,100,100,100,0,0,0,0,0,200,200,200,200,200,200,200,200,200,200,200,200,200,200,200,,,,,,,,,,,,,,,,,,,,,,,,,,,,,,,,,,,,,,,,,,,,,,,,,,,,,,,,,,,,,,,,,,,,,,,,,,,,,,,,,,,,,,,,,
286601|2866|TWBS_GU1||Battery Storage|Lithium-ion,2866,Tamworth Energy Reserve - KCI,N00186,The Trustee for Equis Energy (Ausralia) Ngumi 4 Asset Trust,,NSW1,300,286601,TWBS_GU1,Battery Storage,Lithium-ion,,,Scheduled,135,,2.22,,299.7,,Publicly Announced,,,,46091,45578.77649305556,,,,,,,,,,,,,,,,,,,,,,,,,,,,,,,,,,,,,,,,,,,,,,,,,,,,,,,,,,,,,,,,,,,,,,,,,,,,,,,,,,,,,,,,,,,,,,,,,,,,,,,,,,,,,,,,,,,,,,,,,,,,,,,,,,,,,,,,,,,
230301|2303|TBS_GU1||Battery Storage|Lithium-ion,2303,Tangkam BESS - KCI,Q00054, Atria Energy Ltd,,QLD1,100,230301,TBS_GU1,Battery Storage,Lithium-ion,,,Scheduled,1,,100,,100,,Publicly Announced,,,,46091,44945.757893518516,,,,,,,,,,,,,,,,,,,,,,,,,,,,,,,,,,,,,,,,,,,,,,,,,,,,,,,,,,,,,,,,,,,,,,,,,,,,,,,,,,,,,,,,,,,,,,,,,,,,,,,,,,,,,,,,,,,,,,,,,,,,,,,,,,,,,,,,,,,
277901|2779|tarawf||Wind|Onshore,2779,Tara Wind Farm - KCI,Q00173,Tara Wind Farm Pty Ltd,,QLD1,1800,277901,tarawf,Wind,Onshore,,,Semi-scheduled,1,,1800,,1800,,Publicly Announced,,,,46091,45476.578738425924,,,,,,,,,,,,,,,,,,,,,,,,,,,,,,,,,,,,,,,,,,,,,,,,,,,,,,,,,,,,,,,,,,,,,,,,,,,,,,,,,,,,,,,,,,,,,,,,,,,,,,,,,,,,,,,,,,,,,,,,,,,,,,,,,,,,,,,,,,,
119601|1196|Taralga Wind Farm:1 - 21|TARALGA1|Wind|Onshore,1196,Taralga Wind Farm,,Energy Pacific Vic Pty Ltd,TARALGA,NSW1,106.8,119601,Taralga Wind Farm:1 - 21,Wind,Onshore,,TARALGA1,Semi-scheduled,21,,2,,42,,In Service,,2042,,46091,46163.56459490741,42,42,42,42,42,42,42,42,42,42,42,42,42,42,42,42,42,42,42,42,42,42,42,42,42,42,42,42,42,42,,,,,,,,,,,,,,,,,,,,,,,,,,,,,,,,,,,,,,,,,,,,,,,,,,,,,,,,,,,,,,,,,,,,,,,,,,,,,,,,,,,,,,,,,,,,,,,,,,,,,,,,,,,,,
119602|1196|Taralga Wind Farm:22 - 42|TARALGA1|Wind|Onshore,1196,Taralga Wind Farm,,Energy Pacific Vic Pty Ltd,TARALGA,NSW1,106.8,119602,Taralga Wind Farm:22 - 42,Wind,Onshore,,TARALGA1,Semi-scheduled,21,,1.8,,37.8,,In Service,,2042,,46091,46163.56459490741,37.8,37.8,37.8,37.8,37.8,37.8,37.8,37.8,37.8,37.8,37.8,37.8,37.8,37.8,37.8,37.8,37.8,37.8,37.8,37.8,37.8,37.8,37.8,37.8,37.8,37.8,37.8,37.8,37.8,37.8,,,,,,,,,,,,,,,,,,,,,,,,,,,,,,,,,,,,,,,,,,,,,,,,,,,,,,,,,,,,,,,,,,,,,,,,,,,,,,,,,,,,,,,,,,,,,,,,,,,,,,,,,,,,,
119603|1196|Taralga Wind Farm:43 - 51|TARALGA1|Wind|Onshore,1196,Taralga Wind Farm,,Energy Pacific Vic Pty Ltd,TARALGA,NSW1,106.8,119603,Taralga Wind Farm:43 - 51,Wind,Onshore,,TARALGA1,Semi-scheduled,9,,3,,27,,In Service,,2042,,46091,46163.56459490741,27,27,27,27,27,27,27,27,27,27,27,27,27,27,27,27,27,27,27,27,27,27,27,27,27,27,27,27,27,27,,,,,,,,,,,,,,,,,,,,,,,,,,,,,,,,,,,,,,,,,,,,,,,,,,,,,,,,,,,,,,,,,,,,,,,,,,,,,,,,,,,,,,,,,,,,,,,,,,,,,,,,,,,,,
119701|1197|Tarong:1|TARONG#1|Coal|Black Coal,1197,Tarong,,Stanwell Corporation Limited,STANWELL,QLD1,1400,119701,Tarong:1,Coal,Black Coal,,TARONG#1,Scheduled,1,,350,,350,,In Service,,2036,,46091,46013.44924768519,350,350,350,350,350,350,350,350,350,350,350,350,350,350,350,350,350,350,350,350,350,350,350,350,350,350,350,,,,,,,,,,,,,,,,,,,,,,,,,,,,,,,,,,,,,,,,,,,,,,,,,,,,,,,,,,,,,,,,,,,,,,,,,,,,,,,,,,,,,,,,,,,,,,,,,,,,,,,,,,,,,,,,
119702|1197|Tarong:2|TARONG#2|Coal|Black Coal,1197,Tarong,,Stanwell Corporation Limited,STANWELL,QLD1,1400,119702,Tarong:2,Coal,Black Coal,,TARONG#2,Scheduled,1,,350,,350,,In Service,,2036,,46091,46013.44924768519,350,350,350,350,350,350,350,350,350,350,350,350,350,350,350,350,350,350,350,350,350,350,350,350,350,350,350,,,,,,,,,,,,,,,,,,,,,,,,,,,,,,,,,,,,,,,,,,,,,,,,,,,,,,,,,,,,,,,,,,,,,,,,,,,,,,,,,,,,,,,,,,,,,,,,,,,,,,,,,,,,,,,,
119703|1197|Tarong:3|TARONG#3|Coal|Black Coal,1197,Tarong,,Stanwell Corporation Limited,STANWELL,QLD1,1400,119703,Tarong:3,Coal,Black Coal,,TARONG#3,Scheduled,1,,350,,350,,In Service,,2037,,46091,46013.44924768519,350,350,350,350,350,350,350,350,350,350,350,350,350,350,350,350,350,350,350,350,350,350,350,350,350,350,350,,,,,,,,,,,,,,,,,,,,,,,,,,,,,,,,,,,,,,,,,,,,,,,,,,,,,,,,,,,,,,,,,,,,,,,,,,,,,,,,,,,,,,,,,,,,,,,,,,,,,,,,,,,,,,,,
119704|1197|Tarong:4|TARONG#4|Coal|Black Coal,1197,Tarong,,Stanwell Corporation Limited,STANWELL,QLD1,1400,119704,Tarong:4,Coal,Black Coal,,TARONG#4,Scheduled,1,,350,,350,,In Service,,2037,,46091,46013.44924768519,350,350,350,350,350,350,350,350,350,350,350,350,350,350,350,350,350,350,350,350,350,350,350,350,350,350,350,,,,,,,,,,,,,,,,,,,,,,,,,,,,,,,,,,,,,,,,,,,,,,,,,,,,,,,,,,,,,,,,,,,,,,,,,,,,,,,,,,,,,,,,,,,,,,,,,,,,,,,,,,,,,,,,
243402|2434|TARBESS1|TARBESS1|Battery Storage|Lithium-ion,2434,Tarong BESS,Q00081,Stanwell Corporation Limited,STANWELL,QLD1,300,243402,TARBESS1,Battery Storage,Lithium-ion,,TARBESS1,Scheduled,1,300,300,300,300,600,In Service,,2045,,46091,46119.352372685185,300,300,300,300,300,300,300,300,300,300,300,300,300,300,300,300,300,300,300,300,300,300,300,300,300,300,300,300,300,300,,,,,,,,,,,,,,,,,,,,,,,,,,,,,,,,,,,,,,,,,,,,,,,,,,,,,,,,,,,,,,,,,,,,,,,,,,,,,,,,,,,,,,,,,,,,,,,,,,,,,,,,,,,,,
119901|1199|Tarong North:1|TNPS1|Coal|Black Coal,1199,Tarong North,,Stanwell Corporation Limited,STANWELL,QLD1,443,119901,Tarong North:1,Coal,Black Coal,,TNPS1,Scheduled,1,,450,,450,,In Service,,2037,,46091,46013.435428240744,443,443,443,443,443,443,443,443,443,443,443,443,443,443,443,443,443,443,443,443,443,443,443,443,443,443,443,,,,,,,,,,,,,,,,,,,,,,,,,,,,,,,,,,,,,,,,,,,,,,,,,,,,,,,,,,,,,,,,,,,,,,,,,,,,,,,,,,,,,,,,,,,,,,,,,,,,,,,,,,,,,,,,
225201|2252|IRONLFWF||Wind|Onshore,2252,Tarong West Wind Farm (Ironleaf),Q00080,Tarong West Project Co Pty Ltd as trustee for the Tarong West Project Trust ,res-group_NR,QLD1,436.5,225201,IRONLFWF,Wind,Onshore,,,Semi-scheduled,97,4.5,4.5,436.5,436.5,,Anticipated,47727,2060,,46361,46167.73638888889,0,0,0,0,0,0,0,0,0,0,0,0,436.5,436.5,436.5,436.5,436.5,436.5,436.5,436.5,436.5,436.5,436.5,436.5,436.5,436.5,436.5,436.5,436.5,436.5,,,,,,,,,,,,,,,,,,,,,,,,,,,,,,,,,,,,,,,,,,,,,,,,,,,,,,,,,,,,,,,,,,,,,,,,,,,,,,,,,,,,,,,,,,,,,,,,,,,,,,,,,,,,,
239401|2394|TBS_GU1||Battery Storage|Lithium-ion,2394,Tarrone BESS - Storage - KCI,V00088,Global Power Generation Australia Pty Ltd,globalpower-generation_NR,VIC1,200,239401,TBS_GU1,Battery Storage,Lithium-ion,,,Scheduled,1,240,200,240,200,400,Publicly Announced,46935,2048,,46361,46099.557905092595,,,,,,,,,,,,,,,,,,,,,,,,,,,,,,,,,,,,,,,,,,,,,,,,,,,,,,,,,,,,,,,,,,,,,,,,,,,,,,,,,,,,,,,,,,,,,,,,,,,,,,,,,,,,,,,,,,,,,,,,,,,,,,,,,,,,,,,,,,,
120101|1201|Tarrone GT:1-2||Gas Turbine|OCGT,1201,Tarrone GT,,AGL Energy Limited,SOUTHHYD,VIC1,1000,120101,Tarrone GT:1-2,Gas Turbine,OCGT,Natural Gas,,Scheduled,1,,600,,600,,Publicly Announced,,,,46091,46105.41133101852,,,,,,,,,,,,,,,,,,,,,,,,,,,,,,,,,,,,,,,,,,,,,,,,,,,,,,,,,,,,,,,,,,,,,,,,,,,,,,,,,,,,,,,,,,,,,,,,,,,,,,,,,,,,,,,,,,,,,,,,,,,,,,,,,,,,,,,,,,,
131301|1313|Tatura Biomass Generator|TATURA01|Gas Turbine|Other,1313,Tatura Biomass Generator,,Diamond Energy Pty Ltd,DIAMOND,VIC1,1.06,131301,Tatura Biomass Generator,Gas Turbine,Other,Biofuel/Biomass,TATURA01,Non-scheduled,1,,1.1,,1.1,,In Service,,2038,,46091,46114.388506944444,,,,,,,,,,,,,,,,,,,,,,,,,,,,,,,,,,,,,,,,,,,,,,,,,,,,,,,,,,,,,,,,,,,,,,,,,,,,,,,,,,,,,,,,,,,,,,,,,,,,,,,,,,,,,,,,,,,,,,,,,,,,,,,,,,,,,,,,,,,
292001|2920|TCHELER_||Battery Storage|Lithium-ion,2920,Tchelery BESS,,Neoen Australia Pty Ltd,neoen_NR,NSW1,300,292001,TCHELER_,Battery Storage,Lithium-ion,,,Scheduled,1,,300,,300,1200,Publicly Announced,,,,46091,45830.76274305556,,,,,,,,,,,,,,,,,,,,,,,,,,,,,,,,,,,,,,,,,,,,,,,,,,,,,,,,,,,,,,,,,,,,,,,,,,,,,,,,,,,,,,,,,,,,,,,,,,,,,,,,,,,,,,,,,,,,,,,,,,,,,,,,,,,,,,,,,,,
271901|2719|TLSF||Wind|Onshore,2719,Tchelery Wind Farm and BESS,N00159,Neoen Australia Pty Ltd,neoen_NR,NSW1,400,271901,TLSF,Wind,Onshore,,,Semi-scheduled,56,7.2,7.2,403.2,403.2,,Publicly Announced,47664,2065,,46091,46014.518842592595,,,,,,,,,,,,,,,,,,,,,,,,,,,,,,,,,,,,,,,,,,,,,,,,,,,,,,,,,,,,,,,,,,,,,,,,,,,,,,,,,,,,,,,,,,,,,,,,,,,,,,,,,,,,,,,,,,,,,,,,,,,,,,,,,,,,,,,,,,,
271902|2719|TLBESS||Battery Storage|Lithium-ion,2719,Tchelery Wind Farm and BESS,N00159,Neoen Australia Pty Ltd,neoen_NR,NSW1,400,271902,TLBESS,Battery Storage,Lithium-ion,,,Scheduled,1,200,200,200,200,800,Publicly Announced,47330,2055,,46091,46014.518842592595,,,,,,,,,,,,,,,,,,,,,,,,,,,,,,,,,,,,,,,,,,,,,,,,,,,,,,,,,,,,,,,,,,,,,,,,,,,,,,,,,,,,,,,,,,,,,,,,,,,,,,,,,,,,,,,,,,,,,,,,,,,,,,,,,,,,,,,,,,,
273101|2731|TCBS_GU1||Battery Storage|Lithium-ion,2731,Teebar Creek Battery Storage - KCI,Q00156,ATMOS DEVELOPMENTS PTY LTD,atmos_nr,QLD1,400,273101,TCBS_GU1,Battery Storage,Lithium-ion,,,Scheduled,136,2.94,2.94,399.84,399.84,1599.36,Anticipated,46996,2053,,46361,46184.706192129626,0,0,0,0,0,0,200,400,400,400,400,400,400,400,400,400,400,400,400,400,400,400,400,400,400,400,400,400,400,400,0,0,0,0,800,1600,1600,1600,1600,1600,1600,1600,1600,1600,1600,1600,1600,1600,1600,1600,,,,,,,,,,,,,,,,,,,,,,,,,,,,,,,,,,,,,,,,,,,,,,,,,,,,,,,,,,,,,,,,,,,,,,,,,,,,,,,,,,,,,,,,,
308101|3081|TMBS_GU1||Battery Storage|Lithium-ion,3081,Temora BESS,,North Harbour Clean Energy P/L,northharbour_nr,NSW1,80,308101,TMBS_GU1,Battery Storage,Lithium-ion,,,Scheduled,1,,80,,80,320,Publicly Announced,,,,46091,46101.84877314815,,,,,,,,,,,,,,,,,,,,,,,,,,,,,,,,,,,,,,,,,,,,,,,,,,,,,,,,,,,,,,,,,,,,,,,,,,,,,,,,,,,,,,,,,,,,,,,,,,,,,,,,,,,,,,,,,,,,,,,,,,,,,,,,,,,,,,,,,,,
216801|2168|TBS_GU1|TRGBESS1|Battery Storage|Lithium-ion,2168,Terang BESS,,Terrang BESS Asset Co Pty Ltd (ACN 651 342 120) in its capacity as The Trustee for Terrang BESS Asset Trust (ABN 37408848819),frv_NR,VIC1,100,216801,TBS_GU1,Battery Storage,Lithium-ion,,TRGBESS1,Scheduled,38,3.8,3.8,144.4,144.4,199.88,In Commissioning,46203,2056,,46091,46150.681435185186,100,100,100,100,100,100,100,100,100,100,100,100,100,100,100,100,100,100,100,100,100,100,100,100,100,100,100,100,100,100,200,200,200,200,200,200,200,200,200,200,200,200,200,200,200,200,200,200,200,200,,,,,,,,,,,,,,,,,,,,,,,,,,,,,,,,,,,,,,,,,,,,,,,,,,,,,,,,,,,,,,,,,,,,,,,,,,,,,,,,,,,,,,,,,
221501|2215|TBESS_G1||Battery Storage|Lithium-ion,2215,Territory Battery,N00086, Neoen Australia Pty Ltd,neoen_NR,NSW1,200,221501,TBESS_G1,Battery Storage,Lithium-ion,,,Scheduled,1,200,200,200,200,800,Publicly Announced,,2055,,46091,46014.484305555554,,,,,,,,,,,,,,,,,,,,,,,,,,,,,,,,,,,,,,,,,,,,,,,,,,,,,,,,,,,,,,,,,,,,,,,,,,,,,,,,,,,,,,,,,,,,,,,,,,,,,,,,,,,,,,,,,,,,,,,,,,,,,,,,,,,,,,,,,,,
304701|3047|THBS_GU1||Battery Storage|Lithium-ion,3047,Texas BESS,N00234,FRV,frv_NR,NSW1,400,304701,THBS_GU1,Battery Storage,Lithium-ion,,,Scheduled,125,,4.2,,525,2100,Publicly Announced,47938,2060,,46091,46014.60611111111,,,,,,,,,,,,,,,,,,,,,,,,,,,,,,,,,,,,,,,,,,,,,,,,,,,,,,,,,,,,,,,,,,,,,,,,,,,,,,,,,,,,,,,,,,,,,,,,,,,,,,,,,,,,,,,,,,,,,,,,,,,,,,,,,,,,,,,,,,,
304702|3047|Texas Hybrid - Solar||Solar PV|Single Axis Tracking,3047,Texas BESS,N00234,FRV,frv_NR,NSW1,400,304702,Texas Hybrid - Solar,Solar PV,Single Axis Tracking,,,Semi-scheduled,42,,42,,1764,,Publicly Announced,47938,2060,,46091,46014.60611111111,,,,,,,,,,,,,,,,,,,,,,,,,,,,,,,,,,,,,,,,,,,,,,,,,,,,,,,,,,,,,,,,,,,,,,,,,,,,,,,,,,,,,,,,,,,,,,,,,,,,,,,,,,,,,,,,,,,,,,,,,,,,,,,,,,,,,,,,,,,
304601|3046|THSF_GU1||Solar PV|Fixed,3046,Texas Solar Farm,N00234,FRV,frv_NR,NSW1,150,304601,THSF_GU1,Solar PV,Fixed,,,Semi-scheduled,1,,150,,150,,Publicly Announced,,,,46091,46014.60503472222,,,,,,,,,,,,,,,,,,,,,,,,,,,,,,,,,,,,,,,,,,,,,,,,,,,,,,,,,,,,,,,,,,,,,,,,,,,,,,,,,,,,,,,,,,,,,,,,,,,,,,,,,,,,,,,,,,,,,,,,,,,,,,,,,,,,,,,,,,,
300601|3006|TBBS_GU1||Battery Storage|Lithium-ion,3006,The Block BESS,Q00201,Samsung C&amp;amp;amp;amp;amp;T Renewable Energy Australia Pty Ltd,samsung_NR,QLD1,200,300601,TBBS_GU1,Battery Storage,Lithium-ion,,,Scheduled,192,1.21,1.21,232.32,232.32,885.12,Publicly Announced,47100,2048,,46091,46161.57140046296,,,,,,,,,,,,,,,,,,,,,,,,,,,,,,,,,,,,,,,,,,,,,,,,,,,,,,,,,,,,,,,,,,,,,,,,,,,,,,,,,,,,,,,,,,,,,,,,,,,,,,,,,,,,,,,,,,,,,,,,,,,,,,,,,,,,,,,,,,,
273201|2732|TCBS_GU1||Battery Storage|Lithium-ion,2732,The Central BESS - KCI,Q00157,ACEnergy Pty Ltd,acenergy_NR,QLD1,500,273201,TCBS_GU1,Battery Storage,Lithium-ion,,,Scheduled,180,3.62,3.62,651.6,651.6,2606.4,Publicly Announced,47270,2049,,46361,46176.66510416667,,,,,,,,,,,,,,,,,,,,,,,,,,,,,,,,,,,,,,,,,,,,,,,,,,,,,,,,,,,,,,,,,,,,,,,,,,,,,,,,,,,,,,,,,,,,,,,,,,,,,,,,,,,,,,,,,,,,,,,,,,,,,,,,,,,,,,,,,,,
120501|1205|The Drop:station|THEDROP1|Hydro|Run of River,1205,The Drop,,Pacific Hydro Investments Pty Ltd,pacificblue_nr,NSW1,2.5,120501,The Drop:station,Hydro,Run of River,,THEDROP1,Non-scheduled,1,,2.5,,2.5,,In Service,,2053,,46091,46161.558125,,,,,,,,,,,,,,,,,,,,,,,,,,,,,,,,,,,,,,,,,,,,,,,,,,,,,,,,,,,,,,,,,,,,,,,,,,,,,,,,,,,,,,,,,,,,,,,,,,,,,,,,,,,,,,,,,,,,,,,,,,,,,,,,,,,,,,,,,,,
301503|3015|TPWind||Wind|Onshore,3015,The Plains,,Engie,engie_NR,NSW1,2030,301503,TPWind,Wind,Onshore,,,Semi-scheduled,180,6.8,6.8,1224,1224,,Publicly Announced,,2065,,46091,46097.36818287037,,,,,,,,,,,,,,,,,,,,,,,,,,,,,,,,,,,,,,,,,,,,,,,,,,,,,,,,,,,,,,,,,,,,,,,,,,,,,,,,,,,,,,,,,,,,,,,,,,,,,,,,,,,,,,,,,,,,,,,,,,,,,,,,,,,,,,,,,,,
302401|3024|TDBS_GU1||Battery Storage|Lithium-ion,3024,Theodore BESS,Q00202,RWE,rwe_NR,QLD1,240,302401,TDBS_GU1,Battery Storage,Lithium-ion,,,Scheduled,236,,1.5,,354,1416,Publicly Announced,47116,2049,,46361,46160.86788194445,,,,,,,,,,,,,,,,,,,,,,,,,,,,,,,,,,,,,,,,,,,,,,,,,,,,,,,,,,,,,,,,,,,,,,,,,,,,,,,,,,,,,,,,,,,,,,,,,,,,,,,,,,,,,,,,,,,,,,,,,,,,,,,,,,,,,,,,,,,
170402|1704|Theodore Solar Farm:1||Solar PV|Single Axis Tracking,1704,Theodore Solar Farm,,Theodore SF Pty Ltd as trustee for Theodore SF Trust  ,octopusinvestments_NR,QLD1,70,170402,Theodore Solar Farm:1,Solar PV,Single Axis Tracking,,,Semi-scheduled,28,3,2.5,84,70,,Publicly Announced,47470,2059,,46361,46164.45719907407,,,,,,,,,,,,,,,,,,,,,,,,,,,,,,,,,,,,,,,,,,,,,,,,,,,,,,,,,,,,,,,,,,,,,,,,,,,,,,,,,,,,,,,,,,,,,,,,,,,,,,,,,,,,,,,,,,,,,,,,,,,,,,,,,,,,,,,,,,,
260301|2603|THWF_POC1||Wind|Onshore,2603,Theodore Wind Farm,Q00128,RWE Renewables Australia,rwe_NR,QLD1,1054,260301,THWF_POC1,Wind,Onshore,,,Semi-scheduled,66,6.2,6.2,409.2,409.2,,Publicly Announced,47118,2064,,46361,46160.8855787037,,,,,,,,,,,,,,,,,,,,,,,,,,,,,,,,,,,,,,,,,,,,,,,,,,,,,,,,,,,,,,,,,,,,,,,,,,,,,,,,,,,,,,,,,,,,,,,,,,,,,,,,,,,,,,,,,,,,,,,,,,,,,,,,,,,,,,,,,,,
260302|2603|THWF_POC2||Wind|Onshore,2603,Theodore Wind Farm,Q00128,RWE Renewables Australia,rwe_NR,QLD1,1054,260302,THWF_POC2,Wind,Onshore,,,Semi-scheduled,104,,6.2,,644.8,,Publicly Announced,47116,2064,,46361,46160.8855787037,,,,,,,,,,,,,,,,,,,,,,,,,,,,,,,,,,,,,,,,,,,,,,,,,,,,,,,,,,,,,,,,,,,,,,,,,,,,,,,,,,,,,,,,,,,,,,,,,,,,,,,,,,,,,,,,,,,,,,,,,,,,,,,,,,,,,,,,,,,
235001|2350|TBS_GU1||Battery Storage|Lithium-ion,2350,Thomastown BESS,V00078,Ausnet Transmission Group Pty Ltd,mondo_NR,VIC1,300,235001,TBS_GU1,Battery Storage,Lithium-ion,,,Scheduled,1,300,300,300,300,600,Publicly Announced,46843,2058,,46361,46169.62631944445,,,,,,,,,,,,,,,,,,,,,,,,,,,,,,,,,,,,,,,,,,,,,,,,,,,,,,,,,,,,,,,,,,,,,,,,,,,,,,,,,,,,,,,,,,,,,,,,,,,,,,,,,,,,,,,,,,,,,,,,,,,,,,,,,,,,,,,,,,,
301001|3010|TRBS_GU1||Battery Storage|Lithium-ion,3010,Three Rivers BESS,Q00115,Iberdrola Australia Development Pty Ltd.,iberdrola_NR,QLD1,1200,301001,TRBS_GU1,Battery Storage,Lithium-ion,,,Scheduled,1,,500,,500,1000,Publicly Announced,,,,46091,46013.667395833334,,,,,,,,,,,,,,,,,,,,,,,,,,,,,,,,,,,,,,,,,,,,,,,,,,,,,,,,,,,,,,,,,,,,,,,,,,,,,,,,,,,,,,,,,,,,,,,,,,,,,,,,,,,,,,,,,,,,,,,,,,,,,,,,,,,,,,,,,,,
300901|3009|TRSF_GU1||Solar PV|Fixed,3009,Three Rivers Solar Farm,Q00115,Iberdrola Australia Development Pty Ltd.,iberdrola_NR,QLD1,1200,300901,TRSF_GU1,Solar PV,Fixed,,,Semi-scheduled,1,,700,,700,,Publicly Announced,,,,46091,46013.66715277778,,,,,,,,,,,,,,,,,,,,,,,,,,,,,,,,,,,,,,,,,,,,,,,,,,,,,,,,,,,,,,,,,,,,,,,,,,,,,,,,,,,,,,,,,,,,,,,,,,,,,,,,,,,,,,,,,,,,,,,,,,,,,,,,,,,,,,,,,,,
220101|2201|TBWF||Wind|Onshore,2201,Thunderbolt Wind Farm,N00066, Neoen Australia Pty Ltd,neoen_NR,NSW1,210,220101,TBWF,Wind,Onshore,,,Semi-scheduled,28,7.5,7.5,210,210,,Publicly Announced,48029,2065,,46361,46169.68798611111,,,,,,,,,,,,,,,,,,,,,,,,,,,,,,,,,,,,,,,,,,,,,,,,,,,,,,,,,,,,,,,,,,,,,,,,,,,,,,,,,,,,,,,,,,,,,,,,,,,,,,,,,,,,,,,,,,,,,,,,,,,,,,,,,,,,,,,,,,,
132101|1321|GEA 4||Gas Turbine|Other,1321,Ti Tree Bioenergy,,Ti Tree Bioenergy,veolia_NR,QLD1,4.5,132101,GEA 4,Gas Turbine,Other,Landfill Gas,,Non-scheduled,1,,1.2,,1.2,,In Service,,2072,,46091,46092.37347222222,,,,,,,,,,,,,,,,,,,,,,,,,,,,,,,,,,,,,,,,,,,,,,,,,,,,,,,,,,,,,,,,,,,,,,,,,,,,,,,,,,,,,,,,,,,,,,,,,,,,,,,,,,,,,,,,,,,,,,,,,,,,,,,,,,,,,,,,,,,
132102|1321|Ti Tree Bioenergy:1-3|TITREE|Gas Turbine|Other,1321,Ti Tree Bioenergy,,Ti Tree Bioenergy,veolia_NR,QLD1,4.5,132102,Ti Tree Bioenergy:1-3,Gas Turbine,Other,Landfill Gas,TITREE,Non-scheduled,3,,1.1,,3.3,,In Service,,2072,,46091,46092.37347222222,,,,,,,,,,,,,,,,,,,,,,,,,,,,,,,,,,,,,,,,,,,,,,,,,,,,,,,,,,,,,,,,,,,,,,,,,,,,,,,,,,,,,,,,,,,,,,,,,,,,,,,,,,,,,,,,,,,,,,,,,,,,,,,,,,,,,,,,,,,
267501|2675|TRBS_GU1||Battery Storage|Lithium-ion,2675,Ticoba BESS,Q00142,European Energy Australia P/L,europeanenergy_nr,QLD1,400,267501,TRBS_GU1,Battery Storage,Lithium-ion,,,Scheduled,1,,400,,400,400,Publicly Announced,,,,46091,46104.41234953704,,,,,,,,,,,,,,,,,,,,,,,,,,,,,,,,,,,,,,,,,,,,,,,,,,,,,,,,,,,,,,,,,,,,,,,,,,,,,,,,,,,,,,,,,,,,,,,,,,,,,,,,,,,,,,,,,,,,,,,,,,,,,,,,,,,,,,,,,,,
267401|2674|TESF_GU1||Solar PV|Fixed,2674,Ticoba Solar Farm,Q00142,European Energy Australia P/L,europeanenergy_nr,QLD1,400,267401,TESF_GU1,Solar PV,Fixed,,,Semi-scheduled,1,,400,,400,,Publicly Announced,,,,46091,46104.413356481484,,,,,,,,,,,,,,,,,,,,,,,,,,,,,,,,,,,,,,,,,,,,,,,,,,,,,,,,,,,,,,,,,,,,,,,,,,,,,,,,,,,,,,,,,,,,,,,,,,,,,,,,,,,,,,,,,,,,,,,,,,,,,,,,,,,,,,,,,,,
153905|1539|TieriBES||Battery Storage|Lithium-ion,1539,Tieri BESS,Q00129,FRV Service Australia Pty Ltd,frv_NR,QLD1,100,153905,TieriBES,Battery Storage,Lithium-ion,,,Scheduled,36,3.8,3.8,136.8,136.8,547.2,Publicly Announced,47483,2059,,46091,46014.582407407404,,,,,,,,,,,,,,,,,,,,,,,,,,,,,,,,,,,,,,,,,,,,,,,,,,,,,,,,,,,,,,,,,,,,,,,,,,,,,,,,,,,,,,,,,,,,,,,,,,,,,,,,,,,,,,,,,,,,,,,,,,,,,,,,,,,,,,,,,,,
168301|1683|Tilbust||Solar PV|Fixed,1683,Tilbuster Solar Farm,N00015,EP Sunspot 5,ingka_nr,NSW1,200,168301,Tilbust,Solar PV,Fixed,,,Semi-scheduled,152,1.8,1.64,273.6,249.28,,Anticipated,47118,2058,,46361,46166.90857638889,0,0,0,0,0,0,0,200.64,200.64,200.64,200.64,200.64,200.64,200.64,200.64,200.64,200.64,200.64,200.64,200.64,200.64,200.64,200.64,200.64,200.64,200.64,200.64,200.64,200.64,200.64,,,,,,,,,,,,,,,,,,,,,,,,,,,,,,,,,,,,,,,,,,,,,,,,,,,,,,,,,,,,,,,,,,,,,,,,,,,,,,,,,,,,,,,,,,,,,,,,,,,,,,,,,,,,,
149401|1494|Timboon West Wind Farm:2|TIMWEST|Wind|Onshore,1494,Timboon West Wind Farm,,Timboon West Wind Farm Pty Ltd,epic_NR,VIC1,7.2,149401,Timboon West Wind Farm:2,Wind,Onshore,,TIMWEST,Non-scheduled,2,,3.6,,7.2,,In Service,,2048,,46091,46100.675844907404,,,,,,,,,,,,,,,,,,,,,,,,,,,,,,,,,,,,,,,,,,,,,,,,,,,,,,,,,,,,,,,,,,,,,,,,,,,,,,,,,,,,,,,,,,,,,,,,,,,,,,,,,,,,,,,,,,,,,,,,,,,,,,,,,,,,,,,,,,,
300501|3005|Tirranna||Battery Storage|Lithium-ion,3005,Tirranna BESS - KCI,,StorEnergy 2 Pty Ltd,storenergy_nr,NSW1,400,300501,Tirranna,Battery Storage,Lithium-ion,,,Scheduled,1,,400,,400,400,Publicly Announced,47422,2055,,46091,46112.61798611111,,,,,,,,,,,,,,,,,,,,,,,,,,,,,,,,,,,,,,,,,,,,,,,,,,,,,,,,,,,,,,,,,,,,,,,,,,,,,,,,,,,,,,,,,,,,,,,,,,,,,,,,,,,,,,,,,,,,,,,,,,,,,,,,,,,,,,,,,,,
246301|2463|TOMAGO BESS||Battery Storage|Lithium-ion,2463,Tomago BESS,N00109,AGL,MACQGEN,NSW1,500,246301,TOMAGO BESS,Battery Storage,Lithium-ion,,,Scheduled,172,2.91,2.91,500.52,500.52,2000.36,Anticipated,46691,2047,,46361,46163.48847222222,0,0,0,0,500,500,500,500,500,500,500,500,500,500,500,500,500,500,500,500,500,500,500,500,500,500,500,500,500,500,0,0,0,2000,2000,2000,2000,2000,2000,2000,2000,2000,2000,2000,2000,2000,2000,2000,2000,2000,,,,,,,,,,,,,,,,,,,,,,,,,,,,,,,,,,,,,,,,,,,,,,,,,,,,,,,,,,,,,,,,,,,,,,,,,,,,,,,,,,,,,,,,,
120801|1208|Toora:1-12|TOORAWF|Wind|Onshore,1208,Toora,,Ratch Australia,TOORAWF,VIC1,21,120801,Toora:1-12,Wind,Onshore,,TOORAWF,Non-scheduled,12,,1.75,,21,,In Service,,2032,,46091,46161.57461805556,,,,,,,,,,,,,,,,,,,,,,,,,,,,,,,,,,,,,,,,,,,,,,,,,,,,,,,,,,,,,,,,,,,,,,,,,,,,,,,,,,,,,,,,,,,,,,,,,,,,,,,,,,,,,,,,,,,,,,,,,,,,,,,,,,,,,,,,,,,
121101|1211|Tower:1-40|TOWER|Other|Other,1211,Tower,,EDL CSM NSW Pty Ltd,EDLGRPOP,NSW1,41,121101,Tower:1-40,Other,Other,Landfill Gas,TOWER,Non-scheduled,40,,1.03,,41.2,,In Service,,2036,,46091,46108.67502314815,,,,,,,,,,,,,,,,,,,,,,,,,,,,,,,,,,,,,,,,,,,,,,,,,,,,,,,,,,,,,,,,,,,,,,,,,,,,,,,,,,,,,,,,,,,,,,,,,,,,,,,,,,,,,,,,,,,,,,,,,,,,,,,,,,,,,,,,,,,
172401|1724|Yabulu|YABULU|Gas Turbine|OCGT,1724,Townsville Power Station - QPM,,RATCH-Australia,QPMENGY,QLD1,258,172401,Yabulu,Gas Turbine,OCGT,Natural Gas,YABULU,Scheduled,1,,160,,160,,In Service,,2046,,46091,46112.62814814815,165,155,150,165,155,150,165,155,150,165,155,150,165,155,150,165,155,150,165,155,150,165,155,150,165,155,150,165,155,150,,,,,,,,,,,,,,,,,,,,,,,,,,,,,,,,,,,,,,,,,,,,,,,,,,,,,,,,,,,,,,,,,,,,,,,,,,,,,,,,,,,,,,,,,,,,,,,,,,,,,,,,,,,,,
172402|1724|Yabulu2|YABULU2|Gas Turbine|CCGT,1724,Townsville Power Station - QPM,,RATCH-Australia,QPMENGY,QLD1,258,172402,Yabulu2,Gas Turbine,CCGT,Natural Gas,YABULU2,Scheduled,1,,84,,84,,In Service,,2046,,46091,46112.62814814815,81,77,77,81,77,77,81,77,77,81,77,77,81,77,77,81,77,77,81,77,77,81,77,77,81,77,77,81,77,77,,,,,,,,,,,,,,,,,,,,,,,,,,,,,,,,,,,,,,,,,,,,,,,,,,,,,,,,,,,,,,,,,,,,,,,,,,,,,,,,,,,,,,,,,,,,,,,,,,,,,,,,,,,,,
308501|3085|TEBS_GU1||Battery Storage|Lithium-ion,3085,Trafalgar East Hybrid Facility Stage 2,,Trafalgar Renewables Pty Ltd,ibvogt_NR,VIC1,200,308501,TEBS_GU1,Battery Storage,Lithium-ion,,,Scheduled,1,4.4,200,4.4,200,800,Publicly Announced,47818,2055,,46091,46161.58943287037,,,,,,,,,,,,,,,,,,,,,,,,,,,,,,,,,,,,,,,,,,,,,,,,,,,,,,,,,,,,,,,,,,,,,,,,,,,,,,,,,,,,,,,,,,,,,,,,,,,,,,,,,,,,,,,,,,,,,,,,,,,,,,,,,,,,,,,,,,,
308502|3085|TESF_GU1||Solar PV|Single Axis Tracking,3085,Trafalgar East Hybrid Facility Stage 2,,Trafalgar Renewables Pty Ltd,ibvogt_NR,VIC1,200,308502,TESF_GU1,Solar PV,Single Axis Tracking,,,Semi-scheduled,40,4.4,5,176,200,,Publicly Announced,47818,2060,,46091,46161.58943287037,,,,,,,,,,,,,,,,,,,,,,,,,,,,,,,,,,,,,,,,,,,,,,,,,,,,,,,,,,,,,,,,,,,,,,,,,,,,,,,,,,,,,,,,,,,,,,,,,,,,,,,,,,,,,,,,,,,,,,,,,,,,,,,,,,,,,,,,,,,
287801|2878|MRBS_GU1||Battery Storage|Lithium-ion,2878,Tragowel BESS,,Virya Energy Pty Ltd,viryacleanenergy_NR,VIC1,500,287801,MRBS_GU1,Battery Storage,Lithium-ion,,,Scheduled,288,1.92,1.92,552.96,552.96,1998.72,Publicly Announced,47119,2058,,46361,46170.60152777778,,,,,,,,,,,,,,,,,,,,,,,,,,,,,,,,,,,,,,,,,,,,,,,,,,,,,,,,,,,,,,,,,,,,,,,,,,,,,,,,,,,,,,,,,,,,,,,,,,,,,,,,,,,,,,,,,,,,,,,,,,,,,,,,,,,,,,,,,,,
289801|2898|TRMWBES||Battery Storage|Lithium-ion,2898,Tramway Road BESS,V00160,Eku Energy Projects (Australia) Pty Ltd as trustee for the Eku Energy Projects Australia Trust,ekuenergy_nr,VIC1,300,289801,TRMWBES,Battery Storage,Lithium-ion,,,Scheduled,288,1.21,1.21,348.48,348.48,1391.04,Publicly Announced,47207,2049,,46091,46111.63925925926,,,,,,,,,,,,,,,,,,,,,,,,,,,,,,,,,,,,,,,,,,,,,,,,,,,,,,,,,,,,,,,,,,,,,,,,,,,,,,,,,,,,,,,,,,,,,,,,,,,,,,,,,,,,,,,,,,,,,,,,,,,,,,,,,,,,,,,,,,,
286301|2863|TNPS_GU1|TGNSS1|Gas Turbine|Other,2863,Traralgon Network Support Station,,NovaPower Pty Ltd,,VIC1,10,286301,TNPS_GU1,Gas Turbine,Other,Natural Gas,TGNSS1,Non-scheduled,1,,10,,10,,In Service,,2050,,46091,45578.215162037035,,,,,,,,,,,,,,,,,,,,,,,,,,,,,,,,,,,,,,,,,,,,,,,,,,,,,,,,,,,,,,,,,,,,,,,,,,,,,,,,,,,,,,,,,,,,,,,,,,,,,,,,,,,,,,,,,,,,,,,,,,,,,,,,,,,,,,,,,,,
255901|2559|MDBS_GU1||Battery Storage|Lithium-ion,2559,Tuckeroo,Q00111,AGL Energy Limited,agl_nr,QLD1,500,255901,MDBS_GU1,Battery Storage,Lithium-ion,,,Scheduled,1,,500,,500,2000,Publicly Announced,,,,46361,46169.50125,,,,,,,,,,,,,,,,,,,,,,,,,,,,,,,,,,,,,,,,,,,,,,,,,,,,,,,,,,,,,,,,,,,,,,,,,,,,,,,,,,,,,,,,,,,,,,,,,,,,,,,,,,,,,,,,,,,,,,,,,,,,,,,,,,,,,,,,,,,
300301|3003|TUCKEROO||Battery Storage|Lithium-ion,3003,Tuckeroo BESS - KCI,,Tuckeroo BESS Pty Ltd,,QLD1,500,300301,TUCKEROO,Battery Storage,Lithium-ion,,,Scheduled,1,,500,,500,500,Publicly Announced,,,,46091,45749.86688657408,,,,,,,,,,,,,,,,,,,,,,,,,,,,,,,,,,,,,,,,,,,,,,,,,,,,,,,,,,,,,,,,,,,,,,,,,,,,,,,,,,,,,,,,,,,,,,,,,,,,,,,,,,,,,,,,,,,,,,,,,,,,,,,,,,,,,,,,,,,
326901|3269|Tuggerah BESS||Battery Storage|Lithium-ion,3269,Tuggerah BESS - KCI,N00293,BG Admin Pty Ltd,,NSW1,500,326901,Tuggerah BESS,Battery Storage,Lithium-ion,,,Scheduled,1,,500,,500,,Publicly Announced,,,,46091,46127.52790509259,,,,,,,,,,,,,,,,,,,,,,,,,,,,,,,,,,,,,,,,,,,,,,,,,,,,,,,,,,,,,,,,,,,,,,,,,,,,,,,,,,,,,,,,,,,,,,,,,,,,,,,,,,,,,,,,,,,,,,,,,,,,,,,,,,,,,,,,,,,
300201|3002|TULLYBES||Battery Storage|Lithium-ion,3002,Tully BESS,,RWE Renewables Australia Pty Ltd,rwe_NR,QLD1,200,300201,TULLYBES,Battery Storage,Lithium-ion,,,Scheduled,1,200,200,200,200,200,Publicly Announced,47116,2049,,46361,46161.36335648148,,,,,,,,,,,,,,,,,,,,,,,,,,,,,,,,,,,,,,,,,,,,,,,,,,,,,,,,,,,,,,,,,,,,,,,,,,,,,,,,,,,,,,,,,,,,,,,,,,,,,,,,,,,,,,,,,,,,,,,,,,,,,,,,,,,,,,,,,,,
286501|2865|TSMPS_GU|TULLYSM1|Gas Turbine|Steam Turbine,2865,Tully Sugar Mill,,Tully Sugar Limited,,QLD1,32,286501,TSMPS_GU,Gas Turbine,Steam Turbine,Biofuel/Biomass,TULLYSM1,Non-scheduled,1,,32,,32,,In Service,,2050,,46091,45576.02700231481,,,,,,,,,,,,,,,,,,,,,,,,,,,,,,,,,,,,,,,,,,,,,,,,,,,,,,,,,,,,,,,,,,,,,,,,,,,,,,,,,,,,,,,,,,,,,,,,,,,,,,,,,,,,,,,,,,,,,,,,,,,,,,,,,,,,,,,,,,,
325201|3252|TUSF_GU1||Solar PV|Single Axis Tracking,3252,TUMMAVILLE Hybrid Facility- Solar And BESS,,ACEnergy Pty Ltd,acenergy_NR,QLD1,500,325201,TUSF_GU1,Solar PV,Single Axis Tracking,,,Semi-scheduled,136,4.4,3.68,598.4,500.48,,Publicly Announced,48092,2061,,46361,46168.66506944445,,,,,,,,,,,,,,,,,,,,,,,,,,,,,,,,,,,,,,,,,,,,,,,,,,,,,,,,,,,,,,,,,,,,,,,,,,,,,,,,,,,,,,,,,,,,,,,,,,,,,,,,,,,,,,,,,,,,,,,,,,,,,,,,,,,,,,,,,,,
325202|3252|TUBS_GU1||Battery Storage|Lithium-ion,3252,TUMMAVILLE Hybrid Facility- Solar And BESS,,ACEnergy Pty Ltd,acenergy_NR,QLD1,500,325202,TUBS_GU1,Battery Storage,Lithium-ion,,,Scheduled,156,4.4,3.68,686.4,574.08,1996.8,Publicly Announced,48092,2061,,46361,46168.66506944445,,,,,,,,,,,,,,,,,,,,,,,,,,,,,,,,,,,,,,,,,,,,,,,,,,,,,,,,,,,,,,,,,,,,,,,,,,,,,,,,,,,,,,,,,,,,,,,,,,,,,,,,,,,,,,,,,,,,,,,,,,,,,,,,,,,,,,,,,,,
322701|3227|Tumuruu BESS and Solar Farm||Battery Storage|Lithium-ion,3227,Tumuruu BESS and Solar Farm,,Australian Solar Enterprises Pty Ltd,arp_nr,QLD1,400,322701,Tumuruu BESS and Solar Farm,Battery Storage,Lithium-ion,,,Scheduled,64,4.2,3.9,268.8,249.6,1920,Anticipated,46873,2077,,46361,46181.3953125,0,0,0,0,0,0,200,200,200,200,200,200,200,200,200,200,200,200,200,200,200,200,200,200,200,200,200,200,200,200,0,0,0,0,850,1589,1550,1550,1509,1509,1481,1481,1455,1455,1431,1531,1409,1409,1390,1390,,,,,,,,,,,,,,,,,,,,,,,,,,,,,,,,,,,,,,,,,,,,,,,,,,,,,,,,,,,,,,,,,,,,,,,,,,,,,,,,,,,,,,,,,
322702|3227|Tumuruu BESS and Solar Farm||Solar PV|Fixed,3227,Tumuruu BESS and Solar Farm,,Australian Solar Enterprises Pty Ltd,arp_nr,QLD1,400,322702,Tumuruu BESS and Solar Farm,Solar PV,Fixed,,,Semi-scheduled,64,4.2,3.9,268.8,249.6,,Publicly Announced,46873,2077,,46361,46181.3953125,,,,,,,,,,,,,,,,,,,,,,,,,,,,,,,,,,,,,,,,,,,,,,,,,,,,,,,,,,,,,,,,,,,,,,,,,,,,,,,,,,,,,,,,,,,,,,,,,,,,,,,,,,,,,,,,,,,,,,,,,,,,,,,,,,,,,,,,,,,
121501|1215|Tumut 3:1|TUMUT3|Hydro|Dam,1215,Tumut 3,,Snowy Hydro Ltd,SNOWY,NSW1,1800,121501,Tumut 3:1,Hydro,Dam,,TUMUT3,Scheduled,1,,250,,250,,In Service,,2070,,46091,46105.36105324074,300,300,300,300,300,300,300,300,300,300,300,300,300,300,300,300,300,300,300,300,300,300,300,300,300,300,300,300,300,300,,,,,,,,,,,,,,,,,,,,,,,,,,,,,,,,,,,,,,,,,,,,,,,,,,,,,,,,,,,,,,,,,,,,,,,,,,,,,,,,,,,,,,,,,,,,,,,,,,,,,,,,,,,,,
121502|1215|Tumut 3:2|TUMUT3|Hydro|Dam,1215,Tumut 3,,Snowy Hydro Ltd,SNOWY,NSW1,1800,121502,Tumut 3:2,Hydro,Dam,,TUMUT3,Scheduled,1,,250,,250,,In Service,,2070,,46091,46105.36105324074,300,300,300,300,300,300,300,300,300,300,300,300,300,300,300,300,300,300,300,300,300,300,300,300,300,300,300,300,300,300,,,,,,,,,,,,,,,,,,,,,,,,,,,,,,,,,,,,,,,,,,,,,,,,,,,,,,,,,,,,,,,,,,,,,,,,,,,,,,,,,,,,,,,,,,,,,,,,,,,,,,,,,,,,,
121503|1215|Tumut 3:3|TUMUT3|Hydro|Dam,1215,Tumut 3,,Snowy Hydro Ltd,SNOWY,NSW1,1800,121503,Tumut 3:3,Hydro,Dam,,TUMUT3,Scheduled,1,,250,,250,,In Service,,2070,,46091,46105.36105324074,300,300,300,300,300,300,300,300,300,300,300,300,300,300,300,300,300,300,300,300,300,300,300,300,300,300,300,300,300,300,,,,,,,,,,,,,,,,,,,,,,,,,,,,,,,,,,,,,,,,,,,,,,,,,,,,,,,,,,,,,,,,,,,,,,,,,,,,,,,,,,,,,,,,,,,,,,,,,,,,,,,,,,,,,
121504|1215|Tumut 3:4|TUMUT3|Hydro|Dam,1215,Tumut 3,,Snowy Hydro Ltd,SNOWY,NSW1,1800,121504,Tumut 3:4,Hydro,Dam,,TUMUT3,Scheduled,1,,250,,250,,In Service,,2070,,46091,46105.36105324074,300,300,300,300,300,300,300,300,300,300,300,300,300,300,300,300,300,300,300,300,300,300,300,300,300,300,300,300,300,300,,,,,,,,,,,,,,,,,,,,,,,,,,,,,,,,,,,,,,,,,,,,,,,,,,,,,,,,,,,,,,,,,,,,,,,,,,,,,,,,,,,,,,,,,,,,,,,,,,,,,,,,,,,,,
121505|1215|Tumut 3:5|TUMUT3|Hydro|Dam,1215,Tumut 3,,Snowy Hydro Ltd,SNOWY,NSW1,1800,121505,Tumut 3:5,Hydro,Dam,,TUMUT3,Scheduled,1,,250,,250,,In Service,,2070,,46091,46105.36105324074,300,300,300,300,300,300,300,300,300,300,300,300,300,300,300,300,300,300,300,300,300,300,300,300,300,300,300,300,300,300,,,,,,,,,,,,,,,,,,,,,,,,,,,,,,,,,,,,,,,,,,,,,,,,,,,,,,,,,,,,,,,,,,,,,,,,,,,,,,,,,,,,,,,,,,,,,,,,,,,,,,,,,,,,,
121506|1215|Tumut 3:6|TUMUT3|Hydro|Dam,1215,Tumut 3,,Snowy Hydro Ltd,SNOWY,NSW1,1800,121506,Tumut 3:6,Hydro,Dam,,TUMUT3,Scheduled,1,,250,,250,,In Service,,2070,,46091,46105.36105324074,300,300,300,300,300,300,300,300,300,300,300,300,300,300,300,300,300,300,300,300,300,300,300,300,300,300,300,300,300,300,,,,,,,,,,,,,,,,,,,,,,,,,,,,,,,,,,,,,,,,,,,,,,,,,,,,,,,,,,,,,,,,,,,,,,,,,,,,,,,,,,,,,,,,,,,,,,,,,,,,,,,,,,,,,
267701|2677|TYBS_GU1||Battery Storage|Lithium-ion,2677,Tyrone BESS,Q00143,European Energy Australia P/L,europeanenergy_nr,QLD1,400,267701,TYBS_GU1,Battery Storage,Lithium-ion,,,Scheduled,1,,400,,400,400,Publicly Announced,,,,46091,46104.41134259259,,,,,,,,,,,,,,,,,,,,,,,,,,,,,,,,,,,,,,,,,,,,,,,,,,,,,,,,,,,,,,,,,,,,,,,,,,,,,,,,,,,,,,,,,,,,,,,,,,,,,,,,,,,,,,,,,,,,,,,,,,,,,,,,,,,,,,,,,,,
267601|2676|TYSF_GU1||Solar PV|Fixed,2676,Tyrone Solar,Q00143,European Energy Australia P/L,europeanenergy_nr,QLD1,400,267601,TYSF_GU1,Solar PV,Fixed,,,Semi-scheduled,1,,400,,400,,Publicly Announced,,,,46091,46104.415127314816,,,,,,,,,,,,,,,,,,,,,,,,,,,,,,,,,,,,,,,,,,,,,,,,,,,,,,,,,,,,,,,,,,,,,,,,,,,,,,,,,,,,,,,,,,,,,,,,,,,,,,,,,,,,,,,,,,,,,,,,,,,,,,,,,,,,,,,,,,,
201601|2016|ULINDAB1|ULPBESS1|Battery Storage|Lithium-ion,2016,Ulinda Park BESS,Q00087,Ulinda Park ProjectCo Pty Ltd,akayshaenergy_NR,QLD1,155,201601,ULINDAB1,Battery Storage,Lithium-ion,,ULPBESS1,Scheduled,52,2.94,2.98,152.88,154.96,297.96,In Service,45982,2065,,46091,46167.401412037034,154.96,154.96,139.36,154.96,154.96,139.36,154.96,154.96,139.36,154.96,154.96,139.36,154.96,154.96,139.36,154.96,154.96,139.36,154.96,154.96,139.36,154.96,154.96,139.36,154.96,154.96,139.36,154.96,154.96,139.36,297.923,267.93,297.923,267.93,297.923,267.93,297.923,267.93,297.923,267.93,297.923,267.93,297.923,267.93,297.923,267.93,297.923,267.93,297.923,267.93,,,,,,,,,,,,,,,,,,,,,,,,,,,,,,,,,,,,,,,,,,,,,,,,,,,,,,,,,,,,,,,,,,,,,,,,,,,,,,,,,,,,,,,,,
310701|3107|UPBS_GU1||Battery Storage|Lithium-ion,3107,Ulinda Park BESS Expansion,,Akaysha Energy,akayshaenergy_NR,QLD1,195,310701,UPBS_GU1,Battery Storage,Lithium-ion,,,Scheduled,46,4.19,4.24,192.74,195.04,780.16,Publicly Announced,47026,2065,,46091,46167.559699074074,,,,,,,,,,,,,,,,,,,,,,,,,,,,,,,,,,,,,,,,,,,,,,,,,,,,,,,,,,,,,,,,,,,,,,,,,,,,,,,,,,,,,,,,,,,,,,,,,,,,,,,,,,,,,,,,,,,,,,,,,,,,,,,,,,,,,,,,,,,
202501|2025|Ulladull||Wind|Offshore - fixed,2025,Ulladulla Offshore Wind Farm,,OceanEx Energy,oceanex_NR,NSW1,2000,202501,Ulladull,Wind,Offshore - fixed,,,Semi-scheduled,1,,2000,,2000,,Publicly Announced,49310,,,45901,44721.78261574074,,,,,,,,,,,,,,,,,,,,,,,,,,,,,,,,,,,,,,,,,,,,,,,,,,,,,,,,,,,,,,,,,,,,,,,,,,,,,,,,,,,,,,,,,,,,,,,,,,,,,,,,,,,,,,,,,,,,,,,,,,,,,,,,,,,,,,,,,,,
249401|2494|UCSF_GU1||Solar PV|Fixed,2494,Upper Calliope Solar Farm (side A),Q00095,European Energy S/A,europeanenergy_nr,QLD1,1100,249401,UCSF_GU1,Solar PV,Fixed,,,Semi-scheduled,1,,1100,,1100,,Publicly Announced,,,,46091,46104.41365740741,,,,,,,,,,,,,,,,,,,,,,,,,,,,,,,,,,,,,,,,,,,,,,,,,,,,,,,,,,,,,,,,,,,,,,,,,,,,,,,,,,,,,,,,,,,,,,,,,,,,,,,,,,,,,,,,,,,,,,,,,,,,,,,,,,,,,,,,,,,
277201|2772|UHBS_GU1||Battery Storage|Lithium-ion,2772,Upper Hunter BESS,N00177,Maizewood Pty Ltd.,,NSW1,400,277201,UHBS_GU1,Battery Storage,Lithium-ion,,,Scheduled,200,,2,,400,,Publicly Announced,,,,46091,45476.07730324074,,,,,,,,,,,,,,,,,,,,,,,,,,,,,,,,,,,,,,,,,,,,,,,,,,,,,,,,,,,,,,,,,,,,,,,,,,,,,,,,,,,,,,,,,,,,,,,,,,,,,,,,,,,,,,,,,,,,,,,,,,,,,,,,,,,,,,,,,,,
127501|1275|UHEP W18||Wind|Onshore,1275,Upper Hunter Energy Park - Wind,,Upper Hunter Energy Park Pty Ltd,mavenrenewable_NR,NSW1,75.6,127501,UHEP W18,Wind,Onshore,,,Semi-scheduled,18,4.2,4.2,75.6,75.6,,Anticipated,46752,2052,,46361,46188.67849537037,74,74,74,74,74,74,74,74,74,74,74,74,74,74,74,74,74,74,74,74,74,74,74,74,74,74,74,74,74,74,,,,,,,,,,,,,,,,,,,,,,,,,,,,,,,,,,,,,,,,,,,,,,,,,,,,,,,,,,,,,,,,,,,,,,,,,,,,,,,,,,,,,,,,,,,,,,,,,,,,,,,,,,,,,
121701|1217|Upper Tumut:1|UPPTUMUT|Hydro|Dam,1217,Upper Tumut,,Snowy Hydro Ltd,SNOWY,NSW1,665,121701,Upper Tumut:1,Hydro,Dam,,UPPTUMUT,Scheduled,1,,82,,82,,In Service,,2070,,46091,46161.68809027778,93,93,93,93,93,93,93,93,93,93,93,93,93,0,0,103,103,103,103,103,103,103,103,103,103,103,103,103,103,103,,,,,,,,,,,,,,,,,,,,,,,,,,,,,,,,,,,,,,,,,,,,,,,,,,,,,,,,,,,,,,,,,,,,,,,,,,,,,,,,,,,,,,,,,,,,,,,,,,,,,,,,,,,,,
121702|1217|Upper Tumut:2|UPPTUMUT|Hydro|Dam,1217,Upper Tumut,,Snowy Hydro Ltd,SNOWY,NSW1,665,121702,Upper Tumut:2,Hydro,Dam,,UPPTUMUT,Scheduled,1,,82,,82,,In Service,,2070,,46091,46161.68809027778,93,93,93,93,93,93,93,0,0,103,103,103,103,103,103,103,103,103,103,103,103,103,103,103,103,103,103,103,103,103,,,,,,,,,,,,,,,,,,,,,,,,,,,,,,,,,,,,,,,,,,,,,,,,,,,,,,,,,,,,,,,,,,,,,,,,,,,,,,,,,,,,,,,,,,,,,,,,,,,,,,,,,,,,,
121703|1217|Upper Tumut:3|UPPTUMUT|Hydro|Dam,1217,Upper Tumut,,Snowy Hydro Ltd,SNOWY,NSW1,665,121703,Upper Tumut:3,Hydro,Dam,,UPPTUMUT,Scheduled,1,,82,,82,,In Service,,2070,,46091,46161.68809027778,93,93,93,93,93,93,93,93,93,93,0,0,103,103,103,103,103,103,103,103,103,103,103,103,103,103,103,103,103,103,,,,,,,,,,,,,,,,,,,,,,,,,,,,,,,,,,,,,,,,,,,,,,,,,,,,,,,,,,,,,,,,,,,,,,,,,,,,,,,,,,,,,,,,,,,,,,,,,,,,,,,,,,,,,
121704|1217|Upper Tumut:4|UPPTUMUT|Hydro|Dam,1217,Upper Tumut,,Snowy Hydro Ltd,SNOWY,NSW1,665,121704,Upper Tumut:4,Hydro,Dam,,UPPTUMUT,Scheduled,1,,82,,82,,In Service,,2070,,46091,46161.68809027778,93,93,93,93,93,93,93,93,93,93,93,93,93,93,93,93,0,0,103,103,103,103,103,103,103,103,103,103,103,103,,,,,,,,,,,,,,,,,,,,,,,,,,,,,,,,,,,,,,,,,,,,,,,,,,,,,,,,,,,,,,,,,,,,,,,,,,,,,,,,,,,,,,,,,,,,,,,,,,,,,,,,,,,,,
121705|1217|Upper Tumut:5|UPPTUMUT|Hydro|Dam,1217,Upper Tumut,,Snowy Hydro Ltd,SNOWY,NSW1,665,121705,Upper Tumut:5,Hydro,Dam,,UPPTUMUT,Scheduled,1,,72,,72,,In Service,,2070,,46091,46161.68809027778,73,73,73,73,73,73,73,73,73,73,73,73,73,73,73,73,73,73,73,0,0,78,78,78,78,78,78,78,78,78,,,,,,,,,,,,,,,,,,,,,,,,,,,,,,,,,,,,,,,,,,,,,,,,,,,,,,,,,,,,,,,,,,,,,,,,,,,,,,,,,,,,,,,,,,,,,,,,,,,,,,,,,,,,,
121706|1217|Upper Tumut:6|UPPTUMUT|Hydro|Dam,1217,Upper Tumut,,Snowy Hydro Ltd,SNOWY,NSW1,665,121706,Upper Tumut:6,Hydro,Dam,,UPPTUMUT,Scheduled,1,,72,,72,,In Service,,2070,,46091,46161.68809027778,73,73,73,73,73,73,73,73,73,73,73,73,73,73,73,73,73,73,73,73,73,73,0,0,78,78,78,78,78,78,,,,,,,,,,,,,,,,,,,,,,,,,,,,,,,,,,,,,,,,,,,,,,,,,,,,,,,,,,,,,,,,,,,,,,,,,,,,,,,,,,,,,,,,,,,,,,,,,,,,,,,,,,,,,
121707|1217|Upper Tumut:7|UPPTUMUT|Hydro|Dam,1217,Upper Tumut,,Snowy Hydro Ltd,SNOWY,NSW1,665,121707,Upper Tumut:7,Hydro,Dam,,UPPTUMUT,Scheduled,1,,72,,72,,In Service,,2070,,46091,46161.68809027778,73,0,0,73,73,73,73,73,73,73,73,73,73,73,73,73,73,73,73,73,73,73,73,73,73,0,0,78,78,78,,,,,,,,,,,,,,,,,,,,,,,,,,,,,,,,,,,,,,,,,,,,,,,,,,,,,,,,,,,,,,,,,,,,,,,,,,,,,,,,,,,,,,,,,,,,,,,,,,,,,,,,,,,,,
121708|1217|Upper Tumut:8|UPPTUMUT|Hydro|Dam,1217,Upper Tumut,,Snowy Hydro Ltd,SNOWY,NSW1,665,121708,Upper Tumut:8,Hydro,Dam,,UPPTUMUT,Scheduled,1,,72,,72,,In Service,,2070,,46091,46161.68809027778,73,73,73,73,73,73,73,73,73,73,73,73,73,73,73,73,73,73,73,73,73,73,73,73,73,73,73,73,0,0,,,,,,,,,,,,,,,,,,,,,,,,,,,,,,,,,,,,,,,,,,,,,,,,,,,,,,,,,,,,,,,,,,,,,,,,,,,,,,,,,,,,,,,,,,,,,,,,,,,,,,,,,,,,,
121801|1218|Uranquinty:1|URANQ11|Gas Turbine|OCGT,1218,Uranquinty,,Origin Energy Uranquinty Power Pty Ltd,URANQNTY,NSW1,692,121801,Uranquinty:1,Gas Turbine,OCGT,Natural Gas,URANQ11,Scheduled,1,,173,,173,,In Service,,2049,,46091,46111.4546875,173,164,160,173,164,160,173,164,160,173,164,160,173,164,160,173,164,160,173,164,160,173,164,160,173,164,160,173,164,160,,,,,,,,,,,,,,,,,,,,,,,,,,,,,,,,,,,,,,,,,,,,,,,,,,,,,,,,,,,,,,,,,,,,,,,,,,,,,,,,,,,,,,,,,,,,,,,,,,,,,,,,,,,,,
121802|1218|Uranquinty:2|URANQ12|Gas Turbine|OCGT,1218,Uranquinty,,Origin Energy Uranquinty Power Pty Ltd,URANQNTY,NSW1,692,121802,Uranquinty:2,Gas Turbine,OCGT,Natural Gas,URANQ12,Scheduled,1,,173,,173,,In Service,,2049,,46091,46111.4546875,173,164,160,173,164,160,173,164,160,173,164,160,173,164,160,173,164,160,173,164,160,173,164,160,173,164,160,173,164,160,,,,,,,,,,,,,,,,,,,,,,,,,,,,,,,,,,,,,,,,,,,,,,,,,,,,,,,,,,,,,,,,,,,,,,,,,,,,,,,,,,,,,,,,,,,,,,,,,,,,,,,,,,,,,
121803|1218|Uranquinty:3|URANQ13|Gas Turbine|OCGT,1218,Uranquinty,,Origin Energy Uranquinty Power Pty Ltd,URANQNTY,NSW1,692,121803,Uranquinty:3,Gas Turbine,OCGT,Natural Gas,URANQ13,Scheduled,1,,173,,173,,In Service,,2049,,46091,46111.4546875,173,164,160,173,164,160,173,164,160,173,164,160,173,164,160,173,164,160,173,164,160,173,164,160,173,164,160,173,164,160,,,,,,,,,,,,,,,,,,,,,,,,,,,,,,,,,,,,,,,,,,,,,,,,,,,,,,,,,,,,,,,,,,,,,,,,,,,,,,,,,,,,,,,,,,,,,,,,,,,,,,,,,,,,,
121804|1218|Uranquinty:4|URANQ14|Gas Turbine|OCGT,1218,Uranquinty,,Origin Energy Uranquinty Power Pty Ltd,URANQNTY,NSW1,692,121804,Uranquinty:4,Gas Turbine,OCGT,Natural Gas,URANQ14,Scheduled,1,,173,,173,,In Service,,2049,,46091,46111.4546875,173,164,160,173,164,160,173,164,160,173,164,160,173,164,160,173,164,160,173,164,160,173,164,160,173,164,160,173,164,160,,,,,,,,,,,,,,,,,,,,,,,,,,,,,,,,,,,,,,,,,,,,,,,,,,,,,,,,,,,,,,,,,,,,,,,,,,,,,,,,,,,,,,,,,,,,,,,,,,,,,,,,,,,,,
325301|3253|Uranquinty Solar Farm||Solar PV|Single Axis Tracking,3253,Uranquinty Solar Farm,,CleanPeak Energy,cleanpeakenergy_NR,NSW1,4.95,325301,Uranquinty Solar Farm,Solar PV,Single Axis Tracking,,,Non-scheduled,1,5.26,4.85,5.26,4.85,,Publicly Announced,,2061,,46091,46119.531689814816,,,,,,,,,,,,,,,,,,,,,,,,,,,,,,,,,,,,,,,,,,,,,,,,,,,,,,,,,,,,,,,,,,,,,,,,,,,,,,,,,,,,,,,,,,,,,,,,,,,,,,,,,,,,,,,,,,,,,,,,,,,,,,,,,,,,,,,,,,,
325302|3253|Uranquinty BESS||Battery Storage|Lithium-ion,3253,Uranquinty Solar Farm,,CleanPeak Energy,cleanpeakenergy_NR,NSW1,4.95,325302,Uranquinty BESS,Battery Storage,Lithium-ion,,,Non-scheduled,4,,0,,0,11,Publicly Announced,,2061,,46091,46119.531689814816,,,,,,,,,,,,,,,,,,,,,,,,,,,,,,,,,,,,,,,,,,,,,,,,,,,,,,,,,,,,,,,,,,,,,,,,,,,,,,,,,,,,,,,,,,,,,,,,,,,,,,,,,,,,,,,,,,,,,,,,,,,,,,,,,,,,,,,,,,,
280101|2801|UGBS_GU1||Battery Storage|Lithium-ion,2801,Uungula BESS,,Squadron Energy Services Pty Ltd,squadronenergy_NR,NSW1,400,280101,UGBS_GU1,Battery Storage,Lithium-ion,,,Scheduled,1,,400,,400,400,Publicly Announced,47665,2060,,46091,46098.12119212963,,,,,,,,,,,,,,,,,,,,,,,,,,,,,,,,,,,,,,,,,,,,,,,,,,,,,,,,,,,,,,,,,,,,,,,,,,,,,,,,,,,,,,,,,,,,,,,,,,,,,,,,,,,,,,,,,,,,,,,,,,,,,,,,,,,,,,,,,,,
128301|1283|Uungula Wind Farm:1-249||Wind|Onshore,1283,Uungula Wind Farm,N00073,Uungula Wind Farm Pty Ltd,squadronenergy_NR,NSW1,414,128301,Uungula Wind Farm:1-249,Wind,Onshore,,,Semi-scheduled,69,,6,,414,,Committed,46784,2057,,46361,46161.5958912037,0,0,0,138,207,207,414,414,414,414,414,414,414,414,414,414,414,414,414,414,414,414,414,414,414,414,414,414,414,414,,,,,,,,,,,,,,,,,,,,,,,,,,,,,,,,,,,,,,,,,,,,,,,,,,,,,,,,,,,,,,,,,,,,,,,,,,,,,,,,,,,,,,,,,,,,,,,,,,,,,,,,,,,,,
286401|2864|VSF_GU1|VALDORA1|Solar PV|Fixed,2864,Valdora Solar Farm,,Diamond Energy Pty Ltd,,QLD1,15,286401,VSF_GU1,Solar PV,Fixed,,VALDORA1,Non-scheduled,1,,15,,15,,In Service,,2050,,46091,45576.02142361111,,,,,,,,,,,,,,,,,,,,,,,,,,,,,,,,,,,,,,,,,,,,,,,,,,,,,,,,,,,,,,,,,,,,,,,,,,,,,,,,,,,,,,,,,,,,,,,,,,,,,,,,,,,,,,,,,,,,,,,,,,,,,,,,,,,,,,,,,,,
121901|1219|Vales Point B:5|VP5|Coal|Black Coal,1219,Vales Point B,,Delta Electricity,DELTA,NSW1,1320,121901,Vales Point B:5,Coal,Black Coal,,VP5,Scheduled,1,,660,,660,,In Service,,2033,,46091,46105.493576388886,660,660,660,660,660,660,660,660,660,660,660,660,660,660,660,660,660,660,660,660,660,660,660,660,0,0,0,0,0,0,,,,,,,,,,,,,,,,,,,,,,,,,,,,,,,,,,,,,,,,,,,,,,,,,,,,,,,,,,,,,,,,,,,,,,,,,,,,,,,,,,,,,,,,,,,,,,,,,,,,,,,,,,,,,
121902|1219|Vales Point B:6|VP6|Coal|Black Coal,1219,Vales Point B,,Delta Electricity,DELTA,NSW1,1320,121902,Vales Point B:6,Coal,Black Coal,,VP6,Scheduled,1,,660,,660,,In Service,,2033,,46091,46105.493576388886,660,660,660,660,660,660,660,660,660,660,660,660,660,660,660,660,660,660,660,660,660,660,660,660,0,0,0,0,0,0,,,,,,,,,,,,,,,,,,,,,,,,,,,,,,,,,,,,,,,,,,,,,,,,,,,,,,,,,,,,,,,,,,,,,,,,,,,,,,,,,,,,,,,,,,,,,,,,,,,,,,,,,,,,,
304801|3048|VPBS_GU1||Battery Storage|Lithium-ion,3048,Vales Point BESS,N00235,Delta Power and Energy (Vales Point) Pty Ltd trading as Delta Electricity,deltapower_nr,NSW1,400,304801,VPBS_GU1,Battery Storage,Lithium-ion,,,Scheduled,1,400,400,400,400,800,Publicly Announced,46813,2053,,46091,46105.47385416667,,,,,,,,,,,,,,,,,,,,,,,,,,,,,,,,,,,,,,,,,,,,,,,,,,,,,,,,,,,,,,,,,,,,,,,,,,,,,,,,,,,,,,,,,,,,,,,,,,,,,,,,,,,,,,,,,,,,,,,,,,,,,,,,,,,,,,,,,,,
149001|1490|Vales Point Solar:Vales Point Solar 1||Solar PV|Fixed,1490,Vales Point Solar,,Delta Electricity,DELTA,NSW1,55,149001,Vales Point Solar:Vales Point Solar 1,Solar PV,Fixed,,,Semi-scheduled,1,55,55,55,55,,Publicly Announced,54970,2075,,46091,46105.52240740741,,,,,,,,,,,,,,,,,,,,,,,,,,,,,,,,,,,,,,,,,,,,,,,,,,,,,,,,,,,,,,,,,,,,,,,,,,,,,,,,,,,,,,,,,,,,,,,,,,,,,,,,,,,,,,,,,,,,,,,,,,,,,,,,,,,,,,,,,,,
289201|2892|Girragul||Wind|Onshore,2892,Valley of the Winds,,ACEN Renewables,acenaustralia_NR,NSW1,919,289201,Girragul,Wind,Onshore,,,Semi-scheduled,45,7.2,7.2,324,324,,Anticipated,47483,2079,,46361,46155.57803240741,,,,,,,,,,,,,,,,,,,,,,,,,,,,,,,,,,,,,,,,,,,,,,,,,,,,,,,,,,,,,,,,,,,,,,,,,,,,,,,,,,,,,,,,,,,,,,,,,,,,,,,,,,,,,,,,,,,,,,,,,,,,,,,,,,,,,,,,,,,
289202|2892|Leadvill||Wind|Onshore,2892,Valley of the Winds,,ACEN Renewables,acenaustralia_NR,NSW1,919,289202,Leadvill,Wind,Onshore,,,Semi-scheduled,21,7.2,7.2,151.2,151.2,,Anticipated,47695,2080,,46361,46155.57803240741,,,,,,,,,,,,,,,,,,,,,,,,,,,,,,,,,,,,,,,,,,,,,,,,,,,,,,,,,,,,,,,,,,,,,,,,,,,,,,,,,,,,,,,,,,,,,,,,,,,,,,,,,,,,,,,,,,,,,,,,,,,,,,,,,,,,,,,,,,,
289203|2892|Mt Hope||Wind|Onshore,2892,Valley of the Winds,,ACEN Renewables,acenaustralia_NR,NSW1,919,289203,Mt Hope,Wind,Onshore,,,Semi-scheduled,64,7.2,7.2,460.8,460.8,,Anticipated,47603,2080,,46361,46155.57803240741,,,,,,,,,,,,,,,,,,,,,,,,,,,,,,,,,,,,,,,,,,,,,,,,,,,,,,,,,,,,,,,,,,,,,,,,,,,,,,,,,,,,,,,,,,,,,,,,,,,,,,,,,,,,,,,,,,,,,,,,,,,,,,,,,,,,,,,,,,,
122001|1220|VPGS1|VPGS1|Gas Turbine|OCGT,1220,Valley Power,,Snowy Hydro Ltd,SNOWY,VIC1,360,122001,VPGS1,Gas Turbine,OCGT,Natural Gas,VPGS1,Scheduled,1,,50,,50,,In Service,,2070,,46091,46105.36267361111,57,53,51,57,53,51,57,53,51,57,53,51,57,53,51,57,53,51,57,53,51,57,53,51,57,53,51,57,53,51,,,,,,,,,,,,,,,,,,,,,,,,,,,,,,,,,,,,,,,,,,,,,,,,,,,,,,,,,,,,,,,,,,,,,,,,,,,,,,,,,,,,,,,,,,,,,,,,,,,,,,,,,,,,,
122002|1220|VPGS2|VPGS2|Gas Turbine|OCGT,1220,Valley Power,,Snowy Hydro Ltd,SNOWY,VIC1,360,122002,VPGS2,Gas Turbine,OCGT,Natural Gas,VPGS2,Scheduled,1,,50,,50,,In Service,,2070,,46091,46105.36267361111,57,53,51,57,53,51,57,53,51,57,53,51,57,53,51,57,53,51,57,53,51,57,53,51,57,53,51,57,53,51,,,,,,,,,,,,,,,,,,,,,,,,,,,,,,,,,,,,,,,,,,,,,,,,,,,,,,,,,,,,,,,,,,,,,,,,,,,,,,,,,,,,,,,,,,,,,,,,,,,,,,,,,,,,,
122003|1220|VPGS3|VPGS3|Gas Turbine|OCGT,1220,Valley Power,,Snowy Hydro Ltd,SNOWY,VIC1,360,122003,VPGS3,Gas Turbine,OCGT,Natural Gas,VPGS3,Scheduled,1,,50,,50,,In Service,,2070,,46091,46105.36267361111,57,53,51,57,53,51,57,53,51,57,53,51,57,53,51,57,53,51,57,53,51,57,53,51,57,53,51,57,53,51,,,,,,,,,,,,,,,,,,,,,,,,,,,,,,,,,,,,,,,,,,,,,,,,,,,,,,,,,,,,,,,,,,,,,,,,,,,,,,,,,,,,,,,,,,,,,,,,,,,,,,,,,,,,,
122004|1220|VPGS4|VPGS4|Gas Turbine|OCGT,1220,Valley Power,,Snowy Hydro Ltd,SNOWY,VIC1,360,122004,VPGS4,Gas Turbine,OCGT,Natural Gas,VPGS4,Scheduled,1,,50,,50,,In Service,,2070,,46091,46105.36267361111,55,47,44,55,47,44,55,47,44,55,47,44,55,47,44,55,47,44,55,47,44,55,47,44,55,47,44,55,47,44,,,,,,,,,,,,,,,,,,,,,,,,,,,,,,,,,,,,,,,,,,,,,,,,,,,,,,,,,,,,,,,,,,,,,,,,,,,,,,,,,,,,,,,,,,,,,,,,,,,,,,,,,,,,,
122005|1220|VPGS5|VPGS5|Gas Turbine|OCGT,1220,Valley Power,,Snowy Hydro Ltd,SNOWY,VIC1,360,122005,VPGS5,Gas Turbine,OCGT,Natural Gas,VPGS5,Scheduled,1,,50,,50,,In Service,,2070,,46091,46105.36267361111,55,47,44,55,47,44,55,47,44,55,47,44,55,47,44,55,47,44,55,47,44,55,47,44,55,47,44,55,47,44,,,,,,,,,,,,,,,,,,,,,,,,,,,,,,,,,,,,,,,,,,,,,,,,,,,,,,,,,,,,,,,,,,,,,,,,,,,,,,,,,,,,,,,,,,,,,,,,,,,,,,,,,,,,,
122006|1220|VPGS6|VPGS6|Gas Turbine|OCGT,1220,Valley Power,,Snowy Hydro Ltd,SNOWY,VIC1,360,122006,VPGS6,Gas Turbine,OCGT,Natural Gas,VPGS6,Scheduled,1,,50,,50,,In Service,,2070,,46091,46105.36267361111,55,47,44,55,47,44,55,47,44,55,47,44,55,47,44,55,47,44,55,47,44,55,47,44,55,47,44,55,47,44,,,,,,,,,,,,,,,,,,,,,,,,,,,,,,,,,,,,,,,,,,,,,,,,,,,,,,,,,,,,,,,,,,,,,,,,,,,,,,,,,,,,,,,,,,,,,,,,,,,,,,,,,,,,,
122101|1221|Victoria Mill:Unit 3||Other|Biomass,1221,Victoria Mill,,Wilmar Sugar (Herbet) Pty Ltd,EEQ,QLD1,24,122101,Victoria Mill:Unit 3,Other,Biomass,Biofuel/Biomass,,Non-scheduled,1,,5,,5,,In Service,,2040,,46091,46099.54769675926,,,,,,,,,,,,,,,,,,,,,,,,,,,,,,,,,,,,,,,,,,,,,,,,,,,,,,,,,,,,,,,,,,,,,,,,,,,,,,,,,,,,,,,,,,,,,,,,,,,,,,,,,,,,,,,,,,,,,,,,,,,,,,,,,,,,,,,,,,,
122102|1221|Victoria Mill:Unit 4||Other|Biomass,1221,Victoria Mill,,Wilmar Sugar (Herbet) Pty Ltd,EEQ,QLD1,24,122102,Victoria Mill:Unit 4,Other,Biomass,Biofuel/Biomass,,Non-scheduled,1,,19,,19,,In Service,,2040,,46091,46099.54769675926,,,,,,,,,,,,,,,,,,,,,,,,,,,,,,,,,,,,,,,,,,,,,,,,,,,,,,,,,,,,,,,,,,,,,,,,,,,,,,,,,,,,,,,,,,,,,,,,,,,,,,,,,,,,,,,,,,,,,,,,,,,,,,,,,,,,,,,,,,,
186401|1864|BESS|VBB1|Battery Storage|Lithium-ion,1864,Victorian Big Battery,,Victorian Big Battery Pty Ltd,storenergy_nr,VIC1,300,186401,BESS,Battery Storage,Lithium-ion,,VBB1,Scheduled,1,300,300,300,300,470,In Service,,2041,,46091,46119.38731481481,240,50,50,240,50,50,240,50,50,240,50,50,240,50,50,240,240,240,240,240,240,240,240,240,240,240,240,240,240,240,470,300,470,300,470,300,470,300,470,300,470,470,470,470,470,470,470,470,470,470,,,,,,,,,,,,,,,,,,,,,,,,,,,,,,,,,,,,,,,,,,,,,,,,,,,,,,,,,,,,,,,,,,,,,,,,,,,,,,,,,,,,,,,,,
270101|2701|WaggaNor||Battery Storage|Lithium-ion,2701,Wagga North BESS - KCI,N00169,Zebre Pty Ltd,zenenergy_NR,NSW1,105,270101,WaggaNor,Battery Storage,Lithium-ion,,,Scheduled,1,148,105,148,105,420,Anticipated,47118,2055,,46361,46162.65896990741,0,0,0,0,0,0,0,0,0,105,105,97.6,105,105,97.6,105,105,97.6,105,105,97.6,105,105,97.6,105,105,97.6,105,105,97.6,0,0,0,0,0,0,420,420,399,399,388,388,376,376,368,368,362,362,358,358,,,,,,,,,,,,,,,,,,,,,,,,,,,,,,,,,,,,,,,,,,,,,,,,,,,,,,,,,,,,,,,,,,,,,,,,,,,,,,,,,,,,,,,,,
281701|2817|WNBS_GU1||Battery Storage|Lithium-ion,2817,Wagga North BESS (IB Vogt) - KCI,N00184,Ib vogt Development Australia Pty Ltd,ibvogt_NR,NSW1,120,281701,WNBS_GU1,Battery Storage,Lithium-ion,,,Scheduled,42,2.86,2.86,120.12,120.12,463.26,Publicly Announced,46842,2048,,46361,46167.63606481482,,,,,,,,,,,,,,,,,,,,,,,,,,,,,,,,,,,,,,,,,,,,,,,,,,,,,,,,,,,,,,,,,,,,,,,,,,,,,,,,,,,,,,,,,,,,,,,,,,,,,,,,,,,,,,,,,,,,,,,,,,,,,,,,,,,,,,,,,,,
151401|1514|WNS23-34|WAGGNSF1|Solar PV|Single Axis Tracking,1514,Wagga North Solar Farm,,Wagga Wagga Operationsco Pty Ltd as trustree for Wagga Wagga Operations Trust,WAGGAOPS,NSW1,48.7,151401,WNS23-34,Solar PV,Single Axis Tracking,,WAGGNSF1,Semi-scheduled,12,,1.64,,19.68,,In Commissioning,45108,2050,,46091,45923.19810185185,16.368,16.368,16.368,16.368,16.368,16.368,16.368,16.368,16.368,16.368,16.368,16.368,16.368,16.368,16.368,16.368,16.368,16.368,16.368,16.368,16.368,16.368,16.368,16.368,16.368,16.368,16.368,,,,,,,,,,,,,,,,,,,,,,,,,,,,,,,,,,,,,,,,,,,,,,,,,,,,,,,,,,,,,,,,,,,,,,,,,,,,,,,,,,,,,,,,,,,,,,,,,,,,,,,,,,,,,,,,
151402|1514|WNSF1-22|WAGGNSF1|Solar PV|Single Axis Tracking,1514,Wagga North Solar Farm,,Wagga Wagga Operationsco Pty Ltd as trustree for Wagga Wagga Operations Trust,WAGGAOPS,NSW1,48.7,151402,WNSF1-22,Solar PV,Single Axis Tracking,,WAGGNSF1,Semi-scheduled,22,,1.64,,36.08,,In Commissioning,,2050,,46091,45923.19810185185,30.008,30.008,30.008,30.008,30.008,30.008,30.008,30.008,30.008,30.008,30.008,30.008,30.008,30.008,30.008,30.008,30.008,30.008,30.008,30.008,30.008,30.008,30.008,30.008,30.008,30.008,30.008,,,,,,,,,,,,,,,,,,,,,,,,,,,,,,,,,,,,,,,,,,,,,,,,,,,,,,,,,,,,,,,,,,,,,,,,,,,,,,,,,,,,,,,,,,,,,,,,,,,,,,,,,,,,,,,,
219901|2199|WNSFB_G1||Battery Storage|Lithium-ion,2199,Wagga North Solar Farm BESS,N00062, Wagga Wagga Operationsco Pty Ltd as trustee for the Wagga Wagga Operations Trust,WAGGAOPS,NSW1,15,219901,WNSFB_G1,Battery Storage,Lithium-ion,,,Scheduled,1,,15,,15,30,Publicly Announced,,,,46091,45923.19739583333,,,,,,,,,,,,,,,,,,,,,,,,,,,,,,,,,,,,,,,,,,,,,,,,,,,,,,,,,,,,,,,,,,,,,,,,,,,,,,,,,,,,,,,,,,,,,,,,,,,,,,,,,,,,,,,,,,,,,,,,,,,,,,,,,,,,,,,,,,,
282401|2824|WwBS_GU1||Battery Storage|Lithium-ion,2824,Wagga South BESS,N00197,Eku Energy Projects (Australia) Trust,ekuenergy_nr,NSW1,300,282401,WwBS_GU1,Battery Storage,Lithium-ion,,,Scheduled,90,5.15,5.15,463.5,463.5,1362.6,Publicly Announced,47391,2050,,46091,46111.582407407404,,,,,,,,,,,,,,,,,,,,,,,,,,,,,,,,,,,,,,,,,,,,,,,,,,,,,,,,,,,,,,,,,,,,,,,,,,,,,,,,,,,,,,,,,,,,,,,,,,,,,,,,,,,,,,,,,,,,,,,,,,,,,,,,,,,,,,,,,,,
171203|1712|Walla Walla Solar Farm 1|WLWLSF1|Solar PV|Single Axis Tracking,1712,Walla Walla Solar Farm,,FRV Australia (Walla Walla Asset Co Pty Ltd (ACN 634 728 868) as trustee for the Walla Walla Asset Trust),WLWLSF1,NSW1,300,171203,Walla Walla Solar Farm 1,Solar PV,Single Axis Tracking,,WLWLSF1,Semi-scheduled,48,4.2,3.17,201.6,152.16,,In Service,,2054,,46091,46097.64991898148,149.76,149.76,149.76,149.76,149.76,149.76,149.76,149.76,149.76,149.76,149.76,149.76,149.76,149.76,149.76,149.76,149.76,149.76,149.76,149.76,149.76,149.76,149.76,149.76,149.76,149.76,149.76,149.76,149.76,149.76,,,,,,,,,,,,,,,,,,,,,,,,,,,,,,,,,,,,,,,,,,,,,,,,,,,,,,,,,,,,,,,,,,,,,,,,,,,,,,,,,,,,,,,,,,,,,,,,,,,,,,,,,,,,,
171204|1712|Walla Walla Solar Farm 2|WLWLSF2|Solar PV|Single Axis Tracking,1712,Walla Walla Solar Farm,,FRV Australia (Walla Walla Asset Co Pty Ltd (ACN 634 728 868) as trustee for the Walla Walla Asset Trust),WLWLSF1,NSW1,300,171204,Walla Walla Solar Farm 2,Solar PV,Single Axis Tracking,,WLWLSF2,Semi-scheduled,48,4.2,3.17,201.6,152.16,,In Service,,2054,,46091,46097.64991898148,149.76,149.76,149.76,149.76,149.76,149.76,149.76,149.76,149.76,149.76,149.76,149.76,149.76,149.76,149.76,149.76,149.76,149.76,149.76,,149.76,149.76,149.76,149.76,149.76,149.76,149.76,149.76,149.76,149.76,,,,,,,,,,,,,,,,,,,,,,,,,,,,,,,,,,,,,,,,,,,,,,,,,,,,,,,,,,,,,,,,,,,,,,,,,,,,,,,,,,,,,,,,,,,,,,,,,,,,,,,,,,,,,
292801|2928|WBBS_GU1||Battery Storage|Lithium-ion,2928,Wallabadah BESS,N00202,North Harbour Clean Energy P/L,northharbour_nr,NSW1,400,292801,WBBS_GU1,Battery Storage,Lithium-ion,,,Scheduled,200,,2,,400,,Publicly Announced,,,,46091,46143.43119212963,,,,,,,,,,,,,,,,,,,,,,,,,,,,,,,,,,,,,,,,,,,,,,,,,,,,,,,,,,,,,,,,,,,,,,,,,,,,,,,,,,,,,,,,,,,,,,,,,,,,,,,,,,,,,,,,,,,,,,,,,,,,,,,,,,,,,,,,,,,
311001|3110|WCWF||Wind|Onshore,3110,Wallaby Creek Wind Farm,,acciona_NR,acciona_NR,NSW1,200,311001,WCWF,Wind,Onshore,,,Semi-scheduled,38,5.53,5.7,210.14,216.6,,Publicly Announced,47848,2055,,46091,46154.35120370371,,,,,,,,,,,,,,,,,,,,,,,,,,,,,,,,,,,,,,,,,,,,,,,,,,,,,,,,,,,,,,,,,,,,,,,,,,,,,,,,,,,,,,,,,,,,,,,,,,,,,,,,,,,,,,,,,,,,,,,,,,,,,,,,,,,,,,,,,,,
186101|1861|Wallaroo||Solar PV|Single Axis Tracking,1861,Wallaroo Solar Farm,N00004,New Energy development and Univergy Solar Joint venture (SPV) Wallaroo Solar Farm Pty Ltd,newenergydevelopment_NR,NSW1,1,186101,Wallaroo,Solar PV,Single Axis Tracking,,,Semi-scheduled,36,,3.4,,122.4,,Publicly Announced,,,,46091,45112.11310185185,,,,,,,,,,,,,,,,,,,,,,,,,,,,,,,,,,,,,,,,,,,,,,,,,,,,,,,,,,,,,,,,,,,,,,,,,,,,,,,,,,,,,,,,,,,,,,,,,,,,,,,,,,,,,,,,,,,,,,,,,,,,,,,,,,,,,,,,,,,
196701|1967|WallerBE||Battery Storage|Lithium-ion,1967,Wallerawang 9 BESS,,Greenspot Wallerawang Pty Ltd as trustee for the Greenspot Wallerawang Unit Trust,SHELLNEW,NSW1,300,196701,WallerBE,Battery Storage,Lithium-ion,,,Scheduled,1,,300,,300,774,Publicly Announced,47392,2050,,46361,46149.35792824074,,,,,,,,,,,,,,,,,,,,,,,,,,,,,,,,,,,,,,,,,,,,,,,,,,,,,,,,,,,,,,,,,,,,,,,,,,,,,,,,,,,,,,,,,,,,,,,,,,,,,,,,,,,,,,,,,,,,,,,,,,,,,,,,,,,,,,,,,,,
187401|1874|WLGBESS1|WALGRV1|Battery Storage|Lithium-ion,1874,Wallgrove Grid Battery project,N00006,TransGrid,iberdrola_NR,NSW1,50,187401,WLGBESS1,Battery Storage,Lithium-ion,,WALGRV1,Scheduled,36,1.7,1.7,61.2,61.2,74.88,In Service,,2036,,46091,46190.65895833333,50,50,50,50,50,50,50,50,50,50,50,50,50,50,50,50,50,50,50,50,50,50,50,50,50,50,50,50,50,50,75,75,75,75,75,75,75,75,75,75,75,75,75,75,75,75,75,75,75,75,,,,,,,,,,,,,,,,,,,,,,,,,,,,,,,,,,,,,,,,,,,,,,,,,,,,,,,,,,,,,,,,,,,,,,,,,,,,,,,,,,,,,,,,,
228701|2287|WFWGU1|WAMBOWF1|Wind|Onshore,2287,Wambo Wind Farm 1,Q00028, Cubico Sustainable Investments Australia Pty Ltd,osmi_NR,QLD1,500,228701,WFWGU1,Wind,Onshore,,WAMBOWF1,Semi-scheduled,1,,252,,252,,In Commissioning,45716,,,46361,46190.652662037035,252,252,252,252,252,252,252,252,252,252,252,252,252,252,252,252,252,252,252,252,252,,,,,,,,,,,,,,,,,,,,,,,,,,,,,,,,,,,,,,,,,,,,,,,,,,,,,,,,,,,,,,,,,,,,,,,,,,,,,,,,,,,,,,,,,,,,,,,,,,,,,,,,,,,,,,,,,,,,,,
228702|2287|WFWGU2|WAMBOWF2|Wind|Onshore,2287,Wambo Wind Farm 1,Q00028, Cubico Sustainable Investments Australia Pty Ltd,osmi_NR,QLD1,500,228702,WFWGU2,Wind,Onshore,,WAMBOWF2,Semi-scheduled,1,,248,,248,,Committed,,,,46361,46190.652662037035,,,,,,,,,,,,,,,,,,,,,,,,,,,,,,,,,,,,,,,,,,,,,,,,,,,,,,,,,,,,,,,,,,,,,,,,,,,,,,,,,,,,,,,,,,,,,,,,,,,,,,,,,,,,,,,,,,,,,,,,,,,,,,,,,,,,,,,,,,,
300001|3000|WAMBESS||Battery Storage|Lithium-ion,3000,Wamuran BESS - KCI,Q00204,RTB Renewables Pty Ltd,,QLD1,630,300001,WAMBESS,Battery Storage,Lithium-ion,,,Scheduled,1,,630,,630,630,Publicly Announced,,,,46091,45749.85009259259,,,,,,,,,,,,,,,,,,,,,,,,,,,,,,,,,,,,,,,,,,,,,,,,,,,,,,,,,,,,,,,,,,,,,,,,,,,,,,,,,,,,,,,,,,,,,,,,,,,,,,,,,,,,,,,,,,,,,,,,,,,,,,,,,,,,,,,,,,,
176202|1762|WSBESS1|WANDB1|Battery Storage|Lithium-ion,1762,Wandoan South BESS,,Vena Evergy,TBSOL,QLD1,100,176202,WSBESS1,Battery Storage,Lithium-ion,,WANDB1,Scheduled,1,100,100,100,100,150,In Service,,2051,,46091,46175.68127314815,100,100,100,100,100,100,100,100,100,100,100,100,100,100,100,100,100,100,100,100,100,100,100,100,100,100,100,100,100,100,141,135,135,131,131,127,127,123,123,119,119,116,116,113,113,110,110,107,107,104,,,,,,,,,,,,,,,,,,,,,,,,,,,,,,,,,,,,,,,,,,,,,,,,,,,,,,,,,,,,,,,,,,,,,,,,,,,,,,,,,,,,,,,,,
145501|1455|Wandoan Solar Farm 1|WANDSF1|Solar PV|Single Axis Tracking,1455,Wandoan South Solar Stage 1,Q00007,Vena Evergy,TBSOL,QLD1,125,145501,Wandoan Solar Farm 1,Solar PV,Single Axis Tracking,,WANDSF1,Semi-scheduled,1,160,125,160,125,,In Service,,2053,,46361,46130.62233796297,125,125,125,125,125,125,125,125,125,125,125,125,125,125,125,125,125,125,125,125,125,125,125,125,125,125,125,125,125,125,,,,,,,,,,,,,,,,,,,,,,,,,,,,,,,,,,,,,,,,,,,,,,,,,,,,,,,,,,,,,,,,,,,,,,,,,,,,,,,,,,,,,,,,,,,,,,,,,,,,,,,,,,,,,
243701|2437|WSF2|WANDSF2|Solar PV|Single Axis Tracking,2437,Wandoan South Solar Stage 2,,TBSOL,TBSOL,QLD1,240,243701,WSF2,Solar PV,Single Axis Tracking,,WANDSF2,Semi-scheduled,1,320,240,320,240,,Committed,46569,2052,,46361,46122.59684027778,0,0,0,0,240,240,240,240,240,240,240,240,240,240,240,240,240,240,240,240,240,240,240,240,240,240,240,,,,,,,,,,,,,,,,,,,,,,,,,,,,,,,,,,,,,,,,,,,,,,,,,,,,,,,,,,,,,,,,,,,,,,,,,,,,,,,,,,,,,,,,,,,,,,,,,,,,,,,,,,,,,,,,
149901|1499|Wangaratta Solar Farm:SMA Inverter|WNSF1|Solar PV|Single Axis Tracking,1499,Wangaratta Solar Farm,,Wangaratta Solar Farm Pty Ltd,cleanpeakenergy_NR,VIC1,22,149901,Wangaratta Solar Farm:SMA Inverter,Solar PV,Single Axis Tracking,,WNSF1,Significant Non-scheduled,6,7.13,4.4,42.78,26.4,,In Service,46089,2056,,,46182.655960648146,,,,,,,,,,,,,,,,,,,,,,,,,,,,,,,,,,,,,,,,,,,,,,,,,,,,,,,,,,,,,,,,,,,,,,,,,,,,,,,,,,,,,,,,,,,,,,,,,,,,,,,,,,,,,,,,,,,,,,,,,,,,,,,,,,,,,,,,,,,
149902|1499|Wangaratta Solar Farm BESS||Battery Storage|Lithium-ion,1499,Wangaratta Solar Farm,,Wangaratta Solar Farm Pty Ltd,cleanpeakenergy_NR,VIC1,22,149902,Wangaratta Solar Farm BESS,Battery Storage,Lithium-ion,,,Non-scheduled,36,,0,,0,180.72,Publicly Announced,46508,2056,,,46182.655960648146,,,,,,,,,,,,,,,,,,,,,,,,,,,,,,,,,,,,,,,,,,,,,,,,,,,,,,,,,,,,,,,,,,,,,,,,,,,,,,,,,,,,,,,,,,,,,,,,,,,,,,,,,,,,,,,,,,,,,,,,,,,,,,,,,,,,,,,,,,,
222001|2220|WSB_G1|WTAHB1|Battery Storage|Lithium-ion,2220,Waratah Super Battery,N00091,Munmorah Battery ProjectCo Pty Ltd,akayshaenergy_NR,NSW1,850,222001,WSB_G1,Battery Storage,Lithium-ion,,WTAHB1,Scheduled,288,2.91,2.95,838.08,849.6,1679.04,Committed,46266,2065,,46361,46167.397048611114,150.048,150.048,150.048,150.048,150.048,150.048,150.048,150.048,150.048,150.048,150.048,150.048,850,765,765,850,765,765,850,765,765,850,765,765,850,765,765,850,765,765,296.494,296.494,296.494,296.494,296.494,296.494,296.494,296.494,1679.94,1508.08,1679.94,1508.08,1679.94,1508.08,1679.94,1508.08,1679.94,1508.08,1679.94,1508.08,,,,,,,,,,,,,,,,,,,,,,,,,,,,,,,,,,,,,,,,,,,,,,,,,,,,,,,,,,,,,,,,,,,,,,,,,,,,,,,,,,,,,,,,,
163601|1636|Warracknabeal Wind Farm:15||Wind|Onshore,1636,Warracknabeal Wind Farm,V00163,WestWind Energy Pty Ltd,w-wind_NR,VIC1,1500,163601,Warracknabeal Wind Farm:15,Wind,Onshore,,,Semi-scheduled,219,,7.5,,1642.5,,Publicly Announced,48579,2067,,46091,46150.501539351855,,,,,,,,,,,,,,,,,,,,,,,,,,,,,,,,,,,,,,,,,,,,,,,,,,,,,,,,,,,,,,,,,,,,,,,,,,,,,,,,,,,,,,,,,,,,,,,,,,,,,,,,,,,,,,,,,,,,,,,,,,,,,,,,,,,,,,,,,,,
320801|3208|WBESS_GU1||Battery Storage|Lithium-ion,3208,Warrego BESS (WBESS) - KCI,Q00270,CI Warrego Pty Ltd as The Trustee for CI Warrego Trust,,QLD1,250,320801,WBESS_GU1,Battery Storage,Lithium-ion,,,Scheduled,1,,250,,250,250,Publicly Announced,,,,46091,46044.66872685185,,,,,,,,,,,,,,,,,,,,,,,,,,,,,,,,,,,,,,,,,,,,,,,,,,,,,,,,,,,,,,,,,,,,,,,,,,,,,,,,,,,,,,,,,,,,,,,,,,,,,,,,,,,,,,,,,,,,,,,,,,,,,,,,,,,,,,,,,,,
299801|2998|WHBESS||Battery Storage|Lithium-ion,2998,Warrenheip BESS,V00175,AE Solar 6 Pty Ltd as Trustee for AE Solar 6 Unit Trust,,VIC1,240,299801,WHBESS,Battery Storage,Lithium-ion,,,Semi-scheduled,1,,240,,240,240,Publicly Announced,,,,46091,45842.7809837963,,,,,,,,,,,,,,,,,,,,,,,,,,,,,,,,,,,,,,,,,,,,,,,,,,,,,,,,,,,,,,,,,,,,,,,,,,,,,,,,,,,,,,,,,,,,,,,,,,,,,,,,,,,,,,,,,,,,,,,,,,,,,,,,,,,,,,,,,,,
153004|1530|WARWSF1|WARWSF1|Solar PV|Single Axis Tracking,1530,Warwick Solar Farm,,The University of Queensland,uq.edu.au_NR,QLD1,64,153004,WARWSF1,Solar PV,Single Axis Tracking,,WARWSF1,Semi-scheduled,8,,4,,32,,In Service,,2046,,46361,46150.50387731481,32,32,32,32,32,32,32,32,32,32,32,32,32,32,32,32,32,32,32,32,32,32,32,32,32,32,32,32,32,32,,,,,,,,,,,,,,,,,,,,,,,,,,,,,,,,,,,,,,,,,,,,,,,,,,,,,,,,,,,,,,,,,,,,,,,,,,,,,,,,,,,,,,,,,,,,,,,,,,,,,,,,,,,,,
153005|1530|WARWSF2|WARWSF2|Solar PV|Single Axis Tracking,1530,Warwick Solar Farm,,The University of Queensland,uq.edu.au_NR,QLD1,64,153005,WARWSF2,Solar PV,Single Axis Tracking,,WARWSF2,Semi-scheduled,8,,4,,32,,In Service,,2046,,46361,46150.50387731481,28.1,32,32,32,32,32,32,32,32,32,32,32,32,32,32,32,32,32,32,32,32,32,32,32,32,32,32,32,32,32,,,,,,,,,,,,,,,,,,,,,,,,,,,,,,,,,,,,,,,,,,,,,,,,,,,,,,,,,,,,,,,,,,,,,,,,,,,,,,,,,,,,,,,,,,,,,,,,,,,,,,,,,,,,,
225401|2254|WTWLWF||Wind|Onshore,2254,Watta Wella Power Station,V00034, RES Australia Pty Ltd,res-group_NR,VIC1,306,225401,WTWLWF,Wind,Onshore,,,Semi-scheduled,45,6.8,6.8,306,306,,Publicly Announced,47473,2059,,46361,46167.74141203704,,,,,,,,,,,,,,,,,,,,,,,,,,,,,,,,,,,,,,,,,,,,,,,,,,,,,,,,,,,,,,,,,,,,,,,,,,,,,,,,,,,,,,,,,,,,,,,,,,,,,,,,,,,,,,,,,,,,,,,,,,,,,,,,,,,,,,,,,,,
263401|2634|WATB1||Battery Storage|Lithium-ion,2634,Wattle Creek Energy Hub - Battery Storage,N00143,Wattle Creek Energy Hub P/L,sparkrenewables_NR,NSW1,350,263401,WATB1,Battery Storage,Lithium-ion,,,Scheduled,324,1.15,1.15,372.6,372.6,1493.64,Publicly Announced,47119,2053,,46361,46167.72560185185,,,,,,,,,,,,,,,,,,,,,,,,,,,,,,,,,,,,,,,,,,,,,,,,,,,,,,,,,,,,,,,,,,,,,,,,,,,,,,,,,,,,,,,,,,,,,,,,,,,,,,,,,,,,,,,,,,,,,,,,,,,,,,,,,,,,,,,,,,,
263501|2635|WATB2||Battery Storage|Lithium-ion,2635,Wattle Creek Energy Hub - Solar / BESS,N00143,Wattle Creek Energy Hub P/L,sparkrenewables_NR,NSW1,180,263501,WATB2,Battery Storage,Lithium-ion,,,Scheduled,57,4.6,4.6,262.2,262.2,1048.8,Publicly Announced,47362,2054,,46091,46111.78223379629,,,,,,,,,,,,,,,,,,,,,,,,,,,,,,,,,,,,,,,,,,,,,,,,,,,,,,,,,,,,,,,,,,,,,,,,,,,,,,,,,,,,,,,,,,,,,,,,,,,,,,,,,,,,,,,,,,,,,,,,,,,,,,,,,,,,,,,,,,,
263502|2635|WATS||Solar PV|Fixed,2635,Wattle Creek Energy Hub - Solar / BESS,N00143,Wattle Creek Energy Hub P/L,sparkrenewables_NR,NSW1,180,263502,WATS,Solar PV,Fixed,,,Semi-scheduled,43,5.32,4.4,228.76,189.2,,Publicly Announced,47362,2064,,46091,46111.78223379629,,,,,,,,,,,,,,,,,,,,,,,,,,,,,,,,,,,,,,,,,,,,,,,,,,,,,,,,,,,,,,,,,,,,,,,,,,,,,,,,,,,,,,,,,,,,,,,,,,,,,,,,,,,,,,,,,,,,,,,,,,,,,,,,,,,,,,,,,,,
122501|1225|Waubra:1-15|WAUBRAWF|Wind|Onshore,1225,Waubra,,Pyrenees Wind Energy Developments,PYRENEES,VIC1,192,122501,Waubra:1-15,Wind,Onshore,,WAUBRAWF,Significant Non-scheduled,15,1.5,1.5,22.5,22.5,,In Service,,2034,,46091,46177.89230324074,22.5,22.5,0,22.5,22.5,0,22.5,22.5,0,22.5,22.5,0,22.5,22.5,0,22.5,22.5,0,22.5,22.5,0,22.5,22.5,0,22.5,22.5,0,22.5,22.5,0,0,0,0,0,0,0,0,0,0,0,0,0,0,0,0,0,0,0,0,0,,,,,,,,,,,,,,,,,,,,,,,,,,,,,,,,,,,,,,,,,,,,,,,,,,,,,,,,,,,,,,,,,,,,,,,,,,,,,,,,,,,,,,,,,
122502|1225|Waubra:16-77|WAUBRAWF|Wind|Onshore,1225,Waubra,,Pyrenees Wind Energy Developments,PYRENEES,VIC1,192,122502,Waubra:16-77,Wind,Onshore,,WAUBRAWF,Significant Non-scheduled,62,1.5,1.5,93,93,,In Service,,2034,,46091,46177.89230324074,93,93,0,93,93,0,93,93,0,93,93,0,93,93,0,93,93,0,93,93,0,93,93,0,93,93,0,0,,0,0,0,0,0,0,0,0,0,0,0,0,0,0,0,0,0,0,0,0,0,,,,,,,,,,,,,,,,,,,,,,,,,,,,,,,,,,,,,,,,,,,,,,,,,,,,,,,,,,,,,,,,,,,,,,,,,,,,,,,,,,,,,,,,,
122503|1225|Waubra:78-128|WAUBRAWF|Wind|Onshore,1225,Waubra,,Pyrenees Wind Energy Developments,PYRENEES,VIC1,192,122503,Waubra:78-128,Wind,Onshore,,WAUBRAWF,Significant Non-scheduled,51,1.5,1.5,76.5,76.5,,In Service,,2034,,46091,46177.89230324074,76.5,76.5,0,76.5,76.5,0,76.5,76.5,0,76.5,76.5,0,76.5,76.5,0,76.5,76.5,0,76.5,76.5,0,76.5,76.5,0,76.5,76.5,0,0,0,0,,,,,,,,,,,,,,,,,,,,,,,,,,,,,,,,,,,,,,,,,,,,,,,,,,,,,,,,,,,,,,,,,,,,,,,,,,,,,,,,,,,,,,,,,,,,,,,,,,,,,,,,,,,,,
278001|2780|waubrabe||Battery Storage|Lithium-ion,2780,Waubra BESS - KCI,V00156,Acciona Energy Australia Global,acciona_NR,VIC1,200,278001,waubrabe,Battery Storage,Lithium-ion,,,Scheduled,1,,200,,200,400,Publicly Announced,47467,2049,,46091,46101.4046875,,,,,,,,,,,,,,,,,,,,,,,,,,,,,,,,,,,,,,,,,,,,,,,,,,,,,,,,,,,,,,,,,,,,,,,,,,,,,,,,,,,,,,,,,,,,,,,,,,,,,,,,,,,,,,,,,,,,,,,,,,,,,,,,,,,,,,,,,,,
291301|2913|WTBS_GU1||Battery Storage|Compressed Air,2913,Wellington A-CAES,N00216,Hydrostor Australia Holdings P/L,hydrostor_NR,NSW1,500,291301,WTBS_GU1,Battery Storage,Compressed Air,,,Scheduled,4,125,125,500,500,4000,Publicly Announced,48579,2082,,46091,46101.417592592596,,,,,,,,,,,,,,,,,,,,,,,,,,,,,,,,,,,,,,,,,,,,,,,,,,,,,,,,,,,,,,,,,,,,,,,,,,,,,,,,,,,,,,,,,,,,,,,,,,,,,,,,,,,,,,,,,,,,,,,,,,,,,,,,,,,,,,,,,,,
196001|1960|WELNTH|WELNSF1|Solar PV|Single Axis Tracking,1960,Wellington North Solar Farm,N00047,Wellington North Solar Farm Pty Ltd,quintasenergy_NR,NSW1,330,196001,WELNTH,Solar PV,Single Axis Tracking,,WELNSF1,Semi-scheduled,104,4.1,4.2,426.4,436.8,,In Service,,2064,,46361,46170.52695601852,329.992,329.992,328.952,329.992,329.992,328.952,329.992,329.992,328.952,329.992,329.992,328.952,329.992,329.992,328.952,329.992,329.992,328.952,329.992,329.992,328.952,329.992,329.992,328.952,329.992,329.992,328.952,,,,,,,,,,,,,,,,,,,,,,,,,,,,,,,,,,,,,,,,,,,,,,,,,,,,,,,,,,,,,,,,,,,,,,,,,,,,,,,,,,,,,,,,,,,,,,,,,,,,,,,,,,,,,,,,
151502|1515|WELLSF1|WELLSF1|Solar PV|Single Axis Tracking,1515,Wellington South Solar Farm,,Wellington South Pty Ltd,quintasenergy_NR,NSW1,170,151502,WELLSF1,Solar PV,Single Axis Tracking,,WELLSF1,Semi-scheduled,132,1.5,1.64,198,216.48,,In Service,,2051,,46361,46170.5378587963,169.884,168.3,160.38,169.884,168.3,160.38,169.884,168.3,160.38,169.884,168.3,160.38,169.884,168.3,160.38,169.884,168.3,160.38,169.884,168.3,160.38,169.884,168.3,160.38,169.884,168.3,160.38,169.884,168.3,160.38,,,,,,,,,,,,,,,,,,,,,,,,,,,,,,,,,,,,,,,,,,,,,,,,,,,,,,,,,,,,,,,,,,,,,,,,,,,,,,,,,,,,,,,,,,,,,,,,,,,,,,,,,,,,,
156301|1563|Wemen Solar Farm:Wemen Solar Farm 1 - 39|WEMENSF1|Solar PV|Single Axis Tracking,1563,Wemen Solar Farm,,Wemen Asset Co Pty Ltd as Trustee to Wemen Solar Unit Trust,WEMENSF,VIC1,88,156301,Wemen Solar Farm:Wemen Solar Farm 1 - 39,Solar PV,Single Axis Tracking,,WEMENSF1,Semi-scheduled,39,2.82,2.5,109.98,97.5,,In Service,,2049,,46091,46140.7419212963,87.984,85.527,82.368,87.984,85.527,82.368,87.984,85.527,82.368,87.984,85.527,82.368,87.984,85.527,82.368,87.984,85.527,82.368,87.984,85.527,82.368,87.984,85.527,82.368,87.984,85.527,82.368,87.984,85.527,82.368,,,,,,,,,,,,,,,,,,,,,,,,,,,,,,,,,,,,,,,,,,,,,,,,,,,,,,,,,,,,,,,,,,,,,,,,,,,,,,,,,,,,,,,,,,,,,,,,,,,,,,,,,,,,,
122601|1226|WILC1|WESTILL1|Gas Turbine|Other,1226,West Illawarra Leagues Club,,Western Suburbs Leagues Club,enel_NR,NSW1,1,122601,WILC1,Gas Turbine,Other,Diesel/ Fuel Oil,WESTILL1,Non-scheduled,2,,0.72,,1.44,,In Service,,2050,,45992,45701.037523148145,,,,,,,,,,,,,,,,,,,,,,,,,,,,,,,,,,,,,,,,,,,,,,,,,,,,,,,,,,,,,,,,,,,,,,,,,,,,,,,,,,,,,,,,,,,,,,,,,,,,,,,,,,,,,,,,,,,,,,,,,,,,,,,,,,,,,,,,,,,
122703|1227|WKIEWA1a|WKIEWA1|Hydro|Dam,1227,West Kiewa,,AGL Hydro Partnership,SOUTHHYD,VIC1,68,122703,WKIEWA1a,Hydro,Dam,,WKIEWA1,Scheduled,1,,17,,17,,In Service,,2057,,46091,46105.47769675926,17,17,17,17,17,17,17,17,17,17,17,17,17,17,17,17,17,17,17,17,17,17,17,17,17,17,17,17,17,17,,,,,,,,,,,,,,,,,,,,,,,,,,,,,,,,,,,,,,,,,,,,,,,,,,,,,,,,,,,,,,,,,,,,,,,,,,,,,,,,,,,,,,,,,,,,,,,,,,,,,,,,,,,,,
122704|1227|WKIEWA1b|WKIEWA1|Hydro|Dam,1227,West Kiewa,,AGL Hydro Partnership,SOUTHHYD,VIC1,68,122704,WKIEWA1b,Hydro,Dam,,WKIEWA1,Scheduled,1,,17,,17,,In Service,,2057,,46091,46105.47769675926,17,17,17,17,17,17,17,17,17,17,17,17,17,17,17,17,17,17,17,17,17,17,17,17,17,17,17,17,17,17,,,,,,,,,,,,,,,,,,,,,,,,,,,,,,,,,,,,,,,,,,,,,,,,,,,,,,,,,,,,,,,,,,,,,,,,,,,,,,,,,,,,,,,,,,,,,,,,,,,,,,,,,,,,,
122705|1227|WKIEWA2a|WKIEWA1|Hydro|Dam,1227,West Kiewa,,AGL Hydro Partnership,SOUTHHYD,VIC1,68,122705,WKIEWA2a,Hydro,Dam,,WKIEWA1,Scheduled,1,,17,,17,,In Service,,2057,,46091,46105.47769675926,17,17,17,17,17,17,17,17,17,17,17,17,17,17,17,17,17,17,17,17,17,17,17,17,17,17,17,17,17,17,,,,,,,,,,,,,,,,,,,,,,,,,,,,,,,,,,,,,,,,,,,,,,,,,,,,,,,,,,,,,,,,,,,,,,,,,,,,,,,,,,,,,,,,,,,,,,,,,,,,,,,,,,,,,
122706|1227|WKIEWA2b|WKIEWA1|Hydro|Dam,1227,West Kiewa,,AGL Hydro Partnership,SOUTHHYD,VIC1,68,122706,WKIEWA2b,Hydro,Dam,,WKIEWA1,Scheduled,1,,17,,17,,In Service,,2057,,46091,46105.47769675926,17,17,17,17,17,17,17,17,17,17,17,17,17,17,17,17,17,17,17,17,17,17,17,17,17,17,17,17,17,17,,,,,,,,,,,,,,,,,,,,,,,,,,,,,,,,,,,,,,,,,,,,,,,,,,,,,,,,,,,,,,,,,,,,,,,,,,,,,,,,,,,,,,,,,,,,,,,,,,,,,,,,,,,,,
200001|2000|WMDCBESS||Battery Storage|Lithium-ion,2000,West Mokoan Solar Farm and BESS,V00105,West Mokoan Solar Farm,lightsourcebp_NR,VIC1,300,200001,WMDCBESS,Battery Storage,Lithium-ion,,,Scheduled,112,7,2.67,784,299.04,1568,Anticipated,47301,2069,,46361,46176.395266203705,0,0,0,0,0,0,298.704,295.68,282.24,298.704,295.68,282.24,298.704,295.68,282.24,298.704,295.68,282.24,298.704,295.68,282.24,298.704,295.68,282.24,298.704,295.68,282.24,298.704,295.68,282.24,0,0,0,0,1448,1448,1375,1375,1340,1340,1311,1311,1285,1285,1261,1261,1240,1240,1220,1220,,,,,,,,,,,,,,,,,,,,,,,,,,,,,,,,,,,,,,,,,,,,,,,,,,,,,,,,,,,,,,,,,,,,,,,,,,,,,,,,,,,,,,,,,
200003|2000|WMSF||Solar PV|Single Axis Tracking,2000,West Mokoan Solar Farm and BESS,V00105,West Mokoan Solar Farm,lightsourcebp_NR,VIC1,300,200003,WMSF,Solar PV,Single Axis Tracking,,,Scheduled,112,3.3,3.58,369.6,400.96,,Anticipated,47301,2069,,46361,46176.395266203705,0,0,0,0,0,0,0,0,0,300.048,297.024,283.472,300.048,592.7,283.472,300.048,592.7,283.472,300.048,592.7,283.472,300.048,592.7,283.472,300.048,592.7,283.472,300.048,592.7,283.472,,,,,,,,,,,,,,,,,,,,,,,,,,,,,,,,,,,,,,,,,,,,,,,,,,,,,,,,,,,,,,,,,,,,,,,,,,,,,,,,,,,,,,,,,,,,,,,,,,,,,,,,,,,,,
190402|1904|WWSFPV|WSTWYSF1|Solar PV|Single Axis Tracking,1904,West Wyalong Solar Farm,,West Wyalong Fund Pty Ltd,quintasenergy_NR,NSW1,90,190402,WWSFPV,Solar PV,Single Axis Tracking,,WSTWYSF1,Semi-scheduled,29,3.72,3.63,107.88,105.27,,In Service,,2058,,46361,46170.58621527778,90.016,90.016,90.016,90.016,90.016,90.016,90.016,90.016,90.016,90.016,90.016,90.016,90.016,90.016,90.016,90.016,90.016,90.016,90.016,90.016,90.016,90.016,90.016,90.016,90.016,90.016,90.016,,,,,,,,,,,,,,,,,,,,,,,,,,,,,,,,,,,,,,,,,,,,,,,,,,,,,,,,,,,,,,,,,,,,,,,,,,,,,,,,,,,,,,,,,,,,,,,,,,,,,,,,,,,,,,,,
196602|1966|WDBESS1|WDBESS1|Battery Storage|Lithium-ion,1966,Western Downs Battery - Stage 1 And 2,,Western Downs BESS Pty Ltd as trustee for Western Downs BESS Trust,WDOWBESS,QLD1,510,196602,WDBESS1,Battery Storage,Lithium-ion,,WDBESS1,Scheduled,140,1.93,1.82,270.2,254.8,509.6,In Service,,2048,,46361,46169.3774537037,255,255,255,255,255,255,255,255,255,255,255,255,255,255,255,255,255,255,255,255,255,254.8,255,255,255,255,255,255,255,255,510,510,510,510,510,510,510,510,510,510,510,510,510,510,510,510,510,510,510,510,,,,,,,,,,,,,,,,,,,,,,,,,,,,,,,,,,,,,,,,,,,,,,,,,,,,,,,,,,,,,,,,,,,,,,,,,,,,,,,,,,,,,,,,,
196603|1966|WDBESS2|WDBESS2|Battery Storage|Lithium-ion,1966,Western Downs Battery - Stage 1 And 2,,Western Downs BESS Pty Ltd as trustee for Western Downs BESS Trust,WDOWBESS,QLD1,510,196603,WDBESS2,Battery Storage,Lithium-ion,,WDBESS2,Scheduled,140,1.93,1.82,270.2,254.8,509.6,In Service,,2048,,46361,46169.3774537037,255,255,255,255,255,255,255,255,255,255,255,255,255,255,255,255,255,255,255,255,255,255,255,255,255,255,255,255,255,255,510,510,510,510,510,510,510,510,510,510,510,510,510,510,510,510,510,510,510,510,,,,,,,,,,,,,,,,,,,,,,,,,,,,,,,,,,,,,,,,,,,,,,,,,,,,,,,,,,,,,,,,,,,,,,,,,,,,,,,,,,,,,,,,,
201101|2011|WDGPH|WDGPH1|Solar PV|Single Axis Tracking,2011,Western Downs Green Power Hub P/L,,Western Downs Green Power Hub Pty Ltd,WDOWNS,QLD1,400,201101,WDGPH,Solar PV,Single Axis Tracking,,WDGPH1,Semi-scheduled,167,,2.4,,400.8,,In Service,,2046,,46091,46111.649502314816,399.965,399.965,394.955,399.965,399.965,394.955,399.965,399.965,394.955,399.965,399.965,394.955,399.965,399.965,394.955,399.965,399.965,394.955,399.965,399.965,394.955,399.965,399.965,394.955,399.965,399.965,394.955,399.965,399.965,394.955,,,,,,,,,,,,,,,,,,,,,,,,,,,,,,,,,,,,,,,,,,,,,,,,,,,,,,,,,,,,,,,,,,,,,,,,,,,,,,,,,,,,,,,,,,,,,,,,,,,,,,,,,,,,,
218501|2185|WS_G1||Other|Other,2185,Western Sydney Energy & Resource Recovery Centre,N00042, Western Sydney Energy & Resource Recovery Centre ,,NSW1,58,218501,WS_G1,Other,Other,,,Scheduled,1,,58,,58,,Publicly Announced,,,,46091,44945.76627314815,,,,,,,,,,,,,,,,,,,,,,,,,,,,,,,,,,,,,,,,,,,,,,,,,,,,,,,,,,,,,,,,,,,,,,,,,,,,,,,,,,,,,,,,,,,,,,,,,,,,,,,,,,,,,,,,,,,,,,,,,,,,,,,,,,,,,,,,,,,
274201|2742|WSPH_GU1||Hydro|Pumped Hydro,2742,Western Sydney Pumped Hydro Project,,Zen Energy Retail Pty Ltd,zenenergy_NR,NSW1,830,274201,WSPH_GU1,Hydro,Pumped Hydro,,,Scheduled,4,,207.5,,830,12000,Publicly Announced,48580,2084,,46091,46113.62290509259,,,,,,,,,,,,,,,,,,,,,,,,,,,,,,,,,,,,,,,,,,,,,,,,,,,,,,,,,,,,,,,,,,,,,,,,,,,,,,,,,,,,,,,,,,,,,,,,,,,,,,,,,,,,,,,,,,,,,,,,,,,,,,,,,,,,,,,,,,,
331101|3311|Western Tables Wind Farm||Wind|Onshore,3311,Western Tables Wind Farm - KCI,V00205,,,VIC1,1000,331101,Western Tables Wind Farm,Wind,Onshore,,,Semi-scheduled,1,,1000,,1000,,Publicly Announced,,,,,46205.41972222222,,,,,,,,,,,,,,,,,,,,,,,,,,,,,,,,,,,,,,,,,,,,,,,,,,,,,,,,,,,,,,,,,,,,,,,,,,,,,,,,,,,,,,,,,,,,,,,,,,,,,,,,,,,,,,,,,,,,,,,,,,,,,,,,,,,,,,,,,,,
166201|1662|WRWSF1|WRSF1|Solar PV|Fixed,1662,White Rock Solar Farm,,Goldwind Australia Pty Ltd,goldwindaustralia_NR,NSW1,20,166201,WRWSF1,Solar PV,Fixed,,WRSF1,Semi-scheduled,8,2.5,2.5,20,20,,In Service,,2043,,46091,46167.64832175926,20,20,20,20,20,20,20,20,20,20,20,20,20,20,20,20,20,20,20,20,20,20,20,20,20,20,20,20,20,20,,,,,,,,,,,,,,,,,,,,,,,,,,,,,,,,,,,,,,,,,,,,,,,,,,,,,,,,,,,,,,,,,,,,,,,,,,,,,,,,,,,,,,,,,,,,,,,,,,,,,,,,,,,,,
127701|1277|White Rock Wind Farm - Stage 1:Stage 1 committed 1|WRWF1|Wind|Onshore,1277,White Rock Wind Farm - Stage 1,,CECEP Wind Power Australia Pty Ltd,WROCKWF,NSW1,172.5,127701,White Rock Wind Farm - Stage 1:Stage 1 committed 1,Wind,Onshore,,WRWF1,Semi-scheduled,70,2.5,2.5,175,175,,In Service,,2038,,46091,46154.34344907408,172.48,172.48,172.48,172.48,172.48,172.48,172.48,172.48,172.48,172.48,172.48,172.48,172.48,172.48,172.48,172.48,172.48,172.48,172.48,172.48,172.48,172.48,172.48,172.48,172.48,172.48,172.48,172.48,172.48,172.48,,,,,,,,,,,,,,,,,,,,,,,,,,,,,,,,,,,,,,,,,,,,,,,,,,,,,,,,,,,,,,,,,,,,,,,,,,,,,,,,,,,,,,,,,,,,,,,,,,,,,,,,,,,,,
166101|1661|White Rock Wind Farm - Stage 2:Stage 2 uncommitted||Wind|Onshore,1661,White Rock Wind Farm - Stage 2,N00011,White Rock Wind Farm Pty Ltd,WROCKWF,NSW1,215,166101,White Rock Wind Farm - Stage 2:Stage 2 uncommitted,Wind,Onshore,,,Semi-scheduled,47,4.5,4.5,211.5,211.5,,Publicly Announced,46843,2053,,46361,46156.44321759259,,,,,,,,,,,,,,,,,,,,,,,,,,,,,,,,,,,,,,,,,,,,,,,,,,,,,,,,,,,,,,,,,,,,,,,,,,,,,,,,,,,,,,,,,,,,,,,,,,,,,,,,,,,,,,,,,,,,,,,,,,,,,,,,,,,,,,,,,,,
140701|1407|WSF:1-23|WHITSF1|Solar PV|Single Axis Tracking,1407,Whitsunday Solar Farm,,Whitsunday Solar Farm Pty Ltd,WSUNDAY,QLD1,56,140701,WSF:1-23,Solar PV,Single Axis Tracking,,WHITSF1,Semi-scheduled,23,,2.5,,57.5,,In Service,,2048,,46091,46002.61628472222,56.005,54.901,54.119,56.005,54.901,54.119,56.005,54.901,54.119,56.005,54.901,54.119,56.005,54.901,54.119,56.005,54.901,54.119,56.005,54.901,54.119,56.005,54.901,54.119,56.005,54.901,54.119,,,,,,,,,,,,,,,,,,,,,,,,,,,,,,,,,,,,,,,,,,,,,,,,,,,,,,,,,,,,,,,,,,,,,,,,,,,,,,,,,,,,,,,,,,,,,,,,,,,,,,,,,,,,,,,,
122901|1229|GM1|WHIT1|Gas Turbine|Other,1229,Whitwood Road,,LMS Energy Pty Ltd,LMS_NR,QLD1,0.5,122901,GM1,Gas Turbine,Other,Landfill Gas,WHIT1,Non-scheduled,1,,0.5,,0.5,,In Service,,2052,,46361,46163.92527777778,,,,,,,,,,,,,,,,,,,,,,,,,,,,,,,,,,,,,,,,,,,,,,,,,,,,,,,,,,,,,,,,,,,,,,,,,,,,,,,,,,,,,,,,,,,,,,,,,,,,,,,,,,,,,,,,,,,,,,,,,,,,,,,,,,,,,,,,,,,
122903|1229|GM2||Other|Other,1229,Whitwood Road,,LMS Energy Pty Ltd,LMS_NR,QLD1,0.5,122903,GM2,Other,Other,,,Non-scheduled,1,,1.1,,1.1,,Publicly Announced,46388,2052,,46361,46163.92527777778,,,,,,,,,,,,,,,,,,,,,,,,,,,,,,,,,,,,,,,,,,,,,,,,,,,,,,,,,,,,,,,,,,,,,,,,,,,,,,,,,,,,,,,,,,,,,,,,,,,,,,,,,,,,,,,,,,,,,,,,,,,,,,,,,,,,,,,,,,,
122903|1229|GM3||Other|Other,1229,Whitwood Road,,LMS Energy Pty Ltd,LMS_NR,QLD1,0.5,122903,GM3,Other,Other,,,Non-scheduled,1,,0.7,,0.7,,Publicly Announced,,2052,,46361,46163.92527777778,,,,,,,,,,,,,,,,,,,,,,,,,,,,,,,,,,,,,,,,,,,,,,,,,,,,,,,,,,,,,,,,,,,,,,,,,,,,,,,,,,,,,,,,,,,,,,,,,,,,,,,,,,,,,,,,,,,,,,,,,,,,,,,,,,,,,,,,,,,
132001|1320|Wilga Park Power Station A:1-4||Gas Turbine|Other,1320,Wilga Park Power Station A,,Santos,NARRABRI,NSW1,,132001,Wilga Park Power Station A:1-4,Gas Turbine,Other,Natural Gas,,Non-scheduled,4,,1,,4,,In Service,,,,44621,43242.620046296295,,,,,,,,,,,,,,,,,,,,,,,,,,,,,,,,,,,,,,,,,,,,,,,,,,,,,,,,,,,,,,,,,,,,,,,,,,,,,,,,,,,,,,,,,,,,,,,,,,,,,,,,,,,,,,,,,,,,,,,,,,,,,,,,,,,,,,,,,,,
132002|1320|Wilga Park Power Station A:5-6||Gas Turbine|Other,1320,Wilga Park Power Station A,,Santos,NARRABRI,NSW1,,132002,Wilga Park Power Station A:5-6,Gas Turbine,Other,Natural Gas,,Non-scheduled,2,,3,,6,,In Service,,,,44621,43242.620046296295,,,,,,,,,,,,,,,,,,,,,,,,,,,,,,,,,,,,,,,,,,,,,,,,,,,,,,,,,,,,,,,,,,,,,,,,,,,,,,,,,,,,,,,,,,,,,,,,,,,,,,,,,,,,,,,,,,,,,,,,,,,,,,,,,,,,,,,,,,,
134601|1346|Wilga Park Power Station B:7-8||Gas Turbine|Other,1346,Wilga Park Power Station B,,Santos,NARRABRI,NSW1,,134601,Wilga Park Power Station B:7-8,Gas Turbine,Other,Natural Gas,,Non-scheduled,2,,3,,6,,In Service,,,,44621,43242.62136574074,,,,,,,,,,,,,,,,,,,,,,,,,,,,,,,,,,,,,,,,,,,,,,,,,,,,,,,,,,,,,,,,,,,,,,,,,,,,,,,,,,,,,,,,,,,,,,,,,,,,,,,,,,,,,,,,,,,,,,,,,,,,,,,,,,,,,,,,,,,
128602|1286|Willatook Wind Farm BESS||Battery Storage|Lithium-ion,1286,Willatook,V00050,Wind Prospect WA Pty Ltd,windprospect_NR,VIC1,450,128602,Willatook Wind Farm BESS,Battery Storage,Lithium-ion,,,Scheduled,132,1.5,1.5,198,198,396,Publicly Announced,46600,2065,,46091,46106.61420138889,,,,,,,,,,,,,,,,,,,,,,,,,,,,,,,,,,,,,,,,,,,,,,,,,,,,,,,,,,,,,,,,,,,,,,,,,,,,,,,,,,,,,,,,,,,,,,,,,,,,,,,,,,,,,,,,,,,,,,,,,,,,,,,,,,,,,,,,,,,
128603|1286|Willatook Wind Farm||Wind|Onshore,1286,Willatook,V00050,Wind Prospect WA Pty Ltd,windprospect_NR,VIC1,450,128603,Willatook Wind Farm,Wind,Onshore,,,Semi-scheduled,52,7.2,7.2,374.4,374.4,,Publicly Announced,46600,2065,,46091,46106.61420138889,,,,,,,,,,,,,,,,,,,,,,,,,,,,,,,,,,,,,,,,,,,,,,,,,,,,,,,,,,,,,,,,,,,,,,,,,,,,,,,,,,,,,,,,,,,,,,,,,,,,,,,,,,,,,,,,,,,,,,,,,,,,,,,,,,,,,,,,,,,
242801|2428|WVBS_GU1||Battery Storage|Lithium-ion,2428,Willavale BESS,,X-Elio Willavale Park Trust,x-elio_NR,NSW1,300,242801,WVBS_GU1,Battery Storage,Lithium-ion,,,Scheduled,1,,300,,300,600,Publicly Announced,,,,46091,45729.990011574075,,,,,,,,,,,,,,,,,,,,,,,,,,,,,,,,,,,,,,,,,,,,,,,,,,,,,,,,,,,,,,,,,,,,,,,,,,,,,,,,,,,,,,,,,,,,,,,,,,,,,,,,,,,,,,,,,,,,,,,,,,,,,,,,,,,,,,,,,,,
242701|2427|WVSF_GU1||Solar PV|Fixed,2427,Willavale Solar Farm,N00126,X-Elio Australia Pty Ltd,x-elio_NR,NSW1,50,242701,WVSF_GU1,Solar PV,Fixed,,,Semi-scheduled,1,,50,,50,,Publicly Announced,,,,46091,45733.83572916667,,,,,,,,,,,,,,,,,,,,,,,,,,,,,,,,,,,,,,,,,,,,,,,,,,,,,,,,,,,,,,,,,,,,,,,,,,,,,,,,,,,,,,,,,,,,,,,,,,,,,,,,,,,,,,,,,,,,,,,,,,,,,,,,,,,,,,,,,,,
123001|1230|WILLHOV1|WILLHOV1|Hydro|Run of River,1230,William Hovel,,Pacific Hydro Investments Pty Ltd,pacificblue_nr,VIC1,1.5,123001,WILLHOV1,Hydro,Run of River,,WILLHOV1,Non-scheduled,1,,1.8,,1.8,,In Service,,2044,,46091,46163.57780092592,,,,,,,,,,,,,,,,,,,,,,,,,,,,,,,,,,,,,,,,,,,,,,,,,,,,,,,,,,,,,,,,,,,,,,,,,,,,,,,,,,,,,,,,,,,,,,,,,,,,,,,,,,,,,,,,,,,,,,,,,,,,,,,,,,,,,,,,,,,
252501|2525|WDBS_GU1||Battery Storage|Lithium-ion,2525,Williamsdale BESS,,Williamsdale BESS Project Co Pty Ltd as trustee for Williamsdale BESS Project Trust,ekuenergy_nr,NSW1,250,252501,WDBS_GU1,Battery Storage,Lithium-ion,,,Scheduled,136,1.93,1.93,262.48,262.48,523.6,Committed*,46288,2046,,46361,46170.57565972222,250,250,250,250,250,250,250,250,250,250,250,250,250,250,250,250,250,250,250,250,250,250,250,250,250,250,250,250,250,250,524,524,524,490,490,477,477,467,467,456,456,448,448,440,440,432,432,427,427,421,,,,,,,,,,,,,,,,,,,,,,,,,,,,,,,,,,,,,,,,,,,,,,,,,,,,,,,,,,,,,,,,,,,,,,,,,,,,,,,,,,,,,,,,,
280301|2803|WPBS_GU1||Battery Storage|Lithium-ion,2803,Wimmera Plains BESs,,BayWA r.e Projects Australia Pty Ltd,baywa-re_NR,VIC1,100,280301,WPBS_GU1,Battery Storage,Lithium-ion,,,Scheduled,1,,100,,100,400,Publicly Announced,,,,46091,46007.61954861111,,,,,,,,,,,,,,,,,,,,,,,,,,,,,,,,,,,,,,,,,,,,,,,,,,,,,,,,,,,,,,,,,,,,,,,,,,,,,,,,,,,,,,,,,,,,,,,,,,,,,,,,,,,,,,,,,,,,,,,,,,,,,,,,,,,,,,,,,,,
308901|3089|WPWF_GU1||Wind|Onshore,3089,Wimmera Plains Energy Facility,,BayWA r.e Projects Australia Pty Ltd,baywa-re_NR,VIC1,182.4,308901,WPWF_GU1,Wind,Onshore,,,Semi-scheduled,32,,5.56,,177.92,,Publicly Announced,,,,46091,46007.61681712963,,,,,,,,,,,,,,,,,,,,,,,,,,,,,,,,,,,,,,,,,,,,,,,,,,,,,,,,,,,,,,,,,,,,,,,,,,,,,,,,,,,,,,,,,,,,,,,,,,,,,,,,,,,,,,,,,,,,,,,,,,,,,,,,,,,,,,,,,,,
326201|3262|Wimmera Plains Energy Facility Stage 2||Wind|Onshore,3262,Wimmera Plains Energy Facility Stage 2 - KCI,V00201,BayWa r.e. Australia Pty Ltd,baywa-re_NR,VIC1,130,326201,Wimmera Plains Energy Facility Stage 2,Wind,Onshore,,,Semi-scheduled,1,,130,,130,,Publicly Announced,,,,46091,46120.395787037036,,,,,,,,,,,,,,,,,,,,,,,,,,,,,,,,,,,,,,,,,,,,,,,,,,,,,,,,,,,,,,,,,,,,,,,,,,,,,,,,,,,,,,,,,,,,,,,,,,,,,,,,,,,,,,,,,,,,,,,,,,,,,,,,,,,,,,,,,,,
235501|2355|WWF_GU1||Wind|Onshore,2355,Wimmera Plains Wind Farm - KCI,, Wimmera Plains Energy Facility Pty Ltd,baywa-re_NR,VIC1,312,235501,WWF_GU1,Wind,Onshore,,,Semi-scheduled,52,,6,,312,,Publicly Announced,,2057,,46361,45853.06327546296,,,,,,,,,,,,,,,,,,,,,,,,,,,,,,,,,,,,,,,,,,,,,,,,,,,,,,,,,,,,,,,,,,,,,,,,,,,,,,,,,,,,,,,,,,,,,,,,,,,,,,,,,,,,,,,,,,,,,,,,,,,,,,,,,,,,,,,,,,,
327201|3272|Wimpole BESS||Battery Storage|Lithium-ion,3272,Wimpole BESS - KCI,V00196,AMPYR Energy,ampyrenergy_nr,VIC1,220,327201,Wimpole BESS,Battery Storage,Lithium-ion,,,Scheduled,1,,220,,220,,Publicly Announced,,,,46091,46120.46472222222,,,,,,,,,,,,,,,,,,,,,,,,,,,,,,,,,,,,,,,,,,,,,,,,,,,,,,,,,,,,,,,,,,,,,,,,,,,,,,,,,,,,,,,,,,,,,,,,,,,,,,,,,,,,,,,,,,,,,,,,,,,,,,,,,,,,,,,,,,,
235701|2357|WGT_GU1||Gas Turbine|OCGT,2357,Winchelsea Gas Turbines - KCI,V00028, APA Power Holdings Pty Ltd,apa_NR,VIC1,220,235701,WGT_GU1,Gas Turbine,OCGT,Other,,Scheduled,1,,220,,220,,Publicly Announced,48582,2045,,46361,46161.43241898148,,,,,,,,,,,,,,,,,,,,,,,,,,,,,,,,,,,,,,,,,,,,,,,,,,,,,,,,,,,,,,,,,,,,,,,,,,,,,,,,,,,,,,,,,,,,,,,,,,,,,,,,,,,,,,,,,,,,,,,,,,,,,,,,,,,,,,,,,,,
123201|1232|Windy Hill:1-20|WHILL1|Wind|Onshore,1232,Windy Hill,,Ratch Australia,TOORAWF,QLD1,12,123201,Windy Hill:1-20,Wind,Onshore,,WHILL1,Non-scheduled,20,,0.6,,12,,In Service,,2030,,46091,46161.572291666664,,,,,,,,,,,,,,,,,,,,,,,,,,,,,,,,,,,,,,,,,,,,,,,,,,,,,,,,,,,,,,,,,,,,,,,,,,,,,,,,,,,,,,,,,,,,,,,,,,,,,,,,,,,,,,,,,,,,,,,,,,,,,,,,,,,,,,,,,,,
186801|1868|WTRBWTG1||Wind|Onshore,1868,Winterbourne Wind Farm,,WinterbourneWind Pty Ltd,vestas_NR,NSW1,731.6,186801,WTRBWTG1,Wind,Onshore,,,Semi-scheduled,118,6.2,6.2,731.6,731.6,,Publicly Announced,48213,2062,,46361,46147.77442129629,,,,,,,,,,,,,,,,,,,,,,,,,,,,,,,,,,,,,,,,,,,,,,,,,,,,,,,,,,,,,,,,,,,,,,,,,,,,,,,,,,,,,,,,,,,,,,,,,,,,,,,,,,,,,,,,,,,,,,,,,,,,,,,,,,,,,,,,,,,
278101|2781|wintonbe||Battery Storage|Lithium-ion,2781,Winton BESS,V00159,AE BESS 10 as Trustee for AE BESS 10 Unit Trust,avenisenergy_NR,VIC1,120,278101,wintonbe,Battery Storage,Lithium-ion,,,Scheduled,1,,120,,120,480,Publicly Announced,,,,46091,46091.567662037036,,,,,,,,,,,,,,,,,,,,,,,,,,,,,,,,,,,,,,,,,,,,,,,,,,,,,,,,,,,,,,,,,,,,,,,,,,,,,,,,,,,,,,,,,,,,,,,,,,,,,,,,,,,,,,,,,,,,,,,,,,,,,,,,,,,,,,,,,,,
198402|1984|COBS_GU1||Battery Storage|Lithium-ion,1984,Winton Energy Reserve 1,V00145,Lochard Energy,lochardenergy_NR,VIC1,400,198402,COBS_GU1,Battery Storage,Lithium-ion,,,Scheduled,1,,200,,200,400,Publicly Announced,,,,46091,46112.585486111115,,,,,,,,,,,,,,,,,,,,,,,,,,,,,,,,,,,,,,,,,,,,,,,,,,,,,,,,,,,,,,,,,,,,,,,,,,,,,,,,,,,,,,,,,,,,,,,,,,,,,,,,,,,,,,,,,,,,,,,,,,,,,,,,,,,,,,,,,,,
198404|1984|ReGAS||Gas Turbine|Other,1984,Winton Energy Reserve 1,V00145,Lochard Energy,lochardenergy_NR,VIC1,400,198404,ReGAS,Gas Turbine,Other,Natural Gas,,Scheduled,1,,200,,200,,Publicly Announced,,2050,,46091,46112.585486111115,,,,,,,,,,,,,,,,,,,,,,,,,,,,,,,,,,,,,,,,,,,,,,,,,,,,,,,,,,,,,,,,,,,,,,,,,,,,,,,,,,,,,,,,,,,,,,,,,,,,,,,,,,,,,,,,,,,,,,,,,,,,,,,,,,,,,,,,,,,
303801|3038|WNSF_GU1||Solar PV|Fixed,3038,Winton North Solar Farm,,EE Solar 12 Pty Ltd as trustee for the EE Solar 12 Trust,europeanenergy_nr,VIC1,100,303801,WNSF_GU1,Solar PV,Fixed,,,Semi-scheduled,1,102,100,102,100,,Anticipated,46507,2057,,46361,46162.63928240741,0,0,0,93,100,100,93,100,100,93,100,100,93,100,100,93,100,100,93,100,100,93,100,100,93,100,100,93,100,100,,,,,,,,,,,,,,,,,,,,,,,,,,,,,,,,,,,,,,,,,,,,,,,,,,,,,,,,,,,,,,,,,,,,,,,,,,,,,,,,,,,,,,,,,,,,,,,,,,,,,,,,,,,,,
326001|3260|Winton Renewable Energy Storage and Stability Term||Battery Storage|Lithium-ion,3260,Winton Renewable Energy Storage and Stability Terminal (WRESST),V00197,Winton Renewable Energy Stability and Storage Terminal Pty Ltd,,VIC1,400,326001,Winton Renewable Energy Storage and Stability Term,Battery Storage,Lithium-ion,,,Scheduled,1,,400,,400,,Publicly Announced,,,,46091,46127.52877314815,,,,,,,,,,,,,,,,,,,,,,,,,,,,,,,,,,,,,,,,,,,,,,,,,,,,,,,,,,,,,,,,,,,,,,,,,,,,,,,,,,,,,,,,,,,,,,,,,,,,,,,,,,,,,,,,,,,,,,,,,,,,,,,,,,,,,,,,,,,
167401|1674|Winton Solar Farm:1|WINTSF1|Solar PV|Single Axis Tracking,1674,Winton Solar Farm,,Winton Asset Co. Pty Ltd as Trustee of the Winton Asset Trust,WINTONSF,VIC1,85,167401,Winton Solar Farm:1,Solar PV,Single Axis Tracking,,WINTSF1,Semi-scheduled,1,85,85,85,85,,In Service,,2051,,46091,46101.753958333335,85,85,84.99,85,85,84.99,85,85,84.99,85,85,84.99,85,85,84.99,85,85,84.99,85,85,84.99,85,85,84.99,85,85,84.99,85,85,84.99,,,,,,,,,,,,,,,,,,,,,,,,,,,,,,,,,,,,,,,,,,,,,,,,,,,,,,,,,,,,,,,,,,,,,,,,,,,,,,,,,,,,,,,,,,,,,,,,,,,,,,,,,,,,,
123501|1235|Wivenhoe 1|W/HOE#1|Hydro|Pumped Hydro,1235,Wivenhoe,,CleanCo Queensland Limited,CLEANCO,QLD1,570,123501,Wivenhoe 1,Hydro,Pumped Hydro,,W/HOE#1,Scheduled,1,,285,,285,3000,In Service,,2084,,46091,46108.434016203704,285,285,285,285,285,285,285,285,285,285,285,285,285,285,285,285,285,285,285,285,285,285,285,285,285,285,285,285,285,285,3000,3000,3000,3000,3000,3000,3000,3000,3000,3000,3000,3000,3000,3000,3000,3000,3000,3000,3000,3000,,,,,,,,,,,,,,,,,,,,,,,,,,,,,,,,,,,,,,,,,,,,,,,,,,,,,,,,,,,,,,,,,,,,,,,,,,,,,,,,,,,,,,,,,
123502|1235|Wivenhoe:2|W/HOE#2|Hydro|Pumped Hydro,1235,Wivenhoe,,CleanCo Queensland Limited,CLEANCO,QLD1,570,123502,Wivenhoe:2,Hydro,Pumped Hydro,,W/HOE#2,Scheduled,1,,285,,285,3000,In Service,,2084,,46091,46108.434016203704,285,285,285,285,285,285,285,285,285,285,285,285,285,285,285,285,285,285,285,285,285,285,285,285,285,285,285,285,285,285,3000,3000,3000,3000,3000,3000,3000,3000,3000,3000,3000,3000,3000,3000,3000,3000,3000,3000,3000,3000,,,,,,,,,,,,,,,,,,,,,,,,,,,,,,,,,,,,,,,,,,,,,,,,,,,,,,,,,,,,,,,,,,,,,,,,,,,,,,,,,,,,,,,,,
270901|2709|Wodonga||Battery Storage|Lithium-ion,2709,Wodonga BESS,V00151,IBERDROLA AUSTRALIA DEVELOPMENT PTY LIMITED,iberdrola_NR,VIC1,250,270901,Wodonga,Battery Storage,Lithium-ion,,,Scheduled,1,,250,,250,500,Publicly Announced,,,,46361,46168.607152777775,,,,,,,,,,,,,,,,,,,,,,,,,,,,,,,,,,,,,,,,,,,,,,,,,,,,,,,,,,,,,,,,,,,,,,,,,,,,,,,,,,,,,,,,,,,,,,,,,,,,,,,,,,,,,,,,,,,,,,,,,,,,,,,,,,,,,,,,,,,
199601|1996|Wdnga_U1||Solar PV|Single Axis Tracking,1996,Wodonga Solar Farm,,Wodonga Solar Power ,wodongasolar_NR,VIC1,65,199601,Wdnga_U1,Solar PV,Single Axis Tracking,,,Semi-scheduled,19,,4,,76,,Publicly Announced,,,,46091,44981.8715625,,,,,,,,,,,,,,,,,,,,,,,,,,,,,,,,,,,,,,,,,,,,,,,,,,,,,,,,,,,,,,,,,,,,,,,,,,,,,,,,,,,,,,,,,,,,,,,,,,,,,,,,,,,,,,,,,,,,,,,,,,,,,,,,,,,,,,,,,,,
276901|2769|WRBS_GU1||Battery Storage|Lithium-ion,2769,Wollar BESS,N00171,Wollar Solar Finance Pty Ltd.,,NSW1,300,276901,WRBS_GU1,Battery Storage,Lithium-ion,,,Scheduled,150,,2,,300,,Publicly Announced,,,,46091,45476.05700231482,,,,,,,,,,,,,,,,,,,,,,,,,,,,,,,,,,,,,,,,,,,,,,,,,,,,,,,,,,,,,,,,,,,,,,,,,,,,,,,,,,,,,,,,,,,,,,,,,,,,,,,,,,,,,,,,,,,,,,,,,,,,,,,,,,,,,,,,,,,
171601|1716|Wollar|WOLARSF1|Solar PV|Single Axis Tracking,1716,Wollar Solar Farm,,Wollar Solar Development Pty Ltd,bjeiaustralia_NR,NSW1,280,171601,Wollar,Solar PV,Single Axis Tracking,,WOLARSF1,Semi-scheduled,1,280,280,280,280,,In Service,45982,2054,,46091,46093.619791666664,280,280,280,280,280,280,280,280,280,280,280,280,280,280,280,280,280,280,280,280,280,280,280,280,280,280,280,280,280,280,,,,,,,,,,,,,,,,,,,,,,,,,,,,,,,,,,,,,,,,,,,,,,,,,,,,,,,,,,,,,,,,,,,,,,,,,,,,,,,,,,,,,,,,,,,,,,,,,,,,,,,,,,,,,
123801|1238|GM1-7||Gas Turbine|Other,1238,Wollert,,LMS Energy Pty Ltd,LMSENE,VIC1,7.7,123801,GM1-7,Gas Turbine,Other,Landfill Gas,,Non-scheduled,7,,1.12,,7.84,,In Service,,2044,,46091,46119.836689814816,,,,,,,,,,,,,,,,,,,,,,,,,,,,,,,,,,,,,,,,,,,,,,,,,,,,,,,,,,,,,,,,,,,,,,,,,,,,,,,,,,,,,,,,,,,,,,,,,,,,,,,,,,,,,,,,,,,,,,,,,,,,,,,,,,,,,,,,,,,
235801|2358|WGT_GU1||Gas Turbine|OCGT,2358,Wollert Gas Turbine - KCI,V00023, APA Power Holdings Pty Ltd,apa_NR,VIC1,600,235801,WGT_GU1,Gas Turbine,OCGT,Other,,Scheduled,1,,600,,600,,Publicly Announced,49310,2045,,46361,46161.434328703705,,,,,,,,,,,,,,,,,,,,,,,,,,,,,,,,,,,,,,,,,,,,,,,,,,,,,,,,,,,,,,,,,,,,,,,,,,,,,,,,,,,,,,,,,,,,,,,,,,,,,,,,,,,,,,,,,,,,,,,,,,,,,,,,,,,,,,,,,,,
281001|2810|WWF_GU1||Wind|Onshore,2810,Wombelano Wind Farm,,Wind Projects Australia Project 1 Pty Ltd,feraaustralia_nr,VIC1,25,281001,WWF_GU1,Wind,Onshore,,,Semi-scheduled,3,,7.8,,23.4,,Publicly Announced,47484,2060,,46361,46164.68785879629,,,,,,,,,,,,,,,,,,,,,,,,,,,,,,,,,,,,,,,,,,,,,,,,,,,,,,,,,,,,,,,,,,,,,,,,,,,,,,,,,,,,,,,,,,,,,,,,,,,,,,,,,,,,,,,,,,,,,,,,,,,,,,,,,,,,,,,,,,,
281002|2810|WWF_GU2||Battery Storage|Lithium-ion,2810,Wombelano Wind Farm,,Wind Projects Australia Project 1 Pty Ltd,feraaustralia_nr,VIC1,25,281002,WWF_GU2,Battery Storage,Lithium-ion,,,Scheduled,2,5,5,10,10,35.6,Publicly Announced,47119,2060,,46361,46164.68785879629,,,,,,,,,,,,,,,,,,,,,,,,,,,,,,,,,,,,,,,,,,,,,,,,,,,,,,,,,,,,,,,,,,,,,,,,,,,,,,,,,,,,,,,,,,,,,,,,,,,,,,,,,,,,,,,,,,,,,,,,,,,,,,,,,,,,,,,,,,,
281801|2818|WOBS_GU1||Battery Storage|Lithium-ion,2818,Wongalea BESS,N00187,Eku Energy Projects (Australia) Pty Ltd as trustee for the Eku Energy Projects Australia Trust,ekuenergy_nr,NSW1,300,281801,WOBS_GU1,Battery Storage,Lithium-ion,,,Scheduled,288,1.21,1.21,348.48,348.48,1391.04,Publicly Announced,47299,2049,,46091,46111.63616898148,,,,,,,,,,,,,,,,,,,,,,,,,,,,,,,,,,,,,,,,,,,,,,,,,,,,,,,,,,,,,,,,,,,,,,,,,,,,,,,,,,,,,,,,,,,,,,,,,,,,,,,,,,,,,,,,,,,,,,,,,,,,,,,,,,,,,,,,,,,
123901|1239|Wonthaggi Wind Farm:1-6|WONWP|Wind|Onshore,1239,Wonthaggi Wind Farm,,Regional Wind Farms Pty Ltd,edlenergy_NR,VIC1,12,123901,Wonthaggi Wind Farm:1-6,Wind,Onshore,,WONWP,Non-scheduled,6,2,2,12,12,,In Service,,2040,,46091,46108.676145833335,,,,,,,,,,,,,,,,,,,,,,,,,,,,,,,,,,,,,,,,,,,,,,,,,,,,,,,,,,,,,,,,,,,,,,,,,,,,,,,,,,,,,,,,,,,,,,,,,,,,,,,,,,,,,,,,,,,,,,,,,,,,,,,,,,,,,,,,,,,
256101|2561|WSF_GU1||Solar PV|Single Axis Tracking,2561,Wooderson Solar Farm,Q00109,Wooderson Solar Development Company Pty Ltd,res-group_NR,QLD1,450,256101,WSF_GU1,Solar PV,Single Axis Tracking,,,Semi-scheduled,168,2.7,2.7,453.6,453.6,,Publicly Announced,47848,2060,,46091,46167.7475462963,,,,,,,,,,,,,,,,,,,,,,,,,,,,,,,,,,,,,,,,,,,,,,,,,,,,,,,,,,,,,,,,,,,,,,,,,,,,,,,,,,,,,,,,,,,,,,,,,,,,,,,,,,,,,,,,,,,,,,,,,,,,,,,,,,,,,,,,,,,
194101|1941|DarlBESS||Battery Storage|Lithium-ion,1941,Woodland BESS,N00053, Risen Energy (Australia) Pty Ltd ,risenenergy_NR,NSW1,250,194101,DarlBESS,Battery Storage,Lithium-ion,,,Scheduled,1,250,250,250,250,1000,Publicly Announced,47483,2060,,46091,46162.41473379629,,,,,,,,,,,,,,,,,,,,,,,,,,,,,,,,,,,,,,,,,,,,,,,,,,,,,,,,,,,,,,,,,,,,,,,,,,,,,,,,,,,,,,,,,,,,,,,,,,,,,,,,,,,,,,,,,,,,,,,,,,,,,,,,,,,,,,,,,,,
124101|1241|Woodlawn Bioreactor Energy Generation:1-7|WDLNGN01|Other|Other,1241,Woodlawn Bioreactor Energy Generation,,Veolia Environmental Services Aust P/L,VESTTGEN,NSW1,7.46,124101,Woodlawn Bioreactor Energy Generation:1-7,Other,Other,Biofuel/Biomass,WDLNGN01,Non-scheduled,7,,1.07,,7.49,,In Service,,2100,,46091,46092.36346064815,,,,,,,,,,,,,,,,,,,,,,,,,,,,,,,,,,,,,,,,,,,,,,,,,,,,,,,,,,,,,,,,,,,,,,,,,,,,,,,,,,,,,,,,,,,,,,,,,,,,,,,,,,,,,,,,,,,,,,,,,,,,,,,,,,,,,,,,,,,
124001|1240|Woodlawn Wind Farm:Turbines 1-23|WOODLWN1|Wind|Onshore,1240,Woodlawn Wind Farm,,Woodlawn Wind Pty Ltd,WOODLAWN,NSW1,48.3,124001,Woodlawn Wind Farm:Turbines 1-23,Wind,Onshore,,WOODLWN1,Semi-scheduled,23,2.1,2.1,48.3,48.3,,In Service,,2041,,46091,46190.64988425926,48.3,48.3,48.3,48.3,48.3,48.3,48.3,48.3,48.3,48.3,48.3,48.3,48.3,48.3,48.3,48.3,48.3,48.3,48.3,48.3,48.3,48.3,48.3,48.3,48.3,48.3,48.3,48.3,48.3,48.3,,,,,,,,,,,,,,,,,,,,,,,,,,,,,,,,,,,,,,,,,,,,,,,,,,,,,,,,,,,,,,,,,,,,,,,,,,,,,,,,,,,,,,,,,,,,,,,,,,,,,,,,,,,,,
196101|1961|WoolBESS|WOOLES1|Battery Storage|Lithium-ion,1961,Woolooga BESS,Q00029,Woolooga BESS Fund Pty Limited as trustee for the Woolooga BESS Trust,lightsourcebp_NR,QLD1,222,196101,WoolBESS,Battery Storage,Lithium-ion,,WOOLES1,Scheduled,64,4.39,4.39,280.96,280.96,593.28,Committed,46295,2051,,46361,46171.71295138889,0,222.016,222.016,222.016,222.016,222.016,222.016,222.016,222.016,222.016,222.016,222.016,222.016,222.016,222.016,222.016,222.016,222.016,222.016,222.016,222.016,222.016,222.016,222.016,222.016,222.016,222.016,222.016,222.016,222.016,0,591,591,582,582,573,573,547,547,539,539,531,531,523,523,515,515,508,508,500,,,,,,,,,,,,,,,,,,,,,,,,,,,,,,,,,,,,,,,,,,,,,,,,,,,,,,,,,,,,,,,,,,,,,,,,,,,,,,,,,,,,,,,,,
287201|2872|WLBS_GU1||Battery Storage|Lithium-ion,2872,Woolooga BESS - KCI,Q00193,Elements Green Australia Pty Ltd,,QLD1,400,287201,WLBS_GU1,Battery Storage,Lithium-ion,,,Scheduled,1,,400,,400,,Publicly Announced,,,,46091,45578.962326388886,,,,,,,,,,,,,,,,,,,,,,,,,,,,,,,,,,,,,,,,,,,,,,,,,,,,,,,,,,,,,,,,,,,,,,,,,,,,,,,,,,,,,,,,,,,,,,,,,,,,,,,,,,,,,,,,,,,,,,,,,,,,,,,,,,,,,,,,,,,
167202|1672|Woolooga Solar Farm|WOOLGSF1|Solar PV|Single Axis Tracking,1672,Woolooga Solar Farm,,Woolooga Fund Pty Ltd,quintasenergy_NR,QLD1,176,167202,Woolooga Solar Farm,Solar PV,Single Axis Tracking,,WOOLGSF1,Semi-scheduled,89,2.4,2.5,213.6,222.5,,In Service,,2058,,46361,46170.58646990741,176.042,176.042,175.152,176.042,176.042,175.152,176.042,176.042,175.152,176.042,176.042,175.152,176.042,176.042,175.152,176.042,176.042,175.152,176.042,176.042,175.152,176.042,176.042,175.152,176.042,176.042,175.152,,,,,,,,,,,,,,,,,,,,,,,,,,,,,,,,,,,,,,,,,,,,,,,,,,,,,,,,,,,,,,,,,,,,,,,,,,,,,,,,,,,,,,,,,,,,,,,,,,,,,,,,,,,,,,,,
124301|1243|GE 6||Wind|Onshore,1243,Woolsthorpe Wind Farm,,Woolsthorpe Wind Farm Pty Ltd,icapartners_NR,VIC1,70,124301,GE 6,Wind,Onshore,,,Semi-scheduled,12,,6,,72,,Anticipated,47016,2063,,46361,46156.70199074074,0,0,0,0,0,0,72,72,72,72,72,72,72,72,72,72,72,72,72,72,72,72,72,72,72,72,72,72,72,72,,,,,,,,,,,,,,,,,,,,,,,,,,,,,,,,,,,,,,,,,,,,,,,,,,,,,,,,,,,,,,,,,,,,,,,,,,,,,,,,,,,,,,,,,,,,,,,,,,,,,,,,,,,,,
287301|2873|WCBESS||Battery Storage|Lithium-ion,2873,Woonga Creek BESS,Q00184,Lightsource BP,lightsourcebp_NR,QLD1,350,287301,WCBESS,Battery Storage,Lithium-ion,,,Scheduled,1,471.5,350,471.5,350,1300,Publicly Announced,47301,2055,,46361,46171.68303240741,,,,,,,,,,,,,,,,,,,,,,,,,,,,,,,,,,,,,,,,,,,,,,,,,,,,,,,,,,,,,,,,,,,,,,,,,,,,,,,,,,,,,,,,,,,,,,,,,,,,,,,,,,,,,,,,,,,,,,,,,,,,,,,,,,,,,,,,,,,
187602|1876|Wooreen ESS||Battery Storage|Lithium-ion,1876,Wooreen Energy Storage System,V00122,EnergyAustralia Holdings Limited,EASTENGY,VIC1,350,187602,Wooreen ESS,Battery Storage,Lithium-ion,,,Scheduled,112,3.13,3.13,350.56,350.56,1400,Committed,46619,2047,,46361,46164.367418981485,0,0,0,0,350,350,350,350,350,350,350,350,350,350,350,350,350,350,350,350,350,350,350,350,350,350,350,350,350,350,0,0,0,1400,1400,1400,1400,1400,1400,1400,1400,1400,1400,1400,1400,1400,1400,1400,1400,1400,,,,,,,,,,,,,,,,,,,,,,,,,,,,,,,,,,,,,,,,,,,,,,,,,,,,,,,,,,,,,,,,,,,,,,,,,,,,,,,,,,,,,,,,,
200102|2001|WOO_1||Wind|Onshore,2001,Wooroora Station  Wind Farm,Q00012,ARK Energy Corporation Pty Ltd,arkenergy_nr,QLD1,252,200102,WOO_1,Wind,Onshore,,,Semi-scheduled,52,,6.2,,322.4,,Publicly Announced,,,,46361,45729.0546412037,,,,,,,,,,,,,,,,,,,,,,,,,,,,,,,,,,,,,,,,,,,,,,,,,,,,,,,,,,,,,,,,,,,,,,,,,,,,,,,,,,,,,,,,,,,,,,,,,,,,,,,,,,,,,,,,,,,,,,,,,,,,,,,,,,,,,,,,,,,
192903|1929|WUNUSF|WUNUSF1|Solar PV|Single Axis Tracking,1929,Wunghnu Solar Farm,,Wunghnu Solar Farm Pty Ltd,quintasenergy_NR,VIC1,75,192903,WUNUSF,Solar PV,Single Axis Tracking,,WUNUSF1,Semi-scheduled,34,2.6,2.75,88.4,93.5,,In Commissioning,45731,2065,,46361,46170.586643518516,75.004,75.004,60.282,75.004,75.004,60.282,75.004,75.004,60.282,75.004,75.004,60.282,75.004,75.004,60.282,75.004,75.004,60.282,75.004,75.004,60.282,75.004,75.004,60.282,75.004,75.004,60.282,,,,,,,,,,,,,,,,,,,,,,,,,,,,,,,,,,,,,,,,,,,,,,,,,,,,,,,,,,,,,,,,,,,,,,,,,,,,,,,,,,,,,,,,,,,,,,,,,,,,,,,,,,,,,,,,
256001|2560|WBS_GU1||Battery Storage|Lithium-ion,2560,Wurdong BESS,Q00110,Wurdong ProjectCo Pty Ltd,akayshaenergy_NR,QLD1,405,256001,WBS_GU1,Battery Storage,Lithium-ion,,,Scheduled,104,3.85,3.89,400.4,404.56,1620.32,Publicly Announced,47298,2055,,46091,46167.447164351855,,,,,,,,,,,,,,,,,,,,,,,,,,,,,,,,,,,,,,,,,,,,,,,,,,,,,,,,,,,,,,,,,,,,,,,,,,,,,,,,,,,,,,,,,,,,,,,,,,,,,,,,,,,,,,,,,,,,,,,,,,,,,,,,,,,,,,,,,,,
311701|3117|WGBS_GU1||Battery Storage|Lithium-ion,3117,Wyaga Solar Farm and BESS,,Energy Estate,energyestate_NR,QLD1,500,311701,WGBS_GU1,Battery Storage,Lithium-ion,,,Scheduled,1,,500,,500,2000,Publicly Announced,,,,46091,45939.74113425926,,,,,,,,,,,,,,,,,,,,,,,,,,,,,,,,,,,,,,,,,,,,,,,,,,,,,,,,,,,,,,,,,,,,,,,,,,,,,,,,,,,,,,,,,,,,,,,,,,,,,,,,,,,,,,,,,,,,,,,,,,,,,,,,,,,,,,,,,,,
311702|3117|WGSF_GU1||Solar PV|Fixed,3117,Wyaga Solar Farm and BESS,,Energy Estate,energyestate_NR,QLD1,500,311702,WGSF_GU1,Solar PV,Fixed,,,Semi-scheduled,1,,500,,500,,Publicly Announced,,,,46091,45939.74113425926,,,,,,,,,,,,,,,,,,,,,,,,,,,,,,,,,,,,,,,,,,,,,,,,,,,,,,,,,,,,,,,,,,,,,,,,,,,,,,,,,,,,,,,,,,,,,,,,,,,,,,,,,,,,,,,,,,,,,,,,,,,,,,,,,,,,,,,,,,,
186502|1865|WYASF|WYASF1|Solar PV|Single Axis Tracking,1865,Wyalong Solar Farm,,Wyalong Solar Farm Pty Ltd as the trustee for the Wyalong Solar Farm Unit Trust,ox2_NR,NSW1,53,186502,WYASF,Solar PV,Single Axis Tracking,,WYASF1,Semi-scheduled,38,2.13,1.64,80.94,62.32,,In Service,,2057,,46091,46104.73028935185,53.01,53.01,53.01,53.01,53.01,53.01,53.01,53.01,53.01,53.01,53.01,53.01,53.01,53.01,53.01,53.01,53.01,53.01,53.01,53.01,53.01,53.01,53.01,53.01,53.01,53.01,53.01,53.01,53.01,53.01,,,,,,,,,,,,,,,,,,,,,,,,,,,,,,,,,,,,,,,,,,,,,,,,,,,,,,,,,,,,,,,,,,,,,,,,,,,,,,,,,,,,,,,,,,,,,,,,,,,,,,,,,,,,,
125401|1254|Wyangala A:1|WYANGALA|Hydro|Dam,1254,Wyangala A,,Hydro Power Pty Ltd,lowlynn_NR,NSW1,,125401,Wyangala A:1,Hydro,Dam,,WYANGALA,Non-scheduled,1,,20,,20,,In Service,,,,46091,43237.539976851855,,,,,,,,,,,,,,,,,,,,,,,,,,,,,,,,,,,,,,,,,,,,,,,,,,,,,,,,,,,,,,,,,,,,,,,,,,,,,,,,,,,,,,,,,,,,,,,,,,,,,,,,,,,,,,,,,,,,,,,,,,,,,,,,,,,,,,,,,,,
125501|1255|Wyangala B:1|WYANGALB|Hydro|Dam,1255,Wyangala B,,AGL,lowlynn_NR,NSW1,,125501,Wyangala B:1,Hydro,Dam,,WYANGALB,Non-scheduled,1,,4,,4,,In Service,,,,46091,43237.541134259256,,,,,,,,,,,,,,,,,,,,,,,,,,,,,,,,,,,,,,,,,,,,,,,,,,,,,,,,,,,,,,,,,,,,,,,,,,,,,,,,,,,,,,,,,,,,,,,,,,,,,,,,,,,,,,,,,,,,,,,,,,,,,,,,,,,,,,,,,,,
238301|2383|SMBS_GU1||Solar PV|Single Axis Tracking,2383,X-Elio - Sixteen Mile SF BESS,Q00060,The Trustee for X-ELIO SIXTEEN MILE TRUST,x-elio_NR,QLD1,350,238301,SMBS_GU1,Solar PV,Single Axis Tracking,,,Semi-scheduled,1,,350,,350,,Publicly Announced,,,,46091,45729.98869212963,,,,,,,,,,,,,,,,,,,,,,,,,,,,,,,,,,,,,,,,,,,,,,,,,,,,,,,,,,,,,,,,,,,,,,,,,,,,,,,,,,,,,,,,,,,,,,,,,,,,,,,,,,,,,,,,,,,,,,,,,,,,,,,,,,,,,,,,,,,
246201|2462|YBB_1||Battery Storage|Lithium-ion,2462,Yabulu BESS,Q00003,Yabulu BESS Pty Ltd,wirsol_NR,QLD1,200,246201,YBB_1,Battery Storage,Lithium-ion,,,Scheduled,1,,200,,200,400,Anticipated,46717,2050,,46361,46044.61712962963,0,0,0,0,200,200,200,200,200,200,200,200,200,200,200,200,200,200,200,200,200,200,200,200,200,200,200,,,,,,,,,,,,,,,,,,,,,,,,,,,,,,,,,,,,,,,,,,,,,,,,,,,,,,,,,,,,,,,,,,,,,,,,,,,,,,,,,,,,,,,,,,,,,,,,,,,,,,,,,,,,,,,,
229001|2290|YSF_GU1||Solar PV|Single Axis Tracking,2290,Yabulu Solar Farm,Q00034,Tag Energy Australia Pty Ltd,tagenergy_nr,QLD1,200,229001,YSF_GU1,Solar PV,Single Axis Tracking,,,Semi-scheduled,55,4.4,3.6,242,198,,Publicly Announced,47480,2063,,46361,46164.43001157408,,,,,,,,,,,,,,,,,,,,,,,,,,,,,,,,,,,,,,,,,,,,,,,,,,,,,,,,,,,,,,,,,,,,,,,,,,,,,,,,,,,,,,,,,,,,,,,,,,,,,,,,,,,,,,,,,,,,,,,,,,,,,,,,,,,,,,,,,,,
293801|2938|YSBS_GU1||Battery Storage|Lithium-ion,2938,Yabulu South BESS,,Yabulu South BESS Pty Ltd,trinasolar_nr,QLD1,200,293801,YSBS_GU1,Battery Storage,Lithium-ion,,,Scheduled,1,302,200,302,200,800,Publicly Announced,47118,2046,,46091,46112.71210648148,,,,,,,,,,,,,,,,,,,,,,,,,,,,,,,,,,,,,,,,,,,,,,,,,,,,,,,,,,,,,,,,,,,,,,,,,,,,,,,,,,,,,,,,,,,,,,,,,,,,,,,,,,,,,,,,,,,,,,,,,,,,,,,,,,,,,,,,,,,
124701|1247|Yallourn W Unit 1|YWPS1|Coal|Brown Coal,1247,Yallourn W,,EnergyAustralia Yallourn Pty Ltd,EASTENGY,VIC1,1600,124701,Yallourn W Unit 1,Coal,Brown Coal,,YWPS1,Scheduled,1,,350,,350,,Announced Withdrawal,,2028,46935,46091,46105.67841435185,345,335,320,345,335,320,345,0,0,0,0,0,0,0,0,0,0,0,0,0,0,0,0,0,0,0,0,0,0,0,,,,,,,,,,,,,,,,,,,,,,,,,,,,,,,,,,,,,,,,,,,,,,,,,,,,,,,,,,,,,,,,,,,,,,,,,,,,,,,,,,,,,,,,,,,,,,,,,,,,,,,,,,,,,
124702|1247|Yallourn W Unit 2|YWPS2|Coal|Brown Coal,1247,Yallourn W,,EnergyAustralia Yallourn Pty Ltd,EASTENGY,VIC1,1600,124702,Yallourn W Unit 2,Coal,Brown Coal,,YWPS2,Scheduled,1,,350,,350,,Announced Withdrawal,,2028,46935,46091,46105.67841435185,360,350,330,360,350,330,360,0,0,0,0,0,0,0,0,0,0,0,0,0,0,0,0,0,0,0,0,0,0,0,,,,,,,,,,,,,,,,,,,,,,,,,,,,,,,,,,,,,,,,,,,,,,,,,,,,,,,,,,,,,,,,,,,,,,,,,,,,,,,,,,,,,,,,,,,,,,,,,,,,,,,,,,,,,
124703|1247|Yallourn W Unit 3|YWPS3|Coal|Brown Coal,1247,Yallourn W,,EnergyAustralia Yallourn Pty Ltd,EASTENGY,VIC1,1600,124703,Yallourn W Unit 3,Coal,Brown Coal,,YWPS3,Scheduled,1,,375,,375,,Announced Withdrawal,,2028,46935,46091,46105.67841435185,385,370,360,385,370,360,385,0,0,0,0,0,0,0,0,0,0,0,0,0,0,0,0,0,0,0,0,0,0,0,,,,,,,,,,,,,,,,,,,,,,,,,,,,,,,,,,,,,,,,,,,,,,,,,,,,,,,,,,,,,,,,,,,,,,,,,,,,,,,,,,,,,,,,,,,,,,,,,,,,,,,,,,,,,
124704|1247|Yallourn W Unit 4|YWPS4|Coal|Brown Coal,1247,Yallourn W,,EnergyAustralia Yallourn Pty Ltd,EASTENGY,VIC1,1600,124704,Yallourn W Unit 4,Coal,Brown Coal,,YWPS4,Scheduled,1,,375,,375,,Announced Withdrawal,,2028,46935,46091,46105.67841435185,395,370,360,395,370,360,395,0,0,0,0,0,0,0,0,0,0,0,0,0,0,0,0,0,0,0,0,0,0,0,,,,,,,,,,,,,,,,,,,,,,,,,,,,,,,,,,,,,,,,,,,,,,,,,,,,,,,,,,,,,,,,,,,,,,,,,,,,,,,,,,,,,,,,,,,,,,,,,,,,,,,,,,,,,
156701|1567|Yaloak South Wind Farm:Units 1-14|YSWF1|Wind|Onshore,1567,Yaloak South Wind Farm,,Pacific Hydro Yaloak South Pty Ltd,YALSTHWF,VIC1,28.7,156701,Yaloak South Wind Farm:Units 1-14,Wind,Onshore,,YSWF1,Significant Non-scheduled,14,,2.05,,28.7,,In Service,,2047,,46091,46177.471504629626,28.7,28.7,28.7,28.7,28.7,28.7,28.7,28.7,28.7,28.7,28.7,28.7,28.7,28.7,28.7,28.7,28.7,28.7,28.7,28.7,28.7,28.7,28.7,28.7,28.7,28.7,28.7,28.7,28.7,28.7,0,0,0,0,0,0,0,0,0,0,0,0,0,0,0,0,0,0,0,0,,,,,,,,,,,,,,,,,,,,,,,,,,,,,,,,,,,,,,,,,,,,,,,,,,,,,,,,,,,,,,,,,,,,,,,,,,,,,,,,,,,,,,,,,
116401|1164|Yambuk:1-20|YAMBUKWF|Wind|Onshore,1164,Yambuk,,Energy Pacific Vic Pty Ltd,EPVIC1,VIC1,30,116401,Yambuk:1-20,Wind,Onshore,,YAMBUKWF,Significant Non-scheduled,20,1.5,1.5,30,30,,In Service,,2031,,46361,46177.46576388889,30,30,30,30,30,30,30,30,30,30,30,30,30,30,30,30,30,30,0,0,0,0,0,0,0,0,0,0,0,0,0,0,0,0,0,0,0,0,0,0,0,0,0,0,0,0,0,0,0,0,,,,,,,,,,,,,,,,,,,,,,,,,,,,,,,,,,,,,,,,,,,,,,,,,,,,,,,,,,,,,,,,,,,,,,,,,,,,,,,,,,,,,,,,,
259401|2594|YNBS_GU1||Battery Storage|Lithium-ion,2594,Yanco BESS,N00139,Acenergy Pty Ltd,acenergy_NR,NSW1,250,259401,YNBS_GU1,Battery Storage,Lithium-ion,,,Scheduled,88,3.62,3.62,318.56,318.56,1274.24,Anticipated,46729,2048,,46361,46169.41576388889,0,0,0,0,250,212,250,250,212,250,250,212,250,250,212,250,250,212,250,250,212,250,250,212,250,250,212,250,250,212,0,0,0,848,1000,848,1000,848,1000,848,1000,848,1000,848,1000,848,1000,848,1000,848,,,,,,,,,,,,,,,,,,,,,,,,,,,,,,,,,,,,,,,,,,,,,,,,,,,,,,,,,,,,,,,,,,,,,,,,,,,,,,,,,,,,,,,,,
226601|2266|YDWF||Wind|Onshore,2266,Yanco Delta Wind Farm,N00099,Yanco Delta Wind Farm Pty Ltd,originenergy_NR,NSW1,1460,226601,YDWF,Wind,Onshore,,,Semi-scheduled,208,7.2,7.2,1497.6,1497.6,,Publicly Announced,47483,2058,,46361,46160.45101851852,,,,,,,,,,,,,,,,,,,,,,,,,,,,,,,,,,,,,,,,,,,,,,,,,,,,,,,,,,,,,,,,,,,,,,,,,,,,,,,,,,,,,,,,,,,,,,,,,,,,,,,,,,,,,,,,,,,,,,,,,,,,,,,,,,,,,,,,,,,
159901|1599|YARANSF|YARANSF1|Solar PV|Single Axis Tracking,1599,Yarranlea Solar Farm,,Yarranlea Solar Pty Ltd,YARRANSF,QLD1,103,159901,YARANSF,Solar PV,Single Axis Tracking,,YARANSF1,Semi-scheduled,44,2.75,2.75,121,121,,In Service,,2044,,46091,46162.41407407408,102.96,102.96,102.96,102.96,102.96,102.96,102.96,102.96,102.96,102.96,102.96,102.96,102.96,102.96,102.96,102.96,102.96,102.96,102.96,102.96,102.96,102.96,102.96,102.96,102.96,102.96,102.96,102.96,102.96,102.96,,,,,,,,,,,,,,,,,,,,,,,,,,,,,,,,,,,,,,,,,,,,,,,,,,,,,,,,,,,,,,,,,,,,,,,,,,,,,,,,,,,,,,,,,,,,,,,,,,,,,,,,,,,,,
125601|1256|Yarrawonga:1-2|YWNGAHYD|Hydro|Dam,1256,Yarrawonga,,AGL Hydro Partnership,SOUTHHYD,VIC1,10,125601,Yarrawonga:1-2,Hydro,Dam,,YWNGAHYD,Non-scheduled,2,,4.75,,9.5,,In Service,,2037,,46091,46112.624930555554,,,,,,,,,,,,,,,,,,,,,,,,,,,,,,,,,,,,,,,,,,,,,,,,,,,,,,,,,,,,,,,,,,,,,,,,,,,,,,,,,,,,,,,,,,,,,,,,,,,,,,,,,,,,,,,,,,,,,,,,,,,,,,,,,,,,,,,,,,,
125701|1257|Yarwun 1:1|YARWUN_1|Gas Turbine|CCGT,1257,Yarwun 1,,RTA Yarwun Pty Ltd,YARWUN,QLD1,180,125701,Yarwun 1:1,Gas Turbine,CCGT,Natural Gas,YARWUN_1,Significant Non-scheduled,1,,180,,180,,In Service,,2050,,46091,46107.64181712963,180,180,180,180,180,180,180,180,180,180,180,180,180,180,180,180,180,180,180,180,180,180,180,180,180,180,180,180,180,180,0,0,0,0,0,0,0,0,0,0,0,0,0,0,0,0,0,0,0,0,,,,,,,,,,,,,,,,,,,,,,,,,,,,,,,,,,,,,,,,,,,,,,,,,,,,,,,,,,,,,,,,,,,,,,,,,,,,,,,,,,,,,,,,,
142302|1423|YAT 2750EV|YATSF1|Solar PV|Single Axis Tracking,1423,Yatpool Solar Farm,,Yatpool Sun Farm Pty Ltd,baywa-re_NR,VIC1,81,142302,YAT 2750EV,Solar PV,Single Axis Tracking,,YATSF1,Semi-scheduled,16,,2.75,,44,,In Service,,2050,,46091,45722.99186342592,36,36,35.2,36,36,35.2,36,36,35.2,36,36,35.2,36,36,35.2,36,36,35.2,36,36,35.2,36,36,35.2,36,36,35.2,,,,,,,,,,,,,,,,,,,,,,,,,,,,,,,,,,,,,,,,,,,,,,,,,,,,,,,,,,,,,,,,,,,,,,,,,,,,,,,,,,,,,,,,,,,,,,,,,,,,,,,,,,,,,,,,
142304|1423|YATSC2500|YATSF1|Solar PV|Single Axis Tracking,1423,Yatpool Solar Farm,,Yatpool Sun Farm Pty Ltd,baywa-re_NR,VIC1,81,142304,YATSC2500,Solar PV,Single Axis Tracking,,YATSF1,Semi-scheduled,20,,2.5,,50,,In Service,,2050,,46091,45722.99186342592,45,45,44,45,45,44,45,45,44,45,45,44,45,45,44,45,45,44,45,45,44,45,45,44,45,45,44,,,,,,,,,,,,,,,,,,,,,,,,,,,,,,,,,,,,,,,,,,,,,,,,,,,,,,,,,,,,,,,,,,,,,,,,,,,,,,,,,,,,,,,,,,,,,,,,,,,,,,,,,,,,,,,,
149501|1495|Yawong Wind Farm:2|YAWWF1|Wind|Onshore,1495,Yawong Wind Farm,,Yawong Wind Farm Pty Ltd,epic_NR,VIC1,7.2,149501,Yawong Wind Farm:2,Wind,Onshore,,YAWWF1,Non-scheduled,2,,3.6,,7.2,,In Service,,2048,,46091,46100.67706018518,,,,,,,,,,,,,,,,,,,,,,,,,,,,,,,,,,,,,,,,,,,,,,,,,,,,,,,,,,,,,,,,,,,,,,,,,,,,,,,,,,,,,,,,,,,,,,,,,,,,,,,,,,,,,,,,,,,,,,,,,,,,,,,,,,,,,,,,,,,
278401|2784|yelarbes||Battery Storage|Lithium-ion,2784,Yelarbon Solar Farm and BESS,Q00174,Elgin Energy,glas-service_nr,QLD1,400,278401,yelarbes,Battery Storage,Lithium-ion,,,Scheduled,1,,200,,200,800,Publicly Announced,46935,2070,,46091,46113.71394675926,,,,,,,,,,,,,,,,,,,,,,,,,,,,,,,,,,,,,,,,,,,,,,,,,,,,,,,,,,,,,,,,,,,,,,,,,,,,,,,,,,,,,,,,,,,,,,,,,,,,,,,,,,,,,,,,,,,,,,,,,,,,,,,,,,,,,,,,,,,
278402|2784|yelarsf||Solar PV|Single Axis Tracking,2784,Yelarbon Solar Farm and BESS,Q00174,Elgin Energy,glas-service_nr,QLD1,400,278402,yelarsf,Solar PV,Single Axis Tracking,,,Semi-scheduled,1,,200,,200,,Publicly Announced,46935,2070,,46091,46113.71394675926,,,,,,,,,,,,,,,,,,,,,,,,,,,,,,,,,,,,,,,,,,,,,,,,,,,,,,,,,,,,,,,,,,,,,,,,,,,,,,,,,,,,,,,,,,,,,,,,,,,,,,,,,,,,,,,,,,,,,,,,,,,,,,,,,,,,,,,,,,,
111401|1114|Lal Lal Wind Energy Facility - Yendon end:1-38|YENDWF1|Wind|Onshore,1114,Yendon Wind Farm,,Northleaf /InfraRed/Macquarie Capital,LALLALWF,VIC1,142,111401,Lal Lal Wind Energy Facility - Yendon end:1-38,Wind,Onshore,,YENDWF1,Semi-scheduled,38,3.8,3.8,144.4,144.4,,In Service,,2049,,46091,46164.41950231481,144.4,127.3,102.6,144.4,127.3,102.6,144.4,127.3,102.6,144.4,127.3,102.6,144.4,127.3,102.6,144.4,127.3,102.6,144.4,127.3,102.6,144.4,127.3,102.6,144.4,127.3,102.6,144.4,127.3,102.6,,,,,,,,,,,,,,,,,,,,,,,,,,,,,,,,,,,,,,,,,,,,,,,,,,,,,,,,,,,,,,,,,,,,,,,,,,,,,,,,,,,,,,,,,,,,,,,,,,,,,,,,,,,,,
322101|3221|MBESS_GU1||Battery Storage|Lithium-ion,3221,Zero Moorabool BESS (Cordoba BESS) - KCI,V00185,Zero E Services Australia Pty Ltd,,VIC1,220,322101,MBESS_GU1,Battery Storage,Lithium-ion,,,Scheduled,1,,220,,220,220,Publicly Announced,,,,46091,46044.669224537036,,,,,,,,,,,,,,,,,,,,,,,,,,,,,,,,,,,,,,,,,,,,,,,,,,,,,,,,,,,,,,,,,,,,,,,,,,,,,,,,,,,,,,,,,,,,,,,,,,,,,,,,,,,,,,,,,,,,,,,,,,,,,,,,,,,,,,,,,,,
