source_record_id,substation_name,source_file,period_start,period_end,observation_count_valid,invalid_or_missing_rows,negative_rows,reported_units,reported_mean_mw,reported_p95_mw,reported_p99_mw,reported_peak_mw,reported_mean_mva,reported_p95_mva,reported_p99_mva,reported_peak_mva,possible_scale_or_meter_anomaly,source_scale_interpretation,interpretation_factor,interpreted_mean_mw,interpreted_p95_mw,interpreted_p99_mw,interpreted_peak_mw,interpreted_mean_mva,interpreted_p95_mva,interpreted_p99_mva,interpreted_peak_mva,interpretation_note
ergon 20252026/Agnes Water_EECL_20252026.csv,Agnes Water,ergon 20252026/Agnes Water_EECL_20252026.csv,2025-07-01,2026-06-30,17520,0,1435,MW/MVA,2345.999774,4501.151,5258.9264,6345.72,2516.901732,4536.5,5277.7917,6348.59,true,empirical_divide_by_1000_crosschecked_against_ergon_powerlink_planning_evidence,0.001,2.346,4.501151,5.258926,6.34572,2.516902,4.5365,5.277792,6.34859,Raw source values retained. Interpreted fields divide by 1000 based on cross-source scale validation; Ergon has not been found to publish an explicit correction notice.
ergon 20252026/Aitkenvale_EECL_20252026.csv,Aitkenvale,ergon 20252026/Aitkenvale_EECL_20252026.csv,2025-07-01,2026-06-30,17520,0,0,MW/MVA,8932.882139,14075.6925,16203.6288,20780.0,8978.812127,14096.9945,16226.1676,20859.55,true,empirical_divide_by_1000_crosschecked_against_ergon_powerlink_planning_evidence,0.001,8.932882,14.075692,16.203629,20.78,8.978812,14.096995,16.226168,20.85955,Raw source values retained. Interpreted fields divide by 1000 based on cross-source scale validation; Ergon has not been found to publish an explicit correction notice.
ergon 20252026/Alan Sherriff_EECL_20252026.csv,Alan Sherriff,ergon 20252026/Alan Sherriff_EECL_20252026.csv,2025-07-01,2026-06-30,17520,0,802,MW/MVA,10800.661981,20152.8985,23352.814,28733.37,11131.429667,20167.373,23413.5282,29020.9,true,empirical_divide_by_1000_crosschecked_against_ergon_powerlink_planning_evidence,0.001,10.800662,20.152898,23.352814,28.73337,11.13143,20.167373,23.413528,29.0209,Raw source values retained. Interpreted fields divide by 1000 based on cross-source scale validation; Ergon has not been found to publish an explicit correction notice.
ergon 20252026/Alfred Street_EECL_20252026.csv,Alfred Street,ergon 20252026/Alfred Street_EECL_20252026.csv,2025-07-01,2026-06-30,17520,0,0,MW/MVA,8872.006184,14305.73,16223.3134,20184.9,8958.978779,14471.2835,16353.4681,20197.27,true,empirical_divide_by_1000_crosschecked_against_ergon_powerlink_planning_evidence,0.001,8.872006,14.30573,16.223313,20.1849,8.958979,14.471283,16.353468,20.19727,Raw source values retained. Interpreted fields divide by 1000 based on cross-source scale validation; Ergon has not been found to publish an explicit correction notice.
ergon 20252026/Allora_EECL_20252026.csv,Allora,ergon 20252026/Allora_EECL_20252026.csv,2025-07-01,2026-06-30,17520,0,1917,MW/MVA,2022.826964,4631.04,5351.2185,6817.9,2390.065821,4657.3285,5391.7055,6858.89,true,empirical_divide_by_1000_crosschecked_against_ergon_powerlink_planning_evidence,0.001,2.022827,4.63104,5.351219,6.8179,2.390066,4.657329,5.391706,6.85889,Raw source values retained. Interpreted fields divide by 1000 based on cross-source scale validation; Ergon has not been found to publish an explicit correction notice.
ergon 20252026/Atherton_EECL_20252026.csv,Atherton,ergon 20252026/Atherton_EECL_20252026.csv,2025-07-01,2026-06-30,17520,0,16,MW/MVA,13323.176821,21090.689,22938.6286,25527.74,13486.508768,21122.5845,22961.209,25541.06,true,empirical_divide_by_1000_crosschecked_against_ergon_powerlink_planning_evidence,0.001,13.323177,21.090689,22.938629,25.52774,13.486509,21.122584,22.961209,25.54106,Raw source values retained. Interpreted fields divide by 1000 based on cross-source scale validation; Ergon has not been found to publish an explicit correction notice.
ergon 20252026/Awoonga_EECL_20252026.csv,Awoonga,ergon 20252026/Awoonga_EECL_20252026.csv,2025-07-01,2026-06-30,17520,0,2925,MW/MVA,1955.048064,4464.339,4719.341,5779.16,2276.571002,4633.547,4887.7542,5971.44,true,empirical_divide_by_1000_crosschecked_against_ergon_powerlink_planning_evidence,0.001,1.955048,4.464339,4.719341,5.77916,2.276571,4.633547,4.887754,5.97144,Raw source values retained. Interpreted fields divide by 1000 based on cross-source scale validation; Ergon has not been found to publish an explicit correction notice.
ergon 20252026/Ayr_EECL_20252026.csv,Ayr,ergon 20252026/Ayr_EECL_20252026.csv,2025-07-01,2026-06-30,17520,0,1320,MW/MVA,2207.551266,4981.44,6492.4934,7893.79,2613.778866,5430.2675,7054.592,8686.36,true,empirical_divide_by_1000_crosschecked_against_ergon_powerlink_planning_evidence,0.001,2.207551,4.98144,6.492493,7.89379,2.613779,5.430267,7.054592,8.68636,Raw source values retained. Interpreted fields divide by 1000 based on cross-source scale validation; Ergon has not been found to publish an explicit correction notice.
ergon 20252026/Balberra_EECL_20252026.csv,Balberra,ergon 20252026/Balberra_EECL_20252026.csv,2025-07-01,2026-06-30,17520,0,1699,MW/MVA,544.643662,1306.2175,1690.6017,2239.45,621.734787,1348.6935,1740.3575,2297.42,true,empirical_divide_by_1000_crosschecked_against_ergon_powerlink_planning_evidence,0.001,0.544644,1.306218,1.690602,2.23945,0.621735,1.348693,1.740358,2.29742,Raw source values retained. Interpreted fields divide by 1000 based on cross-source scale validation; Ergon has not been found to publish an explicit correction notice.
ergon 20252026/Bambaroo_EECL_20252026.csv,Bambaroo,ergon 20252026/Bambaroo_EECL_20252026.csv,2025-07-01,2026-06-30,17520,0,401,MW/MVA,116.945295,258.5725,361.4824,544.9,119.402928,262.057,380.9144,584.69,false,empirical_divide_by_1000_crosschecked_against_ergon_powerlink_planning_evidence,0.001,0.116945,0.258572,0.361482,0.5449,0.119403,0.262057,0.380914,0.58469,Raw source values retained. Interpreted fields divide by 1000 based on cross-source scale validation; Ergon has not been found to publish an explicit correction notice.
ergon 20252026/Barcaldine_EECL_20252026.csv,Barcaldine,ergon 20252026/Barcaldine_EECL_20252026.csv,2025-07-01,2026-06-30,17520,0,6976,MW/MVA,-2345.987192,4419.667,5392.7224,8626.97,6532.827365,18326.9075,20963.7388,23239.16,true,empirical_divide_by_1000_crosschecked_against_ergon_powerlink_planning_evidence,0.001,-2.345987,4.419667,5.392722,8.62697,6.532827,18.326907,20.963739,23.23916,Raw source values retained. Interpreted fields divide by 1000 based on cross-source scale validation; Ergon has not been found to publish an explicit correction notice.
ergon 20252026/Bargara_EECL_20252026.csv,Bargara,ergon 20252026/Bargara_EECL_20252026.csv,2025-07-01,2026-06-30,17520,0,4062,MW/MVA,3703.905063,10283.655,12066.0232,16106.0,5649.65049,10301.335,12089.0183,16107.37,true,empirical_divide_by_1000_crosschecked_against_ergon_powerlink_planning_evidence,0.001,3.703905,10.283655,12.066023,16.106,5.64965,10.301335,12.089018,16.10737,Raw source values retained. Interpreted fields divide by 1000 based on cross-source scale validation; Ergon has not been found to publish an explicit correction notice.
ergon 20252026/Barratta_EECL_20252026.csv,Barratta,ergon 20252026/Barratta_EECL_20252026.csv,2025-07-01,2026-06-30,17520,0,636,MW/MVA,614.255228,1390.9215,1738.7337,2234.2,738.548375,1637.133,2022.3947,2566.39,true,empirical_divide_by_1000_crosschecked_against_ergon_powerlink_planning_evidence,0.001,0.614255,1.390921,1.738734,2.2342,0.738548,1.637133,2.022395,2.56639,Raw source values retained. Interpreted fields divide by 1000 based on cross-source scale validation; Ergon has not been found to publish an explicit correction notice.
ergon 20252026/Bedford Weir_EECL_20252026.csv,Bedford Weir,ergon 20252026/Bedford Weir_EECL_20252026.csv,2025-07-01,2026-06-30,17520,0,0,MW/MVA,4253.336123,6181.226,7048.7803,8792.13,4363.603049,6374.641,7273.127,8992.17,true,empirical_divide_by_1000_crosschecked_against_ergon_powerlink_planning_evidence,0.001,4.253336,6.181226,7.04878,8.79213,4.363603,6.374641,7.273127,8.99217,Raw source values retained. Interpreted fields divide by 1000 based on cross-source scale validation; Ergon has not been found to publish an explicit correction notice.
ergon 20252026/Belgian Gardens_EECL_20252026.csv,Belgian Gardens,ergon 20252026/Belgian Gardens_EECL_20252026.csv,2025-07-01,2026-06-30,17520,0,30,MW/MVA,5276.08876,9307.543,10705.24,12234.06,5323.907488,9313.1965,10707.7746,12234.26,true,empirical_divide_by_1000_crosschecked_against_ergon_powerlink_planning_evidence,0.001,5.276089,9.307543,10.70524,12.23406,5.323907,9.313196,10.707775,12.23426,Raw source values retained. Interpreted fields divide by 1000 based on cross-source scale validation; Ergon has not been found to publish an explicit correction notice.
ergon 20252026/Berserker_EECL_20252026.csv,Berserker,ergon 20252026/Berserker_EECL_20252026.csv,2025-07-01,2026-06-30,17520,0,0,MW/MVA,7645.052877,12917.236,15568.0074,20336.56,7858.486279,13277.6545,15919.2081,20793.2,true,empirical_divide_by_1000_crosschecked_against_ergon_powerlink_planning_evidence,0.001,7.645053,12.917236,15.568007,20.33656,7.858486,13.277654,15.919208,20.7932,Raw source values retained. Interpreted fields divide by 1000 based on cross-source scale validation; Ergon has not been found to publish an explicit correction notice.
ergon 20252026/Biloela_EECL_20252026.csv,Biloela,ergon 20252026/Biloela_EECL_20252026.csv,2025-07-01,2026-06-30,17520,0,0,MW/MVA,6655.164553,10530.0,12791.62,15498.0,6859.949172,10726.4505,13048.0726,15811.31,true,empirical_divide_by_1000_crosschecked_against_ergon_powerlink_planning_evidence,0.001,6.655165,10.53,12.79162,15.498,6.859949,10.726451,13.048073,15.81131,Raw source values retained. Interpreted fields divide by 1000 based on cross-source scale validation; Ergon has not been found to publish an explicit correction notice.
ergon 20252026/Bingegang_EECL_20252026.csv,Bingegang,ergon 20252026/Bingegang_EECL_20252026.csv,2025-07-01,2026-06-30,17520,0,0,MW/MVA,936.083728,1202.8355,1332.5343,4841.87,947.836854,1207.893,1342.2532,4970.07,true,empirical_divide_by_1000_crosschecked_against_ergon_powerlink_planning_evidence,0.001,0.936084,1.202835,1.332534,4.84187,0.947837,1.207893,1.342253,4.97007,Raw source values retained. Interpreted fields divide by 1000 based on cross-source scale validation; Ergon has not been found to publish an explicit correction notice.
ergon 20252026/Black River_EECL_20252026.csv,Black River,ergon 20252026/Black River_EECL_20252026.csv,2025-07-01,2026-06-30,17520,0,3223,MW/MVA,7271.51763,18597.869,21948.8904,26185.28,9415.990955,18725.7455,22075.0985,26301.75,true,empirical_divide_by_1000_crosschecked_against_ergon_powerlink_planning_evidence,0.001,7.271518,18.597869,21.94889,26.18528,9.415991,18.725746,22.075099,26.30175,Raw source values retained. Interpreted fields divide by 1000 based on cross-source scale validation; Ergon has not been found to publish an explicit correction notice.
ergon 20252026/Blackall_EECL_20252026.csv,Blackall,ergon 20252026/Blackall_EECL_20252026.csv,2025-07-01,2026-06-30,17520,0,48,MW/MVA,1762.112437,3158.0,3957.9433,4913.35,2070.079108,3265.76,4005.5017,4935.48,true,empirical_divide_by_1000_crosschecked_against_ergon_powerlink_planning_evidence,0.001,1.762112,3.158,3.957943,4.91335,2.070079,3.26576,4.005502,4.93548,Raw source values retained. Interpreted fields divide by 1000 based on cross-source scale validation; Ergon has not been found to publish an explicit correction notice.
ergon 20252026/Blackwater_EECL_20252026.csv,Blackwater,ergon 20252026/Blackwater_EECL_20252026.csv,2025-07-01,2026-06-30,17520,0,1330,MW/MVA,3635.259826,6619.593,8046.5811,12084.68,4527.050378,7010.3065,8675.3075,30562.96,true,empirical_divide_by_1000_crosschecked_against_ergon_powerlink_planning_evidence,0.001,3.63526,6.619593,8.046581,12.08468,4.52705,7.010306,8.675308,30.56296,Raw source values retained. Interpreted fields divide by 1000 based on cross-source scale validation; Ergon has not been found to publish an explicit correction notice.
ergon 20252026/Bluewater_EECL_20252026.csv,Bluewater,ergon 20252026/Bluewater_EECL_20252026.csv,2025-07-01,2026-06-30,17520,0,3306,MW/MVA,1165.470976,3047.46,3603.7424,4352.36,1519.178324,3049.234,3603.9363,4352.42,true,empirical_divide_by_1000_crosschecked_against_ergon_powerlink_planning_evidence,0.001,1.165471,3.04746,3.603742,4.35236,1.519178,3.049234,3.603936,4.35242,Raw source values retained. Interpreted fields divide by 1000 based on cross-source scale validation; Ergon has not been found to publish an explicit correction notice.
ergon 20252026/Bohle_EECL_20252026.csv,Bohle,ergon 20252026/Bohle_EECL_20252026.csv,2025-07-01,2026-06-30,17520,0,319,MW/MVA,9830.204259,15998.207,18239.617,24190.64,10115.400227,16043.291,18271.2159,24322.56,true,empirical_divide_by_1000_crosschecked_against_ergon_powerlink_planning_evidence,0.001,9.830204,15.998207,18.239617,24.19064,10.1154,16.043291,18.271216,24.32256,Raw source values retained. Interpreted fields divide by 1000 based on cross-source scale validation; Ergon has not been found to publish an explicit correction notice.
ergon 20252026/Boondooma Dam_EECL_20252026.csv,Boondooma Dam,ergon 20252026/Boondooma Dam_EECL_20252026.csv,2025-07-01,2026-06-30,17520,0,125,MW/MVA,1293.485742,1900.21,1919.162,1956.8,1350.431588,1920.1025,1939.5548,1974.82,true,empirical_divide_by_1000_crosschecked_against_ergon_powerlink_planning_evidence,0.001,1.293486,1.90021,1.919162,1.9568,1.350432,1.920103,1.939555,1.97482,Raw source values retained. Interpreted fields divide by 1000 based on cross-source scale validation; Ergon has not been found to publish an explicit correction notice.
ergon 20252026/Bowen_EECL_20252026.csv,Bowen,ergon 20252026/Bowen_EECL_20252026.csv,2025-07-01,2026-06-30,17520,0,1596,MW/MVA,4995.371438,9882.263,11419.7794,13382.16,5338.086541,9922.434,11449.9693,13526.27,true,empirical_divide_by_1000_crosschecked_against_ergon_powerlink_planning_evidence,0.001,4.995371,9.882263,11.419779,13.38216,5.338087,9.922434,11.449969,13.52627,Raw source values retained. Interpreted fields divide by 1000 based on cross-source scale validation; Ergon has not been found to publish an explicit correction notice.
ergon 20252026/Boyne Residential_EECL_20252026.csv,Boyne Residential,ergon 20252026/Boyne Residential_EECL_20252026.csv,2025-07-01,2026-06-30,17520,0,2999,MW/MVA,3409.858033,7859.1355,9360.9595,11731.67,4082.198664,7860.5235,9366.9214,11735.34,true,empirical_divide_by_1000_crosschecked_against_ergon_powerlink_planning_evidence,0.001,3.409858,7.859135,9.36096,11.73167,4.082199,7.860523,9.366921,11.73534,Raw source values retained. Interpreted fields divide by 1000 based on cross-source scale validation; Ergon has not been found to publish an explicit correction notice.
ergon 20252026/Broxburn_EECL_20252026.csv,Broxburn,ergon 20252026/Broxburn_EECL_20252026.csv,2025-07-01,2026-06-30,17520,0,0,MW/MVA,4225.524087,6934.0,7929.24,10228.0,4461.499157,7078.0375,8198.3268,10518.27,true,empirical_divide_by_1000_crosschecked_against_ergon_powerlink_planning_evidence,0.001,4.225524,6.934,7.92924,10.228,4.461499,7.078037,8.198327,10.51827,Raw source values retained. Interpreted fields divide by 1000 based on cross-source scale validation; Ergon has not been found to publish an explicit correction notice.
ergon 20252026/Bullyard_EECL_20252026.csv,Bullyard,ergon 20252026/Bullyard_EECL_20252026.csv,2025-07-01,2026-06-30,17520,0,982,MW/MVA,730.259485,1475.906,1834.4544,2738.48,833.574962,1546.749,1916.9858,2836.0,true,empirical_divide_by_1000_crosschecked_against_ergon_powerlink_planning_evidence,0.001,0.730259,1.475906,1.834454,2.73848,0.833575,1.546749,1.916986,2.836,Raw source values retained. Interpreted fields divide by 1000 based on cross-source scale validation; Ergon has not been found to publish an explicit correction notice.
ergon 20252026/Bundaberg Central_EECL_20252026.csv,Bundaberg Central,ergon 20252026/Bundaberg Central_EECL_20252026.csv,2025-07-01,2026-06-30,17520,0,1,MW/MVA,6530.907079,10393.919,11982.5558,14894.7,6750.071584,10635.772,12156.7826,15089.05,true,empirical_divide_by_1000_crosschecked_against_ergon_powerlink_planning_evidence,0.001,6.530907,10.393919,11.982556,14.8947,6.750072,10.635772,12.156783,15.08905,Raw source values retained. Interpreted fields divide by 1000 based on cross-source scale validation; Ergon has not been found to publish an explicit correction notice.
ergon 20252026/Cairns City_EECL_20252026.csv,Cairns City,ergon 20252026/Cairns City_EECL_20252026.csv,2025-07-01,2026-06-30,17520,0,5638,MW/MVA,16572.486857,36256.166,39399.24,54272.76,17237.017199,36263.611,39403.5978,54272.77,true,empirical_divide_by_1000_crosschecked_against_ergon_powerlink_planning_evidence,0.001,16.572487,36.256166,39.39924,54.27276,17.237017,36.263611,39.403598,54.27277,Raw source values retained. Interpreted fields divide by 1000 based on cross-source scale validation; Ergon has not been found to publish an explicit correction notice.
ergon 20252026/Cairns North_EECL_20252026.csv,Cairns North,ergon 20252026/Cairns North_EECL_20252026.csv,2025-07-01,2026-06-30,17520,0,0,MW/MVA,26016.127506,41177.757,45946.1054,52228.26,26377.271075,41257.5485,46010.1843,52228.85,true,empirical_divide_by_1000_crosschecked_against_ergon_powerlink_planning_evidence,0.001,26.016128,41.177757,45.946105,52.22826,26.377271,41.257548,46.010184,52.22885,Raw source values retained. Interpreted fields divide by 1000 based on cross-source scale validation; Ergon has not been found to publish an explicit correction notice.
ergon 20252026/Calen_EECL_20252026.csv,Calen,ergon 20252026/Calen_EECL_20252026.csv,2025-07-01,2026-06-30,17520,0,2332,MW/MVA,892.191187,2151.883,2853.506,3479.68,1019.785107,2203.866,2928.8066,3582.59,true,empirical_divide_by_1000_crosschecked_against_ergon_powerlink_planning_evidence,0.001,0.892191,2.151883,2.853506,3.47968,1.019785,2.203866,2.928807,3.58259,Raw source values retained. Interpreted fields divide by 1000 based on cross-source scale validation; Ergon has not been found to publish an explicit correction notice.
ergon 20252026/Calliope_EECL_20252026.csv,Calliope,ergon 20252026/Calliope_EECL_20252026.csv,2025-07-01,2026-06-30,17520,0,2653,MW/MVA,2604.226018,5796.9715,7101.6111,11404.68,3067.74295,5823.5425,7188.7956,16606.66,true,empirical_divide_by_1000_crosschecked_against_ergon_powerlink_planning_evidence,0.001,2.604226,5.796971,7.101611,11.40468,3.067743,5.823542,7.188796,16.60666,Raw source values retained. Interpreted fields divide by 1000 based on cross-source scale validation; Ergon has not been found to publish an explicit correction notice.
ergon 20252026/Canning Street_EECL_20252026.csv,Canning Street,ergon 20252026/Canning Street_EECL_20252026.csv,2025-07-01,2026-06-30,17520,0,0,MW/MVA,8176.056393,13192.1,16086.96,20562.0,8222.954086,13238.4965,16148.9183,20669.16,true,empirical_divide_by_1000_crosschecked_against_ergon_powerlink_planning_evidence,0.001,8.176056,13.1921,16.08696,20.562,8.222954,13.238497,16.148918,20.66916,Raw source values retained. Interpreted fields divide by 1000 based on cross-source scale validation; Ergon has not been found to publish an explicit correction notice.
ergon 20252026/Cannonvale_EECL_20252026.csv,Cannonvale,ergon 20252026/Cannonvale_EECL_20252026.csv,2025-07-01,2026-06-30,17520,0,152,MW/MVA,7897.804878,13709.644,15660.5978,18071.26,8072.82501,13732.533,15686.4128,18115.49,true,empirical_divide_by_1000_crosschecked_against_ergon_powerlink_planning_evidence,0.001,7.897805,13.709644,15.660598,18.07126,8.072825,13.732533,15.686413,18.11549,Raw source values retained. Interpreted fields divide by 1000 based on cross-source scale validation; Ergon has not been found to publish an explicit correction notice.
ergon 20252026/Cape Ferguson_EECL_20252026.csv,Cape Ferguson,ergon 20252026/Cape Ferguson_EECL_20252026.csv,2025-07-01,2026-06-30,17520,0,103,MW/MVA,939.176683,1521.2805,1701.6833,2127.22,943.722922,1521.632,1702.0549,2132.9,true,empirical_divide_by_1000_crosschecked_against_ergon_powerlink_planning_evidence,0.001,0.939177,1.52128,1.701683,2.12722,0.943723,1.521632,1.702055,2.1329,Raw source values retained. Interpreted fields divide by 1000 based on cross-source scale validation; Ergon has not been found to publish an explicit correction notice.
ergon 20252026/Cardwell_EECL_20252026.csv,Cardwell,ergon 20252026/Cardwell_EECL_20252026.csv,2025-07-01,2026-06-30,17520,0,529,MW/MVA,1818.474147,3406.994,4195.7811,5082.98,1932.515043,3447.107,4244.3205,5192.53,true,empirical_divide_by_1000_crosschecked_against_ergon_powerlink_planning_evidence,0.001,1.818474,3.406994,4.195781,5.08298,1.932515,3.447107,4.24432,5.19253,Raw source values retained. Interpreted fields divide by 1000 based on cross-source scale validation; Ergon has not been found to publish an explicit correction notice.
ergon 20252026/Carmila_EECL_20252026.csv,Carmila,ergon 20252026/Carmila_EECL_20252026.csv,2025-07-01,2026-06-30,17520,0,2433,MW/MVA,187.487443,371.122,438.0908,616.38,214.324551,372.531,442.1653,632.47,false,empirical_divide_by_1000_crosschecked_against_ergon_powerlink_planning_evidence,0.001,0.187487,0.371122,0.438091,0.61638,0.214325,0.372531,0.442165,0.63247,Raw source values retained. Interpreted fields divide by 1000 based on cross-source scale validation; Ergon has not been found to publish an explicit correction notice.
ergon 20252026/Cecil Plains_EECL_20252026.csv,Cecil Plains,ergon 20252026/Cecil Plains_EECL_20252026.csv,2025-07-01,2026-06-30,17520,0,239,MW/MVA,1374.994463,3268.767,3476.9315,3863.64,1777.291483,4256.3425,4484.7247,4940.49,true,empirical_divide_by_1000_crosschecked_against_ergon_powerlink_planning_evidence,0.001,1.374994,3.268767,3.476932,3.86364,1.777291,4.256342,4.484725,4.94049,Raw source values retained. Interpreted fields divide by 1000 based on cross-source scale validation; Ergon has not been found to publish an explicit correction notice.
ergon 20252026/Charleville_EECL_20252026.csv,Charleville,ergon 20252026/Charleville_EECL_20252026.csv,2025-07-01,2026-06-30,17520,0,0,MW/MVA,4805.607885,8060.2795,9603.7043,12219.3,5620.127811,8237.111,9994.6572,13864.89,true,empirical_divide_by_1000_crosschecked_against_ergon_powerlink_planning_evidence,0.001,4.805608,8.06028,9.603704,12.2193,5.620128,8.237111,9.994657,13.86489,Raw source values retained. Interpreted fields divide by 1000 based on cross-source scale validation; Ergon has not been found to publish an explicit correction notice.
ergon 20252026/Charters Towers_EECL_20252026.csv,Charters Towers,ergon 20252026/Charters Towers_EECL_20252026.csv,2025-07-01,2026-06-30,17520,0,0,MW/MVA,4748.147753,7918.142,9306.1882,12550.0,4805.106029,7952.797,9338.6019,12556.41,true,empirical_divide_by_1000_crosschecked_against_ergon_powerlink_planning_evidence,0.001,4.748148,7.918142,9.306188,12.55,4.805106,7.952797,9.338602,12.55641,Raw source values retained. Interpreted fields divide by 1000 based on cross-source scale validation; Ergon has not been found to publish an explicit correction notice.
ergon 20252026/Childers_EECL_20252026.csv,Childers,ergon 20252026/Childers_EECL_20252026.csv,2025-07-01,2026-06-30,17520,0,939,MW/MVA,2476.47083,4534.591,5313.3128,7122.22,2719.246085,4586.9725,5375.0685,7295.51,true,empirical_divide_by_1000_crosschecked_against_ergon_powerlink_planning_evidence,0.001,2.476471,4.534591,5.313313,7.12222,2.719246,4.586972,5.375069,7.29551,Raw source values retained. Interpreted fields divide by 1000 based on cross-source scale validation; Ergon has not been found to publish an explicit correction notice.
ergon 20252026/Chillagoe_EECL_20252026.csv,Chillagoe,ergon 20252026/Chillagoe_EECL_20252026.csv,2025-07-01,2026-06-30,17520,0,898,MW/MVA,145.152686,267.08,321.5058,383.66,181.094462,284.3865,335.6758,398.61,false,empirical_divide_by_1000_crosschecked_against_ergon_powerlink_planning_evidence,0.001,0.145153,0.26708,0.321506,0.38366,0.181094,0.284386,0.335676,0.39861,Raw source values retained. Interpreted fields divide by 1000 based on cross-source scale validation; Ergon has not been found to publish an explicit correction notice.
ergon 20252026/Chinchilla Town_EECL_20252026.csv,Chinchilla Town,ergon 20252026/Chinchilla Town_EECL_20252026.csv,2025-07-01,2026-06-30,17520,0,351,MW/MVA,3160.263495,5941.992,7218.556,10032.57,3248.751723,5978.216,7259.6192,10107.56,true,empirical_divide_by_1000_crosschecked_against_ergon_powerlink_planning_evidence,0.001,3.160263,5.941992,7.218556,10.03257,3.248752,5.978216,7.259619,10.10756,Raw source values retained. Interpreted fields divide by 1000 based on cross-source scale validation; Ergon has not been found to publish an explicit correction notice.
ergon 20252026/Clare South_EECL_20252026.csv,Clare South,ergon 20252026/Clare South_EECL_20252026.csv,2025-07-01,2026-06-30,17520,0,576,MW/MVA,756.59414,1686.723,2000.5524,2348.48,852.556834,1862.902,2200.4535,2578.48,true,empirical_divide_by_1000_crosschecked_against_ergon_powerlink_planning_evidence,0.001,0.756594,1.686723,2.000552,2.34848,0.852557,1.862902,2.200454,2.57848,Raw source values retained. Interpreted fields divide by 1000 based on cross-source scale validation; Ergon has not been found to publish an explicit correction notice.
ergon 20252026/Clermont_EECL_20252026.csv,Clermont,ergon 20252026/Clermont_EECL_20252026.csv,2025-07-01,2026-06-30,17520,0,10,MW/MVA,3464.244351,6441.6455,8106.2171,10253.72,3608.649245,6463.577,8112.3858,10255.72,true,empirical_divide_by_1000_crosschecked_against_ergon_powerlink_planning_evidence,0.001,3.464244,6.441646,8.106217,10.25372,3.608649,6.463577,8.112386,10.25572,Raw source values retained. Interpreted fields divide by 1000 based on cross-source scale validation; Ergon has not been found to publish an explicit correction notice.
ergon 20252026/Clifton_EECL_20252026.csv,Clifton,ergon 20252026/Clifton_EECL_20252026.csv,2025-07-01,2026-06-30,17520,0,546,MW/MVA,1728.020425,3131.7595,3602.7911,4268.53,1783.998564,3136.0355,3605.8789,4268.55,true,empirical_divide_by_1000_crosschecked_against_ergon_powerlink_planning_evidence,0.001,1.72802,3.131759,3.602791,4.26853,1.783999,3.136035,3.605879,4.26855,Raw source values retained. Interpreted fields divide by 1000 based on cross-source scale validation; Ergon has not been found to publish an explicit correction notice.
ergon 20252026/Clinton_EECL_20252026.csv,Clinton,ergon 20252026/Clinton_EECL_20252026.csv,2025-07-01,2026-06-30,17520,0,0,MW/MVA,6232.385197,9963.743,11600.238,15117.82,6421.944971,10168.1645,11824.3416,15499.74,true,empirical_divide_by_1000_crosschecked_against_ergon_powerlink_planning_evidence,0.001,6.232385,9.963743,11.600238,15.11782,6.421945,10.168164,11.824342,15.49974,Raw source values retained. Interpreted fields divide by 1000 based on cross-source scale validation; Ergon has not been found to publish an explicit correction notice.
ergon 20252026/Cloncurry_EECL_20252026.csv,Cloncurry,ergon 20252026/Cloncurry_EECL_20252026.csv,2025-07-01,2026-06-30,17520,0,0,MW/MVA,1349.796461,2368.0,2840.0,3382.0,1368.020912,2389.4805,2866.3549,3411.81,true,empirical_divide_by_1000_crosschecked_against_ergon_powerlink_planning_evidence,0.001,1.349796,2.368,2.84,3.382,1.368021,2.389481,2.866355,3.41181,Raw source values retained. Interpreted fields divide by 1000 based on cross-source scale validation; Ergon has not been found to publish an explicit correction notice.
ergon 20252026/Collinsville_EECL_20252026.csv,Collinsville,ergon 20252026/Collinsville_EECL_20252026.csv,2025-07-01,2026-06-30,17520,0,6593,MW/MVA,-2411.730813,8617.192,9172.9922,10235.3,10823.852913,29748.132,34611.9884,40028.36,true,empirical_divide_by_1000_crosschecked_against_ergon_powerlink_planning_evidence,0.001,-2.411731,8.617192,9.172992,10.2353,10.823853,29.748132,34.611988,40.02836,Raw source values retained. Interpreted fields divide by 1000 based on cross-source scale validation; Ergon has not been found to publish an explicit correction notice.
ergon 20252026/Comet_EECL_20252026.csv,Comet,ergon 20252026/Comet_EECL_20252026.csv,2025-07-01,2026-06-30,17520,0,0,MW/MVA,917.745287,1690.037,2140.6096,2605.24,948.411784,1781.6945,2279.6582,2768.1,true,empirical_divide_by_1000_crosschecked_against_ergon_powerlink_planning_evidence,0.001,0.917745,1.690037,2.14061,2.60524,0.948412,1.781694,2.279658,2.7681,Raw source values retained. Interpreted fields divide by 1000 based on cross-source scale validation; Ergon has not been found to publish an explicit correction notice.
ergon 20252026/Cooktown_EECL_20252026.csv,Cooktown,ergon 20252026/Cooktown_EECL_20252026.csv,2025-07-01,2026-06-30,17520,0,114,MW/MVA,2521.263547,3759.0855,4281.8106,5197.41,2565.427966,3790.1865,4332.088,7949.38,true,empirical_divide_by_1000_crosschecked_against_ergon_powerlink_planning_evidence,0.001,2.521264,3.759085,4.281811,5.19741,2.565428,3.790186,4.332088,7.94938,Raw source values retained. Interpreted fields divide by 1000 based on cross-source scale validation; Ergon has not been found to publish an explicit correction notice.
ergon 20252026/Coominglah_EECL_20252026.csv,Coominglah,ergon 20252026/Coominglah_EECL_20252026.csv,2025-07-01,2026-06-30,17520,0,0,MW/MVA,352.411797,433.48,485.6644,2581.94,370.959751,456.2905,511.2225,2717.83,true,empirical_divide_by_1000_crosschecked_against_ergon_powerlink_planning_evidence,0.001,0.352412,0.43348,0.485664,2.58194,0.37096,0.456291,0.511223,2.71783,Raw source values retained. Interpreted fields divide by 1000 based on cross-source scale validation; Ergon has not been found to publish an explicit correction notice.
ergon 20252026/Craiglie_EECL_20252026.csv,Craiglie,ergon 20252026/Craiglie_EECL_20252026.csv,2025-07-01,2026-06-30,17520,0,0,MW/MVA,9242.015304,13140.0585,15277.1044,20877.58,9282.874445,13146.058,15291.0081,20893.12,true,empirical_divide_by_1000_crosschecked_against_ergon_powerlink_planning_evidence,0.001,9.242015,13.140059,15.277104,20.87758,9.282874,13.146058,15.291008,20.89312,Raw source values retained. Interpreted fields divide by 1000 based on cross-source scale validation; Ergon has not been found to publish an explicit correction notice.
ergon 20252026/Cranbrook_EECL_20252026.csv,Cranbrook,ergon 20252026/Cranbrook_EECL_20252026.csv,2025-07-01,2026-06-30,17520,0,6,MW/MVA,7401.200171,12411.305,14409.6454,17324.02,7455.778743,12430.3525,14421.4563,17379.84,true,empirical_divide_by_1000_crosschecked_against_ergon_powerlink_planning_evidence,0.001,7.4012,12.411305,14.409645,17.32402,7.455779,12.430352,14.421456,17.37984,Raw source values retained. Interpreted fields divide by 1000 based on cross-source scale validation; Ergon has not been found to publish an explicit correction notice.
ergon 20252026/Crediton_EECL_20252026.csv,Crediton,ergon 20252026/Crediton_EECL_20252026.csv,2025-07-01,2026-06-30,17520,0,493,MW/MVA,75.003902,162.893,223.3498,965.19,78.650328,166.5235,227.4262,965.19,false,empirical_divide_by_1000_crosschecked_against_ergon_powerlink_planning_evidence,0.001,0.075004,0.162893,0.22335,0.96519,0.07865,0.166523,0.227426,0.96519,Raw source values retained. Interpreted fields divide by 1000 based on cross-source scale validation; Ergon has not been found to publish an explicit correction notice.
ergon 20252026/Crows Nest_EECL_20252026.csv,Crows Nest,ergon 20252026/Crows Nest_EECL_20252026.csv,2025-07-01,2026-06-30,17520,0,2787,MW/MVA,1557.945776,3518.0,4217.62,5036.0,1843.598626,3526.4545,4220.6994,5037.29,true,empirical_divide_by_1000_crosschecked_against_ergon_powerlink_planning_evidence,0.001,1.557946,3.518,4.21762,5.036,1.843599,3.526454,4.220699,5.03729,Raw source values retained. Interpreted fields divide by 1000 based on cross-source scale validation; Ergon has not been found to publish an explicit correction notice.
ergon 20252026/Croydon_EECL_20252026.csv,Croydon,ergon 20252026/Croydon_EECL_20252026.csv,2025-07-01,2026-06-30,17520,0,0,MW/MVA,343.254343,528.5205,623.3391,702.8,383.780822,546.71,637.2868,715.22,true,empirical_divide_by_1000_crosschecked_against_ergon_powerlink_planning_evidence,0.001,0.343254,0.52852,0.623339,0.7028,0.383781,0.54671,0.637287,0.71522,Raw source values retained. Interpreted fields divide by 1000 based on cross-source scale validation; Ergon has not been found to publish an explicit correction notice.
ergon 20252026/Cunnamulla_EECL_20252026.csv,Cunnamulla,ergon 20252026/Cunnamulla_EECL_20252026.csv,2025-07-01,2026-06-30,17520,0,732,MW/MVA,1718.649729,3282.733,4179.394,5491.88,2070.893563,3447.9215,4418.6688,5686.63,true,empirical_divide_by_1000_crosschecked_against_ergon_powerlink_planning_evidence,0.001,1.71865,3.282733,4.179394,5.49188,2.070894,3.447922,4.418669,5.68663,Raw source values retained. Interpreted fields divide by 1000 based on cross-source scale validation; Ergon has not been found to publish an explicit correction notice.
ergon 20252026/Dalby Central_EECL_20252026.csv,Dalby Central,ergon 20252026/Dalby Central_EECL_20252026.csv,2025-07-01,2026-06-30,17520,0,987,MW/MVA,4820.300644,9517.873,11868.8808,15853.58,5082.502772,9552.772,11956.6862,15981.71,true,empirical_divide_by_1000_crosschecked_against_ergon_powerlink_planning_evidence,0.001,4.820301,9.517873,11.868881,15.85358,5.082503,9.552772,11.956686,15.98171,Raw source values retained. Interpreted fields divide by 1000 based on cross-source scale validation; Ergon has not been found to publish an explicit correction notice.
ergon 20252026/Dan Gleeson_EECL_20252026.csv,Dan Gleeson,ergon 20252026/Dan Gleeson_EECL_20252026.csv,2025-07-01,2026-06-30,17520,0,1669,MW/MVA,8418.694417,18187.981,21400.2542,25526.86,9208.2974,18188.6435,21401.7596,25541.62,true,empirical_divide_by_1000_crosschecked_against_ergon_powerlink_planning_evidence,0.001,8.418694,18.187981,21.400254,25.52686,9.208297,18.188643,21.40176,25.54162,Raw source values retained. Interpreted fields divide by 1000 based on cross-source scale validation; Ergon has not been found to publish an explicit correction notice.
ergon 20252026/Degilbo_EECL_20252026.csv,Degilbo,ergon 20252026/Degilbo_EECL_20252026.csv,2025-07-01,2026-06-30,17520,0,314,MW/MVA,984.204315,1689.585,1988.5078,2546.3,1005.440084,1692.5245,1994.9106,2556.31,true,empirical_divide_by_1000_crosschecked_against_ergon_powerlink_planning_evidence,0.001,0.984204,1.689585,1.988508,2.5463,1.00544,1.692524,1.994911,2.55631,Raw source values retained. Interpreted fields divide by 1000 based on cross-source scale validation; Ergon has not been found to publish an explicit correction notice.
ergon 20252026/Dimbulah_EECL_20252026.csv,Dimbulah,ergon 20252026/Dimbulah_EECL_20252026.csv,2025-07-01,2026-06-30,17520,0,455,MW/MVA,1651.33526,3004.178,3576.061,4965.7,1722.106852,3058.3775,3618.0336,5070.36,true,empirical_divide_by_1000_crosschecked_against_ergon_powerlink_planning_evidence,0.001,1.651335,3.004178,3.576061,4.9657,1.722107,3.058377,3.618034,5.07036,Raw source values retained. Interpreted fields divide by 1000 based on cross-source scale validation; Ergon has not been found to publish an explicit correction notice.
ergon 20252026/Disraeli_EECL_20252026.csv,Disraeli,ergon 20252026/Disraeli_EECL_20252026.csv,2025-07-01,2026-06-30,17520,0,0,MW/MVA,23.581103,71.5705,83.9524,152.15,24.822278,75.3405,88.3724,160.15,false,empirical_divide_by_1000_crosschecked_against_ergon_powerlink_planning_evidence,0.001,0.023581,0.07157,0.083952,0.15215,0.024822,0.07534,0.088372,0.16015,Raw source values retained. Interpreted fields divide by 1000 based on cross-source scale validation; Ergon has not been found to publish an explicit correction notice.
ergon 20252026/Duchess Road 11-66kV_EECL_20252026.csv,Duchess Road 11-66kV,ergon 20252026/Duchess Road 11-66kV_EECL_20252026.csv,2025-07-01,2026-06-30,17520,0,42,MW/MVA,22.823672,34.28,35.41,41.4,1388.727365,1415.271,1421.8881,18904.16,true,empirical_divide_by_1000_crosschecked_against_ergon_powerlink_planning_evidence,0.001,0.022824,0.03428,0.03541,0.0414,1.388727,1.415271,1.421888,18.90416,Raw source values retained. Interpreted fields divide by 1000 based on cross-source scale validation; Ergon has not been found to publish an explicit correction notice.
ergon 20252026/Duchess Road_EECL_20252026.csv,Duchess Road,ergon 20252026/Duchess Road_EECL_20252026.csv,2025-07-01,2026-06-30,17520,0,63,MW/MVA,12945.094064,23606.1,28119.24,32500.0,13367.926697,23641.6635,28119.6773,32504.06,true,empirical_divide_by_1000_crosschecked_against_ergon_powerlink_planning_evidence,0.001,12.945094,23.6061,28.11924,32.5,13.367927,23.641663,28.119677,32.50406,Raw source values retained. Interpreted fields divide by 1000 based on cross-source scale validation; Ergon has not been found to publish an explicit correction notice.
ergon 20252026/Dysart_EECL_20252026.csv,Dysart,ergon 20252026/Dysart_EECL_20252026.csv,2025-07-01,2026-06-30,17520,0,0,MW/MVA,3268.095233,5476.0,6557.62,8642.51,3379.056174,5490.343,6566.3863,8643.2,true,empirical_divide_by_1000_crosschecked_against_ergon_powerlink_planning_evidence,0.001,3.268095,5.476,6.55762,8.64251,3.379056,5.490343,6.566386,8.6432,Raw source values retained. Interpreted fields divide by 1000 based on cross-source scale validation; Ergon has not been found to publish an explicit correction notice.
ergon 20252026/East Ayr_EECL_20252026.csv,East Ayr,ergon 20252026/East Ayr_EECL_20252026.csv,2025-07-01,2026-06-30,17520,0,201,MW/MVA,5547.367029,9800.143,11566.4189,13995.73,5732.132546,9854.464,11675.2655,14138.4,true,empirical_divide_by_1000_crosschecked_against_ergon_powerlink_planning_evidence,0.001,5.547367,9.800143,11.566419,13.99573,5.732133,9.854464,11.675266,14.1384,Raw source values retained. Interpreted fields divide by 1000 based on cross-source scale validation; Ergon has not been found to publish an explicit correction notice.
ergon 20252026/East Bundaberg_EECL_20252026.csv,East Bundaberg,ergon 20252026/East Bundaberg_EECL_20252026.csv,2025-07-01,2026-06-30,17520,0,702,MW/MVA,7131.942999,14875.741,18552.5982,25044.33,7631.330347,15250.1075,18809.407,25621.69,true,empirical_divide_by_1000_crosschecked_against_ergon_powerlink_planning_evidence,0.001,7.131943,14.875741,18.552598,25.04433,7.63133,15.250107,18.809407,25.62169,Raw source values retained. Interpreted fields divide by 1000 based on cross-source scale validation; Ergon has not been found to publish an explicit correction notice.
ergon 20252026/East Toowoomba_EECL_20252026.csv,East Toowoomba,ergon 20252026/East Toowoomba_EECL_20252026.csv,2025-07-01,2026-06-30,17520,0,132,MW/MVA,10325.543502,21205.919,24302.5356,30898.7,10421.89568,21221.917,24303.2855,30908.96,true,empirical_divide_by_1000_crosschecked_against_ergon_powerlink_planning_evidence,0.001,10.325544,21.205919,24.302536,30.8987,10.421896,21.221917,24.303286,30.90896,Raw source values retained. Interpreted fields divide by 1000 based on cross-source scale validation; Ergon has not been found to publish an explicit correction notice.
ergon 20252026/Edmonton_EECL_20252026.csv,Edmonton,ergon 20252026/Edmonton_EECL_20252026.csv,2025-07-01,2026-06-30,17520,0,1095,MW/MVA,18122.163321,35868.1785,42285.0546,48028.14,20698.433571,37154.4855,43393.1376,48953.5,true,empirical_divide_by_1000_crosschecked_against_ergon_powerlink_planning_evidence,0.001,18.122163,35.868178,42.285055,48.02814,20.698434,37.154485,43.393138,48.9535,Raw source values retained. Interpreted fields divide by 1000 based on cross-source scale validation; Ergon has not been found to publish an explicit correction notice.
ergon 20252026/Eidsvold_EECL_20252026.csv,Eidsvold,ergon 20252026/Eidsvold_EECL_20252026.csv,2025-07-01,2026-06-30,17520,0,75,MW/MVA,667.920503,1175.386,1534.3554,1958.92,684.72498,1178.0155,1536.647,1964.38,true,empirical_divide_by_1000_crosschecked_against_ergon_powerlink_planning_evidence,0.001,0.667921,1.175386,1.534355,1.95892,0.684725,1.178015,1.536647,1.96438,Raw source values retained. Interpreted fields divide by 1000 based on cross-source scale validation; Ergon has not been found to publish an explicit correction notice.
ergon 20252026/El Arish_EECL_20252026.csv,El Arish,ergon 20252026/El Arish_EECL_20252026.csv,2025-07-01,2026-06-30,17520,0,852,MW/MVA,2459.385152,4294.702,4964.95,5713.8,2605.847618,4340.3285,4999.9616,5724.29,true,empirical_divide_by_1000_crosschecked_against_ergon_powerlink_planning_evidence,0.001,2.459385,4.294702,4.96495,5.7138,2.605848,4.340328,4.999962,5.72429,Raw source values retained. Interpreted fields divide by 1000 based on cross-source scale validation; Ergon has not been found to publish an explicit correction notice.
ergon 20252026/Ellwoods Road_EECL_20252026.csv,Ellwoods Road,ergon 20252026/Ellwoods Road_EECL_20252026.csv,2025-07-01,2026-06-30,17520,0,0,MW/MVA,1587.086244,2418.944,2583.4667,3226.74,1668.877562,2543.11,2724.2186,3431.2,true,empirical_divide_by_1000_crosschecked_against_ergon_powerlink_planning_evidence,0.001,1.587086,2.418944,2.583467,3.22674,1.668878,2.54311,2.724219,3.4312,Raw source values retained. Interpreted fields divide by 1000 based on cross-source scale validation; Ergon has not been found to publish an explicit correction notice.
ergon 20252026/Emerald_EECL_20252026.csv,Emerald,ergon 20252026/Emerald_EECL_20252026.csv,2025-07-01,2026-06-30,17520,0,3,MW/MVA,13327.82567,25403.2445,32045.0043,39518.11,13532.839023,25438.817,32110.9931,40289.2,true,empirical_divide_by_1000_crosschecked_against_ergon_powerlink_planning_evidence,0.001,13.327826,25.403244,32.045004,39.51811,13.532839,25.438817,32.110993,40.2892,Raw source values retained. Interpreted fields divide by 1000 based on cross-source scale validation; Ergon has not been found to publish an explicit correction notice.
ergon 20252026/Eton_EECL_20252026.csv,Eton,ergon 20252026/Eton_EECL_20252026.csv,2025-07-01,2026-06-30,17520,0,1590,MW/MVA,1351.915807,3402.349,4428.3224,6037.46,1464.820462,3512.657,4582.5093,6169.11,true,empirical_divide_by_1000_crosschecked_against_ergon_powerlink_planning_evidence,0.001,1.351916,3.402349,4.428322,6.03746,1.46482,3.512657,4.582509,6.16911,Raw source values retained. Interpreted fields divide by 1000 based on cross-source scale validation; Ergon has not been found to publish an explicit correction notice.
ergon 20252026/Evelyn_EECL_20252026.csv,Evelyn,ergon 20252026/Evelyn_EECL_20252026.csv,2025-07-01,2026-06-30,17520,0,1,MW/MVA,694.269584,1074.441,1360.5526,3323.26,704.497138,1078.6425,1375.4693,3323.29,true,empirical_divide_by_1000_crosschecked_against_ergon_powerlink_planning_evidence,0.001,0.69427,1.074441,1.360553,3.32326,0.704497,1.078643,1.375469,3.32329,Raw source values retained. Interpreted fields divide by 1000 based on cross-source scale validation; Ergon has not been found to publish an explicit correction notice.
ergon 20252026/Farleigh_EECL_20252026.csv,Farleigh,ergon 20252026/Farleigh_EECL_20252026.csv,2025-07-01,2026-06-30,17520,0,1484,MW/MVA,1488.477873,2949.091,3543.9832,850298.94,1650.306659,2961.8335,3561.1921,851442.23,true,empirical_divide_by_1000_crosschecked_against_ergon_powerlink_planning_evidence,0.001,1.488478,2.949091,3.543983,850.29894,1.650307,2.961834,3.561192,851.44223,Raw source values retained. Interpreted fields divide by 1000 based on cross-source scale validation; Ergon has not been found to publish an explicit correction notice.
ergon 20252026/Farnsfield_EECL_20252026.csv,Farnsfield,ergon 20252026/Farnsfield_EECL_20252026.csv,2025-07-01,2026-06-30,17520,0,6,MW/MVA,2451.502015,5409.3495,6369.9286,10198.17,2808.398235,5493.027,6434.4816,13143.55,true,empirical_divide_by_1000_crosschecked_against_ergon_powerlink_planning_evidence,0.001,2.451502,5.409349,6.369929,10.19817,2.808398,5.493027,6.434482,13.14355,Raw source values retained. Interpreted fields divide by 1000 based on cross-source scale validation; Ergon has not been found to publish an explicit correction notice.
ergon 20252026/Frenchville_EECL_20252026.csv,Frenchville,ergon 20252026/Frenchville_EECL_20252026.csv,2025-07-01,2026-06-30,17520,0,2288,MW/MVA,4600.725687,10253.97,13211.98,18047.26,5167.129287,10258.358,13215.5648,18052.72,true,empirical_divide_by_1000_crosschecked_against_ergon_powerlink_planning_evidence,0.001,4.600726,10.25397,13.21198,18.04726,5.167129,10.258358,13.215565,18.05272,Raw source values retained. Interpreted fields divide by 1000 based on cross-source scale validation; Ergon has not been found to publish an explicit correction notice.
ergon 20252026/Friend Street_EECL_20252026.csv,Friend Street,ergon 20252026/Friend Street_EECL_20252026.csv,2025-07-01,2026-06-30,17520,0,0,MW/MVA,8474.852757,13051.329,15031.8558,18731.36,8587.958455,13215.6175,15211.9971,19037.17,true,empirical_divide_by_1000_crosschecked_against_ergon_powerlink_planning_evidence,0.001,8.474853,13.051329,15.031856,18.73136,8.587958,13.215617,15.211997,19.03717,Raw source values retained. Interpreted fields divide by 1000 based on cross-source scale validation; Ergon has not been found to publish an explicit correction notice.
ergon 20252026/Garbutt_EECL_20252026.csv,Garbutt,ergon 20252026/Garbutt_EECL_20252026.csv,2025-07-01,2026-06-30,17520,0,0,MW/MVA,11564.357303,18874.8975,21116.318,26975.87,11866.330219,19455.547,21725.5742,291246.16,true,empirical_divide_by_1000_crosschecked_against_ergon_powerlink_planning_evidence,0.001,11.564357,18.874897,21.116318,26.97587,11.86633,19.455547,21.725574,291.24616,Raw source values retained. Interpreted fields divide by 1000 based on cross-source scale validation; Ergon has not been found to publish an explicit correction notice.
ergon 20252026/Gayndah_EECL_20252026.csv,Gayndah,ergon 20252026/Gayndah_EECL_20252026.csv,2025-07-01,2026-06-30,17520,0,73,MW/MVA,1947.306479,3274.831,4069.3494,5304.76,2091.967001,3408.086,4161.1705,5376.78,true,empirical_divide_by_1000_crosschecked_against_ergon_powerlink_planning_evidence,0.001,1.947306,3.274831,4.069349,5.30476,2.091967,3.408086,4.161171,5.37678,Raw source values retained. Interpreted fields divide by 1000 based on cross-source scale validation; Ergon has not been found to publish an explicit correction notice.
ergon 20252026/Georgetown_EECL_20252026.csv,Georgetown,ergon 20252026/Georgetown_EECL_20252026.csv,2025-07-01,2026-06-30,17520,0,0,MW/MVA,1094.874486,1732.043,2016.5342,2573.5,1218.469888,1752.821,2021.4184,2573.85,true,empirical_divide_by_1000_crosschecked_against_ergon_powerlink_planning_evidence,0.001,1.094874,1.732043,2.016534,2.5735,1.21847,1.752821,2.021418,2.57385,Raw source values retained. Interpreted fields divide by 1000 based on cross-source scale validation; Ergon has not been found to publish an explicit correction notice.
ergon 20252026/Giru_EECL_20252026.csv,Giru,ergon 20252026/Giru_EECL_20252026.csv,2025-07-01,2026-06-30,17520,0,844,MW/MVA,620.688978,1263.629,1617.8278,1959.92,719.550908,1362.8285,1736.9369,2121.15,true,empirical_divide_by_1000_crosschecked_against_ergon_powerlink_planning_evidence,0.001,0.620689,1.263629,1.617828,1.95992,0.719551,1.362828,1.736937,2.12115,Raw source values retained. Interpreted fields divide by 1000 based on cross-source scale validation; Ergon has not been found to publish an explicit correction notice.
ergon 20252026/Givelda_EECL_20252026.csv,Givelda,ergon 20252026/Givelda_EECL_20252026.csv,2025-07-01,2026-06-30,17520,0,0,MW/MVA,1413.994502,3080.947,5281.3316,6086.44,1488.415257,3243.0975,5559.2888,6406.77,true,empirical_divide_by_1000_crosschecked_against_ergon_powerlink_planning_evidence,0.001,1.413995,3.080947,5.281332,6.08644,1.488415,3.243097,5.559289,6.40677,Raw source values retained. Interpreted fields divide by 1000 based on cross-source scale validation; Ergon has not been found to publish an explicit correction notice.
ergon 20252026/Gladstone South_EECL_20252026.csv,Gladstone South,ergon 20252026/Gladstone South_EECL_20252026.csv,2025-07-01,2026-06-30,17520,0,2508,MW/MVA,6249.194178,13984.2,16989.24,22308.0,7279.475599,14000.347,16992.6946,22308.74,true,empirical_divide_by_1000_crosschecked_against_ergon_powerlink_planning_evidence,0.001,6.249194,13.9842,16.98924,22.308,7.279476,14.000347,16.992695,22.30874,Raw source values retained. Interpreted fields divide by 1000 based on cross-source scale validation; Ergon has not been found to publish an explicit correction notice.
ergon 20252026/Glenden_EECL_20252026.csv,Glenden,ergon 20252026/Glenden_EECL_20252026.csv,2025-07-01,2026-06-30,17520,0,0,MW/MVA,590.17743,935.8235,1100.1421,1590.8,624.28586,947.2215,1111.9603,1591.85,true,empirical_divide_by_1000_crosschecked_against_ergon_powerlink_planning_evidence,0.001,0.590177,0.935823,1.100142,1.5908,0.624286,0.947221,1.11196,1.59185,Raw source values retained. Interpreted fields divide by 1000 based on cross-source scale validation; Ergon has not been found to publish an explicit correction notice.
ergon 20252026/Glenelg_EECL_20252026.csv,Glenelg,ergon 20252026/Glenelg_EECL_20252026.csv,2025-07-01,2026-06-30,17520,0,0,MW/MVA,205.827828,315.0205,376.6867,468.24,383.204641,449.042,489.8496,563.1,false,empirical_divide_by_1000_crosschecked_against_ergon_powerlink_planning_evidence,0.001,0.205828,0.31502,0.376687,0.46824,0.383205,0.449042,0.48985,0.5631,Raw source values retained. Interpreted fields divide by 1000 based on cross-source scale validation; Ergon has not been found to publish an explicit correction notice.
ergon 20252026/Glenella 11kV_EECL_20252026.csv,Glenella 11kV,ergon 20252026/Glenella 11kV_EECL_20252026.csv,2025-07-01,2026-06-30,17520,0,782,MW/MVA,4387.14129,8570.389,10053.0008,11798.18,4539.312479,8578.8525,10053.0597,11806.51,true,empirical_divide_by_1000_crosschecked_against_ergon_powerlink_planning_evidence,0.001,4.387141,8.570389,10.053001,11.79818,4.539312,8.578853,10.05306,11.80651,Raw source values retained. Interpreted fields divide by 1000 based on cross-source scale validation; Ergon has not been found to publish an explicit correction notice.
ergon 20252026/Glenella 33kV_EECL_20252026.csv,Glenella 33kV,ergon 20252026/Glenella 33kV_EECL_20252026.csv,2025-07-01,2026-06-30,17520,0,3032,MW/MVA,11936.23849,29545.581,35236.7144,41787.68,14476.894639,29547.192,35281.6863,41970.54,true,empirical_divide_by_1000_crosschecked_against_ergon_powerlink_planning_evidence,0.001,11.936238,29.545581,35.236714,41.78768,14.476895,29.547192,35.281686,41.97054,Raw source values retained. Interpreted fields divide by 1000 based on cross-source scale validation; Ergon has not been found to publish an explicit correction notice.
ergon 20252026/Gooburrum_EECL_20252026.csv,Gooburrum,ergon 20252026/Gooburrum_EECL_20252026.csv,2025-07-01,2026-06-30,17520,0,1543,MW/MVA,1219.559406,2434.9345,2915.0869,3808.07,1387.218686,2476.3975,2976.5057,3897.13,true,empirical_divide_by_1000_crosschecked_against_ergon_powerlink_planning_evidence,0.001,1.219559,2.434934,2.915087,3.80807,1.387219,2.476397,2.976506,3.89713,Raw source values retained. Interpreted fields divide by 1000 based on cross-source scale validation; Ergon has not been found to publish an explicit correction notice.
ergon 20252026/Gootchie_EECL_20252026.csv,Gootchie,ergon 20252026/Gootchie_EECL_20252026.csv,2025-07-01,2026-06-30,17520,0,2744,MW/MVA,1286.898707,2812.398,3346.0,4630.14,1519.628738,2820.4685,3363.3233,4675.42,true,empirical_divide_by_1000_crosschecked_against_ergon_powerlink_planning_evidence,0.001,1.286899,2.812398,3.346,4.63014,1.519629,2.820468,3.363323,4.67542,Raw source values retained. Interpreted fields divide by 1000 based on cross-source scale validation; Ergon has not been found to publish an explicit correction notice.
ergon 20252026/Gracemere_EECL_20252026.csv,Gracemere,ergon 20252026/Gracemere_EECL_20252026.csv,2025-07-01,2026-06-30,17520,0,1753,MW/MVA,2665.701922,5772.9515,7563.2225,12266.8,2834.756622,5776.6625,7570.7509,12268.58,true,empirical_divide_by_1000_crosschecked_against_ergon_powerlink_planning_evidence,0.001,2.665702,5.772951,7.563223,12.2668,2.834757,5.776662,7.570751,12.26858,Raw source values retained. Interpreted fields divide by 1000 based on cross-source scale validation; Ergon has not been found to publish an explicit correction notice.
ergon 20252026/Granite Creek_EECL_20252026.csv,Granite Creek,ergon 20252026/Granite Creek_EECL_20252026.csv,2025-07-01,2026-06-30,17520,0,79,MW/MVA,134.610626,227.9435,267.4429,795.24,182.208796,268.86,318.1862,1160.16,false,empirical_divide_by_1000_crosschecked_against_ergon_powerlink_planning_evidence,0.001,0.134611,0.227943,0.267443,0.79524,0.182209,0.26886,0.318186,1.16016,Raw source values retained. Interpreted fields divide by 1000 based on cross-source scale validation; Ergon has not been found to publish an explicit correction notice.
ergon 20252026/Greenvale_EECL_20252026.csv,Greenvale,ergon 20252026/Greenvale_EECL_20252026.csv,2025-07-01,2026-06-30,17520,0,0,MW/MVA,256.512557,380.0,450.0,548.0,300.266166,401.102,462.08,554.71,false,empirical_divide_by_1000_crosschecked_against_ergon_powerlink_planning_evidence,0.001,0.256513,0.38,0.45,0.548,0.300266,0.401102,0.46208,0.55471,Raw source values retained. Interpreted fields divide by 1000 based on cross-source scale validation; Ergon has not been found to publish an explicit correction notice.
ergon 20252026/Gumlu East_EECL_20252026.csv,Gumlu East,ergon 20252026/Gumlu East_EECL_20252026.csv,2025-07-01,2026-06-30,17520,0,0,MW/MVA,411.810563,895.092,1064.4886,1211.78,479.356655,1040.876,1645.4022,1910.26,true,empirical_divide_by_1000_crosschecked_against_ergon_powerlink_planning_evidence,0.001,0.411811,0.895092,1.064489,1.21178,0.479357,1.040876,1.645402,1.91026,Raw source values retained. Interpreted fields divide by 1000 based on cross-source scale validation; Ergon has not been found to publish an explicit correction notice.
ergon 20252026/Guthalungra_EECL_20252026.csv,Guthalungra,ergon 20252026/Guthalungra_EECL_20252026.csv,2025-07-01,2026-06-30,17520,0,49,MW/MVA,113.341835,183.6325,233.1767,351.73,116.448841,184.983,234.3005,356.06,false,empirical_divide_by_1000_crosschecked_against_ergon_powerlink_planning_evidence,0.001,0.113342,0.183632,0.233177,0.35173,0.116449,0.184983,0.234301,0.35606,Raw source values retained. Interpreted fields divide by 1000 based on cross-source scale validation; Ergon has not been found to publish an explicit correction notice.
ergon 20252026/Hartley Street_EECL_20252026.csv,Hartley Street,ergon 20252026/Hartley Street_EECL_20252026.csv,2025-07-01,2026-06-30,17520,0,7,MW/MVA,31106.592414,50624.5865,58741.5181,72573.42,31601.358767,50926.309,59076.5661,73225.88,true,empirical_divide_by_1000_crosschecked_against_ergon_powerlink_planning_evidence,0.001,31.106592,50.624586,58.741518,72.57342,31.601359,50.926309,59.076566,73.22588,Raw source values retained. Interpreted fields divide by 1000 based on cross-source scale validation; Ergon has not been found to publish an explicit correction notice.
ergon 20252026/Haughton_EECL_20252026.csv,Haughton,ergon 20252026/Haughton_EECL_20252026.csv,2025-07-01,2026-06-30,17520,0,53,MW/MVA,299.505792,654.5105,901.421,1919.17,329.636516,724.663,994.0754,2039.34,true,empirical_divide_by_1000_crosschecked_against_ergon_powerlink_planning_evidence,0.001,0.299506,0.65451,0.901421,1.91917,0.329637,0.724663,0.994075,2.03934,Raw source values retained. Interpreted fields divide by 1000 based on cross-source scale validation; Ergon has not been found to publish an explicit correction notice.
ergon 20252026/Helenvale_EECL_20252026.csv,Helenvale,ergon 20252026/Helenvale_EECL_20252026.csv,2025-07-01,2026-06-30,17520,0,0,MW/MVA,363.653196,546.1,606.0,694.0,398.51516,569.9855,623.8181,704.64,true,empirical_divide_by_1000_crosschecked_against_ergon_powerlink_planning_evidence,0.001,0.363653,0.5461,0.606,0.694,0.398515,0.569985,0.623818,0.70464,Raw source values retained. Interpreted fields divide by 1000 based on cross-source scale validation; Ergon has not been found to publish an explicit correction notice.
ergon 20252026/Hermit Park_EECL_20252026.csv,Hermit Park,ergon 20252026/Hermit Park_EECL_20252026.csv,2025-07-01,2026-06-30,17520,0,0,MW/MVA,7852.090489,12667.788,14463.9016,17550.68,7915.071485,12703.92,14502.383,17645.14,true,empirical_divide_by_1000_crosschecked_against_ergon_powerlink_planning_evidence,0.001,7.85209,12.667788,14.463902,17.55068,7.915071,12.70392,14.502383,17.64514,Raw source values retained. Interpreted fields divide by 1000 based on cross-source scale validation; Ergon has not been found to publish an explicit correction notice.
ergon 20252026/Highfields_EECL_20252026.csv,Highfields,ergon 20252026/Highfields_EECL_20252026.csv,2025-07-01,2026-06-30,17520,0,2804,MW/MVA,910.461068,2571.1755,4068.4668,5681.12,1116.446936,2612.812,4086.4279,5684.9,true,empirical_divide_by_1000_crosschecked_against_ergon_powerlink_planning_evidence,0.001,0.910461,2.571175,4.068467,5.68112,1.116447,2.612812,4.086428,5.6849,Raw source values retained. Interpreted fields divide by 1000 based on cross-source scale validation; Ergon has not been found to publish an explicit correction notice.
ergon 20252026/Home Hill_EECL_20252026.csv,Home Hill,ergon 20252026/Home Hill_EECL_20252026.csv,2025-07-01,2026-06-30,17520,0,2953,MW/MVA,2582.492341,6874.686,8940.8224,11324.68,3641.887205,7393.6685,9595.9489,12048.74,true,empirical_divide_by_1000_crosschecked_against_ergon_powerlink_planning_evidence,0.001,2.582492,6.874686,8.940822,11.32468,3.641887,7.393668,9.595949,12.04874,Raw source values retained. Interpreted fields divide by 1000 based on cross-source scale validation; Ergon has not been found to publish an explicit correction notice.
ergon 20252026/Howard_EECL_20252026.csv,Howard,ergon 20252026/Howard_EECL_20252026.csv,2025-07-01,2026-06-30,17520,0,3651,MW/MVA,2759.445205,6780.0,8060.0,10360.0,3809.427377,6842.595,8080.62,10402.56,true,empirical_divide_by_1000_crosschecked_against_ergon_powerlink_planning_evidence,0.001,2.759445,6.78,8.06,10.36,3.809427,6.842595,8.08062,10.40256,Raw source values retained. Interpreted fields divide by 1000 based on cross-source scale validation; Ergon has not been found to publish an explicit correction notice.
ergon 20252026/Hughenden_EECL_20252026.csv,Hughenden,ergon 20252026/Hughenden_EECL_20252026.csv,2025-07-01,2026-06-30,17520,0,7137,MW/MVA,-2024.917806,2906.028,3679.1994,4786.44,5338.869139,13478.2425,14650.6853,15705.21,true,empirical_divide_by_1000_crosschecked_against_ergon_powerlink_planning_evidence,0.001,-2.024918,2.906028,3.679199,4.78644,5.338869,13.478242,14.650685,15.70521,Raw source values retained. Interpreted fields divide by 1000 based on cross-source scale validation; Ergon has not been found to publish an explicit correction notice.
ergon 20252026/Ilbilbie_EECL_20252026.csv,Ilbilbie,ergon 20252026/Ilbilbie_EECL_20252026.csv,2025-07-01,2026-06-30,17520,0,7997,MW/MVA,-7.618998,431.5015,560.3947,721.23,242.149556,443.515,571.9191,732.15,true,empirical_divide_by_1000_crosschecked_against_ergon_powerlink_planning_evidence,0.001,-0.007619,0.431501,0.560395,0.72123,0.24215,0.443515,0.571919,0.73215,Raw source values retained. Interpreted fields divide by 1000 based on cross-source scale validation; Ergon has not been found to publish an explicit correction notice.
ergon 20252026/Ingham_EECL_20252026.csv,Ingham,ergon 20252026/Ingham_EECL_20252026.csv,2025-07-01,2026-06-30,17520,0,66,MW/MVA,4666.928974,8214.457,9769.464,11353.0,4820.289427,8257.585,9792.0217,11353.27,true,empirical_divide_by_1000_crosschecked_against_ergon_powerlink_planning_evidence,0.001,4.666929,8.214457,9.769464,11.353,4.820289,8.257585,9.792022,11.35327,Raw source values retained. Interpreted fields divide by 1000 based on cross-source scale validation; Ergon has not been found to publish an explicit correction notice.
ergon 20252026/Innisfail_EECL_20252026.csv,Innisfail,ergon 20252026/Innisfail_EECL_20252026.csv,2025-07-01,2026-06-30,17520,0,449,MW/MVA,12053.084989,20816.6715,24847.3084,28807.88,12578.68018,20961.1865,25070.0746,62942.33,true,empirical_divide_by_1000_crosschecked_against_ergon_powerlink_planning_evidence,0.001,12.053085,20.816672,24.847308,28.80788,12.57868,20.961186,25.070075,62.94233,Raw source values retained. Interpreted fields divide by 1000 based on cross-source scale validation; Ergon has not been found to publish an explicit correction notice.
ergon 20252026/Jandowae_EECL_20252026.csv,Jandowae,ergon 20252026/Jandowae_EECL_20252026.csv,2025-07-01,2026-06-30,17520,0,2542,MW/MVA,409.435635,883.0115,1060.5829,1463.63,473.846425,885.0515,1062.6055,1469.82,true,empirical_divide_by_1000_crosschecked_against_ergon_powerlink_planning_evidence,0.001,0.409436,0.883011,1.060583,1.46363,0.473846,0.885051,1.062606,1.46982,Raw source values retained. Interpreted fields divide by 1000 based on cross-source scale validation; Ergon has not been found to publish an explicit correction notice.
ergon 20252026/Jardine Creek 66-132kV_EECL_20252026.csv,Jardine Creek 66-132kV,ergon 20252026/Jardine Creek 66-132kV_EECL_20252026.csv,2025-07-01,2026-06-30,17520,0,4675,MW/MVA,3515.987038,10837.908,12280.527,14911.08,7766.109078,13064.117,14310.7359,16550.14,true,empirical_divide_by_1000_crosschecked_against_ergon_powerlink_planning_evidence,0.001,3.515987,10.837908,12.280527,14.91108,7.766109,13.064117,14.310736,16.55014,Raw source values retained. Interpreted fields divide by 1000 based on cross-source scale validation; Ergon has not been found to publish an explicit correction notice.
ergon 20252026/Jarvisfield_EECL_20252026.csv,Jarvisfield,ergon 20252026/Jarvisfield_EECL_20252026.csv,2025-07-01,2026-06-30,17520,0,1230,MW/MVA,1214.224658,2838.0,3621.62,4816.0,1539.446132,3364.282,4189.7434,5545.86,true,empirical_divide_by_1000_crosschecked_against_ergon_powerlink_planning_evidence,0.001,1.214225,2.838,3.62162,4.816,1.539446,3.364282,4.189743,5.54586,Raw source values retained. Interpreted fields divide by 1000 based on cross-source scale validation; Ergon has not been found to publish an explicit correction notice.
ergon 20252026/Jubilee Pocket_EECL_20252026.csv,Jubilee Pocket,ergon 20252026/Jubilee Pocket_EECL_20252026.csv,2025-07-01,2026-06-30,17520,0,170,MW/MVA,2207.788901,3972.449,4565.9518,5233.0,2231.874445,3973.0985,4565.9984,5233.13,true,empirical_divide_by_1000_crosschecked_against_ergon_powerlink_planning_evidence,0.001,2.207789,3.972449,4.565952,5.233,2.231874,3.973098,4.565998,5.23313,Raw source values retained. Interpreted fields divide by 1000 based on cross-source scale validation; Ergon has not been found to publish an explicit correction notice.
ergon 20252026/Julia Creek_EECL_20252026.csv,Julia Creek,ergon 20252026/Julia Creek_EECL_20252026.csv,2025-07-01,2026-06-30,17520,0,0,MW/MVA,1067.367076,1925.658,2343.8268,157293.18,1096.992193,1927.898,2344.1583,158297.61,true,empirical_divide_by_1000_crosschecked_against_ergon_powerlink_planning_evidence,0.001,1.067367,1.925658,2.343827,157.29318,1.096992,1.927898,2.344158,158.29761,Raw source values retained. Interpreted fields divide by 1000 based on cross-source scale validation; Ergon has not been found to publish an explicit correction notice.
ergon 20252026/Kaimkillenbun_EECL_20252026.csv,Kaimkillenbun,ergon 20252026/Kaimkillenbun_EECL_20252026.csv,2025-07-01,2026-06-30,17520,0,741,MW/MVA,371.899329,656.2005,765.2624,950.75,397.44708,662.643,773.013,1388.65,true,empirical_divide_by_1000_crosschecked_against_ergon_powerlink_planning_evidence,0.001,0.371899,0.656201,0.765262,0.95075,0.397447,0.662643,0.773013,1.38865,Raw source values retained. Interpreted fields divide by 1000 based on cross-source scale validation; Ergon has not been found to publish an explicit correction notice.
ergon 20252026/Kalamia_EECL_20252026.csv,Kalamia,ergon 20252026/Kalamia_EECL_20252026.csv,2025-07-01,2026-06-30,17520,0,6009,MW/MVA,-96.092736,1232.024,1753.686,3408.24,1096.864521,2545.9695,3070.5392,4461.98,true,empirical_divide_by_1000_crosschecked_against_ergon_powerlink_planning_evidence,0.001,-0.096093,1.232024,1.753686,3.40824,1.096865,2.545969,3.070539,4.46198,Raw source values retained. Interpreted fields divide by 1000 based on cross-source scale validation; Ergon has not been found to publish an explicit correction notice.
ergon 20252026/Kamerunga_EECL_20252026.csv,Kamerunga,ergon 20252026/Kamerunga_EECL_20252026.csv,2025-07-01,2026-06-30,17520,0,916,MW/MVA,21796.223356,41345.1745,47848.9383,55573.17,23649.700195,42091.9215,48366.9113,55841.42,true,empirical_divide_by_1000_crosschecked_against_ergon_powerlink_planning_evidence,0.001,21.796223,41.345174,47.848938,55.57317,23.6497,42.091921,48.366911,55.84142,Raw source values retained. Interpreted fields divide by 1000 based on cross-source scale validation; Ergon has not been found to publish an explicit correction notice.
ergon 20252026/Kearneys Spring_EECL_20252026.csv,Kearneys Spring,ergon 20252026/Kearneys Spring_EECL_20252026.csv,2025-07-01,2026-06-30,17520,0,2827,MW/MVA,8686.529256,21037.674,25036.6042,33072.16,10260.316637,21122.4955,25084.1198,33072.16,true,empirical_divide_by_1000_crosschecked_against_ergon_powerlink_planning_evidence,0.001,8.686529,21.037674,25.036604,33.07216,10.260317,21.122495,25.08412,33.07216,Raw source values retained. Interpreted fields divide by 1000 based on cross-source scale validation; Ergon has not been found to publish an explicit correction notice.
ergon 20252026/Kelsey Creek East_EECL_20252026.csv,Kelsey Creek East,ergon 20252026/Kelsey Creek East_EECL_20252026.csv,2025-07-01,2026-06-30,17520,0,2261,MW/MVA,3812.651911,8536.663,10769.4454,13541.04,4462.333915,8576.6275,10883.1749,13735.55,true,empirical_divide_by_1000_crosschecked_against_ergon_powerlink_planning_evidence,0.001,3.812652,8.536663,10.769445,13.54104,4.462334,8.576627,10.883175,13.73555,Raw source values retained. Interpreted fields divide by 1000 based on cross-source scale validation; Ergon has not been found to publish an explicit correction notice.
ergon 20252026/Kidston_EECL_20252026.csv,Kidston,ergon 20252026/Kidston_EECL_20252026.csv,2025-07-01,2026-06-30,17520,0,0,MW/MVA,1979.875703,3067.046,3283.1372,4700.08,2208.224872,3525.4825,3752.3177,5581.68,true,empirical_divide_by_1000_crosschecked_against_ergon_powerlink_planning_evidence,0.001,1.979876,3.067046,3.283137,4.70008,2.208225,3.525483,3.752318,5.58168,Raw source values retained. Interpreted fields divide by 1000 based on cross-source scale validation; Ergon has not been found to publish an explicit correction notice.
ergon 20252026/Kilkivan East_EECL_20252026.csv,Kilkivan East,ergon 20252026/Kilkivan East_EECL_20252026.csv,2025-07-01,2026-06-30,17520,0,1105,MW/MVA,409.670252,766.0,898.8748,1966.92,444.84167,768.02,903.5662,2078.42,true,empirical_divide_by_1000_crosschecked_against_ergon_powerlink_planning_evidence,0.001,0.40967,0.766,0.898875,1.96692,0.444842,0.76802,0.903566,2.07842,Raw source values retained. Interpreted fields divide by 1000 based on cross-source scale validation; Ergon has not been found to publish an explicit correction notice.
ergon 20252026/Killarney_EECL_20252026.csv,Killarney,ergon 20252026/Killarney_EECL_20252026.csv,2025-07-01,2026-06-30,17520,0,1388,MW/MVA,822.06357,1633.488,1912.1686,2214.46,928.38508,1643.4065,1915.8145,2221.69,true,empirical_divide_by_1000_crosschecked_against_ergon_powerlink_planning_evidence,0.001,0.822064,1.633488,1.912169,2.21446,0.928385,1.643406,1.915815,2.22169,Raw source values retained. Interpreted fields divide by 1000 based on cross-source scale validation; Ergon has not been found to publish an explicit correction notice.
ergon 20252026/Kingaroy_EECL_20252026.csv,Kingaroy,ergon 20252026/Kingaroy_EECL_20252026.csv,2025-07-01,2026-06-30,17520,0,15,MW/MVA,11103.462841,17707.585,19875.1414,23954.6,11456.496107,17906.8705,20086.2704,24427.36,true,empirical_divide_by_1000_crosschecked_against_ergon_powerlink_planning_evidence,0.001,11.103463,17.707585,19.875141,23.9546,11.456496,17.90687,20.08627,24.42736,Raw source values retained. Interpreted fields divide by 1000 based on cross-source scale validation; Ergon has not been found to publish an explicit correction notice.
ergon 20252026/Kirknie_EECL_20252026.csv,Kirknie,ergon 20252026/Kirknie_EECL_20252026.csv,2025-07-01,2026-06-30,17520,0,2749,MW/MVA,2180.933377,4710.853,6423.2287,7159.78,2585.290325,5439.569,7600.3134,8368.67,true,empirical_divide_by_1000_crosschecked_against_ergon_powerlink_planning_evidence,0.001,2.180933,4.710853,6.423229,7.15978,2.58529,5.439569,7.600313,8.36867,Raw source values retained. Interpreted fields divide by 1000 based on cross-source scale validation; Ergon has not been found to publish an explicit correction notice.
ergon 20252026/Kogan Creek_EECL_20252026.csv,Kogan Creek,ergon 20252026/Kogan Creek_EECL_20252026.csv,2025-07-01,2026-06-30,17520,0,597,MW/MVA,64.280436,121.5315,147.6348,1287.62,66.252666,122.031,147.8405,1622.48,false,empirical_divide_by_1000_crosschecked_against_ergon_powerlink_planning_evidence,0.001,0.06428,0.121531,0.147635,1.28762,0.066253,0.122031,0.147841,1.62248,Raw source values retained. Interpreted fields divide by 1000 based on cross-source scale validation; Ergon has not been found to publish an explicit correction notice.
ergon 20252026/Koumala_EECL_20252026.csv,Koumala,ergon 20252026/Koumala_EECL_20252026.csv,2025-07-01,2026-06-30,17520,0,789,MW/MVA,369.06539,842.9235,1241.4825,1588.26,405.013797,895.083,1330.886,2049.99,true,empirical_divide_by_1000_crosschecked_against_ergon_powerlink_planning_evidence,0.001,0.369065,0.842923,1.241483,1.58826,0.405014,0.895083,1.330886,2.04999,Raw source values retained. Interpreted fields divide by 1000 based on cross-source scale validation; Ergon has not been found to publish an explicit correction notice.
ergon 20252026/Laguna Quays_EECL_20252026.csv,Laguna Quays,ergon 20252026/Laguna Quays_EECL_20252026.csv,2025-07-01,2026-06-30,17520,0,3394,MW/MVA,547.584589,1306.0,1536.0,1904.0,683.671139,1308.458,1537.5685,1913.06,true,empirical_divide_by_1000_crosschecked_against_ergon_powerlink_planning_evidence,0.001,0.547585,1.306,1.536,1.904,0.683671,1.308458,1.537569,1.91306,Raw source values retained. Interpreted fields divide by 1000 based on cross-source scale validation; Ergon has not been found to publish an explicit correction notice.
ergon 20252026/Lakeland_EECL_20252026.csv,Lakeland,ergon 20252026/Lakeland_EECL_20252026.csv,2025-07-01,2026-06-30,17520,0,73,MW/MVA,1111.148673,3947.5295,4430.7581,4747.56,1933.771498,4386.15,4923.06,5275.07,true,empirical_divide_by_1000_crosschecked_against_ergon_powerlink_planning_evidence,0.001,1.111149,3.947529,4.430758,4.74756,1.933771,4.38615,4.92306,5.27507,Raw source values retained. Interpreted fields divide by 1000 based on cross-source scale validation; Ergon has not been found to publish an explicit correction notice.
ergon 20252026/Lakes Creek_EECL_20252026.csv,Lakes Creek,ergon 20252026/Lakes Creek_EECL_20252026.csv,2025-07-01,2026-06-30,17520,0,1,MW/MVA,7480.426597,10636.0,11971.62,14440.0,7728.03435,10875.35,12216.8825,14709.73,true,empirical_divide_by_1000_crosschecked_against_ergon_powerlink_planning_evidence,0.001,7.480427,10.636,11.97162,14.44,7.728034,10.87535,12.216883,14.70973,Raw source values retained. Interpreted fields divide by 1000 based on cross-source scale validation; Ergon has not been found to publish an explicit correction notice.
ergon 20252026/Lannercost_EECL_20252026.csv,Lannercost,ergon 20252026/Lannercost_EECL_20252026.csv,2025-07-01,2026-06-30,17520,0,4,MW/MVA,694.315891,1288.161,1562.441,1905.4,696.394168,1289.5115,1563.1254,1908.23,true,empirical_divide_by_1000_crosschecked_against_ergon_powerlink_planning_evidence,0.001,0.694316,1.288161,1.562441,1.9054,0.696394,1.289511,1.563125,1.90823,Raw source values retained. Interpreted fields divide by 1000 based on cross-source scale validation; Ergon has not been found to publish an explicit correction notice.
ergon 20252026/Littlemore_EECL_20252026.csv,Littlemore,ergon 20252026/Littlemore_EECL_20252026.csv,2025-07-01,2026-06-30,17520,0,2,MW/MVA,153.632763,276.0,326.0,438.0,178.050519,306.01,358.4273,504.33,false,empirical_divide_by_1000_crosschecked_against_ergon_powerlink_planning_evidence,0.001,0.153633,0.276,0.326,0.438,0.178051,0.30601,0.358427,0.50433,Raw source values retained. Interpreted fields divide by 1000 based on cross-source scale validation; Ergon has not been found to publish an explicit correction notice.
ergon 20252026/Longreach_EECL_20252026.csv,Longreach,ergon 20252026/Longreach_EECL_20252026.csv,2025-07-01,2026-06-30,17520,0,0,MW/MVA,3146.146475,6114.458,8194.5353,10292.19,3300.674408,6161.665,8204.1053,10292.26,true,empirical_divide_by_1000_crosschecked_against_ergon_powerlink_planning_evidence,0.001,3.146146,6.114458,8.194535,10.29219,3.300674,6.161665,8.204105,10.29226,Raw source values retained. Interpreted fields divide by 1000 based on cross-source scale validation; Ergon has not been found to publish an explicit correction notice.
ergon 20252026/Louisa Creek_EECL_20252026.csv,Louisa Creek,ergon 20252026/Louisa Creek_EECL_20252026.csv,2025-07-01,2026-06-30,17520,0,3740,MW/MVA,927.165813,2323.3745,2716.0112,3204.19,1278.93878,2355.8535,2741.5323,3221.36,true,empirical_divide_by_1000_crosschecked_against_ergon_powerlink_planning_evidence,0.001,0.927166,2.323374,2.716011,3.20419,1.278939,2.355853,2.741532,3.22136,Raw source values retained. Interpreted fields divide by 1000 based on cross-source scale validation; Ergon has not been found to publish an explicit correction notice.
ergon 20252026/Lucinda_EECL_20252026.csv,Lucinda,ergon 20252026/Lucinda_EECL_20252026.csv,2025-07-01,2026-06-30,17520,0,16,MW/MVA,550.277853,955.928,2426.4504,2914.78,564.382197,989.945,2691.6644,3201.78,true,empirical_divide_by_1000_crosschecked_against_ergon_powerlink_planning_evidence,0.001,0.550278,0.955928,2.42645,2.91478,0.564382,0.989945,2.691664,3.20178,Raw source values retained. Interpreted fields divide by 1000 based on cross-source scale validation; Ergon has not been found to publish an explicit correction notice.
ergon 20252026/Lyndley Lane_EECL_20252026.csv,Lyndley Lane,ergon 20252026/Lyndley Lane_EECL_20252026.csv,2025-07-01,2026-06-30,17520,0,6,MW/MVA,231.390255,404.8805,466.6543,642.99,241.301953,410.759,469.6905,647.0,false,empirical_divide_by_1000_crosschecked_against_ergon_powerlink_planning_evidence,0.001,0.23139,0.40488,0.466654,0.64299,0.241302,0.410759,0.469691,0.647,Raw source values retained. Interpreted fields divide by 1000 based on cross-source scale validation; Ergon has not been found to publish an explicit correction notice.
ergon 20252026/Mackay City_EECL_20252026.csv,Mackay City,ergon 20252026/Mackay City_EECL_20252026.csv,2025-07-01,2026-06-30,17520,0,0,MW/MVA,6964.685716,11155.639,12628.6708,15569.62,7093.012838,11368.8525,12981.452,43169.13,true,empirical_divide_by_1000_crosschecked_against_ergon_powerlink_planning_evidence,0.001,6.964686,11.155639,12.628671,15.56962,7.093013,11.368853,12.981452,43.16913,Raw source values retained. Interpreted fields divide by 1000 based on cross-source scale validation; Ergon has not been found to publish an explicit correction notice.
ergon 20252026/Macknade_EECL_20252026.csv,Macknade,ergon 20252026/Macknade_EECL_20252026.csv,2025-07-01,2026-06-30,17520,0,3613,MW/MVA,563.37111,1767.466,2153.8982,2938.26,806.281568,1820.1755,2233.1443,3066.48,true,empirical_divide_by_1000_crosschecked_against_ergon_powerlink_planning_evidence,0.001,0.563371,1.767466,2.153898,2.93826,0.806282,1.820176,2.233144,3.06648,Raw source values retained. Interpreted fields divide by 1000 based on cross-source scale validation; Ergon has not been found to publish an explicit correction notice.
ergon 20252026/Malchi_EECL_20252026.csv,Malchi,ergon 20252026/Malchi_EECL_20252026.csv,2025-07-01,2026-06-30,17520,0,1816,MW/MVA,2427.981321,5354.636,7391.2755,10408.35,2639.987071,5363.134,7394.6917,10419.59,true,empirical_divide_by_1000_crosschecked_against_ergon_powerlink_planning_evidence,0.001,2.427981,5.354636,7.391276,10.40835,2.639987,5.363134,7.394692,10.41959,Raw source values retained. Interpreted fields divide by 1000 based on cross-source scale validation; Ergon has not been found to publish an explicit correction notice.
ergon 20252026/Mareeba_EECL_20252026.csv,Mareeba,ergon 20252026/Mareeba_EECL_20252026.csv,2025-07-01,2026-06-30,17520,0,378,MW/MVA,9516.069749,16212.1,18717.24,24626.0,9728.613949,16244.6825,18719.9678,24637.42,true,empirical_divide_by_1000_crosschecked_against_ergon_powerlink_planning_evidence,0.001,9.51607,16.2121,18.71724,24.626,9.728614,16.244682,18.719968,24.63742,Raw source values retained. Interpreted fields divide by 1000 based on cross-source scale validation; Ergon has not been found to publish an explicit correction notice.
ergon 20252026/Marian South_EECL_20252026.csv,Marian South,ergon 20252026/Marian South_EECL_20252026.csv,2025-07-01,2026-06-30,17520,0,4760,MW/MVA,1052.740753,3844.0,5077.62,7950.0,1913.089725,4022.6305,5330.9806,8175.75,true,empirical_divide_by_1000_crosschecked_against_ergon_powerlink_planning_evidence,0.001,1.052741,3.844,5.07762,7.95,1.91309,4.02263,5.330981,8.17575,Raw source values retained. Interpreted fields divide by 1000 based on cross-source scale validation; Ergon has not been found to publish an explicit correction notice.
ergon 20252026/Mary Kathleen_EECL_20252026.csv,Mary Kathleen,ergon 20252026/Mary Kathleen_EECL_20252026.csv,2025-07-01,2026-06-30,17520,0,0,MW/MVA,0.0,0.0,0.0,0.0,0.0,0.0,0.0,0.0,false,empirical_divide_by_1000_crosschecked_against_ergon_powerlink_planning_evidence,0.001,0.0,0.0,0.0,0.0,0.0,0.0,0.0,0.0,Raw source values retained. Interpreted fields divide by 1000 based on cross-source scale validation; Ergon has not been found to publish an explicit correction notice.
ergon 20252026/Maryborough City_EECL_20252026.csv,Maryborough City,ergon 20252026/Maryborough City_EECL_20252026.csv,2025-07-01,2026-06-30,17520,0,98,MW/MVA,4901.493313,7859.8,9333.3374,12268.76,5184.268736,8067.1,9543.9457,12516.3,true,empirical_divide_by_1000_crosschecked_against_ergon_powerlink_planning_evidence,0.001,4.901493,7.8598,9.333337,12.26876,5.184269,8.0671,9.543946,12.5163,Raw source values retained. Interpreted fields divide by 1000 based on cross-source scale validation; Ergon has not been found to publish an explicit correction notice.
ergon 20252026/Max Fulton_EECL_20252026.csv,Max Fulton,ergon 20252026/Max Fulton_EECL_20252026.csv,2025-07-01,2026-06-30,17520,0,0,MW/MVA,7308.725065,10794.511,12020.428,13930.52,7348.925958,10884.8525,12111.5699,14081.34,true,empirical_divide_by_1000_crosschecked_against_ergon_powerlink_planning_evidence,0.001,7.308725,10.794511,12.020428,13.93052,7.348926,10.884852,12.11157,14.08134,Raw source values retained. Interpreted fields divide by 1000 based on cross-source scale validation; Ergon has not been found to publish an explicit correction notice.
ergon 20252026/McKinley Creek_EECL_20252026.csv,McKinley Creek,ergon 20252026/McKinley Creek_EECL_20252026.csv,2025-07-01,2026-06-30,17520,0,2256,MW/MVA,1238.283699,2611.385,3084.2684,3667.48,1379.103488,2612.3015,3086.4718,3674.93,true,empirical_divide_by_1000_crosschecked_against_ergon_powerlink_planning_evidence,0.001,1.238284,2.611385,3.084268,3.66748,1.379103,2.612301,3.086472,3.67493,Raw source values retained. Interpreted fields divide by 1000 based on cross-source scale validation; Ergon has not been found to publish an explicit correction notice.
ergon 20252026/Meadowvale_EECL_20252026.csv,Meadowvale,ergon 20252026/Meadowvale_EECL_20252026.csv,2025-07-01,2026-06-30,17520,0,2357,MW/MVA,3134.902341,6502.7635,7474.2816,9572.73,3612.800089,6560.6005,7617.7517,9649.61,true,empirical_divide_by_1000_crosschecked_against_ergon_powerlink_planning_evidence,0.001,3.134902,6.502764,7.474282,9.57273,3.6128,6.5606,7.617752,9.64961,Raw source values retained. Interpreted fields divide by 1000 based on cross-source scale validation; Ergon has not been found to publish an explicit correction notice.
ergon 20252026/Meandarra_EECL_20252026.csv,Meandarra,ergon 20252026/Meandarra_EECL_20252026.csv,2025-07-01,2026-06-30,17520,0,135,MW/MVA,338.972104,636.182,796.9196,1028.83,384.876496,647.674,801.7422,1030.86,true,empirical_divide_by_1000_crosschecked_against_ergon_powerlink_planning_evidence,0.001,0.338972,0.636182,0.79692,1.02883,0.384876,0.647674,0.801742,1.03086,Raw source values retained. Interpreted fields divide by 1000 based on cross-source scale validation; Ergon has not been found to publish an explicit correction notice.
ergon 20252026/Merinda_EECL_20252026.csv,Merinda,ergon 20252026/Merinda_EECL_20252026.csv,2025-07-01,2026-06-30,17520,0,203,MW/MVA,1123.306908,2864.905,3327.8966,3824.26,1249.490662,3223.877,3633.8867,4263.96,true,empirical_divide_by_1000_crosschecked_against_ergon_powerlink_planning_evidence,0.001,1.123307,2.864905,3.327897,3.82426,1.249491,3.223877,3.633887,4.26396,Raw source values retained. Interpreted fields divide by 1000 based on cross-source scale validation; Ergon has not been found to publish an explicit correction notice.
ergon 20252026/Meringandan_EECL_20252026.csv,Meringandan,ergon 20252026/Meringandan_EECL_20252026.csv,2025-07-01,2026-06-30,17520,0,3570,MW/MVA,3201.798936,8514.43,10495.2994,13204.27,4442.738267,8556.599,10527.2295,13227.62,true,empirical_divide_by_1000_crosschecked_against_ergon_powerlink_planning_evidence,0.001,3.201799,8.51443,10.495299,13.20427,4.442738,8.556599,10.52723,13.22762,Raw source values retained. Interpreted fields divide by 1000 based on cross-source scale validation; Ergon has not been found to publish an explicit correction notice.
ergon 20252026/Middlemount_EECL_20252026.csv,Middlemount,ergon 20252026/Middlemount_EECL_20252026.csv,2025-07-01,2026-06-30,17520,0,0,MW/MVA,2265.616459,3630.339,4250.9572,5435.32,2269.794187,3640.153,4261.7334,5449.19,true,empirical_divide_by_1000_crosschecked_against_ergon_powerlink_planning_evidence,0.001,2.265616,3.630339,4.250957,5.43532,2.269794,3.640153,4.261733,5.44919,Raw source values retained. Interpreted fields divide by 1000 based on cross-source scale validation; Ergon has not been found to publish an explicit correction notice.
ergon 20252026/Miles-Condamine_EECL_20252026.csv,Miles-Condamine,ergon 20252026/Miles-Condamine_EECL_20252026.csv,2025-07-01,2026-06-30,17520,0,0,MW/MVA,256.535568,482.932,577.6635,797.27,257.560522,483.2225,578.2224,1810.12,true,empirical_divide_by_1000_crosschecked_against_ergon_powerlink_planning_evidence,0.001,0.256536,0.482932,0.577664,0.79727,0.257561,0.483222,0.578222,1.81012,Raw source values retained. Interpreted fields divide by 1000 based on cross-source scale validation; Ergon has not been found to publish an explicit correction notice.
ergon 20252026/Miles_EECL_20252026.csv,Miles,ergon 20252026/Miles_EECL_20252026.csv,2025-07-01,2026-06-30,17520,0,302,MW/MVA,1354.858927,2471.001,3021.1266,4122.26,1388.967941,2481.5735,3037.5829,4145.46,true,empirical_divide_by_1000_crosschecked_against_ergon_powerlink_planning_evidence,0.001,1.354859,2.471001,3.021127,4.12226,1.388968,2.481573,3.037583,4.14546,Raw source values retained. Interpreted fields divide by 1000 based on cross-source scale validation; Ergon has not been found to publish an explicit correction notice.
ergon 20252026/Millaroo_EECL_20252026.csv,Millaroo,ergon 20252026/Millaroo_EECL_20252026.csv,2025-07-01,2026-06-30,17520,0,270,MW/MVA,499.430401,1093.271,1393.4908,1685.1,561.318589,1232.859,1593.5632,1883.09,true,empirical_divide_by_1000_crosschecked_against_ergon_powerlink_planning_evidence,0.001,0.49943,1.093271,1.393491,1.6851,0.561319,1.232859,1.593563,1.88309,Raw source values retained. Interpreted fields divide by 1000 based on cross-source scale validation; Ergon has not been found to publish an explicit correction notice.
ergon 20252026/Millchester_EECL_20252026.csv,Millchester,ergon 20252026/Millchester_EECL_20252026.csv,2025-07-01,2026-06-30,17520,0,353,MW/MVA,1969.341466,3788.632,4514.332,5846.1,2072.24685,3804.009,4530.6768,5862.07,true,empirical_divide_by_1000_crosschecked_against_ergon_powerlink_planning_evidence,0.001,1.969341,3.788632,4.514332,5.8461,2.072247,3.804009,4.530677,5.86207,Raw source values retained. Interpreted fields divide by 1000 based on cross-source scale validation; Ergon has not been found to publish an explicit correction notice.
ergon 20252026/Millmerran_EECL_20252026.csv,Millmerran,ergon 20252026/Millmerran_EECL_20252026.csv,2025-07-01,2026-06-30,17520,0,0,MW/MVA,1877.376941,3065.647,3728.9198,4951.53,1976.186222,3226.9895,3925.1842,5212.14,true,empirical_divide_by_1000_crosschecked_against_ergon_powerlink_planning_evidence,0.001,1.877377,3.065647,3.72892,4.95153,1.976186,3.226989,3.925184,5.21214,Raw source values retained. Interpreted fields divide by 1000 based on cross-source scale validation; Ergon has not been found to publish an explicit correction notice.
ergon 20252026/Mirani_EECL_20252026.csv,Mirani,ergon 20252026/Mirani_EECL_20252026.csv,2025-07-01,2026-06-30,17520,0,1564,MW/MVA,842.67751,1725.962,2206.9798,2856.98,931.479896,1743.327,2237.7958,3144.68,true,empirical_divide_by_1000_crosschecked_against_ergon_powerlink_planning_evidence,0.001,0.842678,1.725962,2.20698,2.85698,0.93148,1.743327,2.237796,3.14468,Raw source values retained. Interpreted fields divide by 1000 based on cross-source scale validation; Ergon has not been found to publish an explicit correction notice.
ergon 20252026/Miriam Vale_EECL_20252026.csv,Miriam Vale,ergon 20252026/Miriam Vale_EECL_20252026.csv,2025-07-01,2026-06-30,17520,0,3702,MW/MVA,502.797273,1463.8805,1751.1829,2137.77,648.246962,1491.653,1769.6105,4089.24,true,empirical_divide_by_1000_crosschecked_against_ergon_powerlink_planning_evidence,0.001,0.502797,1.46388,1.751183,2.13777,0.648247,1.491653,1.76961,4.08924,Raw source values retained. Interpreted fields divide by 1000 based on cross-source scale validation; Ergon has not been found to publish an explicit correction notice.
ergon 20252026/Mitchell_EECL_20252026.csv,Mitchell,ergon 20252026/Mitchell_EECL_20252026.csv,2025-07-01,2026-06-30,17520,0,273,MW/MVA,848.044296,1501.5065,1838.6188,2391.89,918.518031,1548.516,1887.9675,2427.17,true,empirical_divide_by_1000_crosschecked_against_ergon_powerlink_planning_evidence,0.001,0.848044,1.501507,1.838619,2.39189,0.918518,1.548516,1.887968,2.42717,Raw source values retained. Interpreted fields divide by 1000 based on cross-source scale validation; Ergon has not been found to publish an explicit correction notice.
ergon 20252026/Mona Park_EECL_20252026.csv,Mona Park,ergon 20252026/Mona Park_EECL_20252026.csv,2025-07-01,2026-06-30,17520,0,1094,MW/MVA,1284.711215,3465.201,4029.7098,4704.92,1459.335527,3799.2005,4427.2677,5127.82,true,empirical_divide_by_1000_crosschecked_against_ergon_powerlink_planning_evidence,0.001,1.284711,3.465201,4.02971,4.70492,1.459336,3.7992,4.427268,5.12782,Raw source values retained. Interpreted fields divide by 1000 based on cross-source scale validation; Ergon has not been found to publish an explicit correction notice.
ergon 20252026/Monduran Dam_EECL_20252026.csv,Monduran Dam,ergon 20252026/Monduran Dam_EECL_20252026.csv,2025-07-01,2026-06-30,17520,0,54,MW/MVA,139.063387,245.721,285.8767,354.31,143.796386,247.83,287.1162,354.65,false,empirical_divide_by_1000_crosschecked_against_ergon_powerlink_planning_evidence,0.001,0.139063,0.245721,0.285877,0.35431,0.143796,0.24783,0.287116,0.35465,Raw source values retained. Interpreted fields divide by 1000 based on cross-source scale validation; Ergon has not been found to publish an explicit correction notice.
ergon 20252026/Monto_EECL_20252026.csv,Monto,ergon 20252026/Monto_EECL_20252026.csv,2025-07-01,2026-06-30,17520,0,0,MW/MVA,1927.78399,3166.1,3856.0,4970.0,2025.741016,3281.8185,4024.7615,5208.48,true,empirical_divide_by_1000_crosschecked_against_ergon_powerlink_planning_evidence,0.001,1.927784,3.1661,3.856,4.97,2.025741,3.281818,4.024762,5.20848,Raw source values retained. Interpreted fields divide by 1000 based on cross-source scale validation; Ergon has not been found to publish an explicit correction notice.
ergon 20252026/Moorvale_EECL_20252026.csv,Moorvale,ergon 20252026/Moorvale_EECL_20252026.csv,2025-07-01,2026-06-30,17520,0,0,MW/MVA,4094.014697,5335.221,5774.3144,7037.88,4186.870614,5486.215,5944.5692,7272.85,true,empirical_divide_by_1000_crosschecked_against_ergon_powerlink_planning_evidence,0.001,4.094015,5.335221,5.774314,7.03788,4.186871,5.486215,5.944569,7.27285,Raw source values retained. Interpreted fields divide by 1000 based on cross-source scale validation; Ergon has not been found to publish an explicit correction notice.
ergon 20252026/Moranbah Town_EECL_20252026.csv,Moranbah Town,ergon 20252026/Moranbah Town_EECL_20252026.csv,2025-07-01,2026-06-30,17520,0,1089,MW/MVA,9564.330274,15648.4925,18404.4836,22598.64,9986.6514,15740.7415,18489.0464,22702.24,true,empirical_divide_by_1000_crosschecked_against_ergon_powerlink_planning_evidence,0.001,9.56433,15.648492,18.404484,22.59864,9.986651,15.740741,18.489046,22.70224,Raw source values retained. Interpreted fields divide by 1000 based on cross-source scale validation; Ergon has not been found to publish an explicit correction notice.
ergon 20252026/Mossman_EECL_20252026.csv,Mossman,ergon 20252026/Mossman_EECL_20252026.csv,2025-07-01,2026-06-30,17520,0,441,MW/MVA,3182.02526,5964.846,6953.8061,7932.86,3239.714192,5968.4645,6957.7418,11379.01,true,empirical_divide_by_1000_crosschecked_against_ergon_powerlink_planning_evidence,0.001,3.182025,5.964846,6.953806,7.93286,3.239714,5.968464,6.957742,11.37901,Raw source values retained. Interpreted fields divide by 1000 based on cross-source scale validation; Ergon has not been found to publish an explicit correction notice.
ergon 20252026/Mount Fox_EECL_20252026.csv,Mount Fox,ergon 20252026/Mount Fox_EECL_20252026.csv,2025-07-01,2026-06-30,17520,0,2,MW/MVA,28.650431,47.83,55.5281,248.37,54.018271,67.48,73.87,252.87,false,empirical_divide_by_1000_crosschecked_against_ergon_powerlink_planning_evidence,0.001,0.02865,0.04783,0.055528,0.24837,0.054018,0.06748,0.07387,0.25287,Raw source values retained. Interpreted fields divide by 1000 based on cross-source scale validation; Ergon has not been found to publish an explicit correction notice.
ergon 20252026/Mount Rooper_EECL_20252026.csv,Mount Rooper,ergon 20252026/Mount Rooper_EECL_20252026.csv,2025-07-01,2026-06-30,17520,0,0,MW/MVA,742.872945,1048.0,1146.0,1422.0,750.498383,1056.287,1156.0496,1435.72,true,empirical_divide_by_1000_crosschecked_against_ergon_powerlink_planning_evidence,0.001,0.742873,1.048,1.146,1.422,0.750498,1.056287,1.15605,1.43572,Raw source values retained. Interpreted fields divide by 1000 based on cross-source scale validation; Ergon has not been found to publish an explicit correction notice.
ergon 20252026/Moura_EECL_20252026.csv,Moura,ergon 20252026/Moura_EECL_20252026.csv,2025-07-01,2026-06-30,17520,0,0,MW/MVA,3611.085203,5673.3835,6653.8588,8954.52,3647.388069,5681.4395,6667.4913,9006.47,true,empirical_divide_by_1000_crosschecked_against_ergon_powerlink_planning_evidence,0.001,3.611085,5.673383,6.653859,8.95452,3.647388,5.681439,6.667491,9.00647,Raw source values retained. Interpreted fields divide by 1000 based on cross-source scale validation; Ergon has not been found to publish an explicit correction notice.
ergon 20252026/Mt Bassett_EECL_20252026.csv,Mt Bassett,ergon 20252026/Mt Bassett_EECL_20252026.csv,2025-07-01,2026-06-30,17520,0,293,MW/MVA,5611.478264,9784.275,11242.2072,13181.49,5802.050168,9805.461,11279.585,13318.46,true,empirical_divide_by_1000_crosschecked_against_ergon_powerlink_planning_evidence,0.001,5.611478,9.784275,11.242207,13.18149,5.80205,9.805461,11.279585,13.31846,Raw source values retained. Interpreted fields divide by 1000 based on cross-source scale validation; Ergon has not been found to publish an explicit correction notice.
ergon 20252026/Mt Garnet_EECL_20252026.csv,Mt Garnet,ergon 20252026/Mt Garnet_EECL_20252026.csv,2025-07-01,2026-06-30,17520,0,0,MW/MVA,766.904566,1274.0,1452.0,1874.0,848.817116,1294.2055,1467.8104,1877.59,true,empirical_divide_by_1000_crosschecked_against_ergon_powerlink_planning_evidence,0.001,0.766905,1.274,1.452,1.874,0.848817,1.294205,1.46781,1.87759,Raw source values retained. Interpreted fields divide by 1000 based on cross-source scale validation; Ergon has not been found to publish an explicit correction notice.
ergon 20252026/Mt Molloy_EECL_20252026.csv,Mt Molloy,ergon 20252026/Mt Molloy_EECL_20252026.csv,2025-07-01,2026-06-30,17520,0,0,MW/MVA,758.87139,1129.0215,1293.6144,1595.75,798.811978,1188.442,1361.6925,1679.73,true,empirical_divide_by_1000_crosschecked_against_ergon_powerlink_planning_evidence,0.001,0.758871,1.129022,1.293614,1.59575,0.798812,1.188442,1.361693,1.67973,Raw source values retained. Interpreted fields divide by 1000 based on cross-source scale validation; Ergon has not been found to publish an explicit correction notice.
ergon 20252026/Mt Morgan_EECL_20252026.csv,Mt Morgan,ergon 20252026/Mt Morgan_EECL_20252026.csv,2025-07-01,2026-06-30,17520,0,1821,MW/MVA,1276.703219,2527.301,3054.3164,3939.47,1399.005968,2534.0135,3066.6456,3955.68,true,empirical_divide_by_1000_crosschecked_against_ergon_powerlink_planning_evidence,0.001,1.276703,2.527301,3.054316,3.93947,1.399006,2.534013,3.066646,3.95568,Raw source values retained. Interpreted fields divide by 1000 based on cross-source scale validation; Ergon has not been found to publish an explicit correction notice.
ergon 20252026/Mt Mowbullan_EECL_20252026.csv,Mt Mowbullan,ergon 20252026/Mt Mowbullan_EECL_20252026.csv,2025-07-01,2026-06-30,17520,0,9,MW/MVA,300.05761,446.88,561.7787,694.48,303.9181,449.741,563.392,695.21,true,empirical_divide_by_1000_crosschecked_against_ergon_powerlink_planning_evidence,0.001,0.300058,0.44688,0.561779,0.69448,0.303918,0.449741,0.563392,0.69521,Raw source values retained. Interpreted fields divide by 1000 based on cross-source scale validation; Ergon has not been found to publish an explicit correction notice.
ergon 20252026/Mt Sibley_EECL_20252026.csv,Mt Sibley,ergon 20252026/Mt Sibley_EECL_20252026.csv,2025-07-01,2026-06-30,17520,0,2325,MW/MVA,1400.245374,3086.4345,4456.0807,9739.68,1701.46226,3223.9165,4665.9483,10492.08,true,empirical_divide_by_1000_crosschecked_against_ergon_powerlink_planning_evidence,0.001,1.400245,3.086434,4.456081,9.73968,1.701462,3.223916,4.665948,10.49208,Raw source values retained. Interpreted fields divide by 1000 based on cross-source scale validation; Ergon has not been found to publish an explicit correction notice.
ergon 20252026/Mundubbera Town_EECL_20252026.csv,Mundubbera Town,ergon 20252026/Mundubbera Town_EECL_20252026.csv,2025-07-01,2026-06-30,17520,0,111,MW/MVA,2550.615614,4464.097,5579.1535,8057.56,2672.358361,4551.846,5635.4586,8057.76,true,empirical_divide_by_1000_crosschecked_against_ergon_powerlink_planning_evidence,0.001,2.550616,4.464097,5.579154,8.05756,2.672358,4.551846,5.635459,8.05776,Raw source values retained. Interpreted fields divide by 1000 based on cross-source scale validation; Ergon has not been found to publish an explicit correction notice.
ergon 20252026/Murgon_EECL_20252026.csv,Murgon,ergon 20252026/Murgon_EECL_20252026.csv,2025-07-01,2026-06-30,17520,0,0,MW/MVA,5618.624689,8833.228,10118.4672,12193.0,5851.269457,9161.412,10521.2237,12630.76,true,empirical_divide_by_1000_crosschecked_against_ergon_powerlink_planning_evidence,0.001,5.618625,8.833228,10.118467,12.193,5.851269,9.161412,10.521224,12.63076,Raw source values retained. Interpreted fields divide by 1000 based on cross-source scale validation; Ergon has not been found to publish an explicit correction notice.
ergon 20252026/Mutarnee_EECL_20252026.csv,Mutarnee,ergon 20252026/Mutarnee_EECL_20252026.csv,2025-07-01,2026-06-30,17520,0,74,MW/MVA,207.583325,328.352,369.9105,442.5,214.166098,331.04,373.6164,446.9,false,empirical_divide_by_1000_crosschecked_against_ergon_powerlink_planning_evidence,0.001,0.207583,0.328352,0.369911,0.4425,0.214166,0.33104,0.373616,0.4469,Raw source values retained. Interpreted fields divide by 1000 based on cross-source scale validation; Ergon has not been found to publish an explicit correction notice.
ergon 20252026/Nanango_EECL_20252026.csv,Nanango,ergon 20252026/Nanango_EECL_20252026.csv,2025-07-01,2026-06-30,17520,0,2124,MW/MVA,2384.631979,4963.104,5713.3944,7768.92,2664.539421,4967.345,5722.6585,7794.09,true,empirical_divide_by_1000_crosschecked_against_ergon_powerlink_planning_evidence,0.001,2.384632,4.963104,5.713394,7.76892,2.664539,4.967345,5.722659,7.79409,Raw source values retained. Interpreted fields divide by 1000 based on cross-source scale validation; Ergon has not been found to publish an explicit correction notice.
ergon 20252026/Nandi_EECL_20252026.csv,Nandi,ergon 20252026/Nandi_EECL_20252026.csv,2025-07-01,2026-06-30,17520,0,8,MW/MVA,387.90178,783.788,918.6602,1178.56,407.335124,851.451,991.631,1291.48,true,empirical_divide_by_1000_crosschecked_against_ergon_powerlink_planning_evidence,0.001,0.387902,0.783788,0.91866,1.17856,0.407335,0.851451,0.991631,1.29148,Raw source values retained. Interpreted fields divide by 1000 based on cross-source scale validation; Ergon has not been found to publish an explicit correction notice.
ergon 20252026/Nebo_EECL_20252026.csv,Nebo,ergon 20252026/Nebo_EECL_20252026.csv,2025-07-01,2026-06-30,17520,0,0,MW/MVA,1516.437789,2212.745,2540.1377,3216.62,1528.338502,2214.9645,2540.5553,3216.86,true,empirical_divide_by_1000_crosschecked_against_ergon_powerlink_planning_evidence,0.001,1.516438,2.212745,2.540138,3.21662,1.528339,2.214965,2.540555,3.21686,Raw source values retained. Interpreted fields divide by 1000 based on cross-source scale validation; Ergon has not been found to publish an explicit correction notice.
ergon 20252026/Neil Smith_EECL_20252026.csv,Neil Smith,ergon 20252026/Neil Smith_EECL_20252026.csv,2025-07-01,2026-06-30,17520,0,0,MW/MVA,7271.816781,11234.1,12273.62,14232.0,7330.224798,11460.7965,12522.0208,14500.21,true,empirical_divide_by_1000_crosschecked_against_ergon_powerlink_planning_evidence,0.001,7.271817,11.2341,12.27362,14.232,7.330225,11.460797,12.522021,14.50021,Raw source values retained. Interpreted fields divide by 1000 based on cross-source scale validation; Ergon has not been found to publish an explicit correction notice.
ergon 20252026/Normanton_EECL_20252026.csv,Normanton,ergon 20252026/Normanton_EECL_20252026.csv,2025-07-01,2026-06-30,17520,0,1865,MW/MVA,2155.189376,3780.393,4318.3938,4768.02,2506.103511,3783.781,4318.8635,4768.81,true,empirical_divide_by_1000_crosschecked_against_ergon_powerlink_planning_evidence,0.001,2.155189,3.780393,4.318394,4.76802,2.506104,3.783781,4.318864,4.76881,Raw source values retained. Interpreted fields divide by 1000 based on cross-source scale validation; Ergon has not been found to publish an explicit correction notice.
ergon 20252026/North Cloncurry_EECL_20252026.csv,North Cloncurry,ergon 20252026/North Cloncurry_EECL_20252026.csv,2025-07-01,2026-06-30,17520,0,0,MW/MVA,1477.874429,2658.0,3224.0,4008.0,1501.781489,2660.181,3224.5767,4011.6,true,empirical_divide_by_1000_crosschecked_against_ergon_powerlink_planning_evidence,0.001,1.477874,2.658,3.224,4.008,1.501781,2.660181,3.224577,4.0116,Raw source values retained. Interpreted fields divide by 1000 based on cross-source scale validation; Ergon has not been found to publish an explicit correction notice.
ergon 20252026/North Mackay_EECL_20252026.csv,North Mackay,ergon 20252026/North Mackay_EECL_20252026.csv,2025-07-01,2026-06-30,17520,0,2985,MW/MVA,6723.215297,16344.601,19477.706,24000.2,8183.07709,16402.214,19501.8517,24088.52,true,empirical_divide_by_1000_crosschecked_against_ergon_powerlink_planning_evidence,0.001,6.723215,16.344601,19.477706,24.0002,8.183077,16.402214,19.501852,24.08852,Raw source values retained. Interpreted fields divide by 1000 based on cross-source scale validation; Ergon has not been found to publish an explicit correction notice.
ergon 20252026/North Street_EECL_20252026.csv,North Street,ergon 20252026/North Street_EECL_20252026.csv,2025-07-01,2026-06-30,17520,0,20,MW/MVA,8493.109932,15077.175,18054.7599,21231.88,8556.301332,15102.1555,18066.2777,21248.35,true,empirical_divide_by_1000_crosschecked_against_ergon_powerlink_planning_evidence,0.001,8.49311,15.077175,18.05476,21.23188,8.556301,15.102155,18.066278,21.24835,Raw source values retained. Interpreted fields divide by 1000 based on cross-source scale validation; Ergon has not been found to publish an explicit correction notice.
ergon 20252026/Norwin_EECL_20252026.csv,Norwin,ergon 20252026/Norwin_EECL_20252026.csv,2025-07-01,2026-06-30,17520,0,1090,MW/MVA,557.348363,1255.895,1492.0091,1997.33,717.768878,1450.5225,1691.9737,4083.72,true,empirical_divide_by_1000_crosschecked_against_ergon_powerlink_planning_evidence,0.001,0.557348,1.255895,1.492009,1.99733,0.717769,1.450522,1.691974,4.08372,Raw source values retained. Interpreted fields divide by 1000 based on cross-source scale validation; Ergon has not been found to publish an explicit correction notice.
ergon 20252026/Oakey_EECL_20252026.csv,Oakey,ergon 20252026/Oakey_EECL_20252026.csv,2025-07-01,2026-06-30,17520,0,0,MW/MVA,8442.074063,12228.065,13883.5338,16082.92,8749.59171,12455.3655,14019.2528,16312.67,true,empirical_divide_by_1000_crosschecked_against_ergon_powerlink_planning_evidence,0.001,8.442074,12.228065,13.883534,16.08292,8.749592,12.455366,14.019253,16.31267,Raw source values retained. Interpreted fields divide by 1000 based on cross-source scale validation; Ergon has not been found to publish an explicit correction notice.
ergon 20252026/Oonoonba_EECL_20252026.csv,Oonoonba,ergon 20252026/Oonoonba_EECL_20252026.csv,2025-07-01,2026-06-30,17520,0,594,MW/MVA,6159.832192,11905.979,13899.7908,17362.22,6320.338251,11909.629,13901.2955,17369.31,true,empirical_divide_by_1000_crosschecked_against_ergon_powerlink_planning_evidence,0.001,6.159832,11.905979,13.899791,17.36222,6.320338,11.909629,13.901295,17.36931,Raw source values retained. Interpreted fields divide by 1000 based on cross-source scale validation; Ergon has not been found to publish an explicit correction notice.
ergon 20252026/Owanyilla_EECL_20252026.csv,Owanyilla,ergon 20252026/Owanyilla_EECL_20252026.csv,2025-07-01,2026-06-30,17520,0,1378,MW/MVA,1488.541096,2900.0,3420.0,4700.0,1652.555946,2916.555,3441.05,4735.65,true,empirical_divide_by_1000_crosschecked_against_ergon_powerlink_planning_evidence,0.001,1.488541,2.9,3.42,4.7,1.652556,2.916555,3.44105,4.73565,Raw source values retained. Interpreted fields divide by 1000 based on cross-source scale validation; Ergon has not been found to publish an explicit correction notice.
ergon 20252026/Pampas_EECL_20252026.csv,Pampas,ergon 20252026/Pampas_EECL_20252026.csv,2025-07-01,2026-06-30,17520,0,4,MW/MVA,2367.694714,4053.288,4977.7614,6156.49,2954.469816,5236.2295,5806.499,11432.0,true,empirical_divide_by_1000_crosschecked_against_ergon_powerlink_planning_evidence,0.001,2.367695,4.053288,4.977761,6.15649,2.95447,5.23623,5.806499,11.432,Raw source values retained. Interpreted fields divide by 1000 based on cross-source scale validation; Ergon has not been found to publish an explicit correction notice.
ergon 20252026/Pandoin_EECL_20252026.csv,Pandoin,ergon 20252026/Pandoin_EECL_20252026.csv,2025-07-01,2026-06-30,17520,0,66,MW/MVA,4364.557648,6672.2,8073.72,11212.0,4442.264656,6693.4945,8092.6572,11288.74,true,empirical_divide_by_1000_crosschecked_against_ergon_powerlink_planning_evidence,0.001,4.364558,6.6722,8.07372,11.212,4.442265,6.693495,8.092657,11.28874,Raw source values retained. Interpreted fields divide by 1000 based on cross-source scale validation; Ergon has not been found to publish an explicit correction notice.
ergon 20252026/Parkhurst_EECL_20252026.csv,Parkhurst,ergon 20252026/Parkhurst_EECL_20252026.csv,2025-07-01,2026-06-30,17520,0,215,MW/MVA,6339.120732,10291.577,12081.3974,15893.42,6591.325606,10386.87,12240.4745,16078.18,true,empirical_divide_by_1000_crosschecked_against_ergon_powerlink_planning_evidence,0.001,6.339121,10.291577,12.081397,15.89342,6.591326,10.38687,12.240475,16.07818,Raw source values retained. Interpreted fields divide by 1000 based on cross-source scale validation; Ergon has not been found to publish an explicit correction notice.
ergon 20252026/Peranga_EECL_20252026.csv,Peranga,ergon 20252026/Peranga_EECL_20252026.csv,2025-07-01,2026-06-30,17520,0,450,MW/MVA,765.078266,1349.3025,1512.2663,1845.24,957.13765,1523.9665,1719.721,2133.16,true,empirical_divide_by_1000_crosschecked_against_ergon_powerlink_planning_evidence,0.001,0.765078,1.349302,1.512266,1.84524,0.957138,1.523967,1.719721,2.13316,Raw source values retained. Interpreted fields divide by 1000 based on cross-source scale validation; Ergon has not been found to publish an explicit correction notice.
ergon 20252026/Peter Arlett_EECL_20252026.csv,Peter Arlett,ergon 20252026/Peter Arlett_EECL_20252026.csv,2025-07-01,2026-06-30,17520,0,0,MW/MVA,12760.772324,18100.9455,20915.8237,25836.89,12845.177305,18201.828,21067.0924,26023.26,true,empirical_divide_by_1000_crosschecked_against_ergon_powerlink_planning_evidence,0.001,12.760772,18.100945,20.915824,25.83689,12.845177,18.201828,21.067092,26.02326,Raw source values retained. Interpreted fields divide by 1000 based on cross-source scale validation; Ergon has not been found to publish an explicit correction notice.
ergon 20252026/Pialba_EECL_20252026.csv,Pialba,ergon 20252026/Pialba_EECL_20252026.csv,2025-07-01,2026-06-30,17520,0,1075,MW/MVA,8146.037957,14913.0265,17552.0679,22259.89,8644.657583,14936.0805,17553.5648,22270.77,true,empirical_divide_by_1000_crosschecked_against_ergon_powerlink_planning_evidence,0.001,8.146038,14.913027,17.552068,22.25989,8.644658,14.93608,17.553565,22.27077,Raw source values retained. Interpreted fields divide by 1000 based on cross-source scale validation; Ergon has not been found to publish an explicit correction notice.
ergon 20252026/Pinnacle_EECL_20252026.csv,Pinnacle,ergon 20252026/Pinnacle_EECL_20252026.csv,2025-07-01,2026-06-30,17520,0,1036,MW/MVA,921.331245,1904.881,2344.4835,3197.3,971.217367,1941.334,2392.5652,3307.97,true,empirical_divide_by_1000_crosschecked_against_ergon_powerlink_planning_evidence,0.001,0.921331,1.904881,2.344484,3.1973,0.971217,1.941334,2.392565,3.30797,Raw source values retained. Interpreted fields divide by 1000 based on cross-source scale validation; Ergon has not been found to publish an explicit correction notice.
ergon 20252026/Pirrinuan_EECL_20252026.csv,Pirrinuan,ergon 20252026/Pirrinuan_EECL_20252026.csv,2025-07-01,2026-06-30,17520,0,0,MW/MVA,620.012333,984.422,1182.3012,1562.98,723.310501,1295.63,1544.5285,2030.06,true,empirical_divide_by_1000_crosschecked_against_ergon_powerlink_planning_evidence,0.001,0.620012,0.984422,1.182301,1.56298,0.723311,1.29563,1.544529,2.03006,Raw source values retained. Interpreted fields divide by 1000 based on cross-source scale validation; Ergon has not been found to publish an explicit correction notice.
ergon 20252026/Planella_EECL_20252026.csv,Planella,ergon 20252026/Planella_EECL_20252026.csv,2025-07-01,2026-06-30,17520,0,3128,MW/MVA,5010.091772,12702.542,15147.6076,17651.68,6274.040716,12747.462,15163.2249,17671.05,true,empirical_divide_by_1000_crosschecked_against_ergon_powerlink_planning_evidence,0.001,5.010092,12.702542,15.147608,17.65168,6.274041,12.747462,15.163225,17.67105,Raw source values retained. Interpreted fields divide by 1000 based on cross-source scale validation; Ergon has not been found to publish an explicit correction notice.
ergon 20252026/Pleystowe_EECL_20252026.csv,Pleystowe,ergon 20252026/Pleystowe_EECL_20252026.csv,2025-07-01,2026-06-30,17520,0,2001,MW/MVA,2206.0534,4857.458,5875.679,7108.12,2427.612757,4859.682,5883.7394,7123.52,true,empirical_divide_by_1000_crosschecked_against_ergon_powerlink_planning_evidence,0.001,2.206053,4.857458,5.875679,7.10812,2.427613,4.859682,5.883739,7.12352,Raw source values retained. Interpreted fields divide by 1000 based on cross-source scale validation; Ergon has not been found to publish an explicit correction notice.
ergon 20252026/Point Vernon_EECL_20252026.csv,Point Vernon,ergon 20252026/Point Vernon_EECL_20252026.csv,2025-07-01,2026-06-30,17520,0,2800,MW/MVA,6877.095277,15317.562,18077.487,23275.12,8338.330609,15443.1395,18111.0172,23529.94,true,empirical_divide_by_1000_crosschecked_against_ergon_powerlink_planning_evidence,0.001,6.877095,15.317562,18.077487,23.27512,8.338331,15.44314,18.111017,23.52994,Raw source values retained. Interpreted fields divide by 1000 based on cross-source scale validation; Ergon has not been found to publish an explicit correction notice.
ergon 20252026/Pozieres_EECL_20252026.csv,Pozieres,ergon 20252026/Pozieres_EECL_20252026.csv,2025-07-01,2026-06-30,17520,0,1,MW/MVA,1602.324314,2334.775,2603.3782,2980.18,1743.630242,2488.6525,2779.2233,3250.35,true,empirical_divide_by_1000_crosschecked_against_ergon_powerlink_planning_evidence,0.001,1.602324,2.334775,2.603378,2.98018,1.74363,2.488653,2.779223,3.25035,Raw source values retained. Interpreted fields divide by 1000 based on cross-source scale validation; Ergon has not been found to publish an explicit correction notice.
ergon 20252026/Proston_EECL_20252026.csv,Proston,ergon 20252026/Proston_EECL_20252026.csv,2025-07-01,2026-06-30,17520,0,234,MW/MVA,698.971822,1211.327,1388.2648,1985.68,740.626884,1215.437,1395.8899,2013.64,true,empirical_divide_by_1000_crosschecked_against_ergon_powerlink_planning_evidence,0.001,0.698972,1.211327,1.388265,1.98568,0.740627,1.215437,1.39589,2.01364,Raw source values retained. Interpreted fields divide by 1000 based on cross-source scale validation; Ergon has not been found to publish an explicit correction notice.
ergon 20252026/Purrawunda_EECL_20252026.csv,Purrawunda,ergon 20252026/Purrawunda_EECL_20252026.csv,2025-07-01,2026-06-30,17520,0,0,MW/MVA,3413.993183,5161.874,5625.4422,6346.45,3515.038258,5196.795,5687.1049,6454.59,true,empirical_divide_by_1000_crosschecked_against_ergon_powerlink_planning_evidence,0.001,3.413993,5.161874,5.625442,6.34645,3.515038,5.196795,5.687105,6.45459,Raw source values retained. Interpreted fields divide by 1000 based on cross-source scale validation; Ergon has not been found to publish an explicit correction notice.
ergon 20252026/Quilpie_EECL_20252026.csv,Quilpie,ergon 20252026/Quilpie_EECL_20252026.csv,2025-07-01,2026-06-30,17520,0,377,MW/MVA,943.713991,1848.769,2309.899,2992.58,1355.947288,2043.615,2451.3467,3107.38,true,empirical_divide_by_1000_crosschecked_against_ergon_powerlink_planning_evidence,0.001,0.943714,1.848769,2.309899,2.99258,1.355947,2.043615,2.451347,3.10738,Raw source values retained. Interpreted fields divide by 1000 based on cross-source scale validation; Ergon has not been found to publish an explicit correction notice.
ergon 20252026/Raglan_EECL_20252026.csv,Raglan,ergon 20252026/Raglan_EECL_20252026.csv,2025-07-01,2026-06-30,17520,0,0,MW/MVA,1868.047634,2683.5685,3058.062,3638.49,1906.046191,2695.141,3078.0813,6421.87,true,empirical_divide_by_1000_crosschecked_against_ergon_powerlink_planning_evidence,0.001,1.868048,2.683568,3.058062,3.63849,1.906046,2.695141,3.078081,6.42187,Raw source values retained. Interpreted fields divide by 1000 based on cross-source scale validation; Ergon has not been found to publish an explicit correction notice.
ergon 20252026/Rasmussen_EECL_20252026.csv,Rasmussen,ergon 20252026/Rasmussen_EECL_20252026.csv,2025-07-01,2026-06-30,17520,0,1244,MW/MVA,6747.733019,13739.293,16047.725,18849.74,7092.188385,13758.994,16098.5387,18850.76,true,empirical_divide_by_1000_crosschecked_against_ergon_powerlink_planning_evidence,0.001,6.747733,13.739293,16.047725,18.84974,7.092188,13.758994,16.098539,18.85076,Raw source values retained. Interpreted fields divide by 1000 based on cross-source scale validation; Ergon has not been found to publish an explicit correction notice.
ergon 20252026/Ravenshoe_EECL_20252026.csv,Ravenshoe,ergon 20252026/Ravenshoe_EECL_20252026.csv,2025-07-01,2026-06-30,17520,0,10561,MW/MVA,-1218.404527,1409.328,1682.483,2127.2,1900.084075,6058.9755,7851.455,10089.33,true,empirical_divide_by_1000_crosschecked_against_ergon_powerlink_planning_evidence,0.001,-1.218405,1.409328,1.682483,2.1272,1.900084,6.058975,7.851455,10.08933,Raw source values retained. Interpreted fields divide by 1000 based on cross-source scale validation; Ergon has not been found to publish an explicit correction notice.
ergon 20252026/Ravenswood_EECL_20252026.csv,Ravenswood,ergon 20252026/Ravenswood_EECL_20252026.csv,2025-07-01,2026-06-30,17520,0,0,MW/MVA,323.051248,377.2,395.3815,1089.66,347.145412,403.0715,422.902,1145.21,false,empirical_divide_by_1000_crosschecked_against_ergon_powerlink_planning_evidence,0.001,0.323051,0.3772,0.395382,1.08966,0.347145,0.403071,0.422902,1.14521,Raw source values retained. Interpreted fields divide by 1000 based on cross-source scale validation; Ergon has not been found to publish an explicit correction notice.
ergon 20252026/Richmond_EECL_20252026.csv,Richmond,ergon 20252026/Richmond_EECL_20252026.csv,2025-07-01,2026-06-30,17520,0,0,MW/MVA,949.921071,1765.827,2364.5256,3468.24,1341.210809,2128.829,2671.0197,3642.63,true,empirical_divide_by_1000_crosschecked_against_ergon_powerlink_planning_evidence,0.001,0.949921,1.765827,2.364526,3.46824,1.341211,2.128829,2.67102,3.64263,Raw source values retained. Interpreted fields divide by 1000 based on cross-source scale validation; Ergon has not been found to publish an explicit correction notice.
ergon 20252026/Rockhampton Glenmore_EECL_20252026.csv,Rockhampton Glenmore,ergon 20252026/Rockhampton Glenmore_EECL_20252026.csv,2025-07-01,2026-06-30,17520,0,0,MW/MVA,8721.961078,13682.932,16328.7765,20612.49,8943.981584,14025.0,16668.1266,21090.57,true,empirical_divide_by_1000_crosschecked_against_ergon_powerlink_planning_evidence,0.001,8.721961,13.682932,16.328777,20.61249,8.943982,14.025,16.668127,21.09057,Raw source values retained. Interpreted fields divide by 1000 based on cross-source scale validation; Ergon has not been found to publish an explicit correction notice.
ergon 20252026/Rockhampton South_EECL_20252026.csv,Rockhampton South,ergon 20252026/Rockhampton South_EECL_20252026.csv,2025-07-01,2026-06-30,17520,0,0,MW/MVA,4959.657534,8500.0,9916.2,12580.0,5098.84792,8973.056,10472.8288,13176.6,true,empirical_divide_by_1000_crosschecked_against_ergon_powerlink_planning_evidence,0.001,4.959658,8.5,9.9162,12.58,5.098848,8.973056,10.472829,13.1766,Raw source values retained. Interpreted fields divide by 1000 based on cross-source scale validation; Ergon has not been found to publish an explicit correction notice.
ergon 20252026/Rocky Street_EECL_20252026.csv,Rocky Street,ergon 20252026/Rocky Street_EECL_20252026.csv,2025-07-01,2026-06-30,17520,0,800,MW/MVA,7987.447728,14954.582,17901.9036,24424.44,8621.960037,14998.3265,17968.9283,24535.03,true,empirical_divide_by_1000_crosschecked_against_ergon_powerlink_planning_evidence,0.001,7.987448,14.954582,17.901904,24.42444,8.62196,14.998326,17.968928,24.53503,Raw source values retained. Interpreted fields divide by 1000 based on cross-source scale validation; Ergon has not been found to publish an explicit correction notice.
ergon 20252026/Rolleston_EECL_20252026.csv,Rolleston,ergon 20252026/Rolleston_EECL_20252026.csv,2025-07-01,2026-06-30,17520,0,0,MW/MVA,3377.184168,5097.2575,6063.1202,7339.61,3535.877263,5122.9605,6069.3461,7343.11,true,empirical_divide_by_1000_crosschecked_against_ergon_powerlink_planning_evidence,0.001,3.377184,5.097257,6.06312,7.33961,3.535877,5.12296,6.069346,7.34311,Raw source values retained. Interpreted fields divide by 1000 based on cross-source scale validation; Ergon has not been found to publish an explicit correction notice.
ergon 20252026/Rollingstone_EECL_20252026.csv,Rollingstone,ergon 20252026/Rollingstone_EECL_20252026.csv,2025-07-01,2026-06-30,17520,0,3238,MW/MVA,472.37089,1118.0,1306.0,1588.0,609.551338,1118.0355,1307.3484,1592.53,true,empirical_divide_by_1000_crosschecked_against_ergon_powerlink_planning_evidence,0.001,0.472371,1.118,1.306,1.588,0.609551,1.118035,1.307348,1.59253,Raw source values retained. Interpreted fields divide by 1000 based on cross-source scale validation; Ergon has not been found to publish an explicit correction notice.
ergon 20252026/Roma East_EECL_20252026.csv,Roma East,ergon 20252026/Roma East_EECL_20252026.csv,2025-07-01,2026-06-30,17520,0,7,MW/MVA,3752.838462,6696.5645,8374.5883,11217.74,3845.563874,6822.185,8637.3669,15222.12,true,empirical_divide_by_1000_crosschecked_against_ergon_powerlink_planning_evidence,0.001,3.752838,6.696565,8.374588,11.21774,3.845564,6.822185,8.637367,15.22212,Raw source values retained. Interpreted fields divide by 1000 based on cross-source scale validation; Ergon has not been found to publish an explicit correction notice.
ergon 20252026/Roma West_EECL_20252026.csv,Roma West,ergon 20252026/Roma West_EECL_20252026.csv,2025-07-01,2026-06-30,17520,0,3,MW/MVA,1960.252713,3343.2395,4091.9992,5494.49,1989.076954,3374.992,4124.9422,5511.28,true,empirical_divide_by_1000_crosschecked_against_ergon_powerlink_planning_evidence,0.001,1.960253,3.343239,4.091999,5.49449,1.989077,3.374992,4.124942,5.51128,Raw source values retained. Interpreted fields divide by 1000 based on cross-source scale validation; Ergon has not been found to publish an explicit correction notice.
ergon 20252026/Roo Works_EECL_20252026.csv,Roo Works,ergon 20252026/Roo Works_EECL_20252026.csv,2025-07-01,2026-06-30,17520,0,2727,MW/MVA,208.26997,528.787,742.1321,1279.59,259.650538,543.8505,769.4553,1282.51,true,empirical_divide_by_1000_crosschecked_against_ergon_powerlink_planning_evidence,0.001,0.20827,0.528787,0.742132,1.27959,0.259651,0.543851,0.769455,1.28251,Raw source values retained. Interpreted fields divide by 1000 based on cross-source scale validation; Ergon has not been found to publish an explicit correction notice.
ergon 20252026/Rosella_EECL_20252026.csv,Rosella,ergon 20252026/Rosella_EECL_20252026.csv,2025-07-01,2026-06-30,17520,0,6486,MW/MVA,774.111872,4257.2725,5006.77,6296.71,2988.426234,4456.479,5188.8264,6554.31,true,empirical_divide_by_1000_crosschecked_against_ergon_powerlink_planning_evidence,0.001,0.774112,4.257272,5.00677,6.29671,2.988426,4.456479,5.188826,6.55431,Raw source values retained. Interpreted fields divide by 1000 based on cross-source scale validation; Ergon has not been found to publish an explicit correction notice.
ergon 20252026/Ross Plains_EECL_20252026.csv,Ross Plains,ergon 20252026/Ross Plains_EECL_20252026.csv,2025-07-01,2026-06-30,17520,0,59,MW/MVA,5999.900284,9825.099,11271.5342,14552.22,6112.324356,9849.687,11287.5904,14602.69,true,empirical_divide_by_1000_crosschecked_against_ergon_powerlink_planning_evidence,0.001,5.9999,9.825099,11.271534,14.55222,6.112324,9.849687,11.28759,14.60269,Raw source values retained. Interpreted fields divide by 1000 based on cross-source scale validation; Ergon has not been found to publish an explicit correction notice.
ergon 20252026/Sarina_EECL_20252026.csv,Sarina,ergon 20252026/Sarina_EECL_20252026.csv,2025-07-01,2026-06-30,17520,0,771,MW/MVA,5440.322274,10299.891,12080.8858,13890.52,5982.899298,10682.5545,12500.5145,14296.72,true,empirical_divide_by_1000_crosschecked_against_ergon_powerlink_planning_evidence,0.001,5.440322,10.299891,12.080886,13.89052,5.982899,10.682554,12.500515,14.29672,Raw source values retained. Interpreted fields divide by 1000 based on cross-source scale validation; Ergon has not been found to publish an explicit correction notice.
ergon 20252026/Saunders_EECL_20252026.csv,Saunders,ergon 20252026/Saunders_EECL_20252026.csv,2025-07-01,2026-06-30,17520,0,260,MW/MVA,603.819839,1040.025,1186.1286,1715.58,637.892107,1071.7735,1218.4099,1717.81,true,empirical_divide_by_1000_crosschecked_against_ergon_powerlink_planning_evidence,0.001,0.60382,1.040025,1.186129,1.71558,0.637892,1.071773,1.21841,1.71781,Raw source values retained. Interpreted fields divide by 1000 based on cross-source scale validation; Ergon has not been found to publish an explicit correction notice.
ergon 20252026/Shutehaven_EECL_20252026.csv,Shutehaven,ergon 20252026/Shutehaven_EECL_20252026.csv,2025-07-01,2026-06-30,17520,0,0,MW/MVA,5216.831618,8219.822,8962.6316,9910.22,5385.892552,8223.1175,8963.0299,9916.94,true,empirical_divide_by_1000_crosschecked_against_ergon_powerlink_planning_evidence,0.001,5.216832,8.219822,8.962632,9.91022,5.385893,8.223117,8.96303,9.91694,Raw source values retained. Interpreted fields divide by 1000 based on cross-source scale validation; Ergon has not been found to publish an explicit correction notice.
ergon 20252026/Skid B (Cawdor)_EECL_20252026.csv,Skid B (Cawdor),ergon 20252026/Skid B (Cawdor)_EECL_20252026.csv,2025-07-01,2026-06-30,17520,0,4234,MW/MVA,1235.16088,4184.5365,5400.8647,9911.86,2177.051554,4241.8885,5410.8133,9923.44,true,empirical_divide_by_1000_crosschecked_against_ergon_powerlink_planning_evidence,0.001,1.235161,4.184537,5.400865,9.91186,2.177052,4.241888,5.410813,9.92344,Raw source values retained. Interpreted fields divide by 1000 based on cross-source scale validation; Ergon has not been found to publish an explicit correction notice.
ergon 20252026/Skid D (Landing Road)_EECL_20252026.csv,Skid D (Landing Road),ergon 20252026/Skid D (Landing Road)_EECL_20252026.csv,2025-07-01,2026-06-30,17520,0,0,MW/MVA,1834.528458,2215.33,2341.8439,3003.35,2070.512096,2513.671,2691.4053,3257.13,true,empirical_divide_by_1000_crosschecked_against_ergon_powerlink_planning_evidence,0.001,1.834528,2.21533,2.341844,3.00335,2.070512,2.513671,2.691405,3.25713,Raw source values retained. Interpreted fields divide by 1000 based on cross-source scale validation; Ergon has not been found to publish an explicit correction notice.
ergon 20252026/Skid E (Chinchilla)_EECL_20252026.csv,Skid E (Chinchilla),ergon 20252026/Skid E (Chinchilla)_EECL_20252026.csv,2025-07-01,2026-06-30,17520,0,379,MW/MVA,1408.350135,2742.9145,3374.7839,4806.32,1436.945768,2758.1825,3410.012,4860.08,true,empirical_divide_by_1000_crosschecked_against_ergon_powerlink_planning_evidence,0.001,1.40835,2.742914,3.374784,4.80632,1.436946,2.758182,3.410012,4.86008,Raw source values retained. Interpreted fields divide by 1000 based on cross-source scale validation; Ergon has not been found to publish an explicit correction notice.
ergon 20252026/Skid K (Charlton)_EECL_20252026.csv,Skid K (Charlton),ergon 20252026/Skid K (Charlton)_EECL_20252026.csv,2025-07-01,2026-06-30,17520,0,512,MW/MVA,2345.177397,4236.0,5206.86,6912.0,2488.102832,4265.8615,5237.6284,6987.44,true,empirical_divide_by_1000_crosschecked_against_ergon_powerlink_planning_evidence,0.001,2.345177,4.236,5.20686,6.912,2.488103,4.265861,5.237628,6.98744,Raw source values retained. Interpreted fields divide by 1000 based on cross-source scale validation; Ergon has not been found to publish an explicit correction notice.
ergon 20252026/South Blackwater_EECL_20252026.csv,South Blackwater,ergon 20252026/South Blackwater_EECL_20252026.csv,2025-07-01,2026-06-30,17520,0,0,MW/MVA,118.614751,211.692,261.4372,349.14,183.213914,253.9795,310.1524,601.53,false,empirical_divide_by_1000_crosschecked_against_ergon_powerlink_planning_evidence,0.001,0.118615,0.211692,0.261437,0.34914,0.183214,0.253979,0.310152,0.60153,Raw source values retained. Interpreted fields divide by 1000 based on cross-source scale validation; Ergon has not been found to publish an explicit correction notice.
ergon 20252026/South Bundaberg_EECL_20252026.csv,South Bundaberg,ergon 20252026/South Bundaberg_EECL_20252026.csv,2025-07-01,2026-06-30,17520,0,947,MW/MVA,5730.065592,10237.657,11828.962,14118.9,5995.371607,10284.9055,11842.7577,14119.56,true,empirical_divide_by_1000_crosschecked_against_ergon_powerlink_planning_evidence,0.001,5.730066,10.237657,11.828962,14.1189,5.995372,10.284905,11.842758,14.11956,Raw source values retained. Interpreted fields divide by 1000 based on cross-source scale validation; Ergon has not been found to publish an explicit correction notice.
ergon 20252026/South Kolan_EECL_20252026.csv,South Kolan,ergon 20252026/South Kolan_EECL_20252026.csv,2025-07-01,2026-06-30,17520,0,2687,MW/MVA,1730.828166,3856.0,4558.48,5996.0,2121.80737,3874.453,4593.4964,6080.8,true,empirical_divide_by_1000_crosschecked_against_ergon_powerlink_planning_evidence,0.001,1.730828,3.856,4.55848,5.996,2.121807,3.874453,4.593496,6.0808,Raw source values retained. Interpreted fields divide by 1000 based on cross-source scale validation; Ergon has not been found to publish an explicit correction notice.
ergon 20252026/South Mackay_EECL_20252026.csv,South Mackay,ergon 20252026/South Mackay_EECL_20252026.csv,2025-07-01,2026-06-30,17520,0,14,MW/MVA,8610.413218,13956.356,15750.3412,19849.98,8956.08403,14875.714,16549.9602,20677.06,true,empirical_divide_by_1000_crosschecked_against_ergon_powerlink_planning_evidence,0.001,8.610413,13.956356,15.750341,19.84998,8.956084,14.875714,16.54996,20.67706,Raw source values retained. Interpreted fields divide by 1000 based on cross-source scale validation; Ergon has not been found to publish an explicit correction notice.
ergon 20252026/South Toowoomba_EECL_20252026.csv,South Toowoomba,ergon 20252026/South Toowoomba_EECL_20252026.csv,2025-07-01,2026-06-30,17520,0,3,MW/MVA,8536.664896,13926.847,15874.1679,20226.24,8644.145648,13956.0485,15910.2252,20241.23,true,empirical_divide_by_1000_crosschecked_against_ergon_powerlink_planning_evidence,0.001,8.536665,13.926847,15.874168,20.22624,8.644146,13.956049,15.910225,20.24123,Raw source values retained. Interpreted fields divide by 1000 based on cross-source scale validation; Ergon has not been found to publish an explicit correction notice.
ergon 20252026/St. George Town_EECL_20252026.csv,St. George Town,ergon 20252026/St. George Town_EECL_20252026.csv,2025-07-01,2026-06-30,17520,0,184,MW/MVA,1854.173865,3384.619,4251.6033,5736.31,1927.148434,3427.549,4308.0441,5853.2,true,empirical_divide_by_1000_crosschecked_against_ergon_powerlink_planning_evidence,0.001,1.854174,3.384619,4.251603,5.73631,1.927148,3.427549,4.308044,5.8532,Raw source values retained. Interpreted fields divide by 1000 based on cross-source scale validation; Ergon has not been found to publish an explicit correction notice.
ergon 20252026/St. George_EECL_20252026.csv,St. George,ergon 20252026/St. George_EECL_20252026.csv,2025-07-01,2026-06-30,17520,0,54,MW/MVA,6282.666553,10238.0,11738.58,13916.0,6430.492077,10391.745,11960.5541,13937.29,true,empirical_divide_by_1000_crosschecked_against_ergon_powerlink_planning_evidence,0.001,6.282667,10.238,11.73858,13.916,6.430492,10.391745,11.960554,13.93729,Raw source values retained. Interpreted fields divide by 1000 based on cross-source scale validation; Ergon has not been found to publish an explicit correction notice.
ergon 20252026/Stamford_EECL_20252026.csv,Stamford,ergon 20252026/Stamford_EECL_20252026.csv,2025-07-01,2026-06-30,17520,0,2,MW/MVA,112.380561,156.0,189.2429,252.64,118.94199,169.39,198.9858,335.84,false,empirical_divide_by_1000_crosschecked_against_ergon_powerlink_planning_evidence,0.001,0.112381,0.156,0.189243,0.25264,0.118942,0.16939,0.198986,0.33584,Raw source values retained. Interpreted fields divide by 1000 based on cross-source scale validation; Ergon has not been found to publish an explicit correction notice.
ergon 20252026/Stanthorpe Town_EECL_20252026.csv,Stanthorpe Town,ergon 20252026/Stanthorpe Town_EECL_20252026.csv,2025-07-01,2026-06-30,17520,0,1675,MW/MVA,4681.476537,9205.0675,10629.8671,12692.81,5172.021403,9235.1805,10645.5243,12717.62,true,empirical_divide_by_1000_crosschecked_against_ergon_powerlink_planning_evidence,0.001,4.681477,9.205068,10.629867,12.69281,5.172021,9.23518,10.645524,12.71762,Raw source values retained. Interpreted fields divide by 1000 based on cross-source scale validation; Ergon has not been found to publish an explicit correction notice.
ergon 20252026/Stuart_EECL_20252026.csv,Stuart,ergon 20252026/Stuart_EECL_20252026.csv,2025-07-01,2026-06-30,17520,0,0,MW/MVA,14622.168113,21121.693,22668.6082,24708.04,16426.583235,24061.1925,25264.9858,27167.59,true,empirical_divide_by_1000_crosschecked_against_ergon_powerlink_planning_evidence,0.001,14.622168,21.121693,22.668608,24.70804,16.426583,24.061192,25.264986,27.16759,Raw source values retained. Interpreted fields divide by 1000 based on cross-source scale validation; Ergon has not been found to publish an explicit correction notice.
ergon 20252026/Tanby_EECL_20252026.csv,Tanby,ergon 20252026/Tanby_EECL_20252026.csv,2025-07-01,2026-06-30,17520,0,3157,MW/MVA,3686.276275,8633.833,10533.848,13930.84,4709.695749,8796.4705,10602.9507,13934.74,true,empirical_divide_by_1000_crosschecked_against_ergon_powerlink_planning_evidence,0.001,3.686276,8.633833,10.533848,13.93084,4.709696,8.79647,10.602951,13.93474,Raw source values retained. Interpreted fields divide by 1000 based on cross-source scale validation; Ergon has not been found to publish an explicit correction notice.
ergon 20252026/Tara_EECL_20252026.csv,Tara,ergon 20252026/Tara_EECL_20252026.csv,2025-07-01,2026-06-30,17520,0,146,MW/MVA,575.46226,1016.135,1249.8611,1693.75,588.603404,1020.4505,1253.4043,1698.73,true,empirical_divide_by_1000_crosschecked_against_ergon_powerlink_planning_evidence,0.001,0.575462,1.016135,1.249861,1.69375,0.588603,1.020451,1.253404,1.69873,Raw source values retained. Interpreted fields divide by 1000 based on cross-source scale validation; Ergon has not been found to publish an explicit correction notice.
ergon 20252026/Theodore_EECL_20252026.csv,Theodore,ergon 20252026/Theodore_EECL_20252026.csv,2025-07-01,2026-06-30,17520,0,0,MW/MVA,8470.355834,10370.277,11273.4356,13197.38,8528.58627,10385.6145,11283.55,13197.4,true,empirical_divide_by_1000_crosschecked_against_ergon_powerlink_planning_evidence,0.001,8.470356,10.370277,11.273436,13.19738,8.528586,10.385615,11.28355,13.1974,Raw source values retained. Interpreted fields divide by 1000 based on cross-source scale validation; Ergon has not been found to publish an explicit correction notice.
ergon 20252026/Tieri_EECL_20252026.csv,Tieri,ergon 20252026/Tieri_EECL_20252026.csv,2025-07-01,2026-06-30,17520,0,0,MW/MVA,897.752433,1503.209,1862.9166,2340.44,899.425979,1506.072,1864.9417,2340.99,true,empirical_divide_by_1000_crosschecked_against_ergon_powerlink_planning_evidence,0.001,0.897752,1.503209,1.862917,2.34044,0.899426,1.506072,1.864942,2.34099,Raw source values retained. Interpreted fields divide by 1000 based on cross-source scale validation; Ergon has not been found to publish an explicit correction notice.
ergon 20252026/Toowoomba Central_EECL_20252026.csv,Toowoomba Central,ergon 20252026/Toowoomba Central_EECL_20252026.csv,2025-07-01,2026-06-30,17520,0,0,MW/MVA,9165.038813,15164.3,17482.48,22414.0,9204.613274,15235.721,17610.7032,22510.3,true,empirical_divide_by_1000_crosschecked_against_ergon_powerlink_planning_evidence,0.001,9.165039,15.1643,17.48248,22.414,9.204613,15.235721,17.610703,22.5103,Raw source values retained. Interpreted fields divide by 1000 based on cross-source scale validation; Ergon has not been found to publish an explicit correction notice.
ergon 20252026/Torquay_EECL_20252026.csv,Torquay,ergon 20252026/Torquay_EECL_20252026.csv,2025-07-01,2026-06-30,17520,0,2915,MW/MVA,9785.814726,21730.1,25477.62,31270.0,11549.891058,21753.712,25498.5925,31272.1,true,empirical_divide_by_1000_crosschecked_against_ergon_powerlink_planning_evidence,0.001,9.785815,21.7301,25.47762,31.27,11.549891,21.753712,25.498593,31.2721,Raw source values retained. Interpreted fields divide by 1000 based on cross-source scale validation; Ergon has not been found to publish an explicit correction notice.
ergon 20252026/Torrington_EECL_20252026.csv,Torrington,ergon 20252026/Torrington_EECL_20252026.csv,2025-07-01,2026-06-30,17520,0,596,MW/MVA,8887.238084,16345.0345,19290.9427,26615.94,9287.818107,16386.85,19332.5094,26626.4,true,empirical_divide_by_1000_crosschecked_against_ergon_powerlink_planning_evidence,0.001,8.887238,16.345035,19.290943,26.61594,9.287818,16.38685,19.332509,26.6264,Raw source values retained. Interpreted fields divide by 1000 based on cross-source scale validation; Ergon has not been found to publish an explicit correction notice.
ergon 20252026/Townsville Port_EECL_20252026.csv,Townsville Port,ergon 20252026/Townsville Port_EECL_20252026.csv,2025-07-01,2026-06-30,17520,0,0,MW/MVA,5719.077654,8148.898,9035.9182,10061.32,5856.937486,8220.0035,9125.6579,10181.77,true,empirical_divide_by_1000_crosschecked_against_ergon_powerlink_planning_evidence,0.001,5.719078,8.148898,9.035918,10.06132,5.856937,8.220003,9.125658,10.18177,Raw source values retained. Interpreted fields divide by 1000 based on cross-source scale validation; Ergon has not been found to publish an explicit correction notice.
ergon 20252026/Tuan_EECL_20252026.csv,Tuan,ergon 20252026/Tuan_EECL_20252026.csv,2025-07-01,2026-06-30,17520,0,0,MW/MVA,4218.302226,6582.914,6996.4142,7630.14,4886.296657,7548.94,7997.7462,8669.09,true,empirical_divide_by_1000_crosschecked_against_ergon_powerlink_planning_evidence,0.001,4.218302,6.582914,6.996414,7.63014,4.886297,7.54894,7.997746,8.66909,Raw source values retained. Interpreted fields divide by 1000 based on cross-source scale validation; Ergon has not been found to publish an explicit correction notice.
ergon 20252026/Tully_EECL_20252026.csv,Tully,ergon 20252026/Tully_EECL_20252026.csv,2025-07-01,2026-06-30,17520,0,6501,MW/MVA,2489.665781,9515.546,11462.4606,13627.3,6058.392091,9727.4645,11539.0137,13641.92,true,empirical_divide_by_1000_crosschecked_against_ergon_powerlink_planning_evidence,0.001,2.489666,9.515546,11.462461,13.6273,6.058392,9.727464,11.539014,13.64192,Raw source values retained. Interpreted fields divide by 1000 based on cross-source scale validation; Ergon has not been found to publish an explicit correction notice.
ergon 20252026/Vermont_EECL_20252026.csv,Vermont,ergon 20252026/Vermont_EECL_20252026.csv,2025-07-01,2026-06-30,17520,0,0,MW/MVA,8165.838847,9730.5825,9994.7749,10457.74,9568.719316,11904.636,12239.5718,12660.66,true,empirical_divide_by_1000_crosschecked_against_ergon_powerlink_planning_evidence,0.001,8.165839,9.730582,9.994775,10.45774,9.568719,11.904636,12.239572,12.66066,Raw source values retained. Interpreted fields divide by 1000 based on cross-source scale validation; Ergon has not been found to publish an explicit correction notice.
ergon 20252026/Waggamba 132-33kV_EECL_20252026.csv,Waggamba 132-33kV,ergon 20252026/Waggamba 132-33kV_EECL_20252026.csv,2025-07-01,2026-06-30,17520,0,0,MW/MVA,2359.781952,4313.61,5329.802,6964.2,2606.281016,4431.1785,5366.2324,6968.4,true,empirical_divide_by_1000_crosschecked_against_ergon_powerlink_planning_evidence,0.001,2.359782,4.31361,5.329802,6.9642,2.606281,4.431178,5.366232,6.9684,Raw source values retained. Interpreted fields divide by 1000 based on cross-source scale validation; Ergon has not been found to publish an explicit correction notice.
ergon 20252026/Waggamba 132-66kV_EECL_20252026.csv,Waggamba 132-66kV,ergon 20252026/Waggamba 132-66kV_EECL_20252026.csv,2025-07-01,2026-06-30,17520,0,1033,MW/MVA,5944.576724,13038.42,14682.544,18105.4,6274.772113,13085.147,14725.6275,18155.62,true,empirical_divide_by_1000_crosschecked_against_ergon_powerlink_planning_evidence,0.001,5.944577,13.03842,14.682544,18.1054,6.274772,13.085147,14.725628,18.15562,Raw source values retained. Interpreted fields divide by 1000 based on cross-source scale validation; Ergon has not been found to publish an explicit correction notice.
ergon 20252026/Wallaville_EECL_20252026.csv,Wallaville,ergon 20252026/Wallaville_EECL_20252026.csv,2025-07-01,2026-06-30,17520,0,260,MW/MVA,2710.451153,4741.284,6022.8812,7620.88,2816.954747,4825.1235,6130.5439,7772.11,true,empirical_divide_by_1000_crosschecked_against_ergon_powerlink_planning_evidence,0.001,2.710451,4.741284,6.022881,7.62088,2.816955,4.825124,6.130544,7.77211,Raw source values retained. Interpreted fields divide by 1000 based on cross-source scale validation; Ergon has not been found to publish an explicit correction notice.
ergon 20252026/Wandoan_EECL_20252026.csv,Wandoan,ergon 20252026/Wandoan_EECL_20252026.csv,2025-07-01,2026-06-30,17520,0,0,MW/MVA,1620.442887,2803.7715,3509.4957,4986.66,1847.25673,2942.6,3953.5647,13988.51,true,empirical_divide_by_1000_crosschecked_against_ergon_powerlink_planning_evidence,0.001,1.620443,2.803771,3.509496,4.98666,1.847257,2.9426,3.953565,13.98851,Raw source values retained. Interpreted fields divide by 1000 based on cross-source scale validation; Ergon has not been found to publish an explicit correction notice.
ergon 20252026/Warwick East_EECL_20252026.csv,Warwick East,ergon 20252026/Warwick East_EECL_20252026.csv,2025-07-01,2026-06-30,17520,0,36,MW/MVA,8415.495776,13974.0,16011.72,19298.0,8476.549313,14037.0635,16044.6711,19373.97,true,empirical_divide_by_1000_crosschecked_against_ergon_powerlink_planning_evidence,0.001,8.415496,13.974,16.01172,19.298,8.476549,14.037063,16.044671,19.37397,Raw source values retained. Interpreted fields divide by 1000 based on cross-source scale validation; Ergon has not been found to publish an explicit correction notice.
ergon 20252026/West Bundaberg_EECL_20252026.csv,West Bundaberg,ergon 20252026/West Bundaberg_EECL_20252026.csv,2025-07-01,2026-06-30,17520,0,38,MW/MVA,12520.919981,20511.2355,24313.74,31252.91,12681.886558,20677.447,24386.8916,31252.95,true,empirical_divide_by_1000_crosschecked_against_ergon_powerlink_planning_evidence,0.001,12.52092,20.511236,24.31374,31.25291,12.681887,20.677447,24.386892,31.25295,Raw source values retained. Interpreted fields divide by 1000 based on cross-source scale validation; Ergon has not been found to publish an explicit correction notice.
ergon 20252026/West Dalby_EECL_20252026.csv,West Dalby,ergon 20252026/West Dalby_EECL_20252026.csv,2025-07-01,2026-06-30,17520,0,0,MW/MVA,1797.282824,3148.892,3916.7317,5447.22,1858.281022,3178.3455,3969.5272,5627.97,true,empirical_divide_by_1000_crosschecked_against_ergon_powerlink_planning_evidence,0.001,1.797283,3.148892,3.916732,5.44722,1.858281,3.178345,3.969527,5.62797,Raw source values retained. Interpreted fields divide by 1000 based on cross-source scale validation; Ergon has not been found to publish an explicit correction notice.
ergon 20252026/West Mackay_EECL_20252026.csv,West Mackay,ergon 20252026/West Mackay_EECL_20252026.csv,2025-07-01,2026-06-30,17520,0,0,MW/MVA,8447.800315,12900.198,14673.0772,20657.22,8516.503217,12959.744,14715.8062,20896.24,true,empirical_divide_by_1000_crosschecked_against_ergon_powerlink_planning_evidence,0.001,8.4478,12.900198,14.673077,20.65722,8.516503,12.959744,14.715806,20.89624,Raw source values retained. Interpreted fields divide by 1000 based on cross-source scale validation; Ergon has not been found to publish an explicit correction notice.
ergon 20252026/West Toowoomba_EECL_20252026.csv,West Toowoomba,ergon 20252026/West Toowoomba_EECL_20252026.csv,2025-07-01,2026-06-30,17520,0,104,MW/MVA,5288.934241,13975.1965,16451.9392,20271.8,5352.104932,13989.0525,16467.4993,20310.82,true,empirical_divide_by_1000_crosschecked_against_ergon_powerlink_planning_evidence,0.001,5.288934,13.975196,16.451939,20.2718,5.352105,13.989052,16.467499,20.31082,Raw source values retained. Interpreted fields divide by 1000 based on cross-source scale validation; Ergon has not been found to publish an explicit correction notice.
ergon 20252026/West Warwick_EECL_20252026.csv,West Warwick,ergon 20252026/West Warwick_EECL_20252026.csv,2025-07-01,2026-06-30,17520,0,350,MW/MVA,4771.755115,8653.1925,10083.4063,11712.78,5097.19557,8776.8,10150.012,11749.6,true,empirical_divide_by_1000_crosschecked_against_ergon_powerlink_planning_evidence,0.001,4.771755,8.653192,10.083406,11.71278,5.097196,8.7768,10.150012,11.7496,Raw source values retained. Interpreted fields divide by 1000 based on cross-source scale validation; Ergon has not been found to publish an explicit correction notice.
ergon 20252026/Winton_EECL_20252026.csv,Winton,ergon 20252026/Winton_EECL_20252026.csv,2025-07-01,2026-06-30,17520,0,11,MW/MVA,1124.099925,2020.0,2554.0,3168.0,1207.151968,2041.0775,2562.1754,3168.91,true,empirical_divide_by_1000_crosschecked_against_ergon_powerlink_planning_evidence,0.001,1.1241,2.02,2.554,3.168,1.207152,2.041077,2.562175,3.16891,Raw source values retained. Interpreted fields divide by 1000 based on cross-source scale validation; Ergon has not been found to publish an explicit correction notice.
ergon 20252026/Wirralie_EECL_20252026.csv,Wirralie,ergon 20252026/Wirralie_EECL_20252026.csv,2025-07-01,2026-06-30,17520,0,0,MW/MVA,155.000152,214.6525,246.8506,389.65,280.53156,304.051,328.3244,443.79,false,empirical_divide_by_1000_crosschecked_against_ergon_powerlink_planning_evidence,0.001,0.155,0.214652,0.246851,0.38965,0.280532,0.304051,0.328324,0.44379,Raw source values retained. Interpreted fields divide by 1000 based on cross-source scale validation; Ergon has not been found to publish an explicit correction notice.
ergon 20252026/Woodgate_EECL_20252026.csv,Woodgate,ergon 20252026/Woodgate_EECL_20252026.csv,2025-07-01,2026-06-30,17520,0,4750,MW/MVA,581.061437,1987.2725,2386.1073,3060.42,1162.861717,2038.714,2386.9945,3060.5,true,empirical_divide_by_1000_crosschecked_against_ergon_powerlink_planning_evidence,0.001,0.581061,1.987272,2.386107,3.06042,1.162862,2.038714,2.386995,3.0605,Raw source values retained. Interpreted fields divide by 1000 based on cross-source scale validation; Ergon has not been found to publish an explicit correction notice.
ergon 20252026/Woodstock South_EECL_20252026.csv,Woodstock South,ergon 20252026/Woodstock South_EECL_20252026.csv,2025-07-01,2026-06-30,17520,0,241,MW/MVA,493.320776,840.0,980.0,1220.0,519.061702,843.8,987.32,1228.01,true,empirical_divide_by_1000_crosschecked_against_ergon_powerlink_planning_evidence,0.001,0.493321,0.84,0.98,1.22,0.519062,0.8438,0.98732,1.22801,Raw source values retained. Interpreted fields divide by 1000 based on cross-source scale validation; Ergon has not been found to publish an explicit correction notice.
ergon 20252026/Woolooga_EECL_20252026.csv,Woolooga,ergon 20252026/Woolooga_EECL_20252026.csv,2025-07-01,2026-06-30,17520,0,3101,MW/MVA,1223.184499,2866.821,3439.2816,5455.94,1534.904535,2871.7635,3453.6085,5516.84,true,empirical_divide_by_1000_crosschecked_against_ergon_powerlink_planning_evidence,0.001,1.223184,2.866821,3.439282,5.45594,1.534905,2.871763,3.453609,5.51684,Raw source values retained. Interpreted fields divide by 1000 based on cross-source scale validation; Ergon has not been found to publish an explicit correction notice.
ergon 20252026/Wowan_EECL_20252026.csv,Wowan,ergon 20252026/Wowan_EECL_20252026.csv,2025-07-01,2026-06-30,17520,0,0,MW/MVA,2520.500495,3949.075,4772.916,8243.35,2599.227711,3967.175,4793.6208,8286.17,true,empirical_divide_by_1000_crosschecked_against_ergon_powerlink_planning_evidence,0.001,2.5205,3.949075,4.772916,8.24335,2.599228,3.967175,4.793621,8.28617,Raw source values retained. Interpreted fields divide by 1000 based on cross-source scale validation; Ergon has not been found to publish an explicit correction notice.
ergon 20252026/Yarraman_EECL_20252026.csv,Yarraman,ergon 20252026/Yarraman_EECL_20252026.csv,2025-07-01,2026-06-30,17520,0,2283,MW/MVA,1554.553996,3233.022,3834.9128,4964.0,1831.36243,3248.4765,3860.7516,4992.39,true,empirical_divide_by_1000_crosschecked_against_ergon_powerlink_planning_evidence,0.001,1.554554,3.233022,3.834913,4.964,1.831362,3.248476,3.860752,4.99239,Raw source values retained. Interpreted fields divide by 1000 based on cross-source scale validation; Ergon has not been found to publish an explicit correction notice.
ergon 20252026/Yarranlea South_EECL_20252026.csv,Yarranlea South,ergon 20252026/Yarranlea South_EECL_20252026.csv,2025-07-01,2026-06-30,17520,0,0,MW/MVA,586.240471,895.3925,1081.5776,2812.02,689.694691,1053.4025,1272.4434,3308.26,true,empirical_divide_by_1000_crosschecked_against_ergon_powerlink_planning_evidence,0.001,0.58624,0.895392,1.081578,2.81202,0.689695,1.053403,1.272443,3.30826,Raw source values retained. Interpreted fields divide by 1000 based on cross-source scale validation; Ergon has not been found to publish an explicit correction notice.
ergon 20252026/Yeppoon 11-22kv_EECL_20252026.csv,Yeppoon 11-22kv,ergon 20252026/Yeppoon 11-22kv_EECL_20252026.csv,2025-07-01,2026-06-30,17520,0,0,MW/MVA,881.961865,1464.198,1651.4033,2474.04,893.26013,1469.3805,1655.7538,2477.16,true,empirical_divide_by_1000_crosschecked_against_ergon_powerlink_planning_evidence,0.001,0.881962,1.464198,1.651403,2.47404,0.89326,1.46938,1.655754,2.47716,Raw source values retained. Interpreted fields divide by 1000 based on cross-source scale validation; Ergon has not been found to publish an explicit correction notice.
ergon 20252026/Yeppoon_EECL_20252026.csv,Yeppoon,ergon 20252026/Yeppoon_EECL_20252026.csv,2025-07-01,2026-06-30,17520,0,1058,MW/MVA,9592.030203,17976.119,21197.575,27521.08,10000.375965,17995.7585,21198.2391,27532.42,true,empirical_divide_by_1000_crosschecked_against_ergon_powerlink_planning_evidence,0.001,9.59203,17.976119,21.197575,27.52108,10.000376,17.995758,21.198239,27.53242,Raw source values retained. Interpreted fields divide by 1000 based on cross-source scale validation; Ergon has not been found to publish an explicit correction notice.
